coreid,identifiedBy,identifiedByID,dateIdentified,identificationQualifier,scientificName,identificationIsCurrent,scientificNameAuthorship,genus,specificEpithet,taxonRank,infraspecificEpithet,identificationReferences,identificationRemarks,recordId
1220954,Unknown,,Unknown,,"Tribulus terrestris",0,,,,,,,,urn:uuid:fbc3dc38-7cb1-453d-af66-9ccb4ea27797
1300697,Unknown,,Unknown,,"Kallstroemia parviflora",0,,,,,,,,urn:uuid:81510c9e-0e1b-4fa3-9f03-f04a5676237b
1304219,Unknown,,Unknown,,"Kallstroemia parviflora",0,,,,,,,,urn:uuid:1c7df7f3-7125-44eb-921c-abd43e283226
1309156,Unknown,,Unknown,,"Kallstroemia parviflora",0,,,,,,,,urn:uuid:b403bf8c-ddb7-493a-85f8-58e409ecbf35
1315116,Unknown,,Unknown,,"Kallstroemia parviflora",0,,,,,,,,urn:uuid:ada9f59a-47cb-47a2-9d84-2c1ff6d8e390
1377090,Unknown,,Unknown,,"Kallstroemia hirsutissima",0,,,,,,,,urn:uuid:93e486c1-6881-44a9-8a98-8cfad3981616
1377094,Unknown,,Unknown,,"Kallstroemia hirsutissima",0,,,,,,,,urn:uuid:43eef2d1-7d3d-4b9a-ada5-a798f3b190d1
1387860,Unknown,,Unknown,,"Kallstroemia hirsutissima",0,,,,,,,,urn:uuid:0b7fc7ed-e242-4f11-bbf8-5d73a3865831
