coreid,identifiedBy,identifiedByID,dateIdentified,identificationQualifier,scientificName,identificationIsCurrent,scientificNameAuthorship,genus,specificEpithet,taxonRank,infraspecificEpithet,identificationReferences,identificationRemarks,recordId
1213642,Unknown,,Unknown,,"Pinus cembroides",0,Zucc.,,,,,,,urn:uuid:c2180f93-71b1-4166-9273-50394bcae475
1213661,Unknown,,Unknown,,"Pinus cembroides",0,Zucc.,,,,,,,urn:uuid:d4c7f0c6-1d64-48d0-8823-e94e0b526d67
1213846,Unknown,,Unknown,,"Pinus sp.",0,,,,,,,,urn:uuid:66a7edbc-93dd-47ce-af92-fcc9dc38749d
1213847,Unknown,,Unknown,,"Pinus palustris",0,,,,,,,,urn:uuid:93d8f038-825d-4076-bd61-9560d767aed8
1213848,Unknown,,Unknown,,"Pinus caribaea",0,,,,,,,,urn:uuid:51db73ba-7e66-4617-b8ea-4584619be85c
1213852,Unknown,,Unknown,,"Pinus sp.",0,,,,,,,,urn:uuid:538e5056-f292-4bc9-a9d2-d018c4f84662
1321146,Unknown,,Unknown,,"Pinus taeda",0,,,,,,,,urn:uuid:b6d31530-8bd7-4472-9cd0-0d8092815593
1384580,Unknown,,Unknown,,"Pinus cembroides",0,,,,,,,,urn:uuid:4c37b332-c9bb-4555-aed6-25d61520dcc9
1384585,Unknown,,Unknown,,"Pinus cembroides",0,Zucc.,,,,,,,urn:uuid:8cd82b73-8cee-4bff-a29e-3b49501e482c
1384586,Unknown,,Unknown,,"Pinus cembroides",0,Zucc.,,,,,,,urn:uuid:e476def8-11cf-4f15-81b3-5b99d056facf
1384587,Unknown,,Unknown,,"Pinus cembroides",0,Zucc.,,,,,,,urn:uuid:77028f0d-8967-4e7e-b06f-ec071d186269
1414648,Unknown,,Unknown,,"Pinus cembroides",0,,,,,,,,urn:uuid:107dd6a6-f2c7-4ed9-9495-48e1766e9355
