coreid,identifiedBy,identifiedByID,dateIdentified,identificationQualifier,scientificName,identificationIsCurrent,scientificNameAuthorship,genus,specificEpithet,taxonRank,infraspecificEpithet,identificationReferences,identificationRemarks,recordId
1203711,Unknown,,Unknown,,"Juncus dichotomus",0,,,,,,,,urn:uuid:3bee3412-9822-4631-a458-8a7bc3bf9fa8
1204793,Unknown,,Unknown,,"Juncus validus var. fascinatus",0,,,,,,,,urn:uuid:8c905e16-797f-4a20-95e8-508117b20eba
1204795,Unknown,,Unknown,,"Juncus validus var. fascinatus",0,,,,,,,,urn:uuid:d1e91f91-88da-4346-8d88-79454373b81c
1204801,Unknown,,Unknown,,"Juncus validus var. fascinatus",0,,,,,,,,urn:uuid:faac76fe-ca2b-4467-98b9-af894beb4a97
1204804,Unknown,,Unknown,,"Juncus validus var. validus",0,,,,,,,,urn:uuid:d872f729-0b9e-4cbe-bcad-a493d8724c7d
1204805,Unknown,,Unknown,,"Juncus validus var. validus",0,,,,,,,,urn:uuid:4c494600-3dae-4f14-a83d-51e2b99d721f
1204807,Unknown,,Unknown,,"Juncus validus var. validus",0,,,,,,,,urn:uuid:69e59751-c550-433a-aeee-192d72e3e1cf
1204808,Unknown,,Unknown,,"Juncus validus var. validus",0,,,,,,,,urn:uuid:1579b640-abb1-4ae6-a2bb-92c29957349d
1204809,Unknown,,Unknown,,"Juncus validus var. fascinatus",0,,,,,,,,urn:uuid:74579b3b-e067-4f1b-87bc-ed7871c5901c
1204811,Unknown,,Unknown,,"Juncus validus var. validus",0,,,,,,,,urn:uuid:fd22f518-8023-4be4-ba89-789b235891de
1204812,Unknown,,Unknown,,"Juncus validus var. fascinatus",0,,,,,,,,urn:uuid:edf2e071-2bba-41d4-a299-ba4f7880a3b4
1204820,Unknown,,Unknown,,"Juncus validus var. validus",0,,,,,,,,urn:uuid:58302186-c763-4d93-86da-4e8996787e05
1204842,Unknown,,Unknown,,"Juncus validus var. validus",0,,,,,,,,urn:uuid:74480821-a59f-48ba-8d87-98440e01f006
1204848,Unknown,,Unknown,,"Juncus validus var. validus",0,,,,,,,,urn:uuid:58715425-62ea-43b5-82ed-34fc88ec7a5c
1204860,Unknown,,Unknown,,"Juncus validus var. validus",0,,,,,,,,urn:uuid:7c5a08cc-f177-4abc-8f91-d0ee3fdb25c3
1204864,Unknown,,Unknown,,"Juncus validus var. fascinatus",0,,,,,,,,urn:uuid:a54d32c3-6a11-47e6-8522-2c3ebb02419a
1204865,Unknown,,Unknown,,"Juncus validus var. fascinatus",0,,,,,,,,urn:uuid:671fc2ec-bcb0-4869-ab00-50e79f51de65
1204867,Unknown,,Unknown,,"Juncus validus var. validus",0,,,,,,,,urn:uuid:8f383c65-967f-430b-99c2-33f7fe620fa2
1204873,Unknown,,Unknown,,"Juncus validus var. fascinatus",0,,,,,,,,urn:uuid:a80abb1a-20f3-4ca6-bc1b-8ae0d715d40f
1204875,Unknown,,Unknown,,"Juncus validus var. validus",0,,,,,,,,urn:uuid:d9b899ee-4873-454f-8d23-c106fc027c78
1204878,Unknown,,Unknown,,"Juncus validus var. validus",0,,,,,,,,urn:uuid:b236841a-057a-4240-ae4e-7a82d77ae4c8
1204884,Unknown,,Unknown,,"Juncus validus var. validus",0,,,,,,,,urn:uuid:73a88f7f-9e0e-4039-ba52-2540b6a9833a
1204887,Unknown,,Unknown,,"Juncus validus var. validus",0,,,,,,,,urn:uuid:32aaacc6-fd87-4e8a-a329-51fb81dc43c3
1204892,Unknown,,Unknown,,"Juncus validus var. validus",0,,,,,,,,urn:uuid:a6d8672d-c292-48d5-b097-2c9773d65ec1
1204893,Unknown,,Unknown,,"Juncus validus var. validus",0,,,,,,,,urn:uuid:0c60485c-d824-459f-92e8-02413c6dd3d3
1204906,Unknown,,Unknown,,"Juncus validus var. validus",0,,,,,,,,urn:uuid:c67db3ba-d0af-4612-aa33-5e5bd159b98b
1204911,Unknown,,Unknown,,"Juncus validus var. fascinatus",0,,,,,,,,urn:uuid:79d0e957-a9cb-4248-941b-a876aaa83daf
1204917,Unknown,,Unknown,,"Juncus validus var. fascinatus",0,,,,,,,,urn:uuid:855a9d58-5418-492d-b745-c714db9d89d9
1204920,Unknown,,Unknown,,"Juncus validus var. fascinatus",0,,,,,,,,urn:uuid:565894ff-49f8-4707-b93a-ebcd777b769b
1204921,Unknown,,Unknown,,"Juncus validus var. fascinatus",0,,,,,,,,urn:uuid:4c9bd456-a522-4fb9-ad1a-b64fb8487204
1204929,Unknown,,Unknown,,"Juncus validus var. validus",0,,,,,,,,urn:uuid:64ea552d-b68a-4a77-8f77-385c3aa3c1d5
1204930,Unknown,,Unknown,," Juncus validus var. validus",0,,,,,,,,urn:uuid:aca165a4-6663-4ac5-8a55-b188221c1dc0
1204930,Unknown,,Unknown,,"Juncus torreyi",0,,,,,,,,urn:uuid:f583c593-57e9-4ac8-8855-f5a5f91dac9d
1204934,Unknown,,Unknown,,"Juncus validus var. validus",0,,,,,,,,urn:uuid:8d392447-9f87-4716-998c-c7e68eac0b3f
1204939,Unknown,,Unknown,,"Juncus validus var. validus",0,,,,,,,,urn:uuid:10a3c3f4-ddb5-4c38-a74d-aae76b693036
1204958,Unknown,,Unknown,,"Juncus validus var. validus",0,,,,,,,,urn:uuid:49c02e7f-94b5-4b6d-a0c6-a9c137db3928
1204960,Unknown,,Unknown,,"Juncus validus var. validus",0,,,,,,,,urn:uuid:ba50dce1-f9b2-4d3c-b470-f7cbd90c9d3e
1204965,Unknown,,Unknown,,"Juncus validus var. fascinatus",0,,,,,,,,urn:uuid:7ac3786a-3a0e-405a-8a63-58738622ae4f
1204968,Unknown,,Unknown,,"Juncus validus var. validus",0,,,,,,,,urn:uuid:4f81028d-39be-48a7-b4b1-25b16955292f
1204974,Unknown,,Unknown,,"Juncus validus var. validus",0,,,,,,,,urn:uuid:bfc9a6d5-9aea-4153-8c5b-f115d5d9f2f6
1204977,Unknown,,Unknown,,"Juncus validus var. validus",0,,,,,,,,urn:uuid:094f1864-b894-45a5-8297-2cda02cbd21c
1204983,Unknown,,Unknown,,"Juncus validus var. validus",0,,,,,,,,urn:uuid:18fb2a85-9406-463a-8872-167370813255
1204998,Unknown,,Unknown,,"Juncus validus var. validus",0,,,,,,,,urn:uuid:bd8e5b16-56d5-44e3-827d-3f4a6a3f8751
1204999,Unknown,,Unknown,,"Juncus validus var. fascinatus",0,,,,,,,,urn:uuid:56fbec8e-0d7d-4b9d-9eb6-3772f2981e60
1324945,Unknown,,Unknown,,"Juncus validus var. validus",0,,,,,,,,urn:uuid:0ff320ac-1121-4c69-8ed8-8df7c570c1e8
1223326,Unknown,,Unknown,,"Juncus validus var. fascinatus",0,,,,,,,,urn:uuid:5fc7b6a7-a74f-47d7-8c6d-252253bc1cf5
1223327,Unknown,,Unknown,,"Juncus validus var. fascinatus",0,,,,,,,,urn:uuid:02491350-4e62-47e8-9343-9488f9c8730f
1223328,Unknown,,Unknown,,"Juncus validus var. fascinatus",0,,,,,,,,urn:uuid:2cb713cc-b49d-4127-84d2-2995fca7eb40
1223329,Unknown,,Unknown,,"Juncus validus var. fascinatus",0,,,,,,,,urn:uuid:a2874ec8-1cec-4820-89c2-81c3e6b7eef9
1223330,Unknown,,Unknown,,"Juncus validus var. fascinatus",0,,,,,,,,urn:uuid:d891f22f-82cd-46a5-98a9-a3686a1d5df6
1223331,Unknown,,Unknown,,"Juncus validus var. fascinatus",0,,,,,,,,urn:uuid:cfd9e01a-e5f1-4451-aec4-8e9b3e6681ac
1223332,Unknown,,Unknown,,"Juncus validus var. fascinatus",0,,,,,,,,urn:uuid:7d957ff4-01be-40ed-89c5-a742eaa22851
1223333,Unknown,,Unknown,,"Juncus validus var. fascinatus",0,,,,,,,,urn:uuid:972fb9a0-af3e-4cb5-a85b-2015e4185519
1223334,Unknown,,Unknown,,"Juncus validus var. fascinatus",0,,,,,,,,urn:uuid:2a834d92-ccf0-446c-a35a-46dde9bb3736
1223335,Unknown,,Unknown,,"Juncus validus var. fascinatus",0,,,,,,,,urn:uuid:6af42abe-c0bb-4bfa-9f88-1c7030220f65
1223336,Unknown,,Unknown,,"Juncus validus var. fascinatus",0,,,,,,,,urn:uuid:e7dc3470-a734-4b2a-8591-0704a992690e
1223337,Unknown,,Unknown,,"Juncus validus var. fascinatus",0,,,,,,,,urn:uuid:03a61336-549f-4eb2-80db-bf11d6161604
1223338,Unknown,,Unknown,,"Juncus validus var. fascinatus",0,,,,,,,,urn:uuid:5d198f2b-5338-41f8-8bda-5576c5dd55bb
1223339,Unknown,,Unknown,,"Juncus validus var. fascinatus",0,,,,,,,,urn:uuid:f7551d36-b0ae-472c-85b8-d5c37e40535c
1223340,Unknown,,Unknown,,"Juncus validus var. validus",0,,,,,,,,urn:uuid:7fefb8be-35ff-45ae-a783-0deb642b4d19
1223341,Unknown,,Unknown,,"Juncus validus var. validus",0,,,,,,,,urn:uuid:be8b139a-8d35-416a-a813-2c0cade272e6
1223342,Unknown,,Unknown,,"Juncus validus var. validus",0,,,,,,,,urn:uuid:1bae060f-d851-4ffe-aa96-ba4102438d69
1223343,Unknown,,Unknown,,"Juncus validus var. validus",0,,,,,,,,urn:uuid:1ead9775-1467-4e55-aca8-c82218e46bd0
1223344,Unknown,,Unknown,,"Juncus validus var. validus",0,,,,,,,,urn:uuid:692030f9-6e9d-4d64-91be-106aa710e933
1223345,Unknown,,Unknown,,"Juncus validus var. validus",0,,,,,,,,urn:uuid:5c2e69a3-65f8-4ec2-9618-366850b1c1f0
1223346,Unknown,,Unknown,,"Juncus validus var. validus",0,,,,,,,,urn:uuid:368b18b2-c097-4e6e-8a80-edb54fbea578
1223347,Unknown,,Unknown,,"Juncus validus var. validus",0,,,,,,,,urn:uuid:9dd10522-9f68-4ad1-b4ca-cf932ed89f64
1223348,Unknown,,Unknown,,"Juncus validus var. validus",0,,,,,,,,urn:uuid:e41bcb0f-0132-43f1-be18-fe44bf1241c6
1223349,Unknown,,Unknown,,"Juncus validus var. validus",0,,,,,,,,urn:uuid:ed053c90-eaa4-4471-9b4d-d49eea668de0
1223350,Unknown,,Unknown,,"Juncus validus var. validus",0,,,,,,,,urn:uuid:c2f66b9e-2b33-4bb9-b99f-774d86ed204d
1223351,Unknown,,Unknown,,"Juncus validus var. validus",0,,,,,,,,urn:uuid:71299b46-0647-429e-b979-ebb30341240c
1223352,Unknown,,Unknown,,"Juncus validus var. validus",0,,,,,,,,urn:uuid:b32037d4-2168-4a3a-840f-4681d3eb914e
1223353,Unknown,,Unknown,,"Juncus validus var. validus",0,,,,,,,,urn:uuid:e30fbd36-6bca-450c-adac-725149acfecf
1223354,Unknown,,Unknown,,"Juncus validus var. validus",0,,,,,,,,urn:uuid:94b106f2-3d70-4ca5-894c-351cd1e1fa62
1223355,Unknown,,Unknown,,"Juncus validus var. validus",0,,,,,,,,urn:uuid:e7f94082-20d5-4b3f-9e2d-369ee96c69f2
1223356,Unknown,,Unknown,,"Juncus validus var. validus",0,,,,,,,,urn:uuid:c1619a9a-0120-416b-ac71-4f469492156c
1223357,Unknown,,Unknown,,"Juncus validus var. validus",0,,,,,,,,urn:uuid:ff0b9ac2-3e9c-4d4c-9130-29cd4d326f5f
1223358,Unknown,,Unknown,,"Juncus validus var. validus",0,,,,,,,,urn:uuid:c7c07140-b3c4-4684-8fa5-9552bc5dc4e8
1223359,Unknown,,Unknown,,"Juncus validus var. validus",0,,,,,,,,urn:uuid:311d42a0-0dfc-416d-ac33-3c2c7e7c0297
1223360,Unknown,,Unknown,,"Juncus validus var. validus",0,,,,,,,,urn:uuid:81fbfddc-e6a8-472c-b4c9-08b6523df428
1223361,Unknown,,Unknown,,"Juncus validus var. validus",0,,,,,,,,urn:uuid:3ff2a6dc-7e89-4e8c-aece-1e6dccc629c1
1223362,Unknown,,Unknown,,"Juncus validus var. validus",0,,,,,,,,urn:uuid:c6563175-9e6f-448f-ac83-e39997317247
1223363,Unknown,,Unknown,,"Juncus validus var. validus",0,,,,,,,,urn:uuid:f8e85c41-19f5-4caf-ba4e-add1245125c9
1223364,Unknown,,Unknown,,"Juncus validus var. validus",0,,,,,,,,urn:uuid:de82cac9-6711-4a3b-afeb-eed4e6cf2fa8
1223365,Unknown,,Unknown,,"Juncus validus var. validus",0,,,,,,,,urn:uuid:d0e13f65-f3de-4a1d-bbc7-de4d684cd466
1223366,Unknown,,Unknown,,"Juncus validus var. validus",0,,,,,,,,urn:uuid:8f31226a-ffb8-4cf5-b005-ce5036f467d6
1223367,Unknown,,Unknown,,"Juncus validus var. validus",0,,,,,,,,urn:uuid:970ef291-5466-43cf-874b-685ac3dcf884
1223368,Unknown,,Unknown,,"Juncus validus var. validus",0,,,,,,,,urn:uuid:ca13c321-d8ff-407c-8bbb-8aebf9394104
1223369,Unknown,,Unknown,,"Juncus validus var. validus",0,,,,,,,,urn:uuid:dbe578b9-0432-439c-a8c2-e8565a473a46
1290496,Unknown,,Unknown,,"Juncus marginatus",0,,,,,,,,urn:uuid:558c0554-b6f3-427d-86fd-3be60ed66438
1292315,Unknown,,Unknown,,"Juncus validus var. validus",0,,,,,,,,urn:uuid:30aa41b3-4be1-4dfb-8ed2-edf213920cb5
1297051,Unknown,,Unknown,,"Juncus validus var. validus",0,,,,,,,,urn:uuid:977c3bd8-26aa-4f4f-9b68-b4101ee5b392
1299419,Unknown,,Unknown,,"Juncus validus var. validus",0,,,,,,,,urn:uuid:64eb679b-42b0-4a63-b959-2a71a4914ec9
1299420,Unknown,,Unknown,,"Juncus validus var. validus",0,,,,,,,,urn:uuid:ec3842d9-6fa6-43ea-a347-ceb4211ee833
1299421,Unknown,,Unknown,,"Juncus validus var. validus",0,,,,,,,,urn:uuid:994d7f15-a673-41f1-a2b9-a10611977110
1303303,Unknown,,Unknown,,"Juncus validus var. validus",0,,,,,,,,urn:uuid:fe895d2f-789e-4bc3-ab70-d1853c826857
1304595,Unknown,,Unknown,,"Juncus validus var. validus",0,,,,,,,,urn:uuid:c4fc6e33-556b-494e-9637-54c372323a84
1307807,Unknown,,Unknown,,"Juncus validus var. validus",0,,,,,,,,urn:uuid:7cd8ae4f-0d9a-4862-806e-921546890cee
1311316,Unknown,,Unknown,,"Juncus bufonius",0,,,,,,,,urn:uuid:a1e0379e-9dd6-418d-9071-2d01f8d4c7df
1313347,Unknown,,Unknown,,"Juncus validus var. validus",0,,,,,,,,urn:uuid:44812dfa-c66f-4fbd-850b-77cfee85eca2
1315569,Unknown,,Unknown,,"Juncus validus var. validus",0,,,,,,,,urn:uuid:1670c935-2a18-4952-b89d-e73ee1026afa
1315662,Unknown,,Unknown,,"Juncus validus var. validus",0,,,,,,,,urn:uuid:60973261-fe64-4d78-aeb1-a16ef599c956
1318093,Unknown,,Unknown,,"Juncus validus var. validus",0,,,,,,,,urn:uuid:0a13d70f-79f2-448a-87ff-813cbfe8f097
1319173,Unknown,,Unknown,,"Juncus validus var. validus",0,,,,,,,,urn:uuid:6dad6d4e-2b1f-4b5c-a43d-041485583f56
1319314,Unknown,,Unknown,,"Juncus validus var. validus",0,,,,,,,,urn:uuid:b52f5dff-01fc-420e-bb86-398487b82c65
1320103,Unknown,,Unknown,,"Juncus validus var. fascinatus",0,,,,,,,,urn:uuid:2b8e725e-3d0d-43f7-b62b-b689259738e6
1320112,Unknown,,Unknown,,"Juncus validus var. fascinatus",0,,,,,,,,urn:uuid:7ff56c59-5946-473e-8e5a-2fd7d4286336
1320118,Unknown,,Unknown,,"Juncus validus var. validus",0,,,,,,,,urn:uuid:2e0a22f0-0715-41e4-a53d-6779f97cc9ac
1323216,Unknown,,Unknown,,"Juncus validus var. validus",0,,,,,,,,urn:uuid:57bb80e2-bb22-4c75-a3aa-b09f3f576f5c
1380274,Unknown,,Unknown,,"Juncus capitatus",0,,,,,,,,urn:uuid:12cb6899-79a2-4c69-b4ce-8c59561e9ec7
1380828,Unknown,,Unknown,,"Juncus validus var. validus",0,,,,,,,,urn:uuid:41b05e99-3d5d-4bee-a5ea-1a30dd6ad91e
1380837,Unknown,,Unknown,,"Juncus validus var. validus",0,,,,,,,,urn:uuid:c798c462-a979-482c-976c-6f81312136c0
1380853,Unknown,,Unknown,,"Juncus validus var. validus",0,,,,,,,,urn:uuid:3be510bf-e82b-4057-8909-a90e7b479142
1380856,Unknown,,Unknown,,"Juncus validus var. validus",0,,,,,,,,urn:uuid:f9d73438-480e-43f9-ad70-3dcae438ef76
1380869,Unknown,,Unknown,,"Juncus validus var. validus",0,,,,,,,,urn:uuid:e845a8f5-4a68-4510-a3b0-2b44279eea3d
1380870,Unknown,,Unknown,,"Juncus validus var. validus",0,,,,,,,,urn:uuid:e8c9011c-d0e7-4aa3-ace7-44b4308f0ddf
1380874,Unknown,,Unknown,,"Juncus validus var. validus",0,,,,,,,,urn:uuid:7382f4ad-eefd-447c-bd45-fbaa372d9608
1380879,Unknown,,Unknown,,"Juncus validus var. validus",0,,,,,,,,urn:uuid:e5d1d227-308d-40ea-a79a-7d41776ff076
1380882,Unknown,,Unknown,,"Juncus validus var. fascinatus",0,,,,,,,,urn:uuid:f5e63865-4b49-4cde-abb0-f829a81479f5
1380900,Unknown,,Unknown,,"Juncus validus var. validus",0,,,,,,,,urn:uuid:d9c74443-8647-44af-baac-0972ad3f1257
1380917,Unknown,,Unknown,,"Juncus validus var. validus",0,,,,,,,,urn:uuid:25159ecb-cc42-401c-8867-43ecddc6e2f3
1380919,Unknown,,Unknown,,"Juncus validus var. validus",0,,,,,,,,urn:uuid:ec4df76f-4c5f-49a7-a645-a597688ea7ec
1380920,Unknown,,Unknown,,"Juncus validus var. validus",0,,,,,,,,urn:uuid:d5a02ae5-2119-4f62-8c82-8b44d4f48546
1380922,Unknown,,Unknown,,"Juncus validus var. validus",0,,,,,,,,urn:uuid:91dc4676-d769-4122-a3e9-619387c609f7
1380923,Unknown,,Unknown,,"Juncus validus var. validus",0,,,,,,,,urn:uuid:7d83fce5-3257-41b2-baa5-a2862e411afc
1380926,Unknown,,Unknown,,"Juncus validus var. validus",0,,,,,,,,urn:uuid:87dfa8da-34cd-4248-b279-f98147c9ae2d
1380935,Unknown,,Unknown,,"Juncus validus var. validus",0,,,,,,,,urn:uuid:84e5df6b-fda4-40c9-86f9-2b5f1b7cbbdf
1380942,Unknown,,Unknown,,"Juncus validus var. validus",0,,,,,,,,urn:uuid:5e4f752d-7bc4-4770-8137-3ecf6f9420e0
1389145,Unknown,,Unknown,,"Juncus validus var. fascinatus",0,,,,,,,,urn:uuid:9b840c27-a81c-491b-8dd7-c31c9b4f2a55
1389146,Unknown,,Unknown,,"Juncus validus var. validus",0,,,,,,,,urn:uuid:1b2c139d-5502-4c47-8f54-6fdb1c3160e3
1389147,Unknown,,Unknown,,"Juncus validus var. validus",0,,,,,,,,urn:uuid:e03c542e-1af0-4a67-a97d-8d799e0800d1
1389148,Unknown,,Unknown,,"Juncus validus var. validus",0,,,,,,,,urn:uuid:e7934f21-2c7c-405b-b127-b8c3efad961e
1389149,Unknown,,Unknown,,"Juncus validus var. validus",0,,,,,,,,urn:uuid:38b2b566-a007-4d76-8bcb-904c4a176257
