coreid,identifiedBy,identifiedByID,dateIdentified,identificationQualifier,scientificName,identificationIsCurrent,scientificNameAuthorship,genus,specificEpithet,taxonRank,infraspecificEpithet,identificationReferences,identificationRemarks,recordId
1171649,Unknown,,Unknown,,"Chamaesyce hyssopifolia",0,,,,,,,,urn:uuid:edff16d2-2e71-4d9d-8687-93986e9ad783
1171680,Unknown,,Unknown,,"Sebastiania fruticosa",0,,,,,,,,urn:uuid:5d107016-ba8d-4634-8785-379733621680
1171723,Unknown,,Unknown,,"Ditaxis simulans",0,,,,,,,,urn:uuid:4ced715d-f0b0-4086-96c9-cc88528094c1
1171731,Unknown,,Unknown,,"Chamaesyce hyssopifolia",0,,,,,,,,urn:uuid:7750ef4b-1ac3-4409-91ae-cf8eff9cd942
1171765,Unknown,,Unknown,,"Chamaesyce hyssopifolia",0,,,,,,,,urn:uuid:44e24d4d-f030-457a-b951-c924a697bd45
1171789,Unknown,,Unknown,,"Chamaesyce hyssopifolia",0,,,,,,,,urn:uuid:98828b0c-ed74-4e07-8338-f2e9317d8b65
1171830,Unknown,,Unknown,,"Chamaesyce hyssopifolia",0,,,,,,,,urn:uuid:f451cf31-7fa7-4a69-af0b-af498763acaf
1171847,Unknown,,Unknown,,"Chamaesyce hyssopifolia",0,,,,,,,,urn:uuid:73ae348f-5016-47cb-8293-8309286ac892
1171873,Unknown,,Unknown,,"Chamaesyce theriaca",0,,,,,,,,urn:uuid:f3b3e68c-fee1-4c5d-bf92-57c1c40129a3
1171881,Unknown,,Unknown,,"Croton texensois",0,,,,,,,,urn:uuid:ae51dc86-49f5-4e17-9c3f-83c6bce931fd
1171886,Unknown,,Unknown,,"Ditaxis humilis",0,,,,,,,,urn:uuid:cebc6fee-ec07-4939-8f08-09db1621c56c
1171894,Unknown,,Unknown,,"Chamaesyce maculata",0,,,,,,,,urn:uuid:ae389b7c-3d46-44e6-996b-35c1b0e23166
1171910,Unknown,,Unknown,,"Phyllanthus abnormis var. riograndensis",0,,,,,,,,urn:uuid:2a51a2a7-9b3a-4dea-95b7-89ef2812467d
1171942,Unknown,,Unknown,,"Chamaesyce hyssopifolia",0,,,,,,,,urn:uuid:578b6d91-5b8d-4467-9dd5-2f815d67e602
1171971,Unknown,,Unknown,,"Chamaesyce hyssopifolia",0,,,,,,,,urn:uuid:e228ecad-747a-4fa6-b6ee-e6c160419bee
1229517,Unknown,,Unknown,,"Ditaxis humilis",0,,,,,,,,urn:uuid:3d8108d1-5685-4fa5-ad53-53229b649552
1229518,Unknown,,Unknown,,"Ditaxis humilis",0,,,,,,,,urn:uuid:dd360208-6244-4497-b7c0-99ebaf52bf7d
1229520,Unknown,,Unknown,,"Ditaxis humilis",0,,,,,,,,urn:uuid:72eea121-f447-4d76-86e9-24e2f4d030f3
1173310,Unknown,,Unknown,,"Chamaesyce hyssopifolia",0,,,,,,,,urn:uuid:e775193d-d34a-4140-9c53-5b90c0f78814
1173314,Unknown,,Unknown,,"Croton lindheimerianus var. lindheimerianus",0,,,,,,,,urn:uuid:650bfdc2-e99d-4252-8b9a-2b29ded595b8
1173317,Unknown,,Unknown,,"Croton pottsii",0,,,,,,,,urn:uuid:c937ba63-49b0-4637-9be5-9ccae7374f0a
1173323,Unknown,,Unknown,,"Chamaesyce hyssopifolia",0,,,,,,,,urn:uuid:793b3daa-56bd-48e8-a205-e36fc6611cad
1173347,Unknown,,Unknown,,"Chamaesyce geyeri",0,,,,,,,,urn:uuid:77b83313-5e1e-4a25-90b4-3d6f717bda30
1173358,Unknown,,Unknown,,"Chamaesyce hyssopifolia",0,,,,,,,,urn:uuid:15607b9f-d908-44f2-9ce0-10da89697cb9
1173457,Unknown,,Unknown,,"Chamaesyce hyssopifolia",0,,,,,,,,urn:uuid:b9d2ce23-49c2-4689-a472-66781b068865
1190264,Unknown,,Unknown,,"Chamaesyce hyssopifolia",0,,,,,,,,urn:uuid:bec496d7-30f7-4e7d-83ab-acea4bf69221
1190365,Unknown,,Unknown,,"Chamaesyce hyssopifolia",0,,,,,,,,urn:uuid:31892ff9-1d93-4872-bd11-339274d33686
1190366,Unknown,,Unknown,,"Chamaesyce nutans",0,"(Lag.) Small",,,,,,,urn:uuid:a8e77f45-900a-4db9-9360-719059e0e2ab
1190574,Unknown,,Unknown,,"Phyllanthus abnormis",0,,,,,,,,urn:uuid:6aab02e4-652c-44fa-b613-81d75269bebf
1190577,Unknown,,Unknown,,"Chamaesyce hyssopifolia",0,,,,,,,,urn:uuid:2bd8172f-76d0-4b74-98e7-0593df70b6b7
1190584,Unknown,,Unknown,,"Chamnaesyce geyeri",0,,,,,,,,urn:uuid:64ed0d12-49af-4a36-9206-91181dbb5408
1190585,Unknown,,Unknown,,"Chamaesyce fendleri",0,,,,,,,,urn:uuid:bafd721f-4735-473b-b7be-5c773f1b2467
1190695,Unknown,,Unknown,,"Sapium sebiferum",0,,,,,,,,urn:uuid:fa1d0c37-dc9a-432f-abd8-7eb9640ca497
1190730,Unknown,,Unknown,,"Chamaesyce hyssopifolia",0,,,,,,,,urn:uuid:f774e772-d3cb-4ce0-9205-ff08f438c732
1190826,Unknown,,Unknown,,"Chamaesyce nutans",0,"(Lag.) Small",,,,,,,urn:uuid:1053ddef-d6f3-4e65-bdf5-ab8b811826a3
1190848,Unknown,,Unknown,,"Chamaesyce acuta",0,,,,,,,,urn:uuid:c6c67a6e-6a3e-4e14-87be-29660227c3f3
1195748,Unknown,,Unknown,,"Chamaesyce albomarginata",0,,,,,,,,urn:uuid:57b808fc-9caa-493c-bfaf-39e84b15d42e
1208855,Unknown,,Unknown,,"Chamaesyce prostrata",0,,,,,,,,urn:uuid:05ab3640-a9e1-4805-b7eb-b65d61895377
1217378,Unknown,,Unknown,,"Chamaesyce cinerascens",0,,,,,,,,urn:uuid:b229f149-efe0-481b-9b2d-6d9be6acb530
1217395,Unknown,,Unknown,,"Chamaesyce cinerascens",0,,,,,,,,urn:uuid:df5e6a6b-d190-4e5a-b9e1-5f1d95e9e362
1173004,Unknown,,Unknown,,"Sebastiania fruticosa",0,,,,,,,,urn:uuid:544df891-5b4d-4732-8e34-207224cbfdbc
1173015,Unknown,,Unknown,,"Chamaesyce nutans",0,"(Lag.) Small",,,,,,,urn:uuid:756fd154-e8be-4c39-907e-c9b009a64158
1173018,Unknown,,Unknown,,"Chamaesyce theriaca",0,,,,,,,,urn:uuid:ad0a08cb-1f01-4c42-86d7-f9f8eb308f39
1173019,Unknown,,Unknown,,"Croton dioicus",0,,,,,,,,urn:uuid:12e09829-5ae7-436d-8010-42c7e96b15f6
1173027,Unknown,,Unknown,,"Tragia amblyodonta",0,,,,,,,,urn:uuid:fd528c13-9edb-46c5-9b5d-d64e30d7aff6
1173081,Unknown,,Unknown,,"Sebastiania fruticosa",0,,,,,,,,urn:uuid:1bc4a7b5-2e26-4d97-af4d-05bfbe78d4fc
1173106,Unknown,,Unknown,,"Euphorbia longicruris",0,Scheele,,,,,,,urn:uuid:7fca8e62-203f-42c7-99c4-44480f9cd1f9
1173127,Unknown,,Unknown,,"Tragia glanduligera",0,,,,,,,,urn:uuid:4cf5ff48-a45d-4c5a-9e58-5b492a620a74
1173177,Unknown,,Unknown,,"Chamaesyce hyssopifolia",0,,,,,,,,urn:uuid:84f082d4-1bc7-4b10-8dcf-b58b2e343915
1173202,Unknown,,Unknown,,"Chamaesyce hyssopifolia",0,,,,,,,,urn:uuid:b266116e-b6f8-4fca-a672-f21956ab6782
1173220,Unknown,,Unknown,,"Chamaesyce hyssopifolia",0,,,,,,,,urn:uuid:28090416-5fd5-47cf-84de-898b9f859d94
1173227,Unknown,,Unknown,,"Chamaesyce hyssopifolia",0,,,,,,,,urn:uuid:9976dafd-df2b-45fd-a945-a4a7f29b3ba8
1173278,Unknown,,Unknown,,"Sebastiania fruticosa",0,,,,,,,,urn:uuid:d81dd775-b3ca-4a9b-a50c-c6702565cbe7
1172739,Unknown,,Unknown,,"Chamaesyce hyssopifolia",0,,,,,,,,urn:uuid:c1890cbc-c72a-4fe8-9503-c0d6eecde4f1
1172757,Unknown,,Unknown,,"Chamaesyce hyssopifolia",0,,,,,,,,urn:uuid:99cf0582-b747-4fa0-b4ef-b7ab3da08176
1172766,Unknown,,Unknown,,"Chamaesyce hyssopifolia",0,,,,,,,,urn:uuid:eb4ddf7e-e777-4d1e-88bd-2b604564c891
1172817,Unknown,,Unknown,,"Chamaesyce hyssopifolia",0,,,,,,,,urn:uuid:b57a11a9-556a-4b46-8e96-9f7152d4cc3a
1172899,Unknown,,Unknown,,"Sebastiania fruticosa",0,,,,,,,,urn:uuid:eefe9a8a-8a4e-45e1-b75e-4615147f8c9f
1172965,Unknown,,Unknown,,"Chamaesyce hyssopifolia",0,,,,,,,,urn:uuid:cfd117ca-17d5-4333-93f0-5ad72f650049
1172325,Unknown,,Unknown,,"Chamaesyce hyssopifolia",0,,,,,,,,urn:uuid:485b14b7-c301-4b4a-9874-0ffd7f182f7a
1172333,Unknown,,Unknown,,"Chamaesyce hyssopifolia",0,,,,,,,,urn:uuid:ede38294-57bc-4499-9cd7-8b4f86a077f3
1172360,Unknown,,Unknown,,"Manihot esculenta",0,,,,,,,,urn:uuid:366b37e8-acc0-4b42-a52c-0c2f31af706e
1172361,Unknown,,Unknown,,"Sebastiania fruticosa",0,,,,,,,,urn:uuid:756be71a-9d76-4cdb-992b-c28e503748c8
1172364,Unknown,,Unknown,,"Chamaesyce hyssopifolia",0,,,,,,,,urn:uuid:44e33a9a-f624-458a-a8f7-f9f31d74a8f0
1172381,Unknown,,Unknown,,"Sebastiania fruticosa",0,,,,,,,,urn:uuid:e0c31576-bfd5-46d3-b605-162d0dab33e7
1172394,Unknown,,Unknown,,"Chamaesyce hyssopifolia",0,,,,,,,,urn:uuid:c84c6a81-2985-4fd4-b97c-aa1ebb93d444
1172426,Unknown,,Unknown,,"Tragia glanduligera",0,,,,,,,,urn:uuid:2cfb5ccb-3aca-4982-b132-250372857378
1172511,Unknown,,Unknown,,"Sebastiania fruticosa",0,,,,,,,,urn:uuid:3ca283d7-2433-4a60-ab85-50711a85f13a
1172518,Unknown,,Unknown,," Chamaesyce hyssopifolia",0,,,,,,,,urn:uuid:1718b992-27f2-466a-b8d0-71088210a1fb
1172518,Unknown,,Unknown,,"Chamaesyce nutans",0,,,,,,,,urn:uuid:38ade724-f5a5-473e-9950-60fb1a5c3e3f
1172545,Unknown,,Unknown,,"Sebastiania fruticosa",0,,,,,,,,urn:uuid:fd5daad0-7c93-42dc-b537-7ec8fa0958e7
1172565,Unknown,,Unknown,,"Chamaesyce hyssopifolia",0,,,,,,,,urn:uuid:808e5971-4330-4447-ac74-f24415cacb53
1172599,Unknown,,Unknown,,"Chamaesyce hyssopifolia",0,,,,,,,,urn:uuid:4139723e-04f6-477d-9ab3-c8895ad4134a
1172622,Unknown,,Unknown,,"Stillingia texana",0,,,,,,,,urn:uuid:0003dcae-bd77-4189-baca-a8923c8341c4
1172626,Unknown,,Unknown,,"Chamaesyce hyssopifolia",0,,,,,,,,urn:uuid:b5c21777-c6a9-4e6f-8499-d8cc6305d1a4
1171982,Unknown,,Unknown,,"Chamaesyce hyssopifolia",0,,,,,,,,urn:uuid:0bb3fe44-27ed-4ca5-aaac-a83a1efc3393
1172009,Unknown,,Unknown,,"Chamaesyce hyssopifolia",0,,,,,,,,urn:uuid:9b861d19-3c2f-4cc9-abf1-79eebd171e24
1172013,Unknown,,Unknown,,"Chamaesyce hyssopifolia",0,,,,,,,,urn:uuid:bc532d03-9367-4e3a-a4ae-cc8beedd2ee5
1172017,Unknown,,Unknown,,"Chamaesyce geyeri",0,,,,,,,,urn:uuid:b88d9fb8-1ba5-4a5a-bf17-687413d57379
1172031,Unknown,,Unknown,,"Chamaesyce hyssopifolia",0,,,,,,,,urn:uuid:3d39b703-d4f1-40ec-adea-26d75777b9d1
1172040,Unknown,,Unknown,,"Chamaesyce hyssopifolia",0,,,,,,,,urn:uuid:f9a99158-d9f5-4a7a-afc2-17e973c73346
1172049,Unknown,,Unknown,,"Chamaesyce hyssopifolia",0,,,,,,,,urn:uuid:c5d03722-954f-4e86-8505-d9b44e49714a
1172189,Unknown,,Unknown,,"Chamaesyce hyssopifolia",0,,,,,,,,urn:uuid:a38aed67-d6f9-45a3-996d-808e9d72dfce
1172210,Unknown,,Unknown,,"Chamaesyce hyssopifolia",0,,,,,,,,urn:uuid:77802136-cb33-4141-a635-b50ce9a0d085
1172236,Unknown,,Unknown,,"Sapium sebiferum",0,,,,,,,,urn:uuid:064a3a66-3c5e-4d40-bbbb-b2b2f102867f
1172247,Unknown,,Unknown,,"Sapium sebiferum",0,,,,,,,,urn:uuid:3e4b739d-78cb-4ebc-a691-285691215ac7
1172257,Unknown,,Unknown,,"Chamaesyce hyssopifolia",0,,,,,,,,urn:uuid:7e3d37cc-589c-4ca6-a435-453eac685581
1172270,Unknown,,Unknown,,"Sapium sebiferum",0,,,,,,,,urn:uuid:7368bb5c-87e2-4a6f-adc4-7f1e61dfacff
1172292,Unknown,,Unknown,,"Chamaesyce hyssopifolia",0,,,,,,,,urn:uuid:8469f9a7-3c08-402b-87d4-8b90ea1ba0c3
1265912,Unknown,,Unknown,,"Sapium sebiferum",0,,,,,,,,urn:uuid:418ec70d-ef96-4887-ab47-9b90c4efff19
1265913,Unknown,,Unknown,,"Sapium sebiferum",0,,,,,,,,urn:uuid:6fa89ab0-7524-46ab-8e1b-35b34fb30c72
1265914,Unknown,,Unknown,,"Sebastiania fruticosa",0,,,,,,,,urn:uuid:9cdbe348-dba7-43a6-a0aa-0c86ffdbdb98
1265915,Unknown,,Unknown,,"Sebastiania fruticosa",0,,,,,,,,urn:uuid:e1c8d5f5-a291-4f1a-8071-34d8a0ecfc91
1265916,Unknown,,Unknown,,"Sebastiania fruticosa",0,,,,,,,,urn:uuid:1f2b1841-3399-4072-8c7e-b9b033dc13ce
1265917,Unknown,,Unknown,,"Sebastiania fruticosa",0,,,,,,,,urn:uuid:185b03a5-7b88-4208-9131-05a5add9189d
1265918,Unknown,,Unknown,,"Sebastiania fruticosa",0,,,,,,,,urn:uuid:ff8c4528-b351-4b5f-954a-ee448e143e00
1265919,Unknown,,Unknown,,"Sebastiania fruticosa",0,,,,,,,,urn:uuid:50b85e92-b17a-4a4b-b30a-6acbb131d2bc
1265920,Unknown,,Unknown,,"Sebastiania fruticosa",0,,,,,,,,urn:uuid:da8a1c47-1e50-4717-b437-04204acef70b
1265921,Unknown,,Unknown,,"Sebastiania fruticosa",0,,,,,,,,urn:uuid:ef435594-22b4-4cab-a492-9c92cfb03ae4
1265922,Unknown,,Unknown,,"Sebastiania fruticosa",0,,,,,,,,urn:uuid:338597f4-c097-434e-94f1-d2fba6ef7456
1265923,Unknown,,Unknown,,"Sebastiania fruticosa",0,,,,,,,,urn:uuid:84b94b15-d8da-4c15-b1d3-0475790d2300
1265924,Unknown,,Unknown,,"Sebastiania fruticosa",0,,,,,,,,urn:uuid:f3ced210-1ac8-4f1a-8212-1766a9f79120
1265925,Unknown,,Unknown,,"Sebastiania fruticosa",0,,,,,,,,urn:uuid:294fbb9b-3f2d-4e71-923f-a05437138a07
1265926,Unknown,,Unknown,,"Sebastiania fruticosa",0,,,,,,,,urn:uuid:572c11a5-80e7-44e7-8e4a-672d287d85f0
1265927,Unknown,,Unknown,,"Sebastiania fruticosa",0,,,,,,,,urn:uuid:3fb1eeac-53bf-432a-9480-ccbcee968324
1265928,Unknown,,Unknown,,"Sebastiania fruticosa",0,,,,,,,,urn:uuid:698a83f1-c849-4138-a4f2-bafc4f5c20f6
1273913,Unknown,,Unknown,,"Chamaesyce theriaca var. spurca",0,,,,,,,,urn:uuid:a9d7cebf-0b9b-4153-8d16-4e901f8adf7f
1273914,Unknown,,Unknown,,"Croton dioicus",0,,,,,,,,urn:uuid:0ab763ec-10d2-450e-b8fa-d9ac031ebfc0
1276556,Unknown,,Unknown,,"Chamaesyce theriaca var. spurca",0,,,,,,,,urn:uuid:e4e85c81-6435-434b-a0f1-2aa2a2bc8605
1277331,Unknown,,Unknown,,"Chamaesyce glyptosperma",0,,,,,,,,urn:uuid:3cc3c7bb-b36e-4b4e-bc35-0253810bd9ca
1278630,Unknown,,Unknown,,"Tragia amblyodonta",0,,,,,,,,urn:uuid:2b02972f-5ca8-47bd-ab4e-b7d73062527b
1278631,Unknown,,Unknown,,"Tragia amblyodonta",0,,,,,,,,urn:uuid:5eaaef8f-0c14-4dd4-b4e3-b2f7fb0ef8c1
1278634,Unknown,,Unknown,,"Tragia amblyodonta",0,,,,,,,,urn:uuid:eca11e07-9318-454f-ab96-059b9485714d
1278635,Unknown,,Unknown,,"Tragia amblyodonta",0,,,,,,,,urn:uuid:26c060f3-61de-4cc8-8208-53b63333a848
1278636,Unknown,,Unknown,,"Tragia amblyodonta",0,,,,,,,,urn:uuid:13f2471b-2fbe-4e62-9c29-ba589b3d8cdb
1278637,Unknown,,Unknown,,"Tragia amblyodonta",0,,,,,,,,urn:uuid:d5ca7a6c-fdc3-4ae9-9c9e-ab6840a4a1c4
1278638,Unknown,,Unknown,,"Tragia amblyodonta",0,,,,,,,,urn:uuid:9c48bc72-c252-4493-b697-570381e00cb9
1278639,Unknown,,Unknown,,"Tragia amblyodonta",0,,,,,,,,urn:uuid:49e94cfe-edac-4de1-895c-7e5cd0f1d3f7
1278640,Unknown,,Unknown,,"Tragia amblyodonta",0,,,,,,,,urn:uuid:b6e1d961-8ae8-48ee-93a5-3700885bb5e9
1278642,Unknown,,Unknown,,"Tragia amblyodonta",0,,,,,,,,urn:uuid:cb621536-4e25-43d9-91ae-fdfdeafbc5d3
1278643,Unknown,,Unknown,,"Tragia amblyodonta",0,,,,,,,,urn:uuid:a453f47e-e9b8-4066-a408-83050e033fa1
1278644,Unknown,,Unknown,,"Tragia amblyodonta",0,,,,,,,,urn:uuid:01c6f915-1e07-41cc-a6b6-20dc2fe6880d
1278645,Unknown,,Unknown,,"Tragia amblyodonta",0,,,,,,,,urn:uuid:eb6f20f0-370e-4fd8-9ff9-e7a291be464b
1278646,Unknown,,Unknown,,"Tragia amblyodonta",0,,,,,,,,urn:uuid:d18e4fca-2a4d-4b3c-8d6c-65cc20affaa0
1278651,Unknown,,Unknown,,"Tragia amblyodonta",0,,,,,,,,urn:uuid:a2c5b148-99b7-41ab-afea-8bb1ded46c33
1278652,Unknown,,Unknown,,"Tragia amblyodonta",0,,,,,,,,urn:uuid:3cefee69-e76e-4d00-8388-5d6ed8a423eb
1278654,Unknown,,Unknown,,"Tragia amblyodonta",0,,,,,,,,urn:uuid:8caa2278-997f-4906-b245-9f87f2973b25
1278655,Unknown,,Unknown,,"Tragia amblyodonta",0,,,,,,,,urn:uuid:9fe167e4-ec3d-4c00-9322-b84be2aa6bb9
1278656,Unknown,,Unknown,,"Tragia amblyodonta",0,,,,,,,,urn:uuid:f09d780c-66d7-4813-b069-10359312bc96
1278657,Unknown,,Unknown,,"Tragia amblyodonta",0,,,,,,,,urn:uuid:046fa0ee-2849-4365-9ad9-676d67384029
1278658,Unknown,,Unknown,,"Tragia amblyodonta",0,,,,,,,,urn:uuid:dd21bb6c-6d41-47df-881a-e89f7d43283e
1278666,Unknown,,Unknown,,"Tragia amblyodonta",0,,,,,,,,urn:uuid:401c88cc-655e-43ac-ba72-49ed2a546236
1278667,Unknown,,Unknown,,"Tragia amblyodonta",0,,,,,,,,urn:uuid:b3b4c97e-c6de-4121-a3d9-21c6113d797d
1257004,Unknown,,Unknown,,"Croton pottsii",0,,,,,,,,urn:uuid:c48fca29-0636-4b25-94e1-78fff82805ca
1256301,Unknown,,Unknown,,"Ditaxis humilis",0,,,,,,,,urn:uuid:d3eda517-cee6-4bee-b5e6-2d828cc3fd56
1256305,Unknown,,Unknown,,"Tragia amblyodonta",0,,,,,,,,urn:uuid:6722e16b-3dff-47ca-b8f5-b5f2dd68fb76
1245895,Unknown,,Unknown,,"Croton dioicus",0,,,,,,,,urn:uuid:b8469518-de35-4115-8b12-bb0cbf9bd57d
1245896,Unknown,,Unknown,,"Croton dioicus",0,,,,,,,,urn:uuid:e003eecf-2df6-4513-9c5d-08d4c7c10f2c
1245897,Unknown,,Unknown,,"Croton dioicus",0,,,,,,,,urn:uuid:d06651fb-d468-443f-b6c4-d230eab8dfcc
1245898,Unknown,,Unknown,,"Croton dioicus",0,,,,,,,,urn:uuid:9b32485f-93d4-44a0-81ca-3d3957668615
1245899,Unknown,,Unknown,,"Croton dioicus",0,,,,,,,,urn:uuid:49aef19b-76b5-4987-8ce7-1e1f56892958
1245900,Unknown,,Unknown,,"Croton dioicus",0,,,,,,,,urn:uuid:dac87285-da19-419c-a48d-c2371b827f2e
1245913,Unknown,,Unknown,,"Croton dioicus",0,,,,,,,,urn:uuid:bf73a848-7165-4e63-80ec-d6e68e2c5b30
1245914,Unknown,,Unknown,,"Croton dioicus",0,,,,,,,,urn:uuid:a6d0a8c6-d7c5-4d19-babc-bb3f96bd6efa
1245915,Unknown,,Unknown,,"Croton dioicus",0,,,,,,,,urn:uuid:43fe8bf8-044f-4771-85e1-70b1bf7f2be4
1245916,Unknown,,Unknown,,"Croton dioicus",0,,,,,,,,urn:uuid:e6d30001-b811-4092-bacb-fd7c47a4471e
1245917,Unknown,,Unknown,,"Croton dioicus",0,,,,,,,,urn:uuid:4e43770c-b865-4744-b536-1082af604dc7
1245918,Unknown,,Unknown,,"Croton dioicus",0,,,,,,,,urn:uuid:b706f1f7-e34e-4e41-8593-6e2489192b2e
1245919,Unknown,,Unknown,,"Croton dioicus",0,,,,,,,,urn:uuid:79dcf621-a2e8-44b7-8855-6b1be91bcad3
1230286,Unknown,,Unknown,,"Chamaesyce missurica",0,,,,,,,,urn:uuid:6d0e4e95-1485-43f6-8080-6bcd3feefe91
1245586,Unknown,,Unknown,,"Chamaesyce theriaca var. spurca",0,,,,,,,,urn:uuid:bc43b109-8f9c-427c-b6bc-8ed284ba8e04
1245587,Unknown,,Unknown,,"Chamaesyce theriaca var. spurca",0,,,,,,,,urn:uuid:ad858279-35af-4756-a5ae-bbfacea2a712
1245588,Unknown,,Unknown,,"Chamaesyce theriaca var. spurca",0,,,,,,,,urn:uuid:1238663e-d317-44a6-a02e-bce702cfaccc
1245589,Unknown,,Unknown,,"Chamaesyce theriaca var. spurca",0,,,,,,,,urn:uuid:a1202836-9367-414a-a046-a8f7e0876d0e
1245590,Unknown,,Unknown,,"Chamaesyce theriaca var. spurca",0,,,,,,,,urn:uuid:b992b2df-ff48-49b0-a67b-2b272e594326
1245614,Unknown,,Unknown,,"Chamaesyce theriaca",0,,,,,,,,urn:uuid:2b618850-fa74-4bdc-acf6-df742e35fd53
1245615,Unknown,,Unknown,,"Chamaesyce theriaca",0,,,,,,,,urn:uuid:f5157f53-2889-49da-8c8d-c7c05bb7f676
1245616,Unknown,,Unknown,,"Chamaesyce theriaca",0,,,,,,,,urn:uuid:eaa11e10-b742-4f31-ac3e-7601261b5610
1245617,Unknown,,Unknown,,"Chamaesyce theriaca",0,,,,,,,,urn:uuid:032b7634-814b-464f-a3a1-289204ff8e33
1245618,Unknown,,Unknown,,"Chamaesyce theriaca",0,,,,,,,,urn:uuid:0bd3cc34-4a95-47f1-a0f9-664508c2dcd8
1245619,Unknown,,Unknown,,"Chamaesyce theriaca",0,,,,,,,,urn:uuid:1474c70c-3704-4902-97cf-491363767885
1245620,Unknown,,Unknown,,"Chamaesyce theriaca",0,,,,,,,,urn:uuid:b8356a95-99df-4cc0-887e-216c33054aa8
1245621,Unknown,,Unknown,,"Chamaesyce theriaca",0,,,,,,,,urn:uuid:a651dd3b-8f95-4ed5-9656-8d084655d9cb
1245622,Unknown,,Unknown,,"Chamaesyce theriaca",0,,,,,,,,urn:uuid:d42a9ff3-5a00-40e8-80d8-9314f0004db7
1245623,Unknown,,Unknown,,"Chamaesyce theriaca",0,,,,,,,,urn:uuid:65d2c4ee-f8c7-43b1-b00f-b506d602e33d
1245624,Unknown,,Unknown,,"Chamaesyce theriaca",0,,,,,,,,urn:uuid:d72fbd23-1d39-4f91-be63-0bb1f43994df
1245625,Unknown,,Unknown,,"Chamaesyce theriaca",0,,,,,,,,urn:uuid:6af165fc-72af-4909-abe0-0ba6ac2315b7
1245626,Unknown,,Unknown,,"Chamaesyce theriaca",0,,,,,,,,urn:uuid:edfb2101-9078-441a-ad1e-5b4840d4fbaf
1245627,Unknown,,Unknown,,"Chamaesyce theriaca",0,,,,,,,,urn:uuid:6af55236-62c6-4cb5-90c5-063318c0acc2
1245628,Unknown,,Unknown,,"Chamaesyce theriaca",0,,,,,,,,urn:uuid:28232ab0-5c55-4ce9-8762-b5151a19f130
1245629,Unknown,,Unknown,,"Chamaesyce theriaca",0,,,,,,,,urn:uuid:6081741c-3989-4535-9cf4-851e1d093dff
1229958,Unknown,,Unknown,,"Chamaesyce fendleri",0,,,,,,,,urn:uuid:9c6e9842-ce0f-446c-b7d5-d6496a87d832
1229995,Unknown,,Unknown,,"Chamaesyce geyeri",0,,,,,,,,urn:uuid:0669f001-67bf-4ff5-bfce-248f59b5625d
1229996,Unknown,,Unknown,,"Chamaesyce geyeri",0,,,,,,,,urn:uuid:2ed929da-2467-4ae9-813f-1e442dfbf5e1
1229997,Unknown,,Unknown,,"Chamaesyce geyeri",0,,,,,,,,urn:uuid:961085f7-66db-49ef-8ad2-6c90e0e10faa
1229998,Unknown,,Unknown,,"Chamaesyce geyeri",0,,,,,,,,urn:uuid:6754f61d-e47a-44b1-85db-e35c85c5cf18
1229999,Unknown,,Unknown,,"Chamaesyce geyeri",0,,,,,,,,urn:uuid:6b9039bc-ffaa-4c1e-afa8-7906e46ecffc
1230000,Unknown,,Unknown,,"Chamaesyce geyeri",0,,,,,,,,urn:uuid:cedc5c31-b322-46dd-9695-f1d0ea04f890
1230001,Unknown,,Unknown,,"Chamaesyce glyptosperma",0,,,,,,,,urn:uuid:b441ebdd-a71e-485c-a2ad-e27bedff5420
1230064,Unknown,,Unknown,,"Chamaesyce hyssopifolia",0,,,,,,,,urn:uuid:87eda72b-ecf9-4ab0-9795-f1488229485c
1230065,Unknown,,Unknown,,"Chamaesyce hyssopifolia",0,,,,,,,,urn:uuid:1d80c9ee-4090-49f2-b552-562757a86ea0
1230066,Unknown,,Unknown,,"Chamaesyce hyssopifolia",0,,,,,,,,urn:uuid:eb0da7ff-9c98-4ecd-a58b-a85d1745ea0a
1230074,Unknown,,Unknown,,"Chamaesyce hyssopifolia",0,,,,,,,,urn:uuid:6817139b-6729-45ff-a34c-8cb1eecbb70f
1230075,Unknown,,Unknown,,"Chamaesyce hyssopifolia",0,,,,,,,,urn:uuid:e937e7a6-07aa-4bb8-9035-768f11c8ddc1
1230083,Unknown,,Unknown,,"Chamaesyce hyssopifolia",0,,,,,,,,urn:uuid:470a3b33-0743-4ab6-9bb3-bc12ebcc4c18
1230084,Unknown,,Unknown,,"Chamaesyce hyssopifolia",0,,,,,,,,urn:uuid:69929937-64db-4c49-8dbf-823f725445b1
1230085,Unknown,,Unknown,,"Chamaesyce hyssopifolia",0,,,,,,,,urn:uuid:88ae6fca-2751-454c-9b0a-5ada9eb34927
1230086,Unknown,,Unknown,,"Chamaesyce hyssopifolia",0,,,,,,,,urn:uuid:2585aeed-a45b-4551-80bc-c13876690de1
1230088,Unknown,,Unknown,,"Chamaesyce hyssopifolia",0,,,,,,,,urn:uuid:931d7115-500c-4f79-99f0-c9a5d4ddbff9
1230089,Unknown,,Unknown,,"Chamaesyce hyssopifolia",0,,,,,,,,urn:uuid:a42b6df2-db96-4c82-bfdb-bdb1f6c24840
1230090,Unknown,,Unknown,,"Chamaesyce hyssopifolia",0,,,,,,,,urn:uuid:d6f92346-405b-4236-9625-e43ec0cb95da
1230091,Unknown,,Unknown,,"Chamaesyce hyssopifolia",0,,,,,,,,urn:uuid:5d34bd50-4a98-4a34-9b5a-fb61bffaebe4
1230092,Unknown,,Unknown,,"Chamaesyce hyssopifolia",0,,,,,,,,urn:uuid:0e1b62f5-ecc2-4dfb-93fe-92ff5cbde76c
1230093,Unknown,,Unknown,,"Chamaesyce hyssopifolia",0,,,,,,,,urn:uuid:9f8145be-9b83-4815-9f55-70f652cb11ab
1230094,Unknown,,Unknown,,"Chamaesyce hyssopifolia",0,,,,,,,,urn:uuid:e7a1bf56-4ceb-4cb3-8a36-bc8ad4d0e345
1230095,Unknown,,Unknown,,"Chamaesyce hyssopifolia",0,,,,,,,,urn:uuid:513b9ef6-41c9-40ef-8a97-3256a37f3a57
1230096,Unknown,,Unknown,,"Chamaesyce hyssopifolia",0,,,,,,,,urn:uuid:5d581f8a-2612-4a8a-b4f5-b7a8ffe62de3
1230097,Unknown,,Unknown,,"Chamaesyce hyssopifolia",0,,,,,,,,urn:uuid:34bc4052-d6cc-4e47-b6a5-9015d8114823
1230098,Unknown,,Unknown,,"Chamaesyce hyssopifolia",0,,,,,,,,urn:uuid:a88f3f1b-2586-46b7-9358-93eec924ba14
1230099,Unknown,,Unknown,,"Chamaesyce hyssopifolia",0,,,,,,,,urn:uuid:5f3d105f-2194-4f00-a24d-8f510461fb7f
1230100,Unknown,,Unknown,,"Chamaesyce hyssopifolia",0,,,,,,,,urn:uuid:3d730be5-4ebe-4dd2-a56b-350f805ac04f
1230101,Unknown,,Unknown,,"Chamaesyce hyssopifolia",0,,,,,,,,urn:uuid:9867a6ca-da75-4070-8cac-666aca418ca4
1230102,Unknown,,Unknown,,"Chamaesyce hyssopifolia",0,,,,,,,,urn:uuid:717ad109-f784-4baa-a1ad-9c0fb1bd4450
1230103,Unknown,,Unknown,,"Chamaesyce hyssopifolia",0,,,,,,,,urn:uuid:2b5806f7-a309-4d66-b1a3-0682051e2b30
1230104,Unknown,,Unknown,,"Chamaesyce hyssopifolia",0,,,,,,,,urn:uuid:e0e6fc82-23d5-41b2-850e-5f22c5e3880a
1230105,Unknown,,Unknown,,"Chamaesyce hyssopifolia",0,,,,,,,,urn:uuid:5c90ee5e-3aeb-4f23-b425-31daa0fe3989
1230106,Unknown,,Unknown,,"Chamaesyce hyssopifolia",0,,,,,,,,urn:uuid:02e5124b-0866-4fe1-b748-899909781053
1230107,Unknown,,Unknown,,"Chamaesyce hyssopifolia",0,,,,,,,,urn:uuid:8e653d6c-1b33-428f-add7-1eda1342c510
1230108,Unknown,,Unknown,,"Chamaesyce hyssopifolia",0,,,,,,,,urn:uuid:7a4c90f0-7cf9-4acb-9955-4a2954f2b470
1230109,Unknown,,Unknown,,"Chamaesyce hyssopifolia",0,,,,,,,,urn:uuid:0e140635-37a1-40f6-b06f-ab19b35372d4
1230110,Unknown,,Unknown,,"Chamaesyce hyssopifolia",0,,,,,,,,urn:uuid:356d6ee7-94a4-481d-9a8c-35af94dcfc9d
1230111,Unknown,,Unknown,,"Chamaesyce hyssopifolia",0,,,,,,,,urn:uuid:8f269aaa-7d74-4f5d-a217-019bc3bd5560
1230112,Unknown,,Unknown,,"Chamaesyce hyssopifolia",0,,,,,,,,urn:uuid:099f4095-fad1-4276-b77b-1054197c12d7
1230113,Unknown,,Unknown,,"Chamaesyce hyssopifolia",0,,,,,,,,urn:uuid:6c4a2d46-2e41-4fd6-9b5a-c1455c1bfd45
1230114,Unknown,,Unknown,,"Chamaesyce hyssopifolia",0,,,,,,,,urn:uuid:8fc99da2-ebdb-414c-aa88-dbe2d1e90cb4
1230115,Unknown,,Unknown,,"Chamaesyce hyssopifolia",0,,,,,,,,urn:uuid:100d6662-3a3f-4ea1-9bf0-c23b305ab2eb
1230116,Unknown,,Unknown,,"Chamaesyce hyssopifolia",0,,,,,,,,urn:uuid:ae4087b1-2355-419c-af9f-4ea7f1e8f999
1230117,Unknown,,Unknown,,"Chamaesyce hyssopifolia",0,,,,,,,,urn:uuid:d3688bb8-2d2a-4591-99b2-34a7761f6f97
1230118,Unknown,,Unknown,,"Chamaesyce hyssopifolia",0,,,,,,,,urn:uuid:9491b1c0-ed6c-46a3-9122-1688f7496271
1230119,Unknown,,Unknown,,"Chamaesyce hyssopifolia",0,,,,,,,,urn:uuid:0b1b6c21-21e1-40f2-bdf2-50b23c3a2b3d
1230120,Unknown,,Unknown,,"Chamaesyce hyssopifolia",0,,,,,,,,urn:uuid:415416e2-be64-40a4-8cb0-b5c3320e7b8d
1230121,Unknown,,Unknown,,"Chamaesyce hyssopifolia",0,,,,,,,,urn:uuid:d10ea22e-7125-4a6b-9c69-229d94e308ed
1230122,Unknown,,Unknown,,"Chamaesyce hyssopifolia",0,,,,,,,,urn:uuid:16e2dfad-338f-48a7-98a2-6d9457ea4ed6
1230123,Unknown,,Unknown,,"Chamaesyce hyssopifolia",0,,,,,,,,urn:uuid:24236a75-821e-4f8a-8f6c-c556400781c0
1230124,Unknown,,Unknown,,"Chamaesyce hyssopifolia",0,,,,,,,,urn:uuid:10e35464-6628-42cb-bac0-279d350934e4
1230125,Unknown,,Unknown,,"Chamaesyce hyssopifolia",0,,,,,,,,urn:uuid:232c4b51-992b-455e-9bb8-1115ea0f965b
1230126,Unknown,,Unknown,,"Chamaesyce hyssopifolia",0,,,,,,,,urn:uuid:6d5118bc-a278-4a42-834a-1c88506270ab
1230127,Unknown,,Unknown,,"Chamaesyce hyssopifolia",0,,,,,,,,urn:uuid:8e61b962-e0da-46d1-a49a-9f01beb28ca7
1230128,Unknown,,Unknown,,"Chamaesyce hyssopifolia",0,,,,,,,,urn:uuid:f6fa4699-10fd-480c-81f3-2cd3de82e262
1230129,Unknown,,Unknown,,"Chamaesyce hyssopifolia",0,,,,,,,,urn:uuid:3d0d6679-5f8b-4475-886f-dce15efc1ede
1230130,Unknown,,Unknown,,"Chamaesyce hyssopifolia",0,,,,,,,,urn:uuid:171dda9e-d3e8-4b91-b175-b3f9b9dafc26
1230131,Unknown,,Unknown,,"Chamaesyce hyssopifolia",0,,,,,,,,urn:uuid:dde66d9c-4076-48fc-99db-94286a13f0a2
1230132,Unknown,,Unknown,,"Chamaesyce hyssopifolia",0,,,,,,,,urn:uuid:8b13e6ac-7851-4f9c-96b9-f1f96c429ae9
1230133,Unknown,,Unknown,,"Chamaesyce hyssopifolia",0,,,,,,,,urn:uuid:6147a89a-1f3e-4484-a3f3-3b65131dec72
1230134,Unknown,,Unknown,,"Chamaesyce hyssopifolia",0,,,,,,,,urn:uuid:d079bd2e-498d-492b-bb92-eaf900037bf9
1230135,Unknown,,Unknown,,"Chamaesyce hyssopifolia",0,,,,,,,,urn:uuid:ea0fb22b-c49b-4611-883d-5b5ac2b5f93f
1230136,Unknown,,Unknown,,"Chamaesyce hyssopifolia",0,,,,,,,,urn:uuid:cd5e5b77-b679-454c-8583-d396c5848df0
1230137,Unknown,,Unknown,,"Chamaesyce hyssopifolia",0,,,,,,,,urn:uuid:d4c46516-5fae-4356-9213-6c2df987f367
1230138,Unknown,,Unknown,,"Chamaesyce hyssopifolia",0,,,,,,,,urn:uuid:f9b03db5-b047-4cfe-a051-53eab4f7c145
1230139,Unknown,,Unknown,,"Chamaesyce hyssopifolia",0,,,,,,,,urn:uuid:0e599305-59b4-4f70-b92d-96f8638b6bdf
1230140,Unknown,,Unknown,,"Chamaesyce hyssopifolia",0,,,,,,,,urn:uuid:48e7f67a-b3ba-4428-8b2e-8e93dfbb3c89
1230141,Unknown,,Unknown,,"Chamaesyce hyssopifolia",0,,,,,,,,urn:uuid:b1c83124-bb68-43d5-93d4-49d9fa78ea21
1230142,Unknown,,Unknown,,"Chamaesyce hyssopifolia",0,,,,,,,,urn:uuid:9f2042ea-80b5-4b46-8dce-02d705f73373
1230143,Unknown,,Unknown,,"Chamaesyce hyssopifolia",0,,,,,,,,urn:uuid:552ab724-80a6-4168-b756-b948282f4dc8
1230144,Unknown,,Unknown,,"Chamaesyce hyssopifolia",0,,,,,,,,urn:uuid:d5330f58-7a78-482d-a45f-6d85b42f6dde
1230145,Unknown,,Unknown,,"Chamaesyce hyssopifolia",0,,,,,,,,urn:uuid:c0b4c2f5-8278-4054-be5b-c9dbb31904a7
1230146,Unknown,,Unknown,,"Chamaesyce hyssopifolia",0,,,,,,,,urn:uuid:8189891b-8749-4555-96a4-fddd40e5dfc9
1230147,Unknown,,Unknown,,"Chamaesyce hyssopifolia",0,,,,,,,,urn:uuid:bca1c8ad-eb2f-479d-add1-99a5547af0b8
1230148,Unknown,,Unknown,,"Chamaesyce hyssopifolia",0,,,,,,,,urn:uuid:0ad62226-5281-4cca-bd7c-d8ea1ea9af52
1230149,Unknown,,Unknown,,"Chamaesyce hyssopifolia",0,,,,,,,,urn:uuid:e1988662-224f-44d6-86f4-65d8c3d15b76
1230150,Unknown,,Unknown,,"Chamaesyce hyssopifolia",0,,,,,,,,urn:uuid:56a0cc0e-f364-4771-84e7-32547735d0d6
1230151,Unknown,,Unknown,,"Chamaesyce hyssopifolia",0,,,,,,,,urn:uuid:9d0db5e0-c804-4f3d-86e7-983daaf0185d
1230152,Unknown,,Unknown,,"Chamaesyce hyssopifolia",0,,,,,,,,urn:uuid:4326c8e5-6eb5-4e4f-8d62-b0e72854cb29
1230153,Unknown,,Unknown,,"Chamaesyce hyssopifolia",0,,,,,,,,urn:uuid:51bf8204-60ed-4302-9493-fe13c08a5a1d
1278692,"Robert Urtecho (College of the Sequoias)",,5/2008,,"Tragia ramosa",0,,,,,,,,urn:uuid:2f8cefc6-58f7-4ee7-b50c-76df8f66eba0
1278699,Unknown,,Unknown,,"Tragia amblyodonta",0,,,,,,,,urn:uuid:8ca282b5-d44e-4f95-b825-cfecc300f958
1278701,Unknown,,Unknown,,"Tragia betonicifolia",0,,,,,,,,urn:uuid:95b42c8d-8b85-4788-8d30-37eaec34781d
1278702,Unknown,,Unknown,,"Tragia betonicifolia",0,,,,,,,,urn:uuid:c6134b6c-f5b8-4f14-beb9-43db20fa3295
1278703,Unknown,,Unknown,,"Tragia betonicifolia",0,,,,,,,,urn:uuid:c7e6a089-6181-49cc-b018-652793079a46
1278730,Unknown,,Unknown,,"Tragia glanduligera",0,,,,,,,,urn:uuid:e8863cf1-e05c-4948-9bb9-72237590b585
1316846,Unknown,,Unknown,,"Chamaesyce theriaca",0,,,,,,,,urn:uuid:75bfc00d-dba1-4049-ad3e-89b83550889e
1316862,Unknown,,Unknown,,"Chamaesyce theriaca",0,,,,,,,,urn:uuid:fcaf489c-23f3-48b0-bf8a-a1f8f9d29138
1318301,Unknown,,Unknown,,"Chamaesyce theriaca",0,,,,,,,,urn:uuid:78abe767-eee3-41bc-ba89-4b466f474006
1309847,Unknown,,Unknown,,"Tragia urticifolia",0,,,,,,,,urn:uuid:0fffef9d-55c2-430f-b712-5469542d072f
1311696,Unknown,,Unknown,,"Sapium sebiferum",0,,,,,,,,urn:uuid:98c67ac8-f9d3-406d-a9b2-04387dc922de
1311787,"W. R Carr",,2002,,"Argythamnia humilis  ",0,,,,,,,,urn:uuid:55d8fc12-b5d9-4475-9744-8bf9cf9ff00f
1312040,"W. R Carr",,2002,,"Argythamnia humilis var. humilis",0,,,,,,,,urn:uuid:95efdc29-39db-4ad9-897a-a75d965fbce1
1312049,"W. R. Carr",,2002,,"Croton glandulosus",0,,,,,,,,urn:uuid:9d104e2d-3a3d-4157-9970-e8e9cd6c45d7
1312140,"W. R. Carr",,2002,,"Jatropha dioica",0,,,,,,,,urn:uuid:6955e0e2-47f1-465f-a986-8a44da386e8a
1312399,"W. R. Carr",,2002,,"Croton capitatus",0,,,,,,,,urn:uuid:a3391a27-fcde-4fd1-86e2-25ec9f81c843
1312810,Unknown,,Unknown,,"Chamaesyce theriaca",0,,,,,,,,urn:uuid:76b54d6b-4b8a-4ea1-b65e-d0a244dbbef3
1312970,Unknown,,Unknown,," Argythamnia neomexicana",0,,,,,,,,urn:uuid:c19c212c-0db7-426c-94d6-401d1a1e0496
1312970,Unknown,,Unknown,,"Ditaxis humilis",0,,,,,,,,urn:uuid:08104b1c-aa5c-44b2-8944-4868a41677e8
1312986,Unknown,,Unknown,," Argythamnia neomexicana",0,,,,,,,,urn:uuid:2aebe913-14dc-4930-905d-675ac6605617
1312986,Unknown,,Unknown,,"Ditaxis humilis",0,,,,,,,,urn:uuid:9788aac7-4132-41c2-82b0-4f6528cc9feb
1313357,Unknown,,Unknown,,"Sebastiania fruticosa",0,,,,,,,,urn:uuid:1a001c5d-d45a-4f9e-a57f-c3a6651a6319
1314106,Unknown,,Unknown,,"Sebastiania fruticosa",0,,,,,,,,urn:uuid:9e12133c-62c2-45d7-ab51-ad5c5574452a
1301799,Unknown,,Unknown,,"Chamaesyce glyptosperma",0,,,,,,,,urn:uuid:834016f0-0f63-4f58-9b01-4fee11323a4e
1301930,Unknown,,Unknown,,"Euphorbia tetrapora",0,,,,,,,,urn:uuid:0a7cbe09-0dda-4c58-9d44-e7d5867be155
1302127,Unknown,,Unknown,,"Tragia brevispica",0,,,,,,,,urn:uuid:680cd8b7-6858-42eb-8380-f24c71e34b2a
1302445,Unknown,,Unknown,,"Aleurites fordii",0,,,,,,,,urn:uuid:849dab4a-bf58-4230-be63-6cc35cb757a4
1302446,Unknown,,Unknown,,"Aleurites fordii",0,,,,,,,,urn:uuid:8def8ef4-f3a4-4a6b-abf3-c23248f551ab
1302676,Unknown,,Unknown,,"Chamaesyce theriaca",0,,,,,,,,urn:uuid:6f53370d-ae06-475b-8c62-351ed33b5631
1302681,Unknown,,Unknown,,"Chamaesyce theriaca",0,,,,,,,,urn:uuid:b52bb10f-4b4c-4f98-a096-bd18ad6b14eb
1303407,Unknown,,Unknown,,"Phyllanthus abnormis var. riograndensis",0,,,,,,,,urn:uuid:ea17c81a-8940-403c-b1eb-733e558f898c
1303817,Unknown,,Unknown,,"Euphorbia tetrapora",0,,,,,,,,urn:uuid:86a5edaf-18a4-4748-8f3c-dd614b3a5d8c
1303868,Unknown,,Unknown,,"Tragia ramosa",0,,,,,,,,urn:uuid:1927f558-f35f-427b-aca5-199734cce358
1304181,Unknown,,Unknown,,"Tragia amblyodonta",0,,,,,,,,urn:uuid:865285c6-90bf-4b7c-9720-c77a2a2fdeb0
1304879,Unknown,,Unknown,,"Tragia amblyodonta",0,,,,,,,,urn:uuid:6f9bfbf2-cdbf-4a22-9748-e054df4e3ac9
1306119,Unknown,,Unknown,,"Euphorbia sp.",0,,,,,,,,urn:uuid:3247ae4a-0e7d-4826-addf-94da827bfe69
1306452,Unknown,,Unknown,,"Chamaesyce acuta",0,,,,,,,,urn:uuid:deb644d0-7897-4b4f-8f93-4633ba7cde38
1307010,Unknown,,Unknown,,"Chamaesyce maculata",0,,,,,,,,urn:uuid:b65ee969-2f02-4b4d-a6c5-ac63043c348d
1295012,Unknown,,Unknown,,"Croton parksii",0,,,,,,,,urn:uuid:e58db7a2-ff73-4cc1-a92e-9d348bd05f97
1295251,Unknown,,Unknown,,"Tragia ramosa",0,,,,,,,,urn:uuid:b8933fcb-dd5b-430b-b564-455dde7b80db
1295720,Unknown,,Unknown,,"Sapium sebiferum",0,,,,,,,,urn:uuid:26e57a7e-e500-4f62-9f0e-1661558fc3cd
1295728,Unknown,,Unknown,,"Sebastiania fruticosa",0,,,,,,,,urn:uuid:68a228b1-757e-4b73-9035-dd238231c9be
1295732,Unknown,,Unknown,,"Sapium sebiferum",0,,,,,,,,urn:uuid:73963959-6276-4c93-ab09-0988f2a02faa
1295733,Unknown,,Unknown,,"Sebastiania fruticosa",0,,,,,,,,urn:uuid:6bc81e3a-492a-4659-a24f-4e5b4f79a3d8
1296779,Unknown,,Unknown,,"Chamaesyce acuta",0,,,,,,,,urn:uuid:18afb18a-f5c4-4964-b4ff-7d7227e9f0e0
1297325,Unknown,,Unknown,,"Sapium sebiferum",0,,,,,,,,urn:uuid:37a43b28-6a18-424d-9785-7e16f12a7850
1297403,Unknown,,Unknown,,"Tragia betonicifolia",0,,,,,,,,urn:uuid:d9c2b526-e945-43c7-a645-fdcbe2e96372
1297404,Unknown,,Unknown,,"Tragia betonicifolia",0,,,,,,,,urn:uuid:c909f7e1-84aa-4e0e-bb4c-27e2881f0e86
1297442,Unknown,,Unknown,,"Phyllanthus abnormis var. abnormis",0,,,,,,,,urn:uuid:b84ecc66-efcd-4105-9ad6-985c150e40ff
1298132,Unknown,,Unknown,,"Tragia amblyodonta",0,,,,,,,,urn:uuid:54d21cba-f771-41ee-9a99-cec96e4368db
1298330,Unknown,,Unknown,,"Tragia betonicifolia",0,,,,,,,,urn:uuid:d7fa524f-fe25-478d-9f59-4b256d4b67b9
1298331,Unknown,,Unknown,,"Tragia betonicifolia",0,,,,,,,,urn:uuid:c0f5caba-341d-46f2-93e6-6325597a24f7
1298448,Unknown,,Unknown,,"Tragia amblyodonta",0,,,,,,,,urn:uuid:e2e5ea26-bfe4-44de-8217-f67aebadbf36
1299286,Unknown,,Unknown,," Chamaesyce theriaca",0,,,,,,,,urn:uuid:fa877b6f-7e9d-4305-b32a-76c5372b9313
1299286,Unknown,,Unknown,,"Chamaesyce theriaca var. spurca",0,,,,,,,,urn:uuid:54bfde64-3ddf-4006-85ec-28da27e1f29c
1299287,Unknown,,Unknown,," Chamaesyce theriaca",0,,,,,,,,urn:uuid:d739bdac-c927-48ac-8351-056d7845c46c
1299287,Unknown,,Unknown,,"Chamaesyce theriaca var. spurca",0,,,,,,,,urn:uuid:21f1c9e7-59fe-43eb-a2d7-e7922e9003d9
1299288,Unknown,,Unknown,," Chamaesyce theriaca",0,,,,,,,,urn:uuid:55fceb8e-8190-4a94-912e-70e65fcdf2d7
1299288,Unknown,,Unknown,,"Chamaesyce theriaca var. spurca",0,,,,,,,,urn:uuid:eb504566-2451-4728-8423-2fa9ac677a50
1299289,Unknown,,Unknown,,"Chamaesyce theriaca var. spurca",0,,,,,,,,urn:uuid:6548d727-4a92-46f3-b8d7-07362e8b7264
1299314,Unknown,,Unknown,," Chamaesyce theriaca",0,,,,,,,,urn:uuid:e169575b-dc9f-4832-b01b-fba8a0c14d3d
1299314,Unknown,,Unknown,,"Chamaesyce theriaca var. spurca",0,,,,,,,,urn:uuid:e43e9095-aa76-4450-8bae-12ff87e2b526
1299347,Unknown,,Unknown,,"Croton lindheimerianus var. lindheimerianus",0,,,,,,,,urn:uuid:56efd9e5-dfbf-4704-a6d8-125b8d061546
1299465,Unknown,,Unknown,," Chamaesyce theriaca",0,,,,,,,,urn:uuid:81f43545-7c31-4775-bdb2-6f98bedb6461
1299465,Unknown,,Unknown,,"Chamaesyce theriaca var. spurca",0,,,,,,,,urn:uuid:4af064a3-3f98-4374-8b83-a908e53f41cc
1299964,Unknown,,Unknown,,"Chamaesyce theriaca var. spurca",0,,,,,,,,urn:uuid:022248fb-da93-456e-bc23-b6d93745c373
1299967,Unknown,,Unknown,," Chamaesyce spurca",0,,,,,,,,urn:uuid:7d8d9c3a-15c4-44fa-ac40-b54feadaa5a2
1299967,Unknown,,Unknown,,"Chamaesyce theriaca var. spurca",0,,,,,,,,urn:uuid:8f29d083-18b1-4037-b051-fe185d0ae05b
1289285,Unknown,,Unknown,," Euphorbia exigua",0,,,,,,,,urn:uuid:93df026c-8e5b-421c-8cfa-e6b280797df4
1289285,Unknown,,Unknown,,"Euphorbia helleri",0,,,,,,,,urn:uuid:d5a9d9e3-dd61-4d9f-8843-62193ee005f9
1289824,Unknown,,Unknown,,"Tragia urticifolia",0,,,,,,,,urn:uuid:7337e61e-f227-4b47-b8d7-5c0c747c24f1
1290002,Unknown,,Unknown,,"Croton parksii",0,,,,,,,,urn:uuid:fa0ad407-9e87-4228-abb3-b0da878c4474
1291004,Unknown,,Unknown,,"Sapium sebiferum",0,,,,,,,,urn:uuid:c5204527-0e72-4876-b018-18452c9708d3
1291317,Unknown,,Unknown,,"Croton parksii",0,,,,,,,,urn:uuid:3717c289-902f-407f-baa5-9eb0df517519
1291318,Unknown,,Unknown,,"Croton parksii",0,,,,,,,,urn:uuid:4b4c6d64-d3da-4ec2-a7b0-14cadeae0a77
1291319,Unknown,,Unknown,,"Croton parksii",0,,,,,,,,urn:uuid:1878479d-e0fe-4ca6-a3ab-96fd2f218b37
1291320,Unknown,,Unknown,,"Croton parksii",0,,,,,,,,urn:uuid:5f56cfd2-24a6-466b-9010-e92d033b81e5
1291753,Unknown,,Unknown,,"Tragia sp.",0,,,,,,,,urn:uuid:97cad9da-1452-42ac-990b-2e789b4ef164
1292191,Unknown,,Unknown,,"Chamaesyce theriaca var. spurca",0,,,,,,,,urn:uuid:46a69cec-187a-4092-aea4-a87129f5e5d1
1294413,Unknown,,Unknown,,"Chamaesyce maculata",0,,,,,,,,urn:uuid:c090f57a-13b8-4f31-a5c2-1cab60b4649a
1279740,Unknown,,Unknown,,"Chamaesyce prostrata",0,,,,,,,,urn:uuid:cecb8be5-12a9-4361-87ad-08898d28dff9
1282148,Unknown,,Unknown,,"Chamaesyce theriaca",0,,,,,,,,urn:uuid:ab184717-cbbd-496f-a079-2a590244ed8b
1283376,Unknown,,Unknown,,"Chamaesyce theriaca var. spurca",0,,,,,,,,urn:uuid:b6554af7-2d16-4667-ad0a-f89232667d78
1283534,Unknown,,Unknown,," Chamaesyce theriaca var.  spurca",0,,,,,,,,urn:uuid:179dad63-de53-4947-9b71-cada10b53366
1283534,Unknown,,Unknown,,"Chamaesyce theriaca",0,,,,,,,,urn:uuid:d197d1fb-6ee9-4914-8093-bf83e328c5d5
1286374,Unknown,,Unknown,,"Tragia amblyodonta",0,,,,,,,,urn:uuid:246cf82e-a875-4b4c-93f1-76d277f8579e
1288798,Unknown,,Unknown,,"Phyllanthus abnormis var. abnormis",0,,,,,,,,urn:uuid:acd43ab3-a3e1-4b4c-a30e-17b2e64b000d
1288799,Unknown,,Unknown,,"Phyllanthus abnormis var. abnormis",0,,,,,,,,urn:uuid:3bccc1b8-c3f8-4cca-ba01-763723ec4906
1289267,Unknown,,Unknown,," Euphorbia exigua",0,,,,,,,,urn:uuid:3068c8c9-cd7a-4224-ab0a-1a6dfadd9b80
1289267,Unknown,,Unknown,,"Euphorbia helleri",0,,,,,,,,urn:uuid:d6092587-e0cd-4289-9701-53e94a823ae0
1289274,Unknown,,Unknown,,"Tragia brevispica",0,,,,,,,,urn:uuid:6b25230d-d21f-4347-964d-a6a4894eea31
1365309,Unknown,,Unknown,,"Chamaesyce nutans",0,"(Lag.) Small",,,,,,,urn:uuid:89d4e732-039c-4842-8e03-41dee7d4e352
1365333,Unknown,,Unknown,,"Chamaesyce hyssopifolia",0,,,,,,,,urn:uuid:18be941b-00c6-4f1f-affd-909df83548a4
1365344,Unknown,,Unknown,,"Chamaesyce hyssopifolia",0,,,,,,,,urn:uuid:05f5c84a-5aa8-488d-ab0e-cb40474041d3
1365366,Unknown,,Unknown,,"Sapium sebiferum",0,,,,,,,,urn:uuid:62be4c86-bffe-47c1-abc2-1196e41af41a
1365372,Unknown,,Unknown,,"Sebastiania fruticosa",0,,,,,,,,urn:uuid:fdf5aad6-9500-4768-85b6-b608d734176a
1410672,Unknown,,Unknown,,"Chamaesyce theriaca var. spurca",0,,,,,,,,urn:uuid:4ed572bd-15d8-479e-9cda-9ef51beb447e
1412737,Unknown,,Unknown,,"Tragia amblyodonta",0,,,,,,,,urn:uuid:704470bc-b17e-40d6-8864-89630194654c
1412738,Unknown,,Unknown,,"Tragia amblyodonta",0,,,,,,,,urn:uuid:b9631cda-677d-4de5-9fa5-17720e08d919
1413375,Unknown,,Unknown,,"Aleurites fordii",0,,,,,,,,urn:uuid:9b8de621-9936-450d-a4a9-6beb2efd1725
1404627,Unknown,,Unknown,,"Sapium sebiferum",0,,,,,,,,urn:uuid:d1ee1c9c-a12a-459d-86c9-47d2d8a2d7a6
1404628,Unknown,,Unknown,,"Sebastiania fruticosa",0,,,,,,,,urn:uuid:a6810169-7cd1-4e55-bc20-6f7d84bd92fe
1404629,Unknown,,Unknown,,"Sebastiania fruticosa",0,,,,,,,,urn:uuid:b1021867-1605-4123-92f3-2735b557b201
1404630,Unknown,,Unknown,,"Sebastiania fruticosa",0,,,,,,,,urn:uuid:e35fe4b7-155c-4625-8e2d-d5c4dd77cf05
1404631,Unknown,,Unknown,,"Sebastiania fruticosa",0,,,,,,,,urn:uuid:fcd09bcc-72fc-47a7-b94f-bd846a4cdc45
1404632,Unknown,,Unknown,,"Sebastiania fruticosa",0,,,,,,,,urn:uuid:5b956477-76f9-47c8-aebc-a0212f5e16fa
1404633,Unknown,,Unknown,,"Sebastiania fruticosa",0,,,,,,,,urn:uuid:f81aac8b-a0e4-4042-921d-647345104385
1404634,Unknown,,Unknown,,"Sebastiania fruticosa",0,,,,,,,,urn:uuid:f73eca80-ea5d-451f-958d-5a6f18f51afc
1404635,Unknown,,Unknown,,"Sebastiania fruticosa",0,,,,,,,,urn:uuid:a6d15143-a597-40e5-921e-5f9a154d0b29
1404636,Unknown,,Unknown,,"Sebastiania fruticosa",0,,,,,,,,urn:uuid:872ab87c-8db8-41f9-871c-c4ca1dc075d3
1404637,Unknown,,Unknown,,"Sebastiania fruticosa",0,,,,,,,,urn:uuid:a4ef570b-07a6-42d3-8f96-ed6bfbfc199c
1404638,Unknown,,Unknown,,"Sebastiania fruticosa",0,,,,,,,,urn:uuid:f92115d8-3713-4e0e-9325-870e3436b69d
1404639,Unknown,,Unknown,,"Sebastiania fruticosa",0,,,,,,,,urn:uuid:2730e040-22b2-4327-b782-d576368175c5
1408954,Unknown,,Unknown,,"Tragia amblyodonta",0,,,,,,,,urn:uuid:16580d43-188f-4081-8a6a-0de4ade8f15d
1408957,Unknown,,Unknown,,"Tragia amblyodonta",0,,,,,,,,urn:uuid:0a297390-fe8f-4117-ab36-50959e4a626f
1408958,Unknown,,Unknown,,"Tragia amblyodonta",0,,,,,,,,urn:uuid:1dddcdad-5ecd-42d9-8dea-2966fca82ffc
1408959,Unknown,,Unknown,,"Tragia amblyodonta",0,,,,,,,,urn:uuid:5801987e-a7e0-4a16-890a-9df1810b2969
1408970,Unknown,,Unknown,,"Tragia betonicifolia",0,,,,,,,,urn:uuid:8c92b4b3-a1b3-4451-a528-b63faafdd2c5
1408972,Unknown,,Unknown,,"Tragia brevispica",0,,,,,,,,urn:uuid:10fb44b0-0b6e-450b-af71-2ac724c70dc5
1391785,Unknown,,Unknown,,"Chamaesyce missurica",0,,,,,,,,urn:uuid:73124d8a-e9c1-4a73-9411-e3c08223da04
1391786,Unknown,,Unknown,,"Chamaesyce missurica",0,,,,,,,,urn:uuid:ebf9c370-a663-4d18-bc93-a07f4daa71ce
1391787,Unknown,,Unknown,,"Chamaesyce missurica",0,,,,,,,,urn:uuid:b6bfc161-46df-4f6d-8803-7aa23e48bccc
1397381,Unknown,,Unknown,,"Chamaesyce theriaca var. spurca",0,,,,,,,,urn:uuid:07361be4-12fe-4bf4-8fb5-dbb543ee7bf8
1397382,Unknown,,Unknown,,"Chamaesyce theriaca var. spurca",0,,,,,,,,urn:uuid:e34dc294-7303-4d41-985a-1ea5ef02f199
1397383,Unknown,,Unknown,,"Chamaesyce theriaca var. spurca",0,,,,,,,,urn:uuid:142e4730-8e12-4f7c-9660-ddcfa086c18d
1397384,Unknown,,Unknown,,"Chamaesyce theriaca var. spurca",0,,,,,,,,urn:uuid:f14cf807-e12d-490a-b396-6adde873389f
1397385,Unknown,,Unknown,,"Chamaesyce theriaca var. spurca",0,,,,,,,,urn:uuid:d10f50e2-c7b1-4204-8171-e0ff546f0be0
1397398,Unknown,,Unknown,,"Chamaesyce theriaca",0,,,,,,,,urn:uuid:3b5db62a-c186-4fd7-8686-97f567b89dd3
1397399,Unknown,,Unknown,,"Chamaesyce theriaca",0,,,,,,,,urn:uuid:753b99cf-f17b-4b07-981a-806f1418447d
1397400,Unknown,,Unknown,,"Chamaesyce theriaca",0,,,,,,,,urn:uuid:ab7f73e0-a653-4746-8217-b4b3d70972d4
1397401,Unknown,,Unknown,,"Chamaesyce theriaca",0,,,,,,,,urn:uuid:780117ff-6a30-47e0-85f5-464efcea2e72
1397402,Unknown,,Unknown,,"Chamaesyce theriaca",0,,,,,,,,urn:uuid:6e84b814-26df-451f-af4b-8bd0689c2c56
1397403,Unknown,,Unknown,,"Chamaesyce theriaca",0,,,,,,,,urn:uuid:1da762fc-d4a1-481a-9136-63a77f6b2b74
1397404,Unknown,,Unknown,,"Chamaesyce theriaca",0,,,,,,,,urn:uuid:92dcb696-c4d1-4394-9fbc-3caaf3e74ffa
1397405,Unknown,,Unknown,,"Chamaesyce theriaca",0,,,,,,,,urn:uuid:2e4dd138-c76a-411d-8c44-33399bc39eb0
1397406,Unknown,,Unknown,,"Chamaesyce theriaca",0,,,,,,,,urn:uuid:bf06842e-ca70-4e27-89e0-90acfc4b8869
1397407,Unknown,,Unknown,,"Chamaesyce theriaca",0,,,,,,,,urn:uuid:03785bad-3e1b-4d5d-aab1-6f029e16c8c2
1397408,Unknown,,Unknown,,"Chamaesyce theriaca",0,,,,,,,,urn:uuid:e972d522-f844-4e29-85ff-dd86469b25b0
1397409,Unknown,,Unknown,,"Chamaesyce theriaca",0,,,,,,,,urn:uuid:8d228321-b9ce-49e5-9130-78f7aedab2a8
1397410,Unknown,,Unknown,,"Chamaesyce theriaca",0,,,,,,,,urn:uuid:409aab4b-114b-48ab-89fe-e005c9a1238d
1397411,Unknown,,Unknown,,"Chamaesyce theriaca",0,,,,,,,,urn:uuid:93a0d2ee-1d9a-461c-81b6-b2ab41141a94
1397412,Unknown,,Unknown,,"Chamaesyce theriaca",0,,,,,,,,urn:uuid:23834a82-d9a2-4147-8b08-ef5b6437ed65
1397413,Unknown,,Unknown,,"Chamaesyce theriaca",0,,,,,,,,urn:uuid:aebbc37f-b193-4517-b226-f2b2ccbe2adf
1397460,Unknown,,Unknown,,"Croton dioicus",0,,,,,,,,urn:uuid:3a788c8a-da18-42ac-b218-7e164fee5f75
1397461,Unknown,,Unknown,,"Croton dioicus",0,,,,,,,,urn:uuid:41db4878-33ee-4f00-8fde-b90919ab7b54
1397462,Unknown,,Unknown,,"Croton dioicus",0,,,,,,,,urn:uuid:f259728e-c393-430b-8d1c-90f2e2a40655
1391707,Unknown,,Unknown,,"Chamaesyce geyeri",0,,,,,,,,urn:uuid:af9e24e1-c27b-4611-8cfc-e0037137681c
1391708,Unknown,,Unknown,,"Chamaesyce geyeri",0,,,,,,,,urn:uuid:0f63ab68-17a9-4e17-b343-7d6bf6ab2597
1391709,Unknown,,Unknown,,"Chamaesyce geyeri",0,,,,,,,,urn:uuid:9e20cffc-3710-4a84-b115-dc47c5dc0e22
1391730,Unknown,,Unknown,,"Chamaesyce hyssopifolia",0,,,,,,,,urn:uuid:b9992e95-5eed-414f-a106-3b9427161120
1391731,Unknown,,Unknown,,"Chamaesyce hyssopifolia",0,,,,,,,,urn:uuid:a3216206-b306-4b71-baf5-fef96b75c8ef
1391734,Unknown,,Unknown,,"Chamaesyce hyssopifolia",0,,,,,,,,urn:uuid:16964a85-8603-4d0c-a05f-dbb6b11856cd
1391735,Unknown,,Unknown,,"Chamaesyce hyssopifolia",0,,,,,,,,urn:uuid:878138f9-b24b-483e-a28c-dcb055416902
1391736,Unknown,,Unknown,,"Chamaesyce hyssopifolia",0,,,,,,,,urn:uuid:54667371-e208-46f7-9df6-5154a48f2d20
1391737,Unknown,,Unknown,,"Chamaesyce hyssopifolia",0,,,,,,,,urn:uuid:787fd4ab-ba82-4b61-bbb9-a766a3a9b0a8
1391738,Unknown,,Unknown,,"Chamaesyce hyssopifolia",0,,,,,,,,urn:uuid:88523c82-ea6a-476b-b787-424513264107
1391739,Unknown,,Unknown,,"Chamaesyce hyssopifolia",0,,,,,,,,urn:uuid:8b5a94e7-52df-48af-9bce-675acf0cc12a
1391740,Unknown,,Unknown,,"Chamaesyce hyssopifolia",0,,,,,,,,urn:uuid:e2113f57-7e2b-4144-be14-2d14eb503098
1391741,Unknown,,Unknown,,"Chamaesyce hyssopifolia",0,,,,,,,,urn:uuid:3bec9923-27e6-4a89-a3c3-8804058c90f8
1391742,Unknown,,Unknown,,"Chamaesyce hyssopifolia",0,,,,,,,,urn:uuid:458b030f-b26a-4db1-8f77-4cee2f7ff5ee
1391743,Unknown,,Unknown,,"Chamaesyce hyssopifolia",0,,,,,,,,urn:uuid:6c0ddbbe-f530-4aa6-bada-a683359b66c0
1391744,Unknown,,Unknown,,"Chamaesyce hyssopifolia",0,,,,,,,,urn:uuid:ef5ecb51-c165-4c30-8166-9194def14784
1365757,Unknown,,Unknown,,"Chamaesyce hyssopifolia",0,,,,,,,,urn:uuid:5ec9844a-ece2-4476-bb8d-6e74df9a9d70
1365762,Unknown,,Unknown,,"Chamaesyce hyssopifolia",0,,,,,,,,urn:uuid:968e3e00-f02c-450b-b372-fd6cb43fb154
1365763,Unknown,,Unknown,,"Tragia brevispica",0,,,,,,,,urn:uuid:6e8238ce-d8c2-4945-807d-8c742df359a3
1365773,Unknown,,Unknown,,"Chamaesyce hyssopifolia",0,,,,,,,,urn:uuid:bf73dd59-dbcc-4182-9841-9b9de00e0ed5
1365780,Unknown,,Unknown,,"Chamaesyce hyssopifolia",0,,,,,,,,urn:uuid:9565f6d3-79fa-4637-8b7d-95688e734d5b
1365786,Unknown,,Unknown,,"Chamaesyce maculata",0,,,,,,,,urn:uuid:9d022c34-ead1-4d6a-8f37-6cfcc1c86be7
1365787,Unknown,,Unknown,,"Chamaesyce hyssopifolia",0,,,,,,,,urn:uuid:f43e6c5d-dbac-49a1-8ff0-0dbc2f9cb6c8
1365811,Unknown,,Unknown,,"Tragia amblyodonta",0,,,,,,,,urn:uuid:b7d5c26e-d298-4e01-8753-07c3edd9f21f
1365846,Unknown,,Unknown,,"Chamaesyce glyptosperma",0,,,,,,,,urn:uuid:5f61a878-11f0-4b5b-874b-bb63a630fc09
1365866,Unknown,,Unknown,,"Sapium sebiferum",0,,,,,,,,urn:uuid:7986862e-e561-4d1f-bf98-2728151c2ec3
1365873,Unknown,,Unknown,,"Tragia brevispica",0,,,,,,,,urn:uuid:b25f12a0-447b-4880-ac84-38a9c2b2628f
1365905,Unknown,,Unknown,,"Chamaesyce geyeri",0,,,,,,,,urn:uuid:75473e64-737c-4013-941f-bc169c346046
1365937,Unknown,,Unknown,,"Tragia amblyodonta",0,,,,,,,,urn:uuid:5cd3dc96-2d1f-449d-9f7d-1c990ae5bd95
1365956,Unknown,,Unknown,,"Sapium sebiferum",0,,,,,,,,urn:uuid:9d77e626-1afd-4567-9376-06c2ff16b444
1365957,Unknown,,Unknown,,"Chamaesyce hyssopifolia",0,,,,,,,,urn:uuid:bf384f66-a38a-4f92-8ae1-62f9e628fec8
1365965,Unknown,,Unknown,,"Chamaesyce hyssopifolia",0,,,,,,,,urn:uuid:d8ce9817-9e36-4809-b22a-25e47ce1d689
1365985,Unknown,,Unknown,,"Chamaesyce hyssopifolia",0,,,,,,,,urn:uuid:8bcb8380-8329-4b2f-8a55-9a12a8e85f8e
1365986,Unknown,,Unknown,,"Tragia betonicifolia",0,,,,,,,,urn:uuid:81861ca3-4e15-4efa-8b82-6454d94c6fb3
1366014,Unknown,,Unknown,,"Chamaesyce hyssopifolia",0,,,,,,,,urn:uuid:01037f7c-fd24-4664-b0df-86ddbe574604
1366024,Unknown,,Unknown,,"Chamaesyce geyeri",0,,,,,,,,urn:uuid:eee02250-d898-49f8-aec8-a82825cad9dd
1376165,Unknown,,Unknown,,"Ditaxis humilis",0,,,,,,,,urn:uuid:b811de5a-72de-41ff-8005-c88b2763d937
1365412,Unknown,,Unknown,,"Chamaesyce geyeri",0,,,,,,,,urn:uuid:0a9005d2-eb80-4e18-b2c2-ab1145262a7b
1365439,Unknown,,Unknown,,"Chamaesyce missurica",0,,,,,,,,urn:uuid:bffbb97d-6fba-44d3-94ca-0a67e8c75175
1365444,Unknown,,Unknown,,"Tragia amblyodonta",0,,,,,,,,urn:uuid:5efa80c8-4f77-4ce6-bb43-a2a8dbbb1651
1365463,Unknown,,Unknown,,"Chamaesyce hyssopifolia",0,,,,,,,,urn:uuid:169584e9-a724-4002-b1f3-07dd4d18fc42
1365512,Unknown,,Unknown,,"Chamaesyce serpyllifolia",0,,,,,,,,urn:uuid:475c5875-de8a-49a5-8bce-ee8659e45e83
1365515,Unknown,,Unknown,,"Chamaesyce hyssopifolia",0,,,,,,,,urn:uuid:de1458ff-a734-43e1-9d74-2d81c85e2439
1365524,Unknown,,Unknown,,"Chamaesyce missurica",0,,,,,,,,urn:uuid:08cdd8e5-b07e-4bc0-b83f-cc7a4c99f918
1365525,Unknown,,Unknown,,"Chamaesyce nutans",0,"(Lag.) Small",,,,,,,urn:uuid:b30ed45e-35a2-46ee-92a2-93ad69624bc6
1365532,Unknown,,Unknown,,"Chamaesyce hyssopifolia",0,,,,,,,,urn:uuid:16daa13f-270e-4feb-b4d6-ee3e54ffc241
1365558,Unknown,,Unknown,,"Chamaesyce hyssopifolia",0,,,,,,,,urn:uuid:e6c736e1-0b95-4dc9-a58c-b4339f093a34
1365574,Unknown,,Unknown,,"Chamaesyce hyssopifolia",0,,,,,,,,urn:uuid:a6a4e0ab-fc7c-446d-97c9-14d9e430799d
1365598,Unknown,,Unknown,,"Sapium sebiferum",0,,,,,,,,urn:uuid:b0b4add7-83c6-4fb1-a556-cf826fde32ac
1365600,Unknown,,Unknown,,"Tragia betonicifolia",0,,,,,,,,urn:uuid:7c6e1b16-32c4-4429-98c6-52ab23b3f5e1
1365629,Unknown,,Unknown,,"Chamaesyce geyeri",0,,,,,,,,urn:uuid:5990c85e-43a1-42fa-b7cd-14c44efd85e8
1365631,Unknown,,Unknown,,"Chamaesyce missurica",0,,,,,,,,urn:uuid:91d136d0-2ab4-4da9-aa80-a7cf03a37bc7
1365636,Unknown,,Unknown,,"Sapium sebiferum",0,,,,,,,,urn:uuid:dd61336b-f784-4c77-b8ba-f35347f39a6e
1365660,Unknown,,Unknown,,"Chamaesyce hyssopifolia",0,,,,,,,,urn:uuid:c424fbbf-08b4-4205-8d32-860e618f604f
1365664,Unknown,,Unknown,,"Sapium sebiferum",0,,,,,,,,urn:uuid:85ed86f0-8b8a-4b9f-80df-45d81d59c286
1365714,Unknown,,Unknown,,"Chamaesyce hyssopifolia",0,,,,,,,,urn:uuid:203c7a83-8e5c-46f7-b150-def11f82634b
