coreid,identifiedBy,identifiedByID,dateIdentified,identificationQualifier,scientificName,identificationIsCurrent,scientificNameAuthorship,genus,specificEpithet,taxonRank,infraspecificEpithet,identificationReferences,identificationRemarks,recordId
1178729,Unknown,,Unknown,,"Chenopodium ambrosioides",0,,,,,,,,urn:uuid:c521d11d-c2c2-47f2-98a3-6724e164fc8a
1178730,Unknown,,Unknown,,"Chenopodium desiccatum",0,,,,,,,,urn:uuid:fc7154eb-f651-491a-8222-2fdd0c8e30f7
1178732,Unknown,,Unknown,,"Chenopodium ambrosioides",0,,,,,,,,urn:uuid:5d1d5e98-3ac8-4f7d-abaa-0a4ef248de5d
1178737,Unknown,,Unknown,,"Salsola tragus",0,,,,,,,,urn:uuid:5dff86ca-b301-4d93-a8f6-8eaf14ac4dc2
1178742,Unknown,,Unknown,,"Chenopodium pumilio",0,,,,,,,,urn:uuid:946bf83c-ddc5-4d54-88ea-08aef2f7eb40
1178743,Unknown,,Unknown,,"Chenopodium ambrosioides",0,,,,,,,,urn:uuid:3e3a0fbe-e8c3-4670-9acb-2aaeffa984f2
1178751,Unknown,,Unknown,,"Chenopodium ambrosioides",0,,,,,,,,urn:uuid:62a50664-fec1-4fbf-a301-1c1e70a47fc7
1178767,Unknown,,Unknown,,"Chenopodium ambrosioides",0,,,,,,,,urn:uuid:63504267-7d4f-419e-b3f9-b871c17af1a2
1178773,Unknown,,Unknown,," Salicornia utahensis",0,,,,,,,,urn:uuid:b4f973e6-cd41-4edc-afe2-d20df75fbe91
1178773,Unknown,,Unknown,,"Salicornia virginica",0,,,,,,,,urn:uuid:df6adc87-2c7b-459a-a101-1693cb64f217
1178784,Unknown,,Unknown,,"Chenopodium ambrosioides",0,,,,,,,,urn:uuid:3a1c7f96-4f03-4a89-b241-83aff20aa4de
1178785,Unknown,,Unknown,,"Atriplex semibaccata",0,,,,,,,,urn:uuid:6a2a3aad-4823-4ff3-8877-4824689c2e1c
1178788,Unknown,,Unknown,,"Salsola tragus",0,,,,,,,,urn:uuid:94785102-c944-4f25-8a1d-9d6d350f240a
1178796,Unknown,,Unknown,,"Salsola tragus",0,,,,,,,,urn:uuid:b5f9c268-e578-4933-944a-5fc31da81283
1178799,Unknown,,Unknown,," Chenopodium pratericola",0,,,,,,,,urn:uuid:f4e8ee30-a802-4ba1-8c5a-8ac1299c221b
1178799,Unknown,,Unknown,,"Chenopodium desiccatum",0,,,,,,,,urn:uuid:038253d1-4ae6-4935-b0c7-0bd69b990bd7
1178802,Unknown,,Unknown,,"Salsola collina",0,,,,,,,,urn:uuid:9b8eabfa-4c58-4907-a053-bd1041c7ca82
1178803,Unknown,,Unknown,,"Salsola tragus",0,,,,,,,,urn:uuid:7f92305b-a7e9-4a92-aba0-08e026d920e6
1178808,Unknown,,Unknown,,"Chenopodium ambrosioides",0,,,,,,,,urn:uuid:68f8c16a-ace9-4300-b1bf-f11fc9c21701
1178816,Unknown,,Unknown,,"Salsola tragus",0,,,,,,,,urn:uuid:c5a1b07f-2168-4fef-96e0-2fe9e0286585
1178831,Unknown,,Unknown,,"Chenopodium ambrosioides",0,,,,,,,,urn:uuid:5cb0582c-0abe-49c4-a9b6-ddcb9fef6729
1178832,Unknown,,Unknown,,"Chenopodium berlandieri",0,,,,,,,,urn:uuid:4ad5c303-bfc3-4ac0-a236-3be747fcb099
1178834,Unknown,,Unknown,,"Chenopodium ambrosioides",0,,,,,,,,urn:uuid:5bfa32a3-2b27-4f92-a2d2-8fa714b7ecbc
1178838,Unknown,,Unknown,,"Salsola tragus",0,,,,,,,,urn:uuid:791dd113-fa72-47c6-b2fd-7c1c74c3bb71
1178844,Unknown,,Unknown,,"Chenopodium ambrosioides",0,,,,,,,,urn:uuid:94e6cb2b-ef79-4052-8653-ebb1768dd29f
1178848,Unknown,,Unknown,,"Chenopodium ambrosioides",0,,,,,,,,urn:uuid:885d03d5-9444-4f14-9f93-201da1c9afd3
1178851,Unknown,,Unknown,,"Salsola tragus",0,,,,,,,,urn:uuid:bba35d7a-128c-45e7-b01d-188581d56736
1178853,Unknown,,Unknown,,"Chenopodium ambrosioides",0,,,,,,,,urn:uuid:ce00899a-ae52-411d-be2f-47a9c8a61a7d
1178856,Unknown,,Unknown,,"Chenopodium ambrosioides",0,,,,,,,,urn:uuid:6e15ee0f-4b51-471b-bcf4-c7682ec40e2b
1178866,Unknown,,Unknown,,"Salsola tragus",0,,,,,,,,urn:uuid:ae571cbe-fde7-43f8-8b52-7e640f45f42d
1178868,Unknown,,Unknown,,"Chenopodium ambrosioides",0,,,,,,,,urn:uuid:fda10b6c-342e-4bc9-b150-47f7d29e4a4e
1178869,Unknown,,Unknown,,"Atriplex semibaccata",0,,,,,,,,urn:uuid:b651a084-c163-4e99-b76f-11b4cf686f91
1178873,Unknown,,Unknown,,"Salsola tragus",0,,,,,,,,urn:uuid:91c41df0-fd8d-43bb-b931-b9f57007ddbe
1178875,Unknown,,Unknown,,"Salsola tragus",0,,,,,,,,urn:uuid:13644570-5e94-4966-beea-dca314b158f3
1178885,Unknown,,Unknown,,"Salsola tragus",0,,,,,,,,urn:uuid:e558a19e-5d3a-4ab5-9787-d1de0bd1f751
1178887,Unknown,,Unknown,,"Chenopodium ambrosioides",0,,,,,,,,urn:uuid:a88ae3be-b37e-41d5-8a88-df452194a59c
1178894,Unknown,,Unknown,,"Salsola tragus",0,,,,,,,,urn:uuid:2f26dd93-6868-438b-aabb-7e50742796ca
1178896,Unknown,,Unknown,," Salicornia utahensis",0,,,,,,,,urn:uuid:5e9ad72b-2163-43af-8ef3-18508d0a18bb
1178896,Unknown,,Unknown,,"Salicornia virginica",0,,,,,,,,urn:uuid:496eab6e-9085-48b5-b02d-5157e0dc9b7b
1178914,Unknown,,Unknown,,"Salsola tragus",0,,,,,,,,urn:uuid:c6cacffc-fdd5-4d9d-88b0-fc9ade0cf845
1178920,Unknown,,Unknown,,"Chenopodium ambrosioides",0,,,,,,,,urn:uuid:d0001341-3752-47cc-83c6-89cba8ee2177
1178921,Unknown,,Unknown,,"Chenopodium ambrosioides",0,,,,,,,,urn:uuid:dea957fc-b08a-4d46-8ee7-294cb2f5fff9
1178922,Unknown,,Unknown,,"Salsola tragus",0,,,,,,,,urn:uuid:49f14fc6-11fe-4eeb-bc93-8db2925db910
1178932,Unknown,,Unknown,,"Chenopodium ambrosioides",0,,,,,,,,urn:uuid:ff227373-141e-475c-a40f-0ffe18ac164a
1178935,Unknown,,Unknown,,"Atriplex arenaria",0,,,,,,,,urn:uuid:02a5b18a-fb12-4f25-88d2-cd3dc82cb56c
1178945,Unknown,,Unknown,,"Atriplex  arenaria  Nutt.",0,,,,,,,,urn:uuid:7f0d48f6-e226-4898-b11a-4f5c9dde741e
1178946,Unknown,,Unknown,,"Chenopodium ambrosioides",0,,,,,,,,urn:uuid:e7ce4544-50d1-406c-89c6-ce2c6bcc4d6f
1178951,Unknown,,Unknown,," Salicornia utahensis",0,,,,,,,,urn:uuid:6560bd26-2f4f-43bc-a240-031c13699a01
1178951,Unknown,,Unknown,,"Salicornia virginica",0,,,,,,,,urn:uuid:08867d85-5b07-4ca0-97df-3606dd32a6c2
1178958,Unknown,,Unknown,,"Salsola tragus",0,,,,,,,,urn:uuid:a48acb78-628e-495a-a966-fb8967f702fa
1178959,Unknown,,Unknown,,"Chenopodium ambrosioides",0,,,,,,,,urn:uuid:ba4872f9-622a-4f31-b16e-238fa01d9a46
1178960,Unknown,,Unknown,," Chenopodium carinatum",0,,,,,,,,urn:uuid:6f7a27ac-49b9-49f9-9714-f71e33bd2386
1178960,Unknown,,Unknown,,"Chenopodium pumilio",0,,,,,,,,urn:uuid:6f8684e8-e3b1-4909-ae56-aa7906809912
1178973,Unknown,,Unknown,,"Salsola tragus",0,,,,,,,,urn:uuid:92037272-f0e1-426e-8e45-b8cfba69a687
1178977,Unknown,,Unknown,,"Chenopodium ambrosioides",0,,,,,,,,urn:uuid:6dba0528-6e79-41fa-891f-df6fd10d38be
1178980,Unknown,,Unknown,,"Salsola tragus",0,,,,,,,,urn:uuid:f353893e-6422-47e9-8300-73f725195893
1178983,Unknown,,Unknown,,"Chenopodium ambrosioides",0,,,,,,,,urn:uuid:fa086906-66ca-4871-8b70-b64ac0b5f7dc
1178988,Unknown,,Unknown,,"Salsola tragus",0,,,,,,,,urn:uuid:7cda8b59-a00e-4807-a31f-6496a09bc9bb
1178994,Unknown,,Unknown,,"Chenopodium ambrosioides",0,,,,,,,,urn:uuid:1e7754f3-094b-4caa-9417-bbf8f6af672b
1178997,Unknown,,Unknown,," Salicornia utahensis",0,,,,,,,,urn:uuid:205755e1-659c-49ea-8f4b-f16e4d79827b
1178997,Unknown,,Unknown,,"Salicornia virginica",0,,,,,,,,urn:uuid:82c2fd29-43ef-4acd-bf6a-ec593dfd3e4f
1178999,Unknown,,Unknown,,"Chenopodium pratericola",0,,,,,,,,urn:uuid:276d8222-2370-4d0b-a69d-995d7795b490
1179005,Unknown,,Unknown,,"Salsola tragus",0,,,,,,,,urn:uuid:8e6abb5c-b208-466a-bf64-6234cecbdfb5
1179011,Unknown,,Unknown,,"Chenopodium ambrosioides",0,,,,,,,,urn:uuid:22352925-6184-4412-91bd-59f6496090d4
1179023,Unknown,,Unknown,,"Chenopodium ambrosioides",0,,,,,,,,urn:uuid:28b9c9b7-5720-45fb-98fc-e346e0eb399e
1179025,Unknown,,Unknown,,"Chenopodium neomexicanum",0,,,,,,,,urn:uuid:e409bc8c-ae7d-4f9e-87d5-bd5587c8314d
1179026,Unknown,,Unknown,,"Chenopodium pumilio",0,,,,,,,,urn:uuid:dbcc723e-c7af-4041-8541-7dcbc0fe01a8
1179031,Unknown,,Unknown,,"Chenopodium ambrosioides",0,,,,,,,,urn:uuid:d481d286-c8e0-4a89-b9c1-7abef01d5292
1179034,Unknown,,Unknown,,"Chenopodium pallescens",0,,,,,,,,urn:uuid:844d8314-d0e4-49f7-b5f2-93377c126743
1179039,Unknown,,Unknown,,"Salsola tragus",0,,,,,,,,urn:uuid:dacc692b-8bd3-4686-8ec2-a18f157ec0eb
1179045,Unknown,,Unknown,,"Salsola tragus",0,,,,,,,,urn:uuid:cdf82a5d-936c-448f-8811-3cc36a391e9c
1179055,Unknown,,Unknown,,"Salsola tragus",0,,,,,,,,urn:uuid:9705dde2-eae8-49dc-a7ba-b2487eae68df
1179056,Unknown,,Unknown,,"Chenopodium ambrosioides",0,,,,,,,,urn:uuid:f08879cb-d751-479c-85f2-dbbb4b8230e2
1179062,Unknown,,Unknown,,"Salsola tragus",0,,,,,,,,urn:uuid:b01dd6e8-31d4-4697-b4ab-e63cd53f2896
1190847,Unknown,,Unknown,,"Salsola tragus",0,,,,,,,,urn:uuid:0137dc4b-33a2-4672-a1ed-2e0c1b7ce4a0
1197764,Unknown,,Unknown,,"Salsola tragus",0,,,,,,,,urn:uuid:bd5cfc3e-156a-4736-8d53-f9d55fe8a0e6
1208509,Unknown,,Unknown,,"Atriplex semibaccata",0,,,,,,,,urn:uuid:bcc2b5b2-8613-4990-94f0-d66a5dd8e84b
1208510,Unknown,,Unknown,,"Atriplex semibaccata",0,,,,,,,,urn:uuid:801e18c7-e23c-49ca-9536-9637ea6ecdf5
1208511,Unknown,,Unknown,,"Atriplex semibaccata",0,,,,,,,,urn:uuid:141d7ab8-0b60-4435-bfe2-8cf606e59bdc
1208512,Unknown,,Unknown,,"Atriplex semibaccata",0,,,,,,,,urn:uuid:37150f7a-9be4-4fa8-ab9e-b729979a82ce
1208513,Unknown,,Unknown,,"Atriplex semibaccata",0,,,,,,,,urn:uuid:09567856-de46-4a7d-956a-a3f43bb5618d
1208514,Unknown,,Unknown,,"Atriplex semibaccata",0,,,,,,,,urn:uuid:9cc2dadb-1a26-4815-b4e9-d371a826b304
1208515,Unknown,,Unknown,,"Atriplex semibaccata",0,,,,,,,,urn:uuid:79f28450-312e-4db3-87bd-9f51f2d2369a
1208516,Unknown,,Unknown,,"Atriplex semibaccata",0,,,,,,,,urn:uuid:b14e0a58-6528-43ba-8d32-5c90002e9061
1208531,Unknown,,Unknown,,"Chenopodium ambrosioides",0,,,,,,,,urn:uuid:0c2ab250-840a-46a6-a71d-e582f07dcee9
1208532,Unknown,,Unknown,,"Chenopodium ambrosioides",0,,,,,,,,urn:uuid:606ba50d-0108-4cfd-8b04-341304bb15f1
1208533,Unknown,,Unknown,,"Chenopodium ambrosioides",0,,,,,,,,urn:uuid:fe7a3b9f-45c4-4814-9424-a832275fda24
1208534,Unknown,,Unknown,,"Chenopodium ambrosioides",0,,,,,,,,urn:uuid:26021e66-64ea-4cc8-a549-b7feb9163420
1208535,Unknown,,Unknown,,"Chenopodium ambrosioides",0,,,,,,,,urn:uuid:9c5f74dc-bb5b-4c4e-9173-6d6fcc771779
1208536,Unknown,,Unknown,,"Chenopodium ambrosioides",0,,,,,,,,urn:uuid:d89bedd0-1e50-45d2-8de8-70f9609a23cc
1208537,Unknown,,Unknown,,"Chenopodium ambrosioides",0,,,,,,,,urn:uuid:5aacfcd0-25e3-455e-ad34-c54898c2142f
1208538,Unknown,,Unknown,,"Chenopodium ambrosioides",0,,,,,,,,urn:uuid:74df4c3a-f2fb-4b94-b31e-76d07815beee
1208539,Unknown,,Unknown,,"Chenopodium ambrosioides",0,,,,,,,,urn:uuid:961e04d9-0eb2-4378-8946-729d400771dd
1208540,Unknown,,Unknown,,"Chenopodium ambrosioides",0,,,,,,,,urn:uuid:82b68cce-0a4d-4d99-b880-707ab8c03917
1208541,Unknown,,Unknown,,"Chenopodium ambrosioides",0,,,,,,,,urn:uuid:e22f3ed3-6545-4e24-9118-3ff6178eb757
1208542,Unknown,,Unknown,,"Chenopodium ambrosioides",0,,,,,,,,urn:uuid:47ad6c38-ce21-4d40-aed6-10575ce9a9fa
1208543,Unknown,,Unknown,,"Chenopodium ambrosioides",0,,,,,,,,urn:uuid:101a56b6-0ab7-4356-a9f1-e1dc99913f6a
1208544,Unknown,,Unknown,,"Chenopodium ambrosioides",0,,,,,,,,urn:uuid:f9f5bed1-9db3-4262-82c0-a8d369c37fe0
1208545,Unknown,,Unknown,,"Chenopodium ambrosioides",0,,,,,,,,urn:uuid:3162f53f-3d62-4f5d-953d-6c64f4b43769
1208546,Unknown,,Unknown,,"Chenopodium ambrosioides",0,,,,,,,,urn:uuid:776822c2-7c7d-491a-912a-01a9defacaae
1208547,Unknown,,Unknown,,"Chenopodium ambrosioides",0,,,,,,,,urn:uuid:7854e480-c575-4cb0-8787-ec915a5f7026
1208548,Unknown,,Unknown,,"Chenopodium ambrosioides",0,,,,,,,,urn:uuid:edacc7cd-8b7c-4238-9967-68ce47f99353
1208560,Unknown,,Unknown,,"Chenopodium berlandieri",0,,,,,,,,urn:uuid:f335ee11-5cef-4755-8602-5fb3e2c66e1b
1208567,Unknown,,Unknown,,"Chenopodium berlandieri",0,,,,,,,,urn:uuid:eed090af-c660-4494-9611-dba52aa46578
1208571,Unknown,,Unknown,,"Chenopodium berlandieri",0,,,,,,,,urn:uuid:d56c970f-e0a6-4f31-ac5b-95ad80263afc
1208594,Unknown,,Unknown,,"Chenopodium graveolens",0,,,,,,,,urn:uuid:599bcf35-7e67-458d-a805-9773254c53f0
1208595,Unknown,,Unknown,,"Chenopodium graveolens",0,,,,,,,,urn:uuid:37a7a258-aee6-4569-914f-e25cfa4ab271
1208596,Unknown,,Unknown,,"Chenopodium graveolens",0,,,,,,,,urn:uuid:83ed0965-5f13-4a85-b95f-be1f5c66a407
1208597,Unknown,,Unknown,,"Chenopodium graveolens",0,,,,,,,,urn:uuid:2043f753-07eb-4360-9c79-f111a0363c23
1208598,Unknown,,Unknown,,"Chenopodium graveolens",0,,,,,,,,urn:uuid:82ef6eee-ae07-4c3a-9157-82a5bd805710
1208599,Unknown,,Unknown,,"Chenopodium graveolens",0,,,,,,,,urn:uuid:3d060dc7-d616-40b1-bf7d-73fc4f039bc7
1208600,Unknown,,Unknown,,"Chenopodium graveolens",0,,,,,,,,urn:uuid:12d3485d-9ed5-4588-a9a1-20f824aa8cf8
1208601,Unknown,,Unknown,,"Chenopodium graveolens",0,,,,,,,,urn:uuid:c3789685-ba6b-428f-a8db-c0fb5b0822b8
1208602,Unknown,,Unknown,,"Chenopodium graveolens",0,,,,,,,,urn:uuid:697a4ffa-c248-416d-8a21-0277aea10d6a
1208644,Unknown,,Unknown,,"Chenopodium neomexicanum",0,,,,,,,,urn:uuid:5b3bd5bf-08a4-4f2e-a041-5817b2753fb1
1208666,Unknown,,Unknown,,"Chenopodium sp.",0,,,,,,,,urn:uuid:1cdf2d6c-9fb9-4330-bf9d-0a16d7c4a468
1311163,Unknown,,Unknown,,"Salsola tragus",0,,,,,,,,urn:uuid:cf5bfea1-ea84-4526-8620-089cf705a68d
1313150,Unknown,,Unknown,,"Chenopodium ambrosioides",0,,,,,,,,urn:uuid:dc4baae6-c4c1-4389-966f-0dc02230d3f2
1313654,Unknown,,Unknown,,"Chenopodium album",0,,,,,,,,urn:uuid:c2a647ec-b6ca-426f-b87a-0920dfd1a3b5
1313655,Unknown,,Unknown,,"Chenopodium album",0,,,,,,,,urn:uuid:dbdaef07-4cff-45c6-ac09-f8d66b5e5a28
1313697,Unknown,,Unknown,,"Chenopodium album",0,,,,,,,,urn:uuid:7f625a3f-0040-4c25-ba50-e76766fe1666
1314001,Unknown,,Unknown,,"Salsola tragus",0,,,,,,,,urn:uuid:c0df3145-1bae-47d7-bc6b-15aae1aa798e
1314128,Unknown,,Unknown,,"Chenopodium ambrosioides",0,,,,,,,,urn:uuid:289445a5-3c7a-4cdf-a58a-aeee1b833b3e
1314261,Unknown,,Unknown,,"Salsola tragus",0,,,,,,,,urn:uuid:91c05cef-a08d-4eb7-b8f5-458540a8550b
1316443,Unknown,,Unknown,,"Salsola tragus",0,,,,,,,,urn:uuid:351673f3-f404-45aa-8705-4529095ba358
1317792,Unknown,,Unknown,,"Chenopodium album",0,,,,,,,,urn:uuid:f2f9131f-a4f1-405b-a79d-2b7a9f960754
1319714,Unknown,,Unknown,,"Salsola tragus",0,,,,,,,,urn:uuid:666f2840-405b-4ae8-b836-253c7a0af0c1
1319722,Unknown,,Unknown,,"Salsola tragus",0,,,,,,,,urn:uuid:01b8060e-3354-43ef-9099-4a07d8c99334
1319742,Unknown,,Unknown,,"Salsola tragus",0,,,,,,,,urn:uuid:70162b64-fb24-4f7f-92dc-0c4d05f16b91
1321086,Unknown,,Unknown,,"Salsola tragus",0,,,,,,,,urn:uuid:403a368c-4e80-48d8-842e-41b04f67a22b
1323487,Unknown,,Unknown,,"Salsola collina",0,,,,,,,,urn:uuid:03e0ba81-62c0-448b-91ac-ecd810a266d5
1323494,Unknown,,Unknown,,"Salsola tragus",0,,,,,,,,urn:uuid:e77b9b05-8d72-473f-afd0-cbd1c7beb30d
1208746,Unknown,,Unknown,," Salicornia utahensis",0,,,,,,,,urn:uuid:dccf0094-1c2a-4d09-a738-b4a2bb0af715
1208746,Unknown,,Unknown,,"Salicornia virginica",0,,,,,,,,urn:uuid:9d04f3f5-28a2-4f08-82db-96f81e4d3149
1208747,Unknown,,Unknown,," Salicornia utahensis",0,,,,,,,,urn:uuid:3e221b49-badd-4946-a785-ce20cf90f92a
1208747,Unknown,,Unknown,,"Salicornia virginica",0,,,,,,,,urn:uuid:f21aec7d-ce82-4639-8ad0-78707644977b
1208748,Unknown,,Unknown,," Salicornia utahensis",0,,,,,,,,urn:uuid:2cd74849-7870-4619-b3e3-6dd5639ddf45
1208748,Unknown,,Unknown,,"Salicornia virginica",0,,,,,,,,urn:uuid:b5057f31-47c6-40d9-8cd3-3d584deab088
1208749,Unknown,,Unknown,," Salicornia utahensis",0,,,,,,,,urn:uuid:be175732-d586-45cc-b919-de38f79c39e7
1208749,Unknown,,Unknown,,"Salicornia virginica",0,,,,,,,,urn:uuid:168e330e-afb7-451a-a61d-0388174a9110
1208750,Unknown,,Unknown,," Salicornia utahensis",0,,,,,,,,urn:uuid:9bda5a0c-593b-4e85-b939-130321d59a80
1208750,Unknown,,Unknown,,"Salicornia virginica",0,,,,,,,,urn:uuid:cc2749dd-0c90-481c-b41f-57009e85df61
1208751,Unknown,,Unknown,," Salicornia utahensis",0,,,,,,,,urn:uuid:58b52101-ff6c-4f7f-a7ad-27fcec79eb1e
1208751,Unknown,,Unknown,,"Salicornia virginica",0,,,,,,,,urn:uuid:a71e250c-3bdc-40d8-9bc8-be646ed5b865
1208752,Unknown,,Unknown,," Salicornia utahensis",0,,,,,,,,urn:uuid:5918ddd5-c2ed-4bbf-b793-49e90624dc08
1208752,Unknown,,Unknown,,"Salicornia virginica",0,,,,,,,,urn:uuid:5a2f13fd-93e2-454e-bcbb-7dd4fe6c5ccb
1208753,Unknown,,Unknown,," Salicornia utahensis",0,,,,,,,,urn:uuid:cb7e3b60-b886-4a52-ae53-40f0f5d9c426
1208753,Unknown,,Unknown,,"Salicornia virginica",0,,,,,,,,urn:uuid:40398baa-599e-4e80-9902-1d48c1a16866
1208754,Unknown,,Unknown,," Salicornia utahensis",0,,,,,,,,urn:uuid:bdea9205-bb06-4359-9586-2a0154cdac42
1208754,Unknown,,Unknown,,"Salicornia virginica",0,,,,,,,,urn:uuid:ef985c74-0a44-49b8-b360-175dca049aad
1208755,Unknown,,Unknown,," Salicornia utahensis",0,,,,,,,,urn:uuid:032bfae0-5a77-41cc-9dd6-b9c8cf74940e
1208755,Unknown,,Unknown,,"Salicornia virginica",0,,,,,,,,urn:uuid:2703d3fd-5445-4c55-b140-41c3e69f4073
1208756,Unknown,,Unknown,," Salicornia utahensis",0,,,,,,,,urn:uuid:5d18db6d-ecac-4d26-85f7-8143bb03473e
1208756,Unknown,,Unknown,,"Salicornia virginica",0,,,,,,,,urn:uuid:10de0346-8682-43f2-b5c8-d98880a01c89
1208757,Unknown,,Unknown,," Salicornia utahensis",0,,,,,,,,urn:uuid:4c87a8f6-4ab9-4403-b949-3aa6fca23451
1208757,Unknown,,Unknown,,"Salicornia virginica",0,,,,,,,,urn:uuid:ac05f55c-fd9f-4996-9994-d79eb8ea8f71
1208758,Unknown,,Unknown,," Salicornia utahensis",0,,,,,,,,urn:uuid:5783a699-a579-4621-ac10-9308be8d5bd5
1208758,Unknown,,Unknown,,"Salicornia virginica",0,,,,,,,,urn:uuid:7fc73bb3-0c46-42e8-a4bf-d8aeae8cec36
1208759,Unknown,,Unknown,," Salicornia utahensis",0,,,,,,,,urn:uuid:10bd590b-12d6-451d-8a8a-b6e48bb9feb5
1208759,Unknown,,Unknown,,"Salicornia virginica",0,,,,,,,,urn:uuid:6a6b3464-fe7d-40ba-80e6-0375af33f3fd
1208760,Unknown,,Unknown,," Salicornia utahensis",0,,,,,,,,urn:uuid:a90f7133-7270-4db0-8d1e-5cce5e68afa9
1208760,Unknown,,Unknown,,"Salicornia virginica",0,,,,,,,,urn:uuid:a6fee638-5b83-4a80-9624-c66b728ad9fd
1208761,Unknown,,Unknown,," Salicornia utahensis",0,,,,,,,,urn:uuid:2c963be5-f886-49f6-a07b-fc361f8df8c2
1208761,Unknown,,Unknown,,"Salicornia virginica",0,,,,,,,,urn:uuid:a9532bf5-7f7c-4c70-bfc1-28232eb134ef
1208762,Unknown,,Unknown,," Salicornia utahensis",0,,,,,,,,urn:uuid:aeedea66-5956-46af-9f9c-998e52b100fc
1208762,Unknown,,Unknown,,"Salicornia virginica",0,,,,,,,,urn:uuid:a7b515f2-d7a2-460f-9fed-b45b58068245
1208763,Unknown,,Unknown,," Salicornia utahensis",0,,,,,,,,urn:uuid:11cd6a83-ddd6-428c-9f4a-2fe038711b63
1208763,Unknown,,Unknown,,"Salicornia virginica",0,,,,,,,,urn:uuid:431b1c07-e63b-4cd5-8318-5a619d32af67
1208764,Unknown,,Unknown,," Salicornia utahensis",0,,,,,,,,urn:uuid:bd56772e-a473-4887-98a0-3ffb2a9ba433
1208764,Unknown,,Unknown,,"Salicornia virginica",0,,,,,,,,urn:uuid:0a3e6827-ed65-4558-a74c-714421e0cceb
1208765,Unknown,,Unknown,," Salicornia utahensis",0,,,,,,,,urn:uuid:afe8e90f-f3d0-4bab-b491-d2fcc41e03e8
1208765,Unknown,,Unknown,,"Salicornia virginica",0,,,,,,,,urn:uuid:26ce6d25-dc59-4808-b43f-a8883dd5c296
1208766,Unknown,,Unknown,," Salicornia utahensis",0,,,,,,,,urn:uuid:1649f670-a46f-4a3e-bdfa-5baab5096d43
1208766,Unknown,,Unknown,,"Salicornia virginica",0,,,,,,,,urn:uuid:cc2c36e2-5df1-4f53-ac02-850536434176
1208767,Unknown,,Unknown,," Salicornia utahensis",0,,,,,,,,urn:uuid:7a944ab8-04a8-4da5-a056-681ad88a4b7f
1208767,Unknown,,Unknown,,"Salicornia virginica",0,,,,,,,,urn:uuid:0f5b2337-97a7-4b0f-93d6-fde0c61e4aee
1208768,Unknown,,Unknown,," Salicornia utahensis",0,,,,,,,,urn:uuid:92e2dce2-8af7-45c3-98b6-de4a762582de
1208768,Unknown,,Unknown,,"Salicornia virginica",0,,,,,,,,urn:uuid:27f35326-64bb-4c7b-a4fc-d95a178b16b0
1208769,Unknown,,Unknown,," Salicornia utahensis",0,,,,,,,,urn:uuid:1e70afa2-e440-4eb9-8c9f-fd64a68621b6
1208769,Unknown,,Unknown,,"Salicornia virginica",0,,,,,,,,urn:uuid:8f61dd75-8001-43a7-b9a9-2c476c05eb0e
1208770,Unknown,,Unknown,," Salicornia utahensis",0,,,,,,,,urn:uuid:d1940677-e7ef-41a0-b5ff-346b8845411d
1208770,Unknown,,Unknown,,"Salicornia virginica",0,,,,,,,,urn:uuid:d90182b4-184f-4d33-9afd-b64d9d077388
1208771,Unknown,,Unknown,," Salicornia utahensis",0,,,,,,,,urn:uuid:003924e0-177a-4b2f-8160-47b044bf1eda
1208771,Unknown,,Unknown,,"Salicornia virginica",0,,,,,,,,urn:uuid:005525ee-a3f1-491f-9647-95ae458c505e
1208772,Unknown,,Unknown,," Salicornia utahensis",0,,,,,,,,urn:uuid:471f7bd7-57b0-44fd-bf95-0716d5ba3231
1208772,Unknown,,Unknown,,"Salicornia virginica",0,,,,,,,,urn:uuid:34a4fde8-b46d-4f66-886e-e1ea9da35df0
1208773,Unknown,,Unknown,," Salicornia utahensis",0,,,,,,,,urn:uuid:b1339d97-3950-4b3a-8b0f-1ff368b3c408
1208773,Unknown,,Unknown,,"Salicornia virginica",0,,,,,,,,urn:uuid:c6f4d1f3-7682-47e3-b545-0ccd14effa59
1208774,Unknown,,Unknown,,"Salsola tragus",0,,,,,,,,urn:uuid:34527199-4de8-4ab3-893b-eb8c2ad6bde2
1208775,Unknown,,Unknown,,"Salsola tragus",0,,,,,,,,urn:uuid:18803a8a-453e-48b1-8949-75e853e29697
1208776,Unknown,,Unknown,,"Salsola tragus",0,,,,,,,,urn:uuid:0f77ecac-6032-4871-b320-37aac5a88a46
1208777,Unknown,,Unknown,,"Salsola tragus",0,,,,,,,,urn:uuid:a119dd73-2e07-4342-9327-839f838b3892
1208778,Unknown,,Unknown,,"Salsola tragus",0,,,,,,,,urn:uuid:4fead80a-e22e-41a0-9e4b-ea285be0113c
1208779,Unknown,,Unknown,,"Salsola tragus",0,,,,,,,,urn:uuid:94824579-18ef-462e-abf4-f565f0cc20d7
1208780,Unknown,,Unknown,,"Salsola tragus",0,,,,,,,,urn:uuid:a482c5e0-5ecd-4c23-92ea-5adf81125655
1208781,Unknown,,Unknown,,"Salsola tragus",0,,,,,,,,urn:uuid:f50dd30a-c3a7-47e0-9a0d-259088582148
1208782,Unknown,,Unknown,,"Salsola tragus",0,,,,,,,,urn:uuid:5eec1fbc-e3f7-4b85-9a00-ea4d2908770e
1208783,Unknown,,Unknown,,"Salsola tragus",0,,,,,,,,urn:uuid:3591c214-e733-4537-b8dc-c7c9dc461ddf
1208784,Unknown,,Unknown,,"Salsola tragus",0,,,,,,,,urn:uuid:564887ff-d9c6-4a91-a248-3b9639283741
1208785,Unknown,,Unknown,,"Salsola tragus",0,,,,,,,,urn:uuid:6fe99bed-1ea9-482d-987d-04846f9472b4
1208786,Unknown,,Unknown,,"Salsola tragus",0,,,,,,,,urn:uuid:e2744b33-cd1b-4fa0-9c2f-a1c13735023f
1208787,Unknown,,Unknown,,"Salsola tragus",0,,,,,,,,urn:uuid:4357bf17-d4c0-4ca2-a6b5-841772158842
1208788,Unknown,,Unknown,,"Salsola tragus",0,,,,,,,,urn:uuid:bfe117b2-9b81-4b8e-9fcf-347e88283940
1208789,Unknown,,Unknown,,"Salsola tragus",0,,,,,,,,urn:uuid:487db569-a436-43b8-a9b9-c658b112bc06
1208790,Unknown,,Unknown,,"Salsola tragus",0,,,,,,,,urn:uuid:8ad66edf-2b6d-47b5-82a5-c14a41ce381f
1208791,Unknown,,Unknown,,"Salsola tragus",0,,,,,,,,urn:uuid:24dadc67-72b5-4f86-8eb3-c122fd4f5e38
1208792,Unknown,,Unknown,,"Salsola tragus",0,,,,,,,,urn:uuid:9e43368c-fc8b-4209-ac9f-29db2e4a1dc3
1208793,Unknown,,Unknown,,"Salsola tragus",0,,,,,,,,urn:uuid:52ddc949-11af-40be-8f83-78a386e98e97
1208794,Unknown,,Unknown,,"Salsola tragus",0,,,,,,,,urn:uuid:5f59255f-9a10-4e80-a660-a6f3649e61ca
1208795,Unknown,,Unknown,,"Salsola tragus",0,,,,,,,,urn:uuid:fbe1aeb2-153e-461d-a276-61180b3977a8
1208796,Unknown,,Unknown,,"Salsola tragus",0,,,,,,,,urn:uuid:6bd814fa-a6a4-4b22-8bbe-51efb2c44c3c
1208797,Unknown,,Unknown,,"Salsola tragus",0,,,,,,,,urn:uuid:85f3e39f-509e-483f-b02d-24260b583e83
1209233,Unknown,,Unknown,,"Chenopodium ambrosioides",0,,,,,,,,urn:uuid:91186986-c030-4813-8c71-bc95756a2248
1209235,Unknown,,Unknown,,"Salsola tragus",0,,,,,,,,urn:uuid:55c0e2e9-f165-4783-b6fb-a684b846c255
1209236,Unknown,,Unknown,,"Salsola tragus",0,,,,,,,,urn:uuid:53b40aaf-612f-4773-a49a-61b3744b2d27
1283323,Unknown,,Unknown,,"Chenopodium incanum var. incanum",0,,,,,,,,urn:uuid:432d00cf-ef88-40ec-b944-260d08670fc0
1290122,Unknown,,Unknown,,"Chenopodium ambrosioides",0,,,,,,,,urn:uuid:0adfe382-ed6f-45a1-85e3-e5d30ea24f1e
1291076,Unknown,,Unknown,,"Salsola tragus",0,,,,,,,,urn:uuid:e7f60d26-3bb2-4a0d-aaa7-a0735c509c4d
1291077,Unknown,,Unknown,,"Salsola tragus",0,,,,,,,,urn:uuid:47c6f5fe-191a-4f08-a78d-6c1d2e28a150
1291219,Unknown,,Unknown,," Salicornia utahensis",0,,,,,,,,urn:uuid:1e9c5e72-d137-4214-98d6-1a5c648b136e
1291219,Unknown,,Unknown,,"Salicornia virginica",0,,,,,,,,urn:uuid:28ba6e1a-3e90-4493-947d-b7b01a9dcc2f
1291220,Unknown,,Unknown,,"Salsola tragus",0,,,,,,,,urn:uuid:26c4d586-f0de-4a4c-a393-2a0050574977
1295785,Unknown,,Unknown,,"Salsola tragus",0,,,,,,,,urn:uuid:88ddaf5b-836b-4564-800a-752a200c1093
1295791,Unknown,,Unknown,,"Chenopodium ambrosioides",0,,,,,,,,urn:uuid:197e5f4f-c247-43ad-9405-5f1062269904
1295792,Unknown,,Unknown,,"Chenopodium ambrosioides",0,,,,,,,,urn:uuid:530c022a-fab0-4a5b-87a5-baee8b1f0485
1295832,Unknown,,Unknown,,"Atriplex pentandra",0,,,,,,,,urn:uuid:d503cfdf-8732-462a-9755-90be883baf22
1295883,Unknown,,Unknown,,"Suaeda tampicensis",0,,,,,,,,urn:uuid:6ac0bd79-86d1-4103-b80c-f22d2e255e23
1297096,Unknown,,Unknown,,"Chenopodium ambrosioides",0,,,,,,,,urn:uuid:199739ef-78d7-4e1a-bd5e-9b9bd247f33a
1298453,Unknown,,Unknown,,"Chenopodium album",0,,,,,,,,urn:uuid:4cd441ed-47cd-4285-bc2a-05caedc96193
1298961,Unknown,,Unknown,,"Atriplex pentandra",0,,,,,,,,urn:uuid:c97a4bbd-c0ea-414e-a22e-1d75693fac4b
1298962,Unknown,,Unknown,,"Chenopodium ambrosioides",0,,,,,,,,urn:uuid:165c6218-ebeb-43f4-a788-ba6255083883
1298995,Unknown,,Unknown,,"Chenopodium ambrosioides",0,,,,,,,,urn:uuid:e935609f-4b0c-469d-9368-3380364b0fa0
1298996,Unknown,,Unknown,,"Chenopodium ambrosioides",0,,,,,,,,urn:uuid:c4ea0862-6f7e-4bfb-9e5c-3b47ba977b50
1298997,Unknown,,Unknown,,"Chenopodium ambrosioides",0,,,,,,,,urn:uuid:aa09bf0e-3d55-4556-b645-980613efbe41
1299565,Unknown,,Unknown,,"Salsola tragus",0,,,,,,,,urn:uuid:13f8a829-f3e1-4987-8313-37843be51e19
1300720,Unknown,,Unknown,,"Chenopodium ambrosioides",0,,,,,,,,urn:uuid:9af6e166-aa49-41fc-8b34-91ad05fb43c0
1300968,Unknown,,Unknown,,"Chenopodium berlandieri",0,,,,,,,,urn:uuid:018456ef-5f94-4d2e-85b5-edef8bb31b14
1301855,Unknown,,Unknown,,"Salsola tragus",0,,,,,,,,urn:uuid:02fe863a-8ee9-4631-b176-8f009a4aaeac
1302205,Unknown,,Unknown,,"Salicornia virginica",0,,,,,,,,urn:uuid:d5e2d375-03de-4907-80e0-c8f619061d50
1302206,Unknown,,Unknown,,"Salicornia virginica",0,,,,,,,,urn:uuid:e9a59eeb-46a9-463e-9630-fb0ea2b6c7b1
1302753,Unknown,,Unknown,,"Salsola tragus",0,,,,,,,,urn:uuid:0c4c51a5-172e-4251-98c7-a2a2ce5a20c4
1303351,Unknown,,Unknown,,"Chenopodium berlandieri",0,,,,,,,,urn:uuid:3439d03b-f716-4260-902b-7d3241a2023d
1305266,Unknown,,Unknown,,"Atriplex pentandra",0,,,,,,,,urn:uuid:9ffe48aa-3c1b-40d6-8482-9cfc8984866d
1305314,Unknown,,Unknown,,"Salsola tragus",0,,,,,,,,urn:uuid:59490e3b-7b59-4bbd-8444-3f3080ca52fa
1306244,Unknown,,Unknown,,"Chenopodium graveolens",0,,,,,,,,urn:uuid:21b5d78d-cfd0-4121-89f6-8a6bb01784b9
1307407,Unknown,,Unknown,,"Salsola tragus",0,,,,,,,,urn:uuid:5635ae1d-7898-4b03-b87d-9f916173f6b6
1307725,Unknown,,Unknown,,"Atriplex pentandra",0,,,,,,,,urn:uuid:41bafbc2-aded-47fb-9412-f2a228f2e152
1308238,Unknown,,Unknown,,"Chenopodium album",0,,,,,,,,urn:uuid:d41c5782-a4ee-4e3f-b6a4-61117e099307
1308239,Unknown,,Unknown,,"Chenopodium album",0,,,,,,,,urn:uuid:01a1c222-de82-460b-8804-8a0c90e313be
1308715,Unknown,,Unknown,,"Chenopodium carinatum",0,,,,,,,,urn:uuid:7365f561-c7e9-41d6-9a98-3a8dbe72efa1
1309258,Unknown,,Unknown,,"Chenopodium leptophyllum",0,,,,,,,,urn:uuid:3182549b-f9d0-40d5-a51f-dbf48f75bb79
1368625,Unknown,,Unknown,," Salicornia utahensis",0,,,,,,,,urn:uuid:25971e17-86e1-4046-a7bf-f5be950edef9
1368625,Unknown,,Unknown,,"Salicornia virginica",0,,,,,,,,urn:uuid:6d011703-7151-4902-9a00-939cf3dbc143
1368628,Unknown,,Unknown,," Chenopodium pratericola",0,,,,,,,,urn:uuid:a7b38468-f640-425b-8faa-84040a11026a
1368628,Unknown,,Unknown,,"Chenopodium desiccatum",0,,,,,,,,urn:uuid:f49ab2a8-b7b9-47b6-8552-98aee61898c0
1368635,Unknown,,Unknown,,"Chenopodium graveolens",0,,,,,,,,urn:uuid:a93d2be6-20de-46d9-9806-2b65ab9e05b0
1368638,Unknown,,Unknown,,"Salsola tragus",0,,,,,,,,urn:uuid:bcf3509c-6ad5-48e0-85bd-3cbc5a2d92b9
1368645,Unknown,,Unknown,," Salicornia utahensis",0,,,,,,,,urn:uuid:c9609ca6-67ff-46f4-aea6-180f267ed0a2
1368645,Unknown,,Unknown,,"Salicornia virginica",0,,,,,,,,urn:uuid:242db017-ed75-438c-9e62-0ad0f90486c5
1368658,Unknown,,Unknown,,"Salsola tragus",0,,,,,,,,urn:uuid:5a9328e1-1143-4c93-b04c-3d88414f7e08
1368666,Unknown,,Unknown,," Chenopodium pratericola",0,,,,,,,,urn:uuid:8e3de92a-bd42-4ee1-98bd-83f6ca0d490d
1368666,Unknown,,Unknown,,"Chenopodium desiccatum",0,,,,,,,,urn:uuid:83e66eb4-3c4e-40fd-931e-99961739bd00
1368687,Unknown,,Unknown,,"Chenopodium ambrosioides",0,,,,,,,,urn:uuid:ff47e4a6-66b7-4fa8-a7bc-d75f32765ee0
1368691,Unknown,,Unknown,," Salicornia utahensis",0,,,,,,,,urn:uuid:aea9dbb2-91ad-483d-85f0-4e89ce062bb9
1368691,Unknown,,Unknown,,"Salicornia virginica",0,,,,,,,,urn:uuid:52ec46a0-a30b-42e0-b089-c00d42c5668e
1368697,Unknown,,Unknown,,"Salsola tragus",0,,,,,,,,urn:uuid:c398ec4f-eb57-4a50-9f87-390e02d211ae
1368701,Unknown,,Unknown,,"Chenopodium ambrosioides",0,,,,,,,,urn:uuid:12d55395-226a-45b4-ac13-62b82a1426b9
1368705,Unknown,,Unknown,,"Salsola tragus",0,,,,,,,,urn:uuid:b10b6944-d712-41b6-992d-1543f2682034
1368711,Unknown,,Unknown,,"Salsola tragus",0,,,,,,,,urn:uuid:8a60862a-cd21-4fa0-8f8a-377bad572cfa
1368715,Unknown,,Unknown,,"Chenopodium graveolens",0,,,,,,,,urn:uuid:d5f53ab8-b461-4e5b-bb47-52e1d2b9dbe6
1368719,Unknown,,Unknown,,"Chenopodium ambrosioides",0,,,,,,,,urn:uuid:b8005597-63f1-44c0-b881-34a8a0df15d5
1368728,Unknown,,Unknown,," Salicornia utahensis",0,,,,,,,,urn:uuid:88dcf30d-bc63-476c-a9a2-cbdea2a18e48
1368728,Unknown,,Unknown,,"Salicornia virginica",0,,,,,,,,urn:uuid:377ad761-45b6-4417-a2aa-6d87587a29dc
1368731,Unknown,,Unknown,,"Chenopodium ambrosioides",0,,,,,,,,urn:uuid:3749aa5d-f0ea-47c1-a771-13ed9cbd8a15
1368737,Unknown,,Unknown,,"Salsola tragus",0,,,,,,,,urn:uuid:26127a5d-937c-4ad9-a695-99f39926ee03
1368754,Unknown,,Unknown,,"Chenopodium pallescens",0,,,,,,,,urn:uuid:d01e3b98-f6fc-4342-8e44-071116015c74
1368766,Unknown,,Unknown,,"Chenopodium ambrosioides",0,,,,,,,,urn:uuid:239a51c5-165e-424d-af46-ab31d66faf12
1382529,Unknown,,Unknown,,"Chenopodium ambrosioides",0,,,,,,,,urn:uuid:fe932fd7-5b90-48fb-a2be-f58ee2f67f5d
1382530,Unknown,,Unknown,,"Chenopodium ambrosioides",0,,,,,,,,urn:uuid:413abf52-5660-44ce-b770-5e7a685b936a
1382545,Unknown,,Unknown,,"Chenopodium graveolens",0,,,,,,,,urn:uuid:e91329b0-925a-402b-a8ff-8a7141efe227
1382546,Unknown,,Unknown,,"Chenopodium graveolens",0,,,,,,,,urn:uuid:73b0aef4-209d-464a-baf6-7c84c162435e
1382614,Unknown,,Unknown,," Salicornia utahensis",0,,,,,,,,urn:uuid:fbd51194-828a-4c43-8d2f-9e8208112e69
1382614,Unknown,,Unknown,,"Salicornia virginica",0,,,,,,,,urn:uuid:30ded11c-24e3-45eb-817e-fa37274cac32
1382615,Unknown,,Unknown,," Salicornia utahensis",0,,,,,,,,urn:uuid:e8e01524-05e0-4db2-8e59-bcc61bca15ae
1382615,Unknown,,Unknown,,"Salicornia virginica",0,,,,,,,,urn:uuid:664a814b-66c3-4906-be88-8d8fa2987893
1382616,Unknown,,Unknown,," Salicornia utahensis",0,,,,,,,,urn:uuid:c1eabd04-0fce-49c7-8d10-eeb5ab4a4a01
1382616,Unknown,,Unknown,,"Salicornia virginica",0,,,,,,,,urn:uuid:affac345-0c8c-40d6-9de5-bd92ce9e628d
1382617,Unknown,,Unknown,,"Salsola tragus",0,,,,,,,,urn:uuid:6748c4bc-9959-4a76-8b43-0ddc44ad32b9
1382618,Unknown,,Unknown,,"Salsola tragus",0,,,,,,,,urn:uuid:dcda0341-62b9-459d-b4d4-9e8c87798766
1382619,Unknown,,Unknown,,"Salsola tragus",0,,,,,,,,urn:uuid:92436de0-1e58-4791-83b9-11286b0ce65e
1382620,Unknown,,Unknown,,"Salsola tragus",0,,,,,,,,urn:uuid:638c6f28-76e1-41df-bfd4-898a9c0649da
1382621,Unknown,,Unknown,,"Salsola tragus",0,,,,,,,,urn:uuid:db9e34e5-4a10-4d02-a25e-5d59929c815b
1382622,Unknown,,Unknown,,"Salsola tragus",0,,,,,,,,urn:uuid:d1065e93-b7e4-4d6e-a19c-086528e81ea0
1382623,Unknown,,Unknown,,"Salsola tragus",0,,,,,,,,urn:uuid:5218abd5-57c7-4579-a07c-448017b91e3e
1382732,Unknown,,Unknown,,"Salsola tragus",0,,,,,,,,urn:uuid:030eddc5-538a-41e2-82cb-cee2f3d66780
1382760,Unknown,,Unknown,,"Kochia sp.",0,,,,,,,,urn:uuid:41c93793-a005-4b8a-b9c3-0874bb60061f
1413338,Unknown,,Unknown,,"Salsola tragus",0,,,,,,,,urn:uuid:83f9fc8e-0128-48a5-8d77-307cba22dcf4
