coreid,identifiedBy,identifiedByID,dateIdentified,identificationQualifier,scientificName,identificationIsCurrent,scientificNameAuthorship,genus,specificEpithet,taxonRank,infraspecificEpithet,identificationReferences,identificationRemarks,recordId
1206226,Unknown,,Unknown,,"Quercus falcata",0,,,,,,,,urn:uuid:fcb8a3c1-648e-4d30-b0e8-f281b07ce126
1206258,Unknown,,Unknown,,"Quercus falcata",0,,,,,,,,urn:uuid:9991995c-6dbd-4f50-bfaa-d0a8e95fc30e
1206282,Unknown,,Unknown,,"Quercus falcata",0,,,,,,,,urn:uuid:757fbc73-3998-48b9-be05-4108bc6cc5ca
1206288,Unknown,,Unknown,,"Quercus durandii",0,,,,,,,,urn:uuid:223ec6e5-7a75-430e-8f9f-cde575bf832d
1211097,Unknown,,Unknown,,"Quercus shumardii",0,,,,,,,,urn:uuid:d098d337-fda9-456e-bf22-d48eeb26c577
1211464,Unknown,,Unknown,,"Quercus prinus",0,,,,,,,,urn:uuid:ab1c2c3e-f22a-49b7-8f73-e7bcc96d8843
1211487,Unknown,,Unknown,,"Quercus prinus",0,,,,,,,,urn:uuid:74f46d9c-3cf5-40ad-b128-b44a18194f8b
1211488,Unknown,,Unknown,,"Quercus prinus",0,,,,,,,,urn:uuid:cf21c00b-ab77-4857-8c11-2289b663583e
1211491,Unknown,,Unknown,,"Quercus prinus",0,,,,,,,,urn:uuid:e3c272a4-f0b0-4a47-bb31-b9dc792085c1
1211500,Unknown,,Unknown,,"Quercus prinus",0,,,,,,,,urn:uuid:f709761a-48eb-4849-b063-3c0ade2668e5
1211522,Unknown,,Unknown,,"Quercus prinus",0,,,,,,,,urn:uuid:9c4148db-8b0c-4ded-bc83-30ae7238eeb2
1211528,Unknown,,Unknown,,"Quercus prinus",0,,,,,,,,urn:uuid:d9327a14-9582-4aea-ae39-a9b20fe16d12
1211534,Unknown,,Unknown,,"Quercus prinus",0,,,,,,,,urn:uuid:35a51e0c-ca09-4f2a-9960-7d997ec65582
1215620,Unknown,,Unknown,,"Quercus prinus",0,,,,,,,,urn:uuid:1cb67f13-db5f-4ee5-89e7-7a31f0ee7a58
1215636,Unknown,,Unknown,,"Quercus prinus",0,,,,,,,,urn:uuid:71a0b171-749d-432b-8753-605270e09c41
1215637,Unknown,,Unknown,,"Quercus prinus",0,,,,,,,,urn:uuid:28bc158b-7afc-4af6-9189-e3237c6ef73d
1215653,Unknown,,Unknown,,"Quercus prinus",0,,,,,,,,urn:uuid:9e583e55-25f5-4432-be80-7bd852184608
1215654,Unknown,,Unknown,,"Quercus prinus",0,,,,,,,,urn:uuid:39819d17-ed04-4fd5-830a-ef1b791b35f3
1215657,Unknown,,Unknown,,"Quercus prinus",0,,,,,,,,urn:uuid:7c366cb4-0f29-49d7-b95e-41cf34eee296
1215658,Unknown,,Unknown,,"Quercus prinus",0,,,,,,,,urn:uuid:f4a7566d-a19f-42d0-899d-bd8abab44c6a
1244562,Unknown,,Unknown,,"Quercus canbyi",0,,,,,,,,urn:uuid:6f243b10-d7d3-4246-a299-afa20355d97b
1295581,Unknown,,Unknown,,"Quercus prinus",0,,,,,,,,urn:uuid:7865ccf2-2d8c-4584-9f55-f93c08c9e06d
1295585,Unknown,,Unknown,,"Quercus prinus",0,,,,,,,,urn:uuid:a8fde43b-8cbf-4b51-a0bf-e8b18a1c1f4b
1298236,Unknown,,Unknown,,"Quercus texana",0,,,,,,,,urn:uuid:f7404dd4-b2af-4593-8d4d-567c205161eb
1304785,Unknown,,Unknown,,"Quercus prinus",0,,,,,,,,urn:uuid:ba8f871c-df99-49d9-8172-00329dc9477d
1312392,"W. R. Carr",,2002,,"Quercus virginiana",0,,,,,,,,urn:uuid:97c4ccad-3084-41b2-9cf2-3b36e0165dfa
1215386,Unknown,,Unknown,,"Quercus marilandica",0,,,,,,,,urn:uuid:262195b3-e454-4427-bfa4-83de2777ceab
1215504,Unknown,,Unknown,,"Quercus prinus",0,,,,,,,,urn:uuid:6981bffd-c6d5-4c03-afb0-ae41c75e20f6
1215534,Unknown,,Unknown,,"Quercus prinus",0,,,,,,,,urn:uuid:081a875f-f7fa-4cfa-a351-3b0a6f44d833
1215559,Unknown,,Unknown,,"Quercus prinus",0,,,,,,,,urn:uuid:d0034a4c-8e84-4418-bf0b-9cdd39174477
1383592,Unknown,,Unknown,,"Quercus prinus",0,,,,,,,,urn:uuid:6d883f44-7d7e-46db-8fac-e6d7770ceba2
1383596,Unknown,,Unknown,,"Quercus prinus",0,,,,,,,,urn:uuid:d6bd2b93-0bdd-4f23-8c0e-954fcfd56c5a
