coreid,identifiedBy,identifiedByID,dateIdentified,identificationQualifier,scientificName,identificationIsCurrent,scientificNameAuthorship,genus,specificEpithet,taxonRank,infraspecificEpithet,identificationReferences,identificationRemarks,recordId
1201981,Unknown,,Unknown,,"Bolboschoenus maritimus",0,,,,,,,,urn:uuid:da30fcc0-506a-44e3-8948-b46bdd1957c1
1202057,Unknown,,Unknown,,"Bolboschoenus robustus",0,,,,,,,,urn:uuid:12ae08f7-0f8c-48f3-9f20-d0f52370f0fc
1204031,Unknown,,Unknown,,"Cyperus articulatus",0,,,,,,,,urn:uuid:a93edf23-1dda-4809-84de-debe77a97122
1211004,Unknown,,Unknown,,"Scirpus georgianus",0,,,,,,,,urn:uuid:f50ec764-ffac-4fe3-895d-8052bc615b06
1211005,Unknown,,Unknown,,"Scirpus georgianus",0,,,,,,,,urn:uuid:51d7cf9f-35b8-49fb-b25d-2ab106222970
1211006,Unknown,,Unknown,,"Scirpus georgianus",0,,,,,,,,urn:uuid:ea8b5a9a-a393-496c-864a-ee8df3e2d8c9
1211007,Unknown,,Unknown,,"Scirpus georgianus",0,,,,,,,,urn:uuid:1be82d8d-28da-4879-b288-e7f71d757745
1211009,Unknown,,Unknown,,"Scirpus georgianus",0,,,,,,,,urn:uuid:bde03943-2ee5-46fa-89b6-5636c82540a3
1220297,Unknown,,Unknown,,"Isolepis molesta",0,,,,,,,,urn:uuid:c2f0909c-b7fa-481b-b6d3-397cd31d7a14
1220299,Unknown,,Unknown,,"Isolepis molesta",0,,,,,,,,urn:uuid:120fcddb-ba35-4b29-b0f6-879aeafcccf8
1220301,Unknown,,Unknown,,"Isolepis molesta",0,,,,,,,,urn:uuid:8e98d8f3-419b-420e-b1a7-b2a1141d0711
1220302,Unknown,,Unknown,,"Isolepis molesta",0,,,,,,,,urn:uuid:afdee778-8934-4317-974e-fdba81b7092c
1220304,Unknown,,Unknown,,"Isolepis molesta",0,,,,,,,,urn:uuid:c4f851ee-82b2-49ed-9759-7a4ff4ce8519
1220307,Unknown,,Unknown,,"Isolepis molesta",0,,,,,,,,urn:uuid:c9e5f2e1-fa9e-49dc-9ac7-53e3eb0a97c9
1220308,Unknown,,Unknown,,"Isolepis molesta",0,,,,,,,,urn:uuid:89767eed-cc04-4ab5-97f3-4b424e6bc62d
1232061,Unknown,,Unknown,,"Bolboschoenus maritimus",0,,,,,,,,urn:uuid:9144ae2e-7a57-43a7-b46e-b33d0e759424
1232062,Unknown,,Unknown,,"Bolboschoenus maritimus",0,,,,,,,,urn:uuid:9a3d7424-db27-4a0b-8fc9-114996cf9bb8
1232063,Unknown,,Unknown,,"Bolboschoenus maritimus",0,,,,,,,,urn:uuid:b295d4a7-010d-427c-b3ef-6e6cffc52c9d
1232064,Unknown,,Unknown,,"Bolboschoenus maritimus",0,,,,,,,,urn:uuid:b77f342e-941a-47df-b7b1-8607c48ff22b
1232065,Unknown,,Unknown,,"Bolboschoenus maritimus",0,,,,,,,,urn:uuid:f2ec7a1f-47e1-4bfd-8853-14a67bcee7e5
1232066,Unknown,,Unknown,,"Bolboschoenus maritimus",0,,,,,,,,urn:uuid:bddb3cbe-82e7-4e21-be89-2c3a91f2786f
1232067,Unknown,,Unknown,,"Bolboschoenus maritimus",0,,,,,,,,urn:uuid:cbf25586-cb95-4588-bc9f-66b1fcc11f69
1232068,Unknown,,Unknown,,"Bolboschoenus maritimus",0,,,,,,,,urn:uuid:a1344b7f-df71-47be-a678-d4e239fe02e8
1232069,Unknown,,Unknown,,"Bolboschoenus maritimus",0,,,,,,,,urn:uuid:6c745e13-c0d9-4d33-8307-ae99608ce02b
1232070,Unknown,,Unknown,,"Bolboschoenus maritimus",0,,,,,,,,urn:uuid:596e82c5-d2ee-4b39-9d69-ae5857fba77e
1205915,Unknown,,Unknown,,"Lipocarpha micrantha",0,,,,,,,,urn:uuid:2a9144f6-be22-4598-b4a7-6fe59c1de0bf
1205937,"S. L. Hatch (TAES)",,2002,,"Rhynchospora capitellata",0,,,,,,,,urn:uuid:bb4a654f-0180-4ea4-a2ab-9b82b6cf0e50
1205993,Unknown,,Unknown,,"Rhynchospora debilis",0,,,,,,,,urn:uuid:d937f5e2-901a-4b7f-8526-27a497569297
1205530,Unknown,,Unknown,,"Eleocharis palustris",0,,,,,,,,urn:uuid:098233bb-8c3d-49b5-93e4-813cccd3f4b1
1205835,Unknown,,Unknown,,"Fuirena squarrosa Michx.",0,Michx.,,,,,,,urn:uuid:e9cbfe81-ca2e-4fc6-bd56-ea97a46feea9
1205872,Unknown,,Unknown,,"Isolepis molesta",0,,,,,,,,urn:uuid:dfd29ad1-8a51-418b-bdb3-d6495a7c1e16
1205873,Unknown,,Unknown,,"Isolepis molesta",0,,,,,,,,urn:uuid:15e49ff3-b3ec-4773-9067-69d289c45339
1205874,Unknown,,Unknown,,"Isolepis molesta",0,,,,,,,,urn:uuid:a456082a-792a-4bd9-810b-b3abd3739827
1205189,Unknown,,Unknown,,"Carex  mckittrickensis",0,P.Ball,,,,,,,urn:uuid:d3af6aa5-eef3-4a0f-954f-b6434c56e3f3
1205385,Unknown,,Unknown,,"Eleocharis acicularis",0,,,,,,,,urn:uuid:e8ac418a-ddef-4763-a600-828341d78a0d
1205395,Unknown,,Unknown,,"Eleocharis austrotexana",0,,,,,,,,urn:uuid:8fb0fe95-d384-461e-965e-c98192377ed1
1205408,Unknown,,Unknown,,"Eleocharis compressa",0,,,,,,,,urn:uuid:842b158d-cd5d-4777-be0b-db12d92b9c82
1205409,Unknown,,Unknown,,"Eleocharis compressa",0,,,,,,,,urn:uuid:e078b8c8-bdaf-4317-a43a-260ce42dfcde
1205410,Unknown,,Unknown,,"Eleocharis compressa",0,,,,,,,,urn:uuid:f3c27ac0-9b51-417f-988a-191b846b9c78
1205411,Unknown,,Unknown,,"Eleocharis compressa",0,,,,,,,,urn:uuid:bea097e1-5d51-42ae-8143-b70dc338e96c
1205412,Unknown,,Unknown,,"Eleocharis compressa",0,,,,,,,,urn:uuid:ba1b9fa0-f045-4774-941e-89017b0b7452
1205413,Unknown,,Unknown,,"Eleocharis compressa",0,,,,,,,,urn:uuid:55628620-2148-4df7-94a8-bb68ac8d25b8
1204520,Unknown,,Unknown,,"Carex amphibola",0,,,,,,,,urn:uuid:ae765960-06f3-43a8-b0df-1cb6a2d1b51d
1204521,Unknown,,Unknown,,"Carex amphibola",0,Steud.,,,,,,,urn:uuid:2e870cf4-59af-4711-aa17-3637e92d14c5
1204522,Unknown,,Unknown,,"Carex amphibola",0,Steud.,,,,,,,urn:uuid:2c2b5ef9-9b85-4a9a-80fc-8e039e4cc77f
1204523,Unknown,,Unknown,,"Carex amphibola",0,,,,,,,,urn:uuid:783990c4-aab2-4d37-a64f-6858398e66be
1204524,Unknown,,Unknown,," Carex planispicata",0,,,,,,,,urn:uuid:ca166581-5970-4036-929a-7dea30b4ca20
1204524,Unknown,,Unknown,,"Carex amphibola",0,,,,,,,,urn:uuid:5d9a4428-6701-4a86-a489-40da28b1bbed
1204525,Unknown,,Unknown,,"Carex amphibola",0,Steud.,,,,,,,urn:uuid:d2095a20-d67a-4345-bd2f-81ecc8755a92
1204526,Unknown,,Unknown,,"Carex amphibola",0,,,,,,,,urn:uuid:ee50b844-6228-495a-bb79-122a9bd0994b
1204527,Unknown,,Unknown,,"Carex amphibola",0,,,,,,,,urn:uuid:7d9b1d85-31f6-4bea-91cf-3dbb59d4a544
1204528,Unknown,,Unknown,,"Carex amphibola",0,,,,,,,,urn:uuid:3f09a49e-2b79-4035-b3e5-6b00fd09ef3e
1204529,Unknown,,Unknown,,"Carex amphibola",0,,,,,,,,urn:uuid:a156ada5-ca6e-4d19-910e-c3d7356cb9cf
1204530,Unknown,,Unknown,,"Carex amphibola",0,,,,,,,,urn:uuid:4eac0dfa-7507-4d8d-bf26-21409e7c6f09
1204531,Unknown,,Unknown,,"Carex amphibola",0,,,,,,,,urn:uuid:ab968dae-9257-4aca-b11d-3f78d2fc2bf7
1204532,Unknown,,Unknown,,"Carex amphibola",0,,,,,,,,urn:uuid:996d701e-e37a-40a9-b014-596cc0f203d6
1204533,Unknown,,Unknown,,"Carex amphibola",0,,,,,,,,urn:uuid:e2f892b6-2b71-4ed4-9536-bde4f95f3aa5
1204534,Unknown,,Unknown,,"Carex amphibola",0,Steud.,,,,,,,urn:uuid:15a6bb31-dc7b-4bd9-aff0-ae46715d5735
1204583,Unknown,,Unknown,,"Carex blanda",0,,,,,,,,urn:uuid:4b8ca046-7e85-4ca5-be45-5ff06dd59336
1204612,Unknown,,Unknown,,"Carex bulbostylis",0,,,,,,,,urn:uuid:7e365083-09d0-4479-8c45-72c6f0313336
1204711,Unknown,,Unknown,,"Carex digitalis",0,,,,,,,,urn:uuid:09e5fd7a-ab2d-42e4-b4a6-a1e64afbf0a4
1204712,Unknown,,Unknown,,"Carex digitalis",0,,,,,,,,urn:uuid:fae15730-929b-4bd7-b9ab-a7ccf1431880
1204713,Unknown,,Unknown,,"Carex digitalis",0,,,,,,,,urn:uuid:eb3ae1dc-fd61-49ed-8d1f-adf98f466062
1204714,Unknown,,Unknown,,"Carex digitalis",0,,,,,,,,urn:uuid:b2e72489-73fb-4197-a14f-099294f7abcb
1204715,Unknown,,Unknown,,"Carex digitalis",0,,,,,,,,urn:uuid:c985f768-a09e-4274-a3b0-08d3794acdf9
1204716,Unknown,,Unknown,,"Carex digitalis",0,,,,,,,,urn:uuid:bb0aadd1-9e2f-4105-abe1-18d8b021a049
1204717,Unknown,,Unknown,,"Carex digitalis",0,,,,,,,,urn:uuid:08900a43-3e97-4f30-9ced-659182668936
1205052,Unknown,,Unknown,,"Carex glaucescens",0,,,,,,,,urn:uuid:76e4fca2-e302-482d-9be5-24c6de2acda8
1205067,Unknown,,Unknown,,"Carex hystericina",0,,,,,,,,urn:uuid:fbea3c4d-3b87-42a1-a570-43f518c94c28
1205076,Unknown,,Unknown,,"Carex intumescens",0,,,,,,,,urn:uuid:95f9f4be-d90b-4533-a625-ff1f45b2d92e
1204225,Unknown,,Unknown,,"Cyperus ?",0,,,,,,,,urn:uuid:4db8f0a3-e8f4-4c46-ac50-d0cf4e8d9d11
1204428,Unknown,,Unknown,,"Cyperus squarrosus",0,,,,,,,,urn:uuid:36d5bfdf-e6df-4218-9bec-8c0e66945c86
1204500,Unknown,,Unknown,,"Carex aggregata",0,Mackenzie,,,,,,,urn:uuid:ded7a0a4-6dc6-49a5-8931-a0f78c1f51d8
1204512,Unknown,,Unknown,,"Carex albolutescens",0,,,,,,,,urn:uuid:236aa858-9967-4a79-a104-fe7fdebeff93
1204516,Unknown,,Unknown,,"Carex amphibola",0,,,,,,,,urn:uuid:8d31f74b-0414-4047-a9f8-4c635bc94f98
1204517,Unknown,,Unknown,,"Carex amphibola",0,,,,,,,,urn:uuid:531798ee-4db2-4a5b-8680-643e3f24503b
1204518,Unknown,,Unknown,,"Carex amphibola",0,,,,,,,,urn:uuid:55dac638-9c37-4812-90f8-eda1fd0fdc44
1204519,Unknown,,Unknown,," C. corrugata",0,,,,,,,,urn:uuid:f9da3ae0-ce9d-4951-8e81-683074533ee3
1204519,Unknown,,Unknown,,"Carex amphibola",0,,,,,,,,urn:uuid:483286f0-23c4-4966-9de8-a7adef8a663a
1232230,Unknown,,Unknown,,"Cyperus echinatus",0,,,,,,,"Database error, not an actual determination.",urn:uuid:75dd81f2-7eb8-45e4-a1dd-e2f73641d48e
1232231,Unknown,,Unknown,,"Cyperus echinatus",0,,,,,,,"Database error, not an actual determination.",urn:uuid:62a429e4-d4ec-4481-b91b-f60840f0d082
1232232,Unknown,,Unknown,,"Cyperus echinatus",0,,,,,,,"Database error, not an actual determination.",urn:uuid:c8500743-fba7-4e27-9c98-243cd74c21e4
1232233,Unknown,,Unknown,,"Cyperus echinatus",0,,,,,,,"Database error, not an actual determination.",urn:uuid:33a67db1-e4ac-4e45-8345-47d744919f83
1232234,Unknown,,Unknown,,"Cyperus echinatus",0,,,,,,,"Database error, not an actual determination.",urn:uuid:86e77cec-f32c-4a7c-81f6-da3f4af45fc5
1232235,Unknown,,Unknown,,"Cyperus echinatus",0,,,,,,,"Database error, not an actual determination.",urn:uuid:fa05be6b-408e-4e91-b6a0-4d00181183f0
1232236,Unknown,,Unknown,,"Cyperus echinatus",0,,,,,,,"Database error, not an actual determination.",urn:uuid:dcf486ec-a117-43be-aa4b-7fb582197853
1232237,Unknown,,Unknown,,"Cyperus echinatus",0,,,,,,,"Database error, not an actual determination.",urn:uuid:0f4961a0-a788-4f18-832e-5088705e72f8
1232238,Unknown,,Unknown,,"Cyperus echinatus",0,,,,,,,"Database error, not an actual determination.",urn:uuid:ded52f42-d7b0-49a2-a1c7-05f298f4c593
1232239,Unknown,,Unknown,,"Cyperus echinatus",0,,,,,,,"Database error, not an actual determination.",urn:uuid:a89bc95e-ddea-48cf-a14c-6e6963638bdb
1275870,Unknown,,Unknown,,"Eleocharis coloradoensis",0,,,,,,,,urn:uuid:e7b1f577-c549-4ec7-a06b-d1eb35c7e271
1275874,Unknown,,Unknown,,"Eleocharis acicularis var. porcata",0,,,,,,,,urn:uuid:6aa1da98-988b-4d01-b7cc-3f3b86f9afd6
1290059,Unknown,,Unknown,,"Rhynchospora caduca",0,,,,,,,,urn:uuid:e2ed87c9-e3d2-4699-b5a4-82cb66ee128b
1243527,Unknown,,Unknown,,"Carex bulbostylis",0,,,,,,,,urn:uuid:fdccdcf0-4590-4300-bab2-02c6efd34cd7
1243591,Unknown,,Unknown,,"Carex digitalis",0,,,,,,,,urn:uuid:42ff42c9-93c8-4f52-a639-e428a1b42e35
1243592,Unknown,,Unknown,,"Carex digitalis",0,,,,,,,,urn:uuid:c373ae80-c30e-4021-ac66-ed52e4909021
1243691,Unknown,,Unknown,,"Carex  mckittrickensis",0,P.Ball,,,,,,,urn:uuid:570f74f3-1e94-4612-a12e-d6d71fabd2d8
1243692,Unknown,,Unknown,,"Carex  mckittrickensis",0,P.Ball,,,,,,,urn:uuid:3bc6e4e5-89a3-4b88-96a9-a6655a9ede90
1243693,Unknown,,Unknown,,"Carex mckittrickensis",0,,,,,,,,urn:uuid:aac97f91-714e-4efa-b0ee-d87fcb97ed0e
1244592,Unknown,,Unknown,,"Carex sp.",0,,,,,,,,urn:uuid:580c8b22-2a3a-4d2c-9883-dc61347bb876
1244593,Unknown,,Unknown,,"Carex sp.",0,,,,,,,,urn:uuid:f50fe875-7b10-49ff-9f82-4745492c476a
1244594,Unknown,,Unknown,,"Carex sp.",0,,,,,,,,urn:uuid:7fe1ad7e-486f-4355-bdb6-e007ab478511
1244595,Unknown,,Unknown,,"Carex sp.",0,,,,,,,,urn:uuid:9170065c-1793-4e84-8e22-9b8a9a17d6ef
1233652,Unknown,,Unknown,,"Schoenoplectus americanus",0,,,,,,,,urn:uuid:0e8ada26-9dbe-4382-afc2-7ebf01da3e9a
1233661,Unknown,,Unknown,,"Schoenoplectus americanus",0,,,,,,,,urn:uuid:ca0306d2-3aa8-4967-b40a-6e3c287a3aa3
1233668,Unknown,,Unknown,,"Schoenoplectus americanus",0,,,,,,,,urn:uuid:7e3b7562-d198-4b15-921b-03706731374b
1243230,Unknown,,Unknown,,"Scirpus georgianus",0,,,,,,,,urn:uuid:d317cf1b-57d4-456f-a174-62910686e898
1243231,Unknown,,Unknown,,"Scirpus georgianus",0,,,,,,,,urn:uuid:901be4eb-d44c-46a8-9a3d-441a80da63e2
1243233,Unknown,,Unknown,,"Scirpus georgianus",0,,,,,,,,urn:uuid:3d184869-445f-4b3b-b9c0-d0d158ec871b
1243467,Unknown,,Unknown,," C. corrugata",0,,,,,,,,urn:uuid:71afb72d-d52c-48f3-9b12-0d282e37a91d
1243467,Unknown,,Unknown,,"Carex amphibola",0,,,,,,,,urn:uuid:48bfd027-2b45-426d-9103-10fabe37f7b6
1243468,Unknown,,Unknown,,"Carex amphibola",0,,,,,,,,urn:uuid:eae83b08-c7d8-415b-9bb4-fc8442e7e562
1243469,Unknown,,Unknown,,"Carex amphibola",0,,,,,,,,urn:uuid:e5fcbd70-0e21-4fbb-91a5-3c2dfb6f5664
1243470,Unknown,,Unknown,,"Carex amphibola",0,Steud.,,,,,,,urn:uuid:cd3513d8-5bb6-4714-8cc1-2906c8ce325f
1243471,Unknown,,Unknown,," C. corrugata",0,,,,,,,,urn:uuid:439c3e5c-b3b1-494b-9f1a-49044a84cb40
1243471,Unknown,,Unknown,,"Carex amphibola",0,,,,,,,,urn:uuid:cdcedc93-f156-4bb2-8502-28c69542978d
1232900,Unknown,,Unknown,,"Eleocharis acicularis",0,,,,,,,,urn:uuid:5cf342ed-d249-453a-b30b-f80301e6995c
1232909,Unknown,,Unknown,,"Eleocharis austrotexana",0,,,,,,,,urn:uuid:88828641-a10c-447a-9cf0-d6809c199cd8
1232910,Unknown,,Unknown,,"Eleocharis austrotexana",0,,,,,,,,urn:uuid:8305b1d6-7202-4dab-8677-af5470c149f7
1232911,Unknown,,Unknown,,"Eleocharis austrotexana",0,,,,,,,,urn:uuid:31903e77-575f-4a60-9cb8-0b8e7e9d747e
1232912,Unknown,,Unknown,,"Eleocharis austrotexana",0,,,,,,,,urn:uuid:23efb9de-cdb9-46e1-a86a-edbc02bfd05e
1232956,Unknown,,Unknown,,"Eleocharis geniculata",0,,,,,,,,urn:uuid:967a7141-b023-4e7b-97cd-6e3cf7762e98
1232969,Unknown,,Unknown,,"Eleocharis geniculata",0,,,,,,,,urn:uuid:a4544ad8-9f02-4f19-bc09-0e102d551254
1232769,Unknown,,Unknown,,"Cyperus squarrosus",0,,,,,,,,urn:uuid:6b88f67d-cc74-4fda-9ee9-88cafef3bc12
1232770,Unknown,,Unknown,,"Cyperus squarrosus",0,,,,,,,,urn:uuid:1306d3ce-2877-4794-a9e5-d14731775b10
1232771,Unknown,,Unknown,,"Cyperus squarrosus",0,,,,,,,,urn:uuid:953dfba0-e12f-450b-ac41-ae9ee3e84683
1232772,Unknown,,Unknown,,"Cyperus squarrosus",0,,,,,,,,urn:uuid:9f1792dc-c57a-4c56-be75-514fbafaebc1
1232773,Unknown,,Unknown,,"Cyperus squarrosus",0,,,,,,,,urn:uuid:8bde0588-b97f-4f95-b7da-1209e7d1ac5f
1299909,Unknown,,Unknown,,"Bolboschoenus maritimus",0,,,,,,,,urn:uuid:65dbc23c-deb6-454b-ae1f-aa396f4f0dce
1304501,Unknown,,Unknown,,"Bolboschoenus maritimus",0,,,,,,,,urn:uuid:527c0773-d836-4ec4-915a-89b72d92dd59
1305207,Unknown,,Unknown,,"Eleocharis cellulosa x Eleocharis quadrangulata",0,,,,,,,,urn:uuid:f867711a-0f63-4eec-b7ac-56e435fbbd9e
1305226,Unknown,,Unknown,,"Bolboschoenus maritimus",0,,,,,,,,urn:uuid:c93aeb28-0fc9-4d2b-8fc1-da0ebe372d60
1323423,Unknown,,Unknown,,"Juncus bufonius",0,,,,,,,,urn:uuid:1114e74a-fbea-4b62-94de-85784e98a078
1317791,Unknown,,Unknown,,"Eleocharis parishii",0,,,,,,,,urn:uuid:ed63530f-adf7-4cf2-8305-731f65fadd71
1319045,Unknown,,Unknown,,"Eleocharis parishii",0,,,,,,,,urn:uuid:7614e11c-4bfe-46f2-9d78-38036d6a55f6
1305590,Unknown,,Unknown,,"Bolboschoenus maritimus",0,,,,,,,,urn:uuid:d6b3d874-330b-46bc-b5ba-aed3dea7b43c
1305611,Unknown,,Unknown,,"Bolboschoenus maritimus",0,,,,,,,,urn:uuid:a5ade5df-8b8c-45b1-8e87-87b5de067a82
1306302,Unknown,,Unknown,,"Eleocharis cellulosa x Eleocharis quadrangulata",0,,,,,,,,urn:uuid:52dedc86-9024-4f42-b4c9-e2faebc5cdbb
1309645,Unknown,,Unknown,,"Isolepis molesta",0,,,,,,,,urn:uuid:cbdf518a-3d23-402d-ab10-18e7b73de4f1
1380623,Unknown,,Unknown,,"Cyperus squarrosus",0,,,,,,,,urn:uuid:1a77a88e-accb-47f8-a91f-2468a6deaa0f
1380663,Unknown,,Unknown,,"Cyperus virens",0,,,,,,,,urn:uuid:4d0999dc-3ae6-45cb-8f6b-2542959da696
1380672,Unknown,,Unknown,,"Carex amphibola",0,,,,,,,,urn:uuid:50bad000-f88b-4ce6-8f84-2d3bac957297
1380673,Unknown,,Unknown,,"Carex amphibola",0,,,,,,,,urn:uuid:ce6a5b04-9b44-4426-9a82-e184e437a81f
1380715,Unknown,,Unknown,,"Carex bulbostylis",0,,,,,,,,urn:uuid:9db414b6-b67a-49f9-aa47-c74829593666
1380788,Unknown,,Unknown,,"Carex digitalis",0,,,,,,,,urn:uuid:c3622de3-879c-4e9a-b316-d05bf5556cb4
1380789,Unknown,,Unknown,,"Carex digitalis",0,,,,,,,,urn:uuid:9da31d3b-dfe3-4703-beb3-b64bf0e0be9f
1380790,Unknown,,Unknown,,"Carex digitalis",0,,,,,,,,urn:uuid:7ad012f9-1fbe-49ce-8b04-bc89c3891bae
1379490,Unknown,,Unknown,,"Bolboschoenus maritimus",0,,,,,,,,urn:uuid:de01122f-2054-4916-9f48-5425519ddfb6
1379498,Unknown,,Unknown,,"Bolboschoenus maritimus",0,,,,,,,,urn:uuid:8ee9fa38-f95c-4bcc-a2d9-b1686a4fe87c
1381270,Unknown,,Unknown,,"Eleocharis austrotexana",0,,,,,,,,urn:uuid:1968f6e5-11c5-4da8-a7dd-6c618cf49cb0
1381276,Unknown,,Unknown,,"Eleocharis compressa",0,,,,,,,,urn:uuid:f00f9e83-9af8-495e-bb8c-8905296cea58
1381277,Unknown,,Unknown,,"Eleocharis compressa",0,,,,,,,,urn:uuid:b10e626d-54a0-4c6f-a7ea-2ce588d847cf
1381278,Unknown,,Unknown,,"Eleocharis compressa",0,,,,,,,,urn:uuid:82627768-b464-487f-ac8c-b1a36cd573c0
1381279,Unknown,,Unknown,,"Eleocharis compressa",0,,,,,,,,urn:uuid:e2a97691-2a2b-496e-9bda-4d48a240e633
1381280,Unknown,,Unknown,,"Eleocharis compressa",0,,,,,,,,urn:uuid:9f4ae975-c172-4fd1-856a-21cb4d7bc8b8
1381281,Unknown,,Unknown,,"Eleocharis compressa",0,,,,,,,,urn:uuid:da617310-7634-4b57-8a81-96f29f434978
1381295,Unknown,,Unknown,,"Eleocharis geniculata",0,,,,,,,,urn:uuid:9b9f355e-ffc7-41f4-9407-dd87c627591c
1412902,Unknown,,Unknown,,"Schoenoplectus americanus",0,,,,,,,,urn:uuid:39ed9cd0-20d8-4603-a93b-4851847f69d0
1414804,Unknown,,Unknown,,"Cyperaceae indet.",0,,,,,,,,urn:uuid:c31d2f3c-17c6-4e7b-92d9-811213f1bfdc
1392590,Unknown,,Unknown,,"Cyperus squarrosus",0,,,,,,,,urn:uuid:5900558b-4991-4fac-8729-838fd3c0174c
1392637,Unknown,,Unknown,,"Eleocharis compressa",0,,,,,,,,urn:uuid:896dde70-2f92-409d-8b99-36f6ec1d6249
1392638,Unknown,,Unknown,,"Eleocharis compressa",0,,,,,,,,urn:uuid:5d417059-a9eb-46ec-a2da-36d803a69253
1383303,Unknown,,Unknown,,"Scirpus atrovirens",0,,,,,,,,urn:uuid:164e7270-4be3-42e4-bb24-fde768504f0e
1383310,Unknown,,Unknown,,"Scirpus georgianus",0,,,,,,,,urn:uuid:66da0bed-b8bc-4fba-861a-7f5788e9da02
1383312,Unknown,,Unknown,,"Scirpus georgianus",0,,,,,,,,urn:uuid:b045fb00-0102-456b-a1ba-1b9054fd7b27
1383313,Unknown,,Unknown,,"Scirpus georgianus",0,,,,,,,,urn:uuid:a1401333-d63c-457a-af32-b833229dac54
1387669,Unknown,,Unknown,,"Isolepis molesta",0,,,,,,,,urn:uuid:efc6971b-2a08-44d7-a5c4-2e24f2175d11
1392430,Unknown,,Unknown,,"Bolboschoenus maritimus",0,,,,,,,,urn:uuid:1412d200-1117-47f7-83d6-83c5cb597873
1392431,Unknown,,Unknown,,"Bolboschoenus maritimus",0,,,,,,,,urn:uuid:70c53ad3-d5d8-48bd-a611-6f9c8f72fdc2
1392432,Unknown,,Unknown,,"Bolboschoenus maritimus",0,,,,,,,,urn:uuid:bdd0c2e1-4fd7-4ed8-bad1-5ef3d26e270f
1392433,Unknown,,Unknown,,"Bolboschoenus maritimus",0,,,,,,,,urn:uuid:6b739c0a-1b03-4e05-9adc-e5d89f45fbed
1392434,Unknown,,Unknown,,"Bolboschoenus maritimus",0,,,,,,,,urn:uuid:1c123315-5163-4688-a899-56d1c6d91ed1
1392464,Unknown,,Unknown,,"Cyperus echinatus",0,,,,,,,"Database error, not an actual determination.",urn:uuid:cf6b3fc3-f369-493d-8813-f7ffcc6b2304
1392465,Unknown,,Unknown,,"Cyperus echinatus",0,,,,,,,"Database error, not an actual determination.",urn:uuid:a4f23f7f-bde7-461d-a1e7-ed6ae0d43847
1392466,Unknown,,Unknown,,"Cyperus echinatus",0,,,,,,,"Database error, not an actual determination.",urn:uuid:2a6ab1f3-2c3d-4c8c-b658-2a1f0627e9ce
1392467,Unknown,,Unknown,,"Cyperus echinatus",0,,,,,,,"Database error, not an actual determination.",urn:uuid:63186078-b6b6-452d-bad5-d91dfdc51842
1392468,Unknown,,Unknown,,"Cyperus echinatus",0,,,,,,,"Database error, not an actual determination.",urn:uuid:cc2472a4-d4a2-4329-9f1c-ac3a9b99b24e
1392469,Unknown,,Unknown,,"Cyperus echinatus",0,,,,,,,"Database error, not an actual determination.",urn:uuid:2533d05d-78e4-447d-b813-3b68543f84b6
1392470,Unknown,,Unknown,,"Cyperus echinatus",0,,,,,,,"Database error, not an actual determination.",urn:uuid:3fdce3a3-eab5-414d-a62f-22b61a5ef14e
1392471,Unknown,,Unknown,,"Cyperus echinatus",0,,,,,,,"Database error, not an actual determination.",urn:uuid:3eafaf9b-5dc0-4290-811f-8669b9528f77
