coreid,identifier,accessURI,thumbnailAccessURI,goodQualityAccessURI,rights,Owner,UsageTerms,WebStatement,caption,comments,providerManagedID,MetadataDate,associatedSpecimenReference,type,subtype,format,metadataLanguage
1196485,https://prc-symbiota.tacc.utexas.edu:443/symbiota/prc/images/_TEX/TEX00283408_lg.jpg,https://prc-symbiota.tacc.utexas.edu:443/symbiota/prc/images/_TEX/TEX00283408_lg.jpg,https://prc-symbiota.tacc.utexas.edu:443/symbiota/prc/images/_TEX/TEX00283408_tn.jpg,https://prc-symbiota.tacc.utexas.edu:443/symbiota/prc/images/_TEX/TEX00283408.jpg,,"University of Texas Herbarium (PRC-TEX)","CC0 1.0 (Public-domain)",http://creativecommons.org/publicdomain/zero/1.0/,,,urn:uuid:1073e889-6aa1-4c94-9c63-c983d5917674,"2015-08-24 01:18:46",https://prc-symbiota.tacc.utexas.edu:443/collections/individual/index.php?occid=1196485,StillImage,Photograph,image/jpeg,en
1196486,https://prc-symbiota.tacc.utexas.edu:443/symbiota/prc/images/_TEX/TEX00283409_lg.jpg,https://prc-symbiota.tacc.utexas.edu:443/symbiota/prc/images/_TEX/TEX00283409_lg.jpg,https://prc-symbiota.tacc.utexas.edu:443/symbiota/prc/images/_TEX/TEX00283409_tn.jpg,https://prc-symbiota.tacc.utexas.edu:443/symbiota/prc/images/_TEX/TEX00283409.jpg,,"University of Texas Herbarium (PRC-TEX)","CC0 1.0 (Public-domain)",http://creativecommons.org/publicdomain/zero/1.0/,,,urn:uuid:c97fbf92-28c1-41f9-a1af-0f82de43e676,"2015-08-23 06:24:50",https://prc-symbiota.tacc.utexas.edu:443/collections/individual/index.php?occid=1196486,StillImage,Photograph,image/jpeg,en
1196487,https://prc-symbiota.tacc.utexas.edu:443/symbiota/prc/images/_TEX/TEX00283410_lg.jpg,https://prc-symbiota.tacc.utexas.edu:443/symbiota/prc/images/_TEX/TEX00283410_lg.jpg,https://prc-symbiota.tacc.utexas.edu:443/symbiota/prc/images/_TEX/TEX00283410_tn.jpg,https://prc-symbiota.tacc.utexas.edu:443/symbiota/prc/images/_TEX/TEX00283410.jpg,,"University of Texas Herbarium (PRC-TEX)","CC0 1.0 (Public-domain)",http://creativecommons.org/publicdomain/zero/1.0/,,,urn:uuid:cff7915e-39b2-4333-a259-9f550b585798,"2015-08-24 18:16:19",https://prc-symbiota.tacc.utexas.edu:443/collections/individual/index.php?occid=1196487,StillImage,Photograph,image/jpeg,en
1196488,https://prc-symbiota.tacc.utexas.edu:443/symbiota/prc/images/_TEX/TEX00283414_lg.jpg,https://prc-symbiota.tacc.utexas.edu:443/symbiota/prc/images/_TEX/TEX00283414_lg.jpg,https://prc-symbiota.tacc.utexas.edu:443/symbiota/prc/images/_TEX/TEX00283414_tn.jpg,https://prc-symbiota.tacc.utexas.edu:443/symbiota/prc/images/_TEX/TEX00283414.jpg,,"University of Texas Herbarium (PRC-TEX)","CC0 1.0 (Public-domain)",http://creativecommons.org/publicdomain/zero/1.0/,,,urn:uuid:4278edba-7873-421c-b596-5d3e1081d22c,"2015-08-21 06:31:31",https://prc-symbiota.tacc.utexas.edu:443/collections/individual/index.php?occid=1196488,StillImage,Photograph,image/jpeg,en
1196490,https://prc-symbiota.tacc.utexas.edu:443/symbiota/prc/images/_TEX/TEX00283419_lg.jpg,https://prc-symbiota.tacc.utexas.edu:443/symbiota/prc/images/_TEX/TEX00283419_lg.jpg,https://prc-symbiota.tacc.utexas.edu:443/symbiota/prc/images/_TEX/TEX00283419_tn.jpg,https://prc-symbiota.tacc.utexas.edu:443/symbiota/prc/images/_TEX/TEX00283419.jpg,,"University of Texas Herbarium (PRC-TEX)","CC0 1.0 (Public-domain)",http://creativecommons.org/publicdomain/zero/1.0/,,,urn:uuid:a7f524a8-fbfa-432a-96f1-f94b3e47084f,"2015-08-20 13:27:14",https://prc-symbiota.tacc.utexas.edu:443/collections/individual/index.php?occid=1196490,StillImage,Photograph,image/jpeg,en
1196491,https://prc-symbiota.tacc.utexas.edu:443/symbiota/prc/images/_TEX/TEX00283424_lg.jpg,https://prc-symbiota.tacc.utexas.edu:443/symbiota/prc/images/_TEX/TEX00283424_lg.jpg,https://prc-symbiota.tacc.utexas.edu:443/symbiota/prc/images/_TEX/TEX00283424_tn.jpg,https://prc-symbiota.tacc.utexas.edu:443/symbiota/prc/images/_TEX/TEX00283424.jpg,,"University of Texas Herbarium (PRC-TEX)","CC0 1.0 (Public-domain)",http://creativecommons.org/publicdomain/zero/1.0/,,,urn:uuid:c0ef78a2-4017-4a81-a7e6-b918676d45e5,"2015-08-26 13:23:15",https://prc-symbiota.tacc.utexas.edu:443/collections/individual/index.php?occid=1196491,StillImage,Photograph,image/jpeg,en
1196492,https://prc-symbiota.tacc.utexas.edu:443/symbiota/prc/images/_TEX/TEX00283425_lg.jpg,https://prc-symbiota.tacc.utexas.edu:443/symbiota/prc/images/_TEX/TEX00283425_lg.jpg,https://prc-symbiota.tacc.utexas.edu:443/symbiota/prc/images/_TEX/TEX00283425_tn.jpg,https://prc-symbiota.tacc.utexas.edu:443/symbiota/prc/images/_TEX/TEX00283425.jpg,,"University of Texas Herbarium (PRC-TEX)","CC0 1.0 (Public-domain)",http://creativecommons.org/publicdomain/zero/1.0/,,,urn:uuid:2c3d166c-d0fb-49d4-bc07-5fc860368b80,"2015-08-21 22:55:21",https://prc-symbiota.tacc.utexas.edu:443/collections/individual/index.php?occid=1196492,StillImage,Photograph,image/jpeg,en
1196526,https://prc-symbiota.tacc.utexas.edu:443/symbiota/prc/images/_TEX/TEX00283469_lg.jpg,https://prc-symbiota.tacc.utexas.edu:443/symbiota/prc/images/_TEX/TEX00283469_lg.jpg,https://prc-symbiota.tacc.utexas.edu:443/symbiota/prc/images/_TEX/TEX00283469_tn.jpg,https://prc-symbiota.tacc.utexas.edu:443/symbiota/prc/images/_TEX/TEX00283469.jpg,,"University of Texas Herbarium (PRC-TEX)","CC0 1.0 (Public-domain)",http://creativecommons.org/publicdomain/zero/1.0/,,,urn:uuid:a1e46724-b713-4ffd-9db1-fcdfa9056604,"2015-08-25 00:31:38",https://prc-symbiota.tacc.utexas.edu:443/collections/individual/index.php?occid=1196526,StillImage,Photograph,image/jpeg,en
1196527,https://prc-symbiota.tacc.utexas.edu:443/symbiota/prc/images/_TEX/TEX00283470_lg.jpg,https://prc-symbiota.tacc.utexas.edu:443/symbiota/prc/images/_TEX/TEX00283470_lg.jpg,https://prc-symbiota.tacc.utexas.edu:443/symbiota/prc/images/_TEX/TEX00283470_tn.jpg,https://prc-symbiota.tacc.utexas.edu:443/symbiota/prc/images/_TEX/TEX00283470.jpg,,"University of Texas Herbarium (PRC-TEX)","CC0 1.0 (Public-domain)",http://creativecommons.org/publicdomain/zero/1.0/,,,urn:uuid:2aa80193-e765-4f71-9c4c-73322656b4b4,"2015-08-21 01:28:18",https://prc-symbiota.tacc.utexas.edu:443/collections/individual/index.php?occid=1196527,StillImage,Photograph,image/jpeg,en
1196528,https://prc-symbiota.tacc.utexas.edu:443/symbiota/prc/images/_TEX/TEX00283471_lg.jpg,https://prc-symbiota.tacc.utexas.edu:443/symbiota/prc/images/_TEX/TEX00283471_lg.jpg,https://prc-symbiota.tacc.utexas.edu:443/symbiota/prc/images/_TEX/TEX00283471_tn.jpg,https://prc-symbiota.tacc.utexas.edu:443/symbiota/prc/images/_TEX/TEX00283471.jpg,,"University of Texas Herbarium (PRC-TEX)","CC0 1.0 (Public-domain)",http://creativecommons.org/publicdomain/zero/1.0/,,,urn:uuid:45a6b695-0411-440b-a685-ee6d6f9421ad,"2015-08-25 05:30:18",https://prc-symbiota.tacc.utexas.edu:443/collections/individual/index.php?occid=1196528,StillImage,Photograph,image/jpeg,en
1196529,https://prc-symbiota.tacc.utexas.edu:443/symbiota/prc/images/_TEX/TEX00283473_lg.jpg,https://prc-symbiota.tacc.utexas.edu:443/symbiota/prc/images/_TEX/TEX00283473_lg.jpg,https://prc-symbiota.tacc.utexas.edu:443/symbiota/prc/images/_TEX/TEX00283473_tn.jpg,https://prc-symbiota.tacc.utexas.edu:443/symbiota/prc/images/_TEX/TEX00283473.jpg,,"University of Texas Herbarium (PRC-TEX)","CC0 1.0 (Public-domain)",http://creativecommons.org/publicdomain/zero/1.0/,,,urn:uuid:75bafe1f-2630-4b0d-8e40-937c01c23dac,"2015-08-25 14:23:25",https://prc-symbiota.tacc.utexas.edu:443/collections/individual/index.php?occid=1196529,StillImage,Photograph,image/jpeg,en
1196530,https://prc-symbiota.tacc.utexas.edu:443/symbiota/prc/images/_TEX/TEX00283474_lg.jpg,https://prc-symbiota.tacc.utexas.edu:443/symbiota/prc/images/_TEX/TEX00283474_lg.jpg,https://prc-symbiota.tacc.utexas.edu:443/symbiota/prc/images/_TEX/TEX00283474_tn.jpg,https://prc-symbiota.tacc.utexas.edu:443/symbiota/prc/images/_TEX/TEX00283474.jpg,,"University of Texas Herbarium (PRC-TEX)","CC0 1.0 (Public-domain)",http://creativecommons.org/publicdomain/zero/1.0/,,,urn:uuid:9897e588-dc33-4d27-a05a-0aff1a346f5f,"2015-08-20 17:29:20",https://prc-symbiota.tacc.utexas.edu:443/collections/individual/index.php?occid=1196530,StillImage,Photograph,image/jpeg,en
1196531,https://prc-symbiota.tacc.utexas.edu:443/symbiota/prc/images/_TEX/TEX00283476_lg.jpg,https://prc-symbiota.tacc.utexas.edu:443/symbiota/prc/images/_TEX/TEX00283476_lg.jpg,https://prc-symbiota.tacc.utexas.edu:443/symbiota/prc/images/_TEX/TEX00283476_tn.jpg,https://prc-symbiota.tacc.utexas.edu:443/symbiota/prc/images/_TEX/TEX00283476.jpg,,"University of Texas Herbarium (PRC-TEX)","CC0 1.0 (Public-domain)",http://creativecommons.org/publicdomain/zero/1.0/,,,urn:uuid:cbeb3694-3586-4736-8e1c-234cecd15a7d,"2015-08-23 10:26:49",https://prc-symbiota.tacc.utexas.edu:443/collections/individual/index.php?occid=1196531,StillImage,Photograph,image/jpeg,en
1196532,https://prc-symbiota.tacc.utexas.edu:443/symbiota/prc/images/_TEX/TEX00283477_lg.jpg,https://prc-symbiota.tacc.utexas.edu:443/symbiota/prc/images/_TEX/TEX00283477_lg.jpg,https://prc-symbiota.tacc.utexas.edu:443/symbiota/prc/images/_TEX/TEX00283477_tn.jpg,https://prc-symbiota.tacc.utexas.edu:443/symbiota/prc/images/_TEX/TEX00283477.jpg,,"University of Texas Herbarium (PRC-TEX)","CC0 1.0 (Public-domain)",http://creativecommons.org/publicdomain/zero/1.0/,,,urn:uuid:8d6c5caf-2163-4842-bc6a-af7f5ff77925,"2015-08-21 06:31:37",https://prc-symbiota.tacc.utexas.edu:443/collections/individual/index.php?occid=1196532,StillImage,Photograph,image/jpeg,en
1196533,https://prc-symbiota.tacc.utexas.edu:443/symbiota/prc/images/_TEX/TEX00283478_lg.jpg,https://prc-symbiota.tacc.utexas.edu:443/symbiota/prc/images/_TEX/TEX00283478_lg.jpg,https://prc-symbiota.tacc.utexas.edu:443/symbiota/prc/images/_TEX/TEX00283478_tn.jpg,https://prc-symbiota.tacc.utexas.edu:443/symbiota/prc/images/_TEX/TEX00283478.jpg,,"University of Texas Herbarium (PRC-TEX)","CC0 1.0 (Public-domain)",http://creativecommons.org/publicdomain/zero/1.0/,,,urn:uuid:494cb92e-41c3-4f7d-8254-da8dfe71794d,"2015-08-24 14:31:11",https://prc-symbiota.tacc.utexas.edu:443/collections/individual/index.php?occid=1196533,StillImage,Photograph,image/jpeg,en
1196534,https://prc-symbiota.tacc.utexas.edu:443/symbiota/prc/images/_TEX/TEX00283480_lg.jpg,https://prc-symbiota.tacc.utexas.edu:443/symbiota/prc/images/_TEX/TEX00283480_lg.jpg,https://prc-symbiota.tacc.utexas.edu:443/symbiota/prc/images/_TEX/TEX00283480_tn.jpg,https://prc-symbiota.tacc.utexas.edu:443/symbiota/prc/images/_TEX/TEX00283480.jpg,,"University of Texas Herbarium (PRC-TEX)","CC0 1.0 (Public-domain)",http://creativecommons.org/publicdomain/zero/1.0/,,,urn:uuid:d3da68ec-01da-41b3-8f78-34926f1e21a2,"2015-08-19 16:28:59",https://prc-symbiota.tacc.utexas.edu:443/collections/individual/index.php?occid=1196534,StillImage,Photograph,image/jpeg,en
1196535,https://prc-symbiota.tacc.utexas.edu:443/symbiota/prc/images/_TEX/TEX00283481_lg.jpg,https://prc-symbiota.tacc.utexas.edu:443/symbiota/prc/images/_TEX/TEX00283481_lg.jpg,https://prc-symbiota.tacc.utexas.edu:443/symbiota/prc/images/_TEX/TEX00283481_tn.jpg,https://prc-symbiota.tacc.utexas.edu:443/symbiota/prc/images/_TEX/TEX00283481.jpg,,"University of Texas Herbarium (PRC-TEX)","CC0 1.0 (Public-domain)",http://creativecommons.org/publicdomain/zero/1.0/,,,urn:uuid:068de2be-fc2c-44b8-8141-f76f520da02f,"2015-08-24 02:35:53",https://prc-symbiota.tacc.utexas.edu:443/collections/individual/index.php?occid=1196535,StillImage,Photograph,image/jpeg,en
1196536,https://prc-symbiota.tacc.utexas.edu:443/symbiota/prc/images/_TEX/TEX00283482_lg.jpg,https://prc-symbiota.tacc.utexas.edu:443/symbiota/prc/images/_TEX/TEX00283482_lg.jpg,https://prc-symbiota.tacc.utexas.edu:443/symbiota/prc/images/_TEX/TEX00283482_tn.jpg,https://prc-symbiota.tacc.utexas.edu:443/symbiota/prc/images/_TEX/TEX00283482.jpg,,"University of Texas Herbarium (PRC-TEX)","CC0 1.0 (Public-domain)",http://creativecommons.org/publicdomain/zero/1.0/,,,urn:uuid:1f6047a6-a66f-41f5-a15f-3a4e2b469603,"2015-08-25 15:39:31",https://prc-symbiota.tacc.utexas.edu:443/collections/individual/index.php?occid=1196536,StillImage,Photograph,image/jpeg,en
1196537,https://prc-symbiota.tacc.utexas.edu:443/symbiota/prc/images/_TEX/TEX00283484_lg.jpg,https://prc-symbiota.tacc.utexas.edu:443/symbiota/prc/images/_TEX/TEX00283484_lg.jpg,https://prc-symbiota.tacc.utexas.edu:443/symbiota/prc/images/_TEX/TEX00283484_tn.jpg,https://prc-symbiota.tacc.utexas.edu:443/symbiota/prc/images/_TEX/TEX00283484.jpg,,"University of Texas Herbarium (PRC-TEX)","CC0 1.0 (Public-domain)",http://creativecommons.org/publicdomain/zero/1.0/,,,urn:uuid:0febe6ff-8998-4236-bce2-062a649b91aa,"2015-08-23 07:46:20",https://prc-symbiota.tacc.utexas.edu:443/collections/individual/index.php?occid=1196537,StillImage,Photograph,image/jpeg,en
1200676,https://prc-symbiota.tacc.utexas.edu:443/symbiota/prc/images/_TEX/TEX00290509_lg.jpg,https://prc-symbiota.tacc.utexas.edu:443/symbiota/prc/images/_TEX/TEX00290509_lg.jpg,https://prc-symbiota.tacc.utexas.edu:443/symbiota/prc/images/_TEX/TEX00290509_tn.jpg,https://prc-symbiota.tacc.utexas.edu:443/symbiota/prc/images/_TEX/TEX00290509.jpg,,"University of Texas Herbarium (PRC-TEX)","CC0 1.0 (Public-domain)",http://creativecommons.org/publicdomain/zero/1.0/,,,urn:uuid:fba946da-c8b4-452f-bd2f-5e455332af43,"2015-08-20 03:41:21",https://prc-symbiota.tacc.utexas.edu:443/collections/individual/index.php?occid=1200676,StillImage,Photograph,image/jpeg,en
1242447,https://prc-symbiota.tacc.utexas.edu:443/symbiota/prc/images/_TEX/TEX00352871_lg.jpg,https://prc-symbiota.tacc.utexas.edu:443/symbiota/prc/images/_TEX/TEX00352871_lg.jpg,https://prc-symbiota.tacc.utexas.edu:443/symbiota/prc/images/_TEX/TEX00352871_tn.jpg,https://prc-symbiota.tacc.utexas.edu:443/symbiota/prc/images/_TEX/TEX00352871.jpg,,"University of Texas Herbarium (PRC-TEX)","CC0 1.0 (Public-domain)",http://creativecommons.org/publicdomain/zero/1.0/,,,urn:uuid:d85277ff-fbb9-498c-b3db-1e13f2bab0a7,"2015-08-25 18:54:01",https://prc-symbiota.tacc.utexas.edu:443/collections/individual/index.php?occid=1242447,StillImage,Photograph,image/jpeg,en
1242448,https://prc-symbiota.tacc.utexas.edu:443/symbiota/prc/images/_TEX/TEX00352874_lg.jpg,https://prc-symbiota.tacc.utexas.edu:443/symbiota/prc/images/_TEX/TEX00352874_lg.jpg,https://prc-symbiota.tacc.utexas.edu:443/symbiota/prc/images/_TEX/TEX00352874_tn.jpg,https://prc-symbiota.tacc.utexas.edu:443/symbiota/prc/images/_TEX/TEX00352874.jpg,,"University of Texas Herbarium (PRC-TEX)","CC0 1.0 (Public-domain)",http://creativecommons.org/publicdomain/zero/1.0/,,,urn:uuid:db9e5c4c-2e23-41a5-97d2-ffddc2e3e3f0,"2015-08-24 07:44:09",https://prc-symbiota.tacc.utexas.edu:443/collections/individual/index.php?occid=1242448,StillImage,Photograph,image/jpeg,en
1242449,https://prc-symbiota.tacc.utexas.edu:443/symbiota/prc/images/_TEX/TEX00352875_lg.jpg,https://prc-symbiota.tacc.utexas.edu:443/symbiota/prc/images/_TEX/TEX00352875_lg.jpg,https://prc-symbiota.tacc.utexas.edu:443/symbiota/prc/images/_TEX/TEX00352875_tn.jpg,https://prc-symbiota.tacc.utexas.edu:443/symbiota/prc/images/_TEX/TEX00352875.jpg,,"University of Texas Herbarium (PRC-TEX)","CC0 1.0 (Public-domain)",http://creativecommons.org/publicdomain/zero/1.0/,,,urn:uuid:8ab86dce-459a-445f-9d9e-8c125533ca60,"2015-08-19 23:15:59",https://prc-symbiota.tacc.utexas.edu:443/collections/individual/index.php?occid=1242449,StillImage,Photograph,image/jpeg,en
1242450,https://prc-symbiota.tacc.utexas.edu:443/symbiota/prc/images/_TEX/TEX00352876_lg.jpg,https://prc-symbiota.tacc.utexas.edu:443/symbiota/prc/images/_TEX/TEX00352876_lg.jpg,https://prc-symbiota.tacc.utexas.edu:443/symbiota/prc/images/_TEX/TEX00352876_tn.jpg,https://prc-symbiota.tacc.utexas.edu:443/symbiota/prc/images/_TEX/TEX00352876.jpg,,"University of Texas Herbarium (PRC-TEX)","CC0 1.0 (Public-domain)",http://creativecommons.org/publicdomain/zero/1.0/,,,urn:uuid:c84f66eb-9c06-4c0a-8da8-33103702ce0e,"2015-08-25 13:05:04",https://prc-symbiota.tacc.utexas.edu:443/collections/individual/index.php?occid=1242450,StillImage,Photograph,image/jpeg,en
1242451,https://prc-symbiota.tacc.utexas.edu:443/symbiota/prc/images/_TEX/TEX00352877_lg.jpg,https://prc-symbiota.tacc.utexas.edu:443/symbiota/prc/images/_TEX/TEX00352877_lg.jpg,https://prc-symbiota.tacc.utexas.edu:443/symbiota/prc/images/_TEX/TEX00352877_tn.jpg,https://prc-symbiota.tacc.utexas.edu:443/symbiota/prc/images/_TEX/TEX00352877.jpg,,"University of Texas Herbarium (PRC-TEX)","CC0 1.0 (Public-domain)",http://creativecommons.org/publicdomain/zero/1.0/,,,urn:uuid:d0baca74-7915-4c99-9ccb-4249e9e200d7,"2015-08-25 10:31:02",https://prc-symbiota.tacc.utexas.edu:443/collections/individual/index.php?occid=1242451,StillImage,Photograph,image/jpeg,en
1242452,https://prc-symbiota.tacc.utexas.edu:443/symbiota/prc/images/_TEX/TEX00352878_lg.jpg,https://prc-symbiota.tacc.utexas.edu:443/symbiota/prc/images/_TEX/TEX00352878_lg.jpg,https://prc-symbiota.tacc.utexas.edu:443/symbiota/prc/images/_TEX/TEX00352878_tn.jpg,https://prc-symbiota.tacc.utexas.edu:443/symbiota/prc/images/_TEX/TEX00352878.jpg,,"University of Texas Herbarium (PRC-TEX)","CC0 1.0 (Public-domain)",http://creativecommons.org/publicdomain/zero/1.0/,,,urn:uuid:7c3542f5-9a60-4f3b-9478-6b708238401b,"2015-08-23 22:50:27",https://prc-symbiota.tacc.utexas.edu:443/collections/individual/index.php?occid=1242452,StillImage,Photograph,image/jpeg,en
1242453,https://prc-symbiota.tacc.utexas.edu:443/symbiota/prc/images/_TEX/TEX00352879_lg.jpg,https://prc-symbiota.tacc.utexas.edu:443/symbiota/prc/images/_TEX/TEX00352879_lg.jpg,https://prc-symbiota.tacc.utexas.edu:443/symbiota/prc/images/_TEX/TEX00352879_tn.jpg,https://prc-symbiota.tacc.utexas.edu:443/symbiota/prc/images/_TEX/TEX00352879.jpg,,"University of Texas Herbarium (PRC-TEX)","CC0 1.0 (Public-domain)",http://creativecommons.org/publicdomain/zero/1.0/,,,urn:uuid:5152c5ba-f96c-47b4-acbe-9883a3efe547,"2015-08-20 16:48:26",https://prc-symbiota.tacc.utexas.edu:443/collections/individual/index.php?occid=1242453,StillImage,Photograph,image/jpeg,en
1242454,https://prc-symbiota.tacc.utexas.edu:443/symbiota/prc/images/_TEX/TEX00352880_lg.jpg,https://prc-symbiota.tacc.utexas.edu:443/symbiota/prc/images/_TEX/TEX00352880_lg.jpg,https://prc-symbiota.tacc.utexas.edu:443/symbiota/prc/images/_TEX/TEX00352880_tn.jpg,https://prc-symbiota.tacc.utexas.edu:443/symbiota/prc/images/_TEX/TEX00352880.jpg,,"University of Texas Herbarium (PRC-TEX)","CC0 1.0 (Public-domain)",http://creativecommons.org/publicdomain/zero/1.0/,,,urn:uuid:a8d86f83-d187-4e9e-b286-f3723cdde2e9,"2015-08-22 18:20:19",https://prc-symbiota.tacc.utexas.edu:443/collections/individual/index.php?occid=1242454,StillImage,Photograph,image/jpeg,en
1242455,https://prc-symbiota.tacc.utexas.edu:443/symbiota/prc/images/_TEX/TEX00352881_lg.jpg,https://prc-symbiota.tacc.utexas.edu:443/symbiota/prc/images/_TEX/TEX00352881_lg.jpg,https://prc-symbiota.tacc.utexas.edu:443/symbiota/prc/images/_TEX/TEX00352881_tn.jpg,https://prc-symbiota.tacc.utexas.edu:443/symbiota/prc/images/_TEX/TEX00352881.jpg,,"University of Texas Herbarium (PRC-TEX)","CC0 1.0 (Public-domain)",http://creativecommons.org/publicdomain/zero/1.0/,,,urn:uuid:516eec85-947e-4680-bf79-0f9ace17acd9,"2015-08-26 02:53:12",https://prc-symbiota.tacc.utexas.edu:443/collections/individual/index.php?occid=1242455,StillImage,Photograph,image/jpeg,en
1242456,https://prc-symbiota.tacc.utexas.edu:443/symbiota/prc/images/_TEX/TEX00352882_lg.jpg,https://prc-symbiota.tacc.utexas.edu:443/symbiota/prc/images/_TEX/TEX00352882_lg.jpg,https://prc-symbiota.tacc.utexas.edu:443/symbiota/prc/images/_TEX/TEX00352882_tn.jpg,https://prc-symbiota.tacc.utexas.edu:443/symbiota/prc/images/_TEX/TEX00352882.jpg,,"University of Texas Herbarium (PRC-TEX)","CC0 1.0 (Public-domain)",http://creativecommons.org/publicdomain/zero/1.0/,,,urn:uuid:9928bca7-1157-4c9e-8192-c3ec28345936,"2015-08-22 22:58:45",https://prc-symbiota.tacc.utexas.edu:443/collections/individual/index.php?occid=1242456,StillImage,Photograph,image/jpeg,en
1242457,https://prc-symbiota.tacc.utexas.edu:443/symbiota/prc/images/_TEX/TEX00352888_lg.jpg,https://prc-symbiota.tacc.utexas.edu:443/symbiota/prc/images/_TEX/TEX00352888_lg.jpg,https://prc-symbiota.tacc.utexas.edu:443/symbiota/prc/images/_TEX/TEX00352888_tn.jpg,https://prc-symbiota.tacc.utexas.edu:443/symbiota/prc/images/_TEX/TEX00352888.jpg,,"University of Texas Herbarium (PRC-TEX)","CC0 1.0 (Public-domain)",http://creativecommons.org/publicdomain/zero/1.0/,,,urn:uuid:a67fdd68-fd0d-4a38-b65a-785e3db8e14b,"2015-08-24 21:22:47",https://prc-symbiota.tacc.utexas.edu:443/collections/individual/index.php?occid=1242457,StillImage,Photograph,image/jpeg,en
1242458,https://prc-symbiota.tacc.utexas.edu:443/symbiota/prc/images/_TEX/TEX00352891_lg.jpg,https://prc-symbiota.tacc.utexas.edu:443/symbiota/prc/images/_TEX/TEX00352891_lg.jpg,https://prc-symbiota.tacc.utexas.edu:443/symbiota/prc/images/_TEX/TEX00352891_tn.jpg,https://prc-symbiota.tacc.utexas.edu:443/symbiota/prc/images/_TEX/TEX00352891.jpg,,"University of Texas Herbarium (PRC-TEX)","CC0 1.0 (Public-domain)",http://creativecommons.org/publicdomain/zero/1.0/,,,urn:uuid:6d77af0a-e2e8-4d3d-aee6-e8f0ed0e26d8,"2015-08-26 20:23:12",https://prc-symbiota.tacc.utexas.edu:443/collections/individual/index.php?occid=1242458,StillImage,Photograph,image/jpeg,en
1242459,https://prc-symbiota.tacc.utexas.edu:443/symbiota/prc/images/_TEX/TEX00352893_lg.jpg,https://prc-symbiota.tacc.utexas.edu:443/symbiota/prc/images/_TEX/TEX00352893_lg.jpg,https://prc-symbiota.tacc.utexas.edu:443/symbiota/prc/images/_TEX/TEX00352893_tn.jpg,https://prc-symbiota.tacc.utexas.edu:443/symbiota/prc/images/_TEX/TEX00352893.jpg,,"University of Texas Herbarium (PRC-TEX)","CC0 1.0 (Public-domain)",http://creativecommons.org/publicdomain/zero/1.0/,,,urn:uuid:718de4d2-943a-4265-995e-dbe62c9e5be1,"2015-08-24 08:53:13",https://prc-symbiota.tacc.utexas.edu:443/collections/individual/index.php?occid=1242459,StillImage,Photograph,image/jpeg,en
1242460,https://prc-symbiota.tacc.utexas.edu:443/symbiota/prc/images/_TEX/TEX00352894_lg.jpg,https://prc-symbiota.tacc.utexas.edu:443/symbiota/prc/images/_TEX/TEX00352894_lg.jpg,https://prc-symbiota.tacc.utexas.edu:443/symbiota/prc/images/_TEX/TEX00352894_tn.jpg,https://prc-symbiota.tacc.utexas.edu:443/symbiota/prc/images/_TEX/TEX00352894.jpg,,"University of Texas Herbarium (PRC-TEX)","CC0 1.0 (Public-domain)",http://creativecommons.org/publicdomain/zero/1.0/,,,urn:uuid:85400ca1-9042-443e-ba97-6a33faabc33a,"2015-08-21 02:43:20",https://prc-symbiota.tacc.utexas.edu:443/collections/individual/index.php?occid=1242460,StillImage,Photograph,image/jpeg,en
1242461,https://prc-symbiota.tacc.utexas.edu:443/symbiota/prc/images/_TEX/TEX00352895_lg.jpg,https://prc-symbiota.tacc.utexas.edu:443/symbiota/prc/images/_TEX/TEX00352895_lg.jpg,https://prc-symbiota.tacc.utexas.edu:443/symbiota/prc/images/_TEX/TEX00352895_tn.jpg,https://prc-symbiota.tacc.utexas.edu:443/symbiota/prc/images/_TEX/TEX00352895.jpg,,"University of Texas Herbarium (PRC-TEX)","CC0 1.0 (Public-domain)",http://creativecommons.org/publicdomain/zero/1.0/,,,urn:uuid:36eb8b36-220a-454e-b473-7e50f8132d2e,"2015-08-25 01:12:59",https://prc-symbiota.tacc.utexas.edu:443/collections/individual/index.php?occid=1242461,StillImage,Photograph,image/jpeg,en
1242531,https://prc-symbiota.tacc.utexas.edu:443/symbiota/prc/images/_TEX/TEX00352998_lg.jpg,https://prc-symbiota.tacc.utexas.edu:443/symbiota/prc/images/_TEX/TEX00352998_lg.jpg,https://prc-symbiota.tacc.utexas.edu:443/symbiota/prc/images/_TEX/TEX00352998_tn.jpg,https://prc-symbiota.tacc.utexas.edu:443/symbiota/prc/images/_TEX/TEX00352998.jpg,,"University of Texas Herbarium (PRC-TEX)","CC0 1.0 (Public-domain)",http://creativecommons.org/publicdomain/zero/1.0/,,,urn:uuid:b96ea3f8-5437-4f1b-9e9c-a689000dd574,"2015-08-23 15:22:51",https://prc-symbiota.tacc.utexas.edu:443/collections/individual/index.php?occid=1242531,StillImage,Photograph,image/jpeg,en
1242532,https://prc-symbiota.tacc.utexas.edu:443/symbiota/prc/images/_TEX/TEX00352999_lg.jpg,https://prc-symbiota.tacc.utexas.edu:443/symbiota/prc/images/_TEX/TEX00352999_lg.jpg,https://prc-symbiota.tacc.utexas.edu:443/symbiota/prc/images/_TEX/TEX00352999_tn.jpg,https://prc-symbiota.tacc.utexas.edu:443/symbiota/prc/images/_TEX/TEX00352999.jpg,,"University of Texas Herbarium (PRC-TEX)","CC0 1.0 (Public-domain)",http://creativecommons.org/publicdomain/zero/1.0/,,,urn:uuid:3de1014d-3701-4b8f-a8d3-aeb16f1f7328,"2015-08-20 20:00:12",https://prc-symbiota.tacc.utexas.edu:443/collections/individual/index.php?occid=1242532,StillImage,Photograph,image/jpeg,en
1242533,https://prc-symbiota.tacc.utexas.edu:443/symbiota/prc/images/_TEX/TEX00353000_lg.jpg,https://prc-symbiota.tacc.utexas.edu:443/symbiota/prc/images/_TEX/TEX00353000_lg.jpg,https://prc-symbiota.tacc.utexas.edu:443/symbiota/prc/images/_TEX/TEX00353000_tn.jpg,https://prc-symbiota.tacc.utexas.edu:443/symbiota/prc/images/_TEX/TEX00353000.jpg,,"University of Texas Herbarium (PRC-TEX)","CC0 1.0 (Public-domain)",http://creativecommons.org/publicdomain/zero/1.0/,,,urn:uuid:17d489c4-ea84-4f20-8704-e8b178dbed83,"2015-08-20 14:16:05",https://prc-symbiota.tacc.utexas.edu:443/collections/individual/index.php?occid=1242533,StillImage,Photograph,image/jpeg,en
1242534,https://prc-symbiota.tacc.utexas.edu:443/symbiota/prc/images/_TEX/TEX00359002_lg.jpg,https://prc-symbiota.tacc.utexas.edu:443/symbiota/prc/images/_TEX/TEX00359002_lg.jpg,https://prc-symbiota.tacc.utexas.edu:443/symbiota/prc/images/_TEX/TEX00359002_tn.jpg,https://prc-symbiota.tacc.utexas.edu:443/symbiota/prc/images/_TEX/TEX00359002.jpg,,"University of Texas Herbarium (PRC-TEX)","CC0 1.0 (Public-domain)",http://creativecommons.org/publicdomain/zero/1.0/,,,urn:uuid:0be1a489-b190-43a8-9560-c3a7d1622ac2,"2015-08-20 23:09:04",https://prc-symbiota.tacc.utexas.edu:443/collections/individual/index.php?occid=1242534,StillImage,Photograph,image/jpeg,en
1242535,https://prc-symbiota.tacc.utexas.edu:443/symbiota/prc/images/_TEX/TEX00359004_lg.jpg,https://prc-symbiota.tacc.utexas.edu:443/symbiota/prc/images/_TEX/TEX00359004_lg.jpg,https://prc-symbiota.tacc.utexas.edu:443/symbiota/prc/images/_TEX/TEX00359004_tn.jpg,https://prc-symbiota.tacc.utexas.edu:443/symbiota/prc/images/_TEX/TEX00359004.jpg,,"University of Texas Herbarium (PRC-TEX)","CC0 1.0 (Public-domain)",http://creativecommons.org/publicdomain/zero/1.0/,,,urn:uuid:5d83f170-1eb3-4784-984c-e7b93772d8bb,"2015-08-26 20:59:18",https://prc-symbiota.tacc.utexas.edu:443/collections/individual/index.php?occid=1242535,StillImage,Photograph,image/jpeg,en
1242536,https://prc-symbiota.tacc.utexas.edu:443/symbiota/prc/images/_TEX/TEX00359005_lg.jpg,https://prc-symbiota.tacc.utexas.edu:443/symbiota/prc/images/_TEX/TEX00359005_lg.jpg,https://prc-symbiota.tacc.utexas.edu:443/symbiota/prc/images/_TEX/TEX00359005_tn.jpg,https://prc-symbiota.tacc.utexas.edu:443/symbiota/prc/images/_TEX/TEX00359005.jpg,,"University of Texas Herbarium (PRC-TEX)","CC0 1.0 (Public-domain)",http://creativecommons.org/publicdomain/zero/1.0/,,,urn:uuid:32455291-1cde-41b5-8639-8d78678661ac,"2015-08-20 12:25:08",https://prc-symbiota.tacc.utexas.edu:443/collections/individual/index.php?occid=1242536,StillImage,Photograph,image/jpeg,en
1242537,https://prc-symbiota.tacc.utexas.edu:443/symbiota/prc/images/_TEX/TEX00359006_lg.jpg,https://prc-symbiota.tacc.utexas.edu:443/symbiota/prc/images/_TEX/TEX00359006_lg.jpg,https://prc-symbiota.tacc.utexas.edu:443/symbiota/prc/images/_TEX/TEX00359006_tn.jpg,https://prc-symbiota.tacc.utexas.edu:443/symbiota/prc/images/_TEX/TEX00359006.jpg,,"University of Texas Herbarium (PRC-TEX)","CC0 1.0 (Public-domain)",http://creativecommons.org/publicdomain/zero/1.0/,,,urn:uuid:6808510e-467b-4867-bc05-54e0b549e27e,"2015-08-25 15:39:25",https://prc-symbiota.tacc.utexas.edu:443/collections/individual/index.php?occid=1242537,StillImage,Photograph,image/jpeg,en
1242538,https://prc-symbiota.tacc.utexas.edu:443/symbiota/prc/images/_TEX/TEX00359007_lg.jpg,https://prc-symbiota.tacc.utexas.edu:443/symbiota/prc/images/_TEX/TEX00359007_lg.jpg,https://prc-symbiota.tacc.utexas.edu:443/symbiota/prc/images/_TEX/TEX00359007_tn.jpg,https://prc-symbiota.tacc.utexas.edu:443/symbiota/prc/images/_TEX/TEX00359007.jpg,,"University of Texas Herbarium (PRC-TEX)","CC0 1.0 (Public-domain)",http://creativecommons.org/publicdomain/zero/1.0/,,,urn:uuid:a6936c01-1e23-4cef-9400-7977194fa406,"2015-08-23 21:34:40",https://prc-symbiota.tacc.utexas.edu:443/collections/individual/index.php?occid=1242538,StillImage,Photograph,image/jpeg,en
1242539,https://prc-symbiota.tacc.utexas.edu:443/symbiota/prc/images/_TEX/TEX00359008_lg.jpg,https://prc-symbiota.tacc.utexas.edu:443/symbiota/prc/images/_TEX/TEX00359008_lg.jpg,https://prc-symbiota.tacc.utexas.edu:443/symbiota/prc/images/_TEX/TEX00359008_tn.jpg,https://prc-symbiota.tacc.utexas.edu:443/symbiota/prc/images/_TEX/TEX00359008.jpg,,"University of Texas Herbarium (PRC-TEX)","CC0 1.0 (Public-domain)",http://creativecommons.org/publicdomain/zero/1.0/,,,urn:uuid:d256bbc6-b805-45d3-9956-2d537437cec7,"2015-08-20 02:31:34",https://prc-symbiota.tacc.utexas.edu:443/collections/individual/index.php?occid=1242539,StillImage,Photograph,image/jpeg,en
1242540,https://prc-symbiota.tacc.utexas.edu:443/symbiota/prc/images/_TEX/TEX00359009_lg.jpg,https://prc-symbiota.tacc.utexas.edu:443/symbiota/prc/images/_TEX/TEX00359009_lg.jpg,https://prc-symbiota.tacc.utexas.edu:443/symbiota/prc/images/_TEX/TEX00359009_tn.jpg,https://prc-symbiota.tacc.utexas.edu:443/symbiota/prc/images/_TEX/TEX00359009.jpg,,"University of Texas Herbarium (PRC-TEX)","CC0 1.0 (Public-domain)",http://creativecommons.org/publicdomain/zero/1.0/,,,urn:uuid:9aa66bba-e0a4-4c86-982e-00caf30ec546,"2015-08-23 11:45:55",https://prc-symbiota.tacc.utexas.edu:443/collections/individual/index.php?occid=1242540,StillImage,Photograph,image/jpeg,en
1242541,https://prc-symbiota.tacc.utexas.edu:443/symbiota/prc/images/_TEX/TEX00359010_lg.jpg,https://prc-symbiota.tacc.utexas.edu:443/symbiota/prc/images/_TEX/TEX00359010_lg.jpg,https://prc-symbiota.tacc.utexas.edu:443/symbiota/prc/images/_TEX/TEX00359010_tn.jpg,https://prc-symbiota.tacc.utexas.edu:443/symbiota/prc/images/_TEX/TEX00359010.jpg,,"University of Texas Herbarium (PRC-TEX)","CC0 1.0 (Public-domain)",http://creativecommons.org/publicdomain/zero/1.0/,,,urn:uuid:80397ef5-9ef8-4564-b899-35ad18d5d1e9,"2015-08-21 15:33:03",https://prc-symbiota.tacc.utexas.edu:443/collections/individual/index.php?occid=1242541,StillImage,Photograph,image/jpeg,en
1291053,https://prc-symbiota.tacc.utexas.edu:443/symbiota/prc/images/_TEX/TEX00196359_lg.jpg,https://prc-symbiota.tacc.utexas.edu:443/symbiota/prc/images/_TEX/TEX00196359_lg.jpg,https://prc-symbiota.tacc.utexas.edu:443/symbiota/prc/images/_TEX/TEX00196359_tn.jpg,https://prc-symbiota.tacc.utexas.edu:443/symbiota/prc/images/_TEX/TEX00196359.jpg,,"University of Texas Herbarium (PRC-TEX)","CC0 1.0 (Public-domain)",http://creativecommons.org/publicdomain/zero/1.0/,,,urn:uuid:b7a534cc-9f52-47b2-b76a-84316dacfc3d,"2015-08-25 02:22:13",https://prc-symbiota.tacc.utexas.edu:443/collections/individual/index.php?occid=1291053,StillImage,Photograph,image/jpeg,en
1291054,https://prc-symbiota.tacc.utexas.edu:443/symbiota/prc/images/_TEX/TEX00196360_lg.jpg,https://prc-symbiota.tacc.utexas.edu:443/symbiota/prc/images/_TEX/TEX00196360_lg.jpg,https://prc-symbiota.tacc.utexas.edu:443/symbiota/prc/images/_TEX/TEX00196360_tn.jpg,https://prc-symbiota.tacc.utexas.edu:443/symbiota/prc/images/_TEX/TEX00196360.jpg,,"University of Texas Herbarium (PRC-TEX)","CC0 1.0 (Public-domain)",http://creativecommons.org/publicdomain/zero/1.0/,,,urn:uuid:45661257-76f9-4adc-9aea-d8907ac3a738,"2015-08-23 04:29:39",https://prc-symbiota.tacc.utexas.edu:443/collections/individual/index.php?occid=1291054,StillImage,Photograph,image/jpeg,en
1291055,https://prc-symbiota.tacc.utexas.edu:443/symbiota/prc/images/_TEX/TEX00196361_lg.jpg,https://prc-symbiota.tacc.utexas.edu:443/symbiota/prc/images/_TEX/TEX00196361_lg.jpg,https://prc-symbiota.tacc.utexas.edu:443/symbiota/prc/images/_TEX/TEX00196361_tn.jpg,https://prc-symbiota.tacc.utexas.edu:443/symbiota/prc/images/_TEX/TEX00196361.jpg,,"University of Texas Herbarium (PRC-TEX)","CC0 1.0 (Public-domain)",http://creativecommons.org/publicdomain/zero/1.0/,,,urn:uuid:a83d098f-4c8f-482f-bf4a-99a7fce94906,"2015-08-21 02:43:33",https://prc-symbiota.tacc.utexas.edu:443/collections/individual/index.php?occid=1291055,StillImage,Photograph,image/jpeg,en
1291058,https://prc-symbiota.tacc.utexas.edu:443/symbiota/prc/images/_TEX/TEX00196364_lg.jpg,https://prc-symbiota.tacc.utexas.edu:443/symbiota/prc/images/_TEX/TEX00196364_lg.jpg,https://prc-symbiota.tacc.utexas.edu:443/symbiota/prc/images/_TEX/TEX00196364_tn.jpg,https://prc-symbiota.tacc.utexas.edu:443/symbiota/prc/images/_TEX/TEX00196364.jpg,,"University of Texas Herbarium (PRC-TEX)","CC0 1.0 (Public-domain)",http://creativecommons.org/publicdomain/zero/1.0/,,,urn:uuid:d2812f7d-9c9b-4809-901e-4d78b3f2c11f,"2015-08-21 16:09:07",https://prc-symbiota.tacc.utexas.edu:443/collections/individual/index.php?occid=1291058,StillImage,Photograph,image/jpeg,en
1291064,https://prc-symbiota.tacc.utexas.edu:443/symbiota/prc/images/_TEX/TEX00196370_lg.jpg,https://prc-symbiota.tacc.utexas.edu:443/symbiota/prc/images/_TEX/TEX00196370_lg.jpg,https://prc-symbiota.tacc.utexas.edu:443/symbiota/prc/images/_TEX/TEX00196370_tn.jpg,https://prc-symbiota.tacc.utexas.edu:443/symbiota/prc/images/_TEX/TEX00196370.jpg,,"University of Texas Herbarium (PRC-TEX)","CC0 1.0 (Public-domain)",http://creativecommons.org/publicdomain/zero/1.0/,,,urn:uuid:11a420a2-4c5e-4416-9451-0107b1d4ac58,"2015-08-20 13:27:20",https://prc-symbiota.tacc.utexas.edu:443/collections/individual/index.php?occid=1291064,StillImage,Photograph,image/jpeg,en
1293466,https://prc-symbiota.tacc.utexas.edu:443/symbiota/prc/images/_TEX/TEX00199122_lg.jpg,https://prc-symbiota.tacc.utexas.edu:443/symbiota/prc/images/_TEX/TEX00199122_lg.jpg,https://prc-symbiota.tacc.utexas.edu:443/symbiota/prc/images/_TEX/TEX00199122_tn.jpg,https://prc-symbiota.tacc.utexas.edu:443/symbiota/prc/images/_TEX/TEX00199122.jpg,,"University of Texas Herbarium (PRC-TEX)","CC0 1.0 (Public-domain)",http://creativecommons.org/publicdomain/zero/1.0/,,,urn:uuid:ea3e958b-73b7-42c8-9c2e-d6ec9db1f08a,"2015-08-23 02:03:49",https://prc-symbiota.tacc.utexas.edu:443/collections/individual/index.php?occid=1293466,StillImage,Photograph,image/jpeg,en
1295899,https://prc-symbiota.tacc.utexas.edu:443/symbiota/prc/images/_TEX/TEX00206595_lg.jpg,https://prc-symbiota.tacc.utexas.edu:443/symbiota/prc/images/_TEX/TEX00206595_lg.jpg,https://prc-symbiota.tacc.utexas.edu:443/symbiota/prc/images/_TEX/TEX00206595_tn.jpg,https://prc-symbiota.tacc.utexas.edu:443/symbiota/prc/images/_TEX/TEX00206595.jpg,,"University of Texas Herbarium (PRC-TEX)","CC0 1.0 (Public-domain)",http://creativecommons.org/publicdomain/zero/1.0/,,,urn:uuid:fc9f5619-d6a6-4f05-8bf2-db61e9be3a77,"2015-08-23 03:50:07",https://prc-symbiota.tacc.utexas.edu:443/collections/individual/index.php?occid=1295899,StillImage,Photograph,image/jpeg,en
1299619,https://prc-symbiota.tacc.utexas.edu:443/symbiota/prc/images/_TEX/TEX00440034_lg.jpg,https://prc-symbiota.tacc.utexas.edu:443/symbiota/prc/images/_TEX/TEX00440034_lg.jpg,https://prc-symbiota.tacc.utexas.edu:443/symbiota/prc/images/_TEX/TEX00440034_tn.jpg,https://prc-symbiota.tacc.utexas.edu:443/symbiota/prc/images/_TEX/TEX00440034.jpg,,"University of Texas Herbarium (PRC-TEX)","CC0 1.0 (Public-domain)",http://creativecommons.org/publicdomain/zero/1.0/,,,urn:uuid:f2a27a52-591c-401d-a6c1-b7d0d44e9708,"2015-08-24 21:22:41",https://prc-symbiota.tacc.utexas.edu:443/collections/individual/index.php?occid=1299619,StillImage,Photograph,image/jpeg,en
1306707,https://prc-symbiota.tacc.utexas.edu:443/symbiota/prc/images/_TEX/TEX00432056_lg.jpg,https://prc-symbiota.tacc.utexas.edu:443/symbiota/prc/images/_TEX/TEX00432056_lg.jpg,https://prc-symbiota.tacc.utexas.edu:443/symbiota/prc/images/_TEX/TEX00432056_tn.jpg,https://prc-symbiota.tacc.utexas.edu:443/symbiota/prc/images/_TEX/TEX00432056.jpg,,"University of Texas Herbarium (PRC-TEX)","CC0 1.0 (Public-domain)",http://creativecommons.org/publicdomain/zero/1.0/,,,urn:uuid:7ee51ae5-896e-4fb9-bfa6-7bb3717658bd,"2015-08-21 14:18:46",https://prc-symbiota.tacc.utexas.edu:443/collections/individual/index.php?occid=1306707,StillImage,Photograph,image/jpeg,en
1314186,https://prc-symbiota.tacc.utexas.edu:443/symbiota/prc/images/_TEX/TEX00456549_lg.jpg,https://prc-symbiota.tacc.utexas.edu:443/symbiota/prc/images/_TEX/TEX00456549_lg.jpg,https://prc-symbiota.tacc.utexas.edu:443/symbiota/prc/images/_TEX/TEX00456549_tn.jpg,https://prc-symbiota.tacc.utexas.edu:443/symbiota/prc/images/_TEX/TEX00456549.jpg,,"University of Texas Herbarium (PRC-TEX)","CC0 1.0 (Public-domain)",http://creativecommons.org/publicdomain/zero/1.0/,,,urn:uuid:194af417-0a20-4180-bdae-538cbc95c4a5,"2015-08-26 14:41:08",https://prc-symbiota.tacc.utexas.edu:443/collections/individual/index.php?occid=1314186,StillImage,Photograph,image/jpeg,en
1377040,https://prc-symbiota.tacc.utexas.edu:443/symbiota/prc/images/_LL/LL00283411_lg.jpg,https://prc-symbiota.tacc.utexas.edu:443/symbiota/prc/images/_LL/LL00283411_lg.jpg,https://prc-symbiota.tacc.utexas.edu:443/symbiota/prc/images/_LL/LL00283411_tn.jpg,https://prc-symbiota.tacc.utexas.edu:443/symbiota/prc/images/_LL/LL00283411.jpg,,"Lundell Herbarium (PRC-LL)","CC0 1.0 (Public-domain)",http://creativecommons.org/publicdomain/zero/1.0/,,,urn:uuid:dd1224e1-3f8a-49df-b359-24927a5d76d7,"2015-08-28 16:31:01",https://prc-symbiota.tacc.utexas.edu:443/collections/individual/index.php?occid=1377040,StillImage,Photograph,image/jpeg,en
1377041,https://prc-symbiota.tacc.utexas.edu:443/symbiota/prc/images/_LL/LL00283412_lg.jpg,https://prc-symbiota.tacc.utexas.edu:443/symbiota/prc/images/_LL/LL00283412_lg.jpg,https://prc-symbiota.tacc.utexas.edu:443/symbiota/prc/images/_LL/LL00283412_tn.jpg,https://prc-symbiota.tacc.utexas.edu:443/symbiota/prc/images/_LL/LL00283412.jpg,,"Lundell Herbarium (PRC-LL)","CC0 1.0 (Public-domain)",http://creativecommons.org/publicdomain/zero/1.0/,,,urn:uuid:effd4895-a23d-4df1-8af2-ef3c8996572c,"2015-08-28 04:49:58",https://prc-symbiota.tacc.utexas.edu:443/collections/individual/index.php?occid=1377041,StillImage,Photograph,image/jpeg,en
1377042,https://prc-symbiota.tacc.utexas.edu:443/symbiota/prc/images/_LL/LL00283413_lg.jpg,https://prc-symbiota.tacc.utexas.edu:443/symbiota/prc/images/_LL/LL00283413_lg.jpg,https://prc-symbiota.tacc.utexas.edu:443/symbiota/prc/images/_LL/LL00283413_tn.jpg,https://prc-symbiota.tacc.utexas.edu:443/symbiota/prc/images/_LL/LL00283413.jpg,,"Lundell Herbarium (PRC-LL)","CC0 1.0 (Public-domain)",http://creativecommons.org/publicdomain/zero/1.0/,,,urn:uuid:ae5e90c6-db17-46db-b759-ee0d01de66c0,"2015-08-27 13:58:09",https://prc-symbiota.tacc.utexas.edu:443/collections/individual/index.php?occid=1377042,StillImage,Photograph,image/jpeg,en
1377043,https://prc-symbiota.tacc.utexas.edu:443/symbiota/prc/images/_LL/LL00283415_lg.jpg,https://prc-symbiota.tacc.utexas.edu:443/symbiota/prc/images/_LL/LL00283415_lg.jpg,https://prc-symbiota.tacc.utexas.edu:443/symbiota/prc/images/_LL/LL00283415_tn.jpg,https://prc-symbiota.tacc.utexas.edu:443/symbiota/prc/images/_LL/LL00283415.jpg,,"Lundell Herbarium (PRC-LL)","CC0 1.0 (Public-domain)",http://creativecommons.org/publicdomain/zero/1.0/,,,urn:uuid:39095a37-6fdd-4875-bd2d-63da7438e410,"2015-08-27 19:09:16",https://prc-symbiota.tacc.utexas.edu:443/collections/individual/index.php?occid=1377043,StillImage,Photograph,image/jpeg,en
1377044,https://prc-symbiota.tacc.utexas.edu:443/symbiota/prc/images/_LL/LL00283416_lg.jpg,https://prc-symbiota.tacc.utexas.edu:443/symbiota/prc/images/_LL/LL00283416_lg.jpg,https://prc-symbiota.tacc.utexas.edu:443/symbiota/prc/images/_LL/LL00283416_tn.jpg,https://prc-symbiota.tacc.utexas.edu:443/symbiota/prc/images/_LL/LL00283416.jpg,,"Lundell Herbarium (PRC-LL)","CC0 1.0 (Public-domain)",http://creativecommons.org/publicdomain/zero/1.0/,,,urn:uuid:988a47bc-d27f-4dbd-a8ed-9fa788552b60,"2015-08-28 19:20:18",https://prc-symbiota.tacc.utexas.edu:443/collections/individual/index.php?occid=1377044,StillImage,Photograph,image/jpeg,en
1377045,https://prc-symbiota.tacc.utexas.edu:443/symbiota/prc/images/_LL/LL00283418_lg.jpg,https://prc-symbiota.tacc.utexas.edu:443/symbiota/prc/images/_LL/LL00283418_lg.jpg,https://prc-symbiota.tacc.utexas.edu:443/symbiota/prc/images/_LL/LL00283418_tn.jpg,https://prc-symbiota.tacc.utexas.edu:443/symbiota/prc/images/_LL/LL00283418.jpg,,"Lundell Herbarium (PRC-LL)","CC0 1.0 (Public-domain)",http://creativecommons.org/publicdomain/zero/1.0/,,,urn:uuid:7caa17cd-3360-49d4-b21f-5537ebf6dccc,"2015-08-27 17:20:20",https://prc-symbiota.tacc.utexas.edu:443/collections/individual/index.php?occid=1377045,StillImage,Photograph,image/jpeg,en
1377046,https://prc-symbiota.tacc.utexas.edu:443/symbiota/prc/images/_LL/LL00283420_lg.jpg,https://prc-symbiota.tacc.utexas.edu:443/symbiota/prc/images/_LL/LL00283420_lg.jpg,https://prc-symbiota.tacc.utexas.edu:443/symbiota/prc/images/_LL/LL00283420_tn.jpg,https://prc-symbiota.tacc.utexas.edu:443/symbiota/prc/images/_LL/LL00283420.jpg,,"Lundell Herbarium (PRC-LL)","CC0 1.0 (Public-domain)",http://creativecommons.org/publicdomain/zero/1.0/,,,urn:uuid:82c91e29-3baf-42d6-8f83-5d4eb9d843b7,"2015-08-27 21:50:41",https://prc-symbiota.tacc.utexas.edu:443/collections/individual/index.php?occid=1377046,StillImage,Photograph,image/jpeg,en
1377047,https://prc-symbiota.tacc.utexas.edu:443/symbiota/prc/images/_LL/LL00283421_lg.jpg,https://prc-symbiota.tacc.utexas.edu:443/symbiota/prc/images/_LL/LL00283421_lg.jpg,https://prc-symbiota.tacc.utexas.edu:443/symbiota/prc/images/_LL/LL00283421_tn.jpg,https://prc-symbiota.tacc.utexas.edu:443/symbiota/prc/images/_LL/LL00283421.jpg,,"Lundell Herbarium (PRC-LL)","CC0 1.0 (Public-domain)",http://creativecommons.org/publicdomain/zero/1.0/,,,urn:uuid:8aa22cd7-b077-47d4-841e-57d7ae450389,"2015-08-27 08:22:16",https://prc-symbiota.tacc.utexas.edu:443/collections/individual/index.php?occid=1377047,StillImage,Photograph,image/jpeg,en
1377048,https://prc-symbiota.tacc.utexas.edu:443/symbiota/prc/images/_LL/LL00283422_lg.jpg,https://prc-symbiota.tacc.utexas.edu:443/symbiota/prc/images/_LL/LL00283422_lg.jpg,https://prc-symbiota.tacc.utexas.edu:443/symbiota/prc/images/_LL/LL00283422_tn.jpg,https://prc-symbiota.tacc.utexas.edu:443/symbiota/prc/images/_LL/LL00283422.jpg,,"Lundell Herbarium (PRC-LL)","CC0 1.0 (Public-domain)",http://creativecommons.org/publicdomain/zero/1.0/,,,urn:uuid:480204a3-6220-4e19-bf40-dc20ee98a839,"2015-08-27 16:52:47",https://prc-symbiota.tacc.utexas.edu:443/collections/individual/index.php?occid=1377048,StillImage,Photograph,image/jpeg,en
1377049,https://prc-symbiota.tacc.utexas.edu:443/symbiota/prc/images/_LL/LL00283423_lg.jpg,https://prc-symbiota.tacc.utexas.edu:443/symbiota/prc/images/_LL/LL00283423_lg.jpg,https://prc-symbiota.tacc.utexas.edu:443/symbiota/prc/images/_LL/LL00283423_tn.jpg,https://prc-symbiota.tacc.utexas.edu:443/symbiota/prc/images/_LL/LL00283423.jpg,,"Lundell Herbarium (PRC-LL)","CC0 1.0 (Public-domain)",http://creativecommons.org/publicdomain/zero/1.0/,,,urn:uuid:3d8dfdd3-8c71-4872-ab4b-42f072ba5103,"2015-08-27 23:02:06",https://prc-symbiota.tacc.utexas.edu:443/collections/individual/index.php?occid=1377049,StillImage,Photograph,image/jpeg,en
1377060,https://prc-symbiota.tacc.utexas.edu:443/symbiota/prc/images/_LL/LL00283472_lg.jpg,https://prc-symbiota.tacc.utexas.edu:443/symbiota/prc/images/_LL/LL00283472_lg.jpg,https://prc-symbiota.tacc.utexas.edu:443/symbiota/prc/images/_LL/LL00283472_tn.jpg,https://prc-symbiota.tacc.utexas.edu:443/symbiota/prc/images/_LL/LL00283472.jpg,,"Lundell Herbarium (PRC-LL)","CC0 1.0 (Public-domain)",http://creativecommons.org/publicdomain/zero/1.0/,,,urn:uuid:8e51d9f2-d841-4949-b5eb-1c78d54e43cb,"2015-08-28 03:28:54",https://prc-symbiota.tacc.utexas.edu:443/collections/individual/index.php?occid=1377060,StillImage,Photograph,image/jpeg,en
1377061,https://prc-symbiota.tacc.utexas.edu:443/symbiota/prc/images/_LL/LL00283475_lg.jpg,https://prc-symbiota.tacc.utexas.edu:443/symbiota/prc/images/_LL/LL00283475_lg.jpg,https://prc-symbiota.tacc.utexas.edu:443/symbiota/prc/images/_LL/LL00283475_tn.jpg,https://prc-symbiota.tacc.utexas.edu:443/symbiota/prc/images/_LL/LL00283475.jpg,,"Lundell Herbarium (PRC-LL)","CC0 1.0 (Public-domain)",http://creativecommons.org/publicdomain/zero/1.0/,,,urn:uuid:effd1f37-ec39-4097-99f3-965cd0ccdc01,"2015-08-28 17:16:31",https://prc-symbiota.tacc.utexas.edu:443/collections/individual/index.php?occid=1377061,StillImage,Photograph,image/jpeg,en
1377062,https://prc-symbiota.tacc.utexas.edu:443/symbiota/prc/images/_LL/LL00283479_lg.jpg,https://prc-symbiota.tacc.utexas.edu:443/symbiota/prc/images/_LL/LL00283479_lg.jpg,https://prc-symbiota.tacc.utexas.edu:443/symbiota/prc/images/_LL/LL00283479_tn.jpg,https://prc-symbiota.tacc.utexas.edu:443/symbiota/prc/images/_LL/LL00283479.jpg,,"Lundell Herbarium (PRC-LL)","CC0 1.0 (Public-domain)",http://creativecommons.org/publicdomain/zero/1.0/,,,urn:uuid:ebd347f7-2fbf-442e-b946-8080573bee20,"2015-08-28 17:52:36",https://prc-symbiota.tacc.utexas.edu:443/collections/individual/index.php?occid=1377062,StillImage,Photograph,image/jpeg,en
1377063,https://prc-symbiota.tacc.utexas.edu:443/symbiota/prc/images/_LL/LL00283483_lg.jpg,https://prc-symbiota.tacc.utexas.edu:443/symbiota/prc/images/_LL/LL00283483_lg.jpg,https://prc-symbiota.tacc.utexas.edu:443/symbiota/prc/images/_LL/LL00283483_tn.jpg,https://prc-symbiota.tacc.utexas.edu:443/symbiota/prc/images/_LL/LL00283483.jpg,,"Lundell Herbarium (PRC-LL)","CC0 1.0 (Public-domain)",http://creativecommons.org/publicdomain/zero/1.0/,,,urn:uuid:ed7af015-1107-4e1d-89e3-697adac5d9f1,"2015-08-28 13:00:26",https://prc-symbiota.tacc.utexas.edu:443/collections/individual/index.php?occid=1377063,StillImage,Photograph,image/jpeg,en
1377064,https://prc-symbiota.tacc.utexas.edu:443/symbiota/prc/images/_LL/LL00283485_lg.jpg,https://prc-symbiota.tacc.utexas.edu:443/symbiota/prc/images/_LL/LL00283485_lg.jpg,https://prc-symbiota.tacc.utexas.edu:443/symbiota/prc/images/_LL/LL00283485_tn.jpg,https://prc-symbiota.tacc.utexas.edu:443/symbiota/prc/images/_LL/LL00283485.jpg,,"Lundell Herbarium (PRC-LL)","CC0 1.0 (Public-domain)",http://creativecommons.org/publicdomain/zero/1.0/,,,urn:uuid:5a1506f1-fe0c-42b5-a2dd-728eb15787d6,"2015-08-27 13:05:41",https://prc-symbiota.tacc.utexas.edu:443/collections/individual/index.php?occid=1377064,StillImage,Photograph,image/jpeg,en
1377065,https://prc-symbiota.tacc.utexas.edu:443/symbiota/prc/images/_LL/LL00283486_lg.jpg,https://prc-symbiota.tacc.utexas.edu:443/symbiota/prc/images/_LL/LL00283486_lg.jpg,https://prc-symbiota.tacc.utexas.edu:443/symbiota/prc/images/_LL/LL00283486_tn.jpg,https://prc-symbiota.tacc.utexas.edu:443/symbiota/prc/images/_LL/LL00283486.jpg,,"Lundell Herbarium (PRC-LL)","CC0 1.0 (Public-domain)",http://creativecommons.org/publicdomain/zero/1.0/,,,urn:uuid:f5e35ae1-4b29-4e7c-8216-329a5c9f8511,"2015-08-28 12:34:26",https://prc-symbiota.tacc.utexas.edu:443/collections/individual/index.php?occid=1377065,StillImage,Photograph,image/jpeg,en
1396258,https://prc-symbiota.tacc.utexas.edu:443/symbiota/prc/images/_LL/LL00352872_lg.jpg,https://prc-symbiota.tacc.utexas.edu:443/symbiota/prc/images/_LL/LL00352872_lg.jpg,https://prc-symbiota.tacc.utexas.edu:443/symbiota/prc/images/_LL/LL00352872_tn.jpg,https://prc-symbiota.tacc.utexas.edu:443/symbiota/prc/images/_LL/LL00352872.jpg,,"Lundell Herbarium (PRC-LL)","CC0 1.0 (Public-domain)",http://creativecommons.org/publicdomain/zero/1.0/,,,urn:uuid:09754816-7ad2-4b0b-b8fa-e608afa7b38f,"2015-08-27 05:52:57",https://prc-symbiota.tacc.utexas.edu:443/collections/individual/index.php?occid=1396258,StillImage,Photograph,image/jpeg,en
1396259,https://prc-symbiota.tacc.utexas.edu:443/symbiota/prc/images/_LL/LL00352873_lg.jpg,https://prc-symbiota.tacc.utexas.edu:443/symbiota/prc/images/_LL/LL00352873_lg.jpg,https://prc-symbiota.tacc.utexas.edu:443/symbiota/prc/images/_LL/LL00352873_tn.jpg,https://prc-symbiota.tacc.utexas.edu:443/symbiota/prc/images/_LL/LL00352873.jpg,,"Lundell Herbarium (PRC-LL)","CC0 1.0 (Public-domain)",http://creativecommons.org/publicdomain/zero/1.0/,,,urn:uuid:c0cc53a5-1f89-478a-ae08-11fefff7a2d1,"2015-08-28 00:20:50",https://prc-symbiota.tacc.utexas.edu:443/collections/individual/index.php?occid=1396259,StillImage,Photograph,image/jpeg,en
1396260,https://prc-symbiota.tacc.utexas.edu:443/symbiota/prc/images/_LL/LL00352883_lg.jpg,https://prc-symbiota.tacc.utexas.edu:443/symbiota/prc/images/_LL/LL00352883_lg.jpg,https://prc-symbiota.tacc.utexas.edu:443/symbiota/prc/images/_LL/LL00352883_tn.jpg,https://prc-symbiota.tacc.utexas.edu:443/symbiota/prc/images/_LL/LL00352883.jpg,,"Lundell Herbarium (PRC-LL)","CC0 1.0 (Public-domain)",http://creativecommons.org/publicdomain/zero/1.0/,,,urn:uuid:5885b624-a2cf-45c2-be57-3e2a86b13769,"2015-08-28 00:58:09",https://prc-symbiota.tacc.utexas.edu:443/collections/individual/index.php?occid=1396260,StillImage,Photograph,image/jpeg,en
1396261,https://prc-symbiota.tacc.utexas.edu:443/symbiota/prc/images/_LL/LL00352884_lg.jpg,https://prc-symbiota.tacc.utexas.edu:443/symbiota/prc/images/_LL/LL00352884_lg.jpg,https://prc-symbiota.tacc.utexas.edu:443/symbiota/prc/images/_LL/LL00352884_tn.jpg,https://prc-symbiota.tacc.utexas.edu:443/symbiota/prc/images/_LL/LL00352884.jpg,,"Lundell Herbarium (PRC-LL)","CC0 1.0 (Public-domain)",http://creativecommons.org/publicdomain/zero/1.0/,,,urn:uuid:fc3f592d-b8a2-478a-a581-18e9a43c09c4,"2015-08-28 11:18:30",https://prc-symbiota.tacc.utexas.edu:443/collections/individual/index.php?occid=1396261,StillImage,Photograph,image/jpeg,en
1396262,https://prc-symbiota.tacc.utexas.edu:443/symbiota/prc/images/_LL/LL00352885_lg.jpg,https://prc-symbiota.tacc.utexas.edu:443/symbiota/prc/images/_LL/LL00352885_lg.jpg,https://prc-symbiota.tacc.utexas.edu:443/symbiota/prc/images/_LL/LL00352885_tn.jpg,https://prc-symbiota.tacc.utexas.edu:443/symbiota/prc/images/_LL/LL00352885.jpg,,"Lundell Herbarium (PRC-LL)","CC0 1.0 (Public-domain)",http://creativecommons.org/publicdomain/zero/1.0/,,,urn:uuid:8ee8de7b-7fe2-4c30-a7b3-7b42dbdcd9ae,"2015-08-28 08:18:06",https://prc-symbiota.tacc.utexas.edu:443/collections/individual/index.php?occid=1396262,StillImage,Photograph,image/jpeg,en
1396263,https://prc-symbiota.tacc.utexas.edu:443/symbiota/prc/images/_LL/LL00352886_lg.jpg,https://prc-symbiota.tacc.utexas.edu:443/symbiota/prc/images/_LL/LL00352886_lg.jpg,https://prc-symbiota.tacc.utexas.edu:443/symbiota/prc/images/_LL/LL00352886_tn.jpg,https://prc-symbiota.tacc.utexas.edu:443/symbiota/prc/images/_LL/LL00352886.jpg,,"Lundell Herbarium (PRC-LL)","CC0 1.0 (Public-domain)",http://creativecommons.org/publicdomain/zero/1.0/,,,urn:uuid:2c2c7820-f2d5-4369-b739-3b2631869416,"2015-08-28 12:38:17",https://prc-symbiota.tacc.utexas.edu:443/collections/individual/index.php?occid=1396263,StillImage,Photograph,image/jpeg,en
1396264,https://prc-symbiota.tacc.utexas.edu:443/symbiota/prc/images/_LL/LL00352887_lg.jpg,https://prc-symbiota.tacc.utexas.edu:443/symbiota/prc/images/_LL/LL00352887_lg.jpg,https://prc-symbiota.tacc.utexas.edu:443/symbiota/prc/images/_LL/LL00352887_tn.jpg,https://prc-symbiota.tacc.utexas.edu:443/symbiota/prc/images/_LL/LL00352887.jpg,,"Lundell Herbarium (PRC-LL)","CC0 1.0 (Public-domain)",http://creativecommons.org/publicdomain/zero/1.0/,,,urn:uuid:f4ef8df1-d14c-450f-81eb-048905c7a774,"2015-08-28 06:41:49",https://prc-symbiota.tacc.utexas.edu:443/collections/individual/index.php?occid=1396264,StillImage,Photograph,image/jpeg,en
1396265,https://prc-symbiota.tacc.utexas.edu:443/symbiota/prc/images/_LL/LL00352889_lg.jpg,https://prc-symbiota.tacc.utexas.edu:443/symbiota/prc/images/_LL/LL00352889_lg.jpg,https://prc-symbiota.tacc.utexas.edu:443/symbiota/prc/images/_LL/LL00352889_tn.jpg,https://prc-symbiota.tacc.utexas.edu:443/symbiota/prc/images/_LL/LL00352889.jpg,,"Lundell Herbarium (PRC-LL)","CC0 1.0 (Public-domain)",http://creativecommons.org/publicdomain/zero/1.0/,,,urn:uuid:0d2ca0bb-2194-4548-b1ff-9e664d4ec750,"2015-08-28 06:54:02",https://prc-symbiota.tacc.utexas.edu:443/collections/individual/index.php?occid=1396265,StillImage,Photograph,image/jpeg,en
1396266,https://prc-symbiota.tacc.utexas.edu:443/symbiota/prc/images/_LL/LL00352890_lg.jpg,https://prc-symbiota.tacc.utexas.edu:443/symbiota/prc/images/_LL/LL00352890_lg.jpg,https://prc-symbiota.tacc.utexas.edu:443/symbiota/prc/images/_LL/LL00352890_tn.jpg,https://prc-symbiota.tacc.utexas.edu:443/symbiota/prc/images/_LL/LL00352890.jpg,,"Lundell Herbarium (PRC-LL)","CC0 1.0 (Public-domain)",http://creativecommons.org/publicdomain/zero/1.0/,,,urn:uuid:10b5bb35-4580-425f-8b29-1e66925ea816,"2015-08-27 12:41:00",https://prc-symbiota.tacc.utexas.edu:443/collections/individual/index.php?occid=1396266,StillImage,Photograph,image/jpeg,en
1396267,https://prc-symbiota.tacc.utexas.edu:443/symbiota/prc/images/_LL/LL00352892_lg.jpg,https://prc-symbiota.tacc.utexas.edu:443/symbiota/prc/images/_LL/LL00352892_lg.jpg,https://prc-symbiota.tacc.utexas.edu:443/symbiota/prc/images/_LL/LL00352892_tn.jpg,https://prc-symbiota.tacc.utexas.edu:443/symbiota/prc/images/_LL/LL00352892.jpg,,"Lundell Herbarium (PRC-LL)","CC0 1.0 (Public-domain)",http://creativecommons.org/publicdomain/zero/1.0/,,,urn:uuid:b6885bb3-003c-41e5-a30a-4c050d371312,"2015-08-27 10:15:11",https://prc-symbiota.tacc.utexas.edu:443/collections/individual/index.php?occid=1396267,StillImage,Photograph,image/jpeg,en
1396268,https://prc-symbiota.tacc.utexas.edu:443/symbiota/prc/images/_LL/LL00352896_lg.jpg,https://prc-symbiota.tacc.utexas.edu:443/symbiota/prc/images/_LL/LL00352896_lg.jpg,https://prc-symbiota.tacc.utexas.edu:443/symbiota/prc/images/_LL/LL00352896_tn.jpg,https://prc-symbiota.tacc.utexas.edu:443/symbiota/prc/images/_LL/LL00352896.jpg,,"Lundell Herbarium (PRC-LL)","CC0 1.0 (Public-domain)",http://creativecommons.org/publicdomain/zero/1.0/,,,urn:uuid:7edf1b22-33b9-48ec-a2b1-ce3bbfe90e32,"2015-08-28 11:14:20",https://prc-symbiota.tacc.utexas.edu:443/collections/individual/index.php?occid=1396268,StillImage,Photograph,image/jpeg,en
1396269,https://prc-symbiota.tacc.utexas.edu:443/symbiota/prc/images/_LL/LL00352897_lg.jpg,https://prc-symbiota.tacc.utexas.edu:443/symbiota/prc/images/_LL/LL00352897_lg.jpg,https://prc-symbiota.tacc.utexas.edu:443/symbiota/prc/images/_LL/LL00352897_tn.jpg,https://prc-symbiota.tacc.utexas.edu:443/symbiota/prc/images/_LL/LL00352897.jpg,,"Lundell Herbarium (PRC-LL)","CC0 1.0 (Public-domain)",http://creativecommons.org/publicdomain/zero/1.0/,,,urn:uuid:6c85d9ea-184d-4b6e-88a5-02385435094d,"2015-08-28 10:53:40",https://prc-symbiota.tacc.utexas.edu:443/collections/individual/index.php?occid=1396269,StillImage,Photograph,image/jpeg,en
1396270,https://prc-symbiota.tacc.utexas.edu:443/symbiota/prc/images/_LL/LL00352898_lg.jpg,https://prc-symbiota.tacc.utexas.edu:443/symbiota/prc/images/_LL/LL00352898_lg.jpg,https://prc-symbiota.tacc.utexas.edu:443/symbiota/prc/images/_LL/LL00352898_tn.jpg,https://prc-symbiota.tacc.utexas.edu:443/symbiota/prc/images/_LL/LL00352898.jpg,,"Lundell Herbarium (PRC-LL)","CC0 1.0 (Public-domain)",http://creativecommons.org/publicdomain/zero/1.0/,,,urn:uuid:a32d8e98-f545-4b22-943a-4b42497e1f33,"2015-08-28 03:16:32",https://prc-symbiota.tacc.utexas.edu:443/collections/individual/index.php?occid=1396270,StillImage,Photograph,image/jpeg,en
1396300,https://prc-symbiota.tacc.utexas.edu:443/symbiota/prc/images/_LL/LL00352997_lg.jpg,https://prc-symbiota.tacc.utexas.edu:443/symbiota/prc/images/_LL/LL00352997_lg.jpg,https://prc-symbiota.tacc.utexas.edu:443/symbiota/prc/images/_LL/LL00352997_tn.jpg,https://prc-symbiota.tacc.utexas.edu:443/symbiota/prc/images/_LL/LL00352997.jpg,,"Lundell Herbarium (PRC-LL)","CC0 1.0 (Public-domain)",http://creativecommons.org/publicdomain/zero/1.0/,,,urn:uuid:da8525e0-091a-4082-b979-97d4eaa89466,"2015-08-28 21:48:57",https://prc-symbiota.tacc.utexas.edu:443/collections/individual/index.php?occid=1396300,StillImage,Photograph,image/jpeg,en
1396301,https://prc-symbiota.tacc.utexas.edu:443/symbiota/prc/images/_LL/LL00359001_lg.jpg,https://prc-symbiota.tacc.utexas.edu:443/symbiota/prc/images/_LL/LL00359001_lg.jpg,https://prc-symbiota.tacc.utexas.edu:443/symbiota/prc/images/_LL/LL00359001_tn.jpg,https://prc-symbiota.tacc.utexas.edu:443/symbiota/prc/images/_LL/LL00359001.jpg,,"Lundell Herbarium (PRC-LL)","CC0 1.0 (Public-domain)",http://creativecommons.org/publicdomain/zero/1.0/,,,urn:uuid:5150719a-f1ae-4a4e-a3b8-6af0b1012fb0,"2015-08-29 02:47:35",https://prc-symbiota.tacc.utexas.edu:443/collections/individual/index.php?occid=1396301,StillImage,Photograph,image/jpeg,en
1396302,https://prc-symbiota.tacc.utexas.edu:443/symbiota/prc/images/_LL/LL00359003_lg.jpg,https://prc-symbiota.tacc.utexas.edu:443/symbiota/prc/images/_LL/LL00359003_lg.jpg,https://prc-symbiota.tacc.utexas.edu:443/symbiota/prc/images/_LL/LL00359003_tn.jpg,https://prc-symbiota.tacc.utexas.edu:443/symbiota/prc/images/_LL/LL00359003.jpg,,"Lundell Herbarium (PRC-LL)","CC0 1.0 (Public-domain)",http://creativecommons.org/publicdomain/zero/1.0/,,,urn:uuid:80597f2e-d9a8-4db7-ab5a-21347b9b2dec,"2015-08-28 23:29:48",https://prc-symbiota.tacc.utexas.edu:443/collections/individual/index.php?occid=1396302,StillImage,Photograph,image/jpeg,en
1396303,https://prc-symbiota.tacc.utexas.edu:443/symbiota/prc/images/_LL/LL00359011_lg.jpg,https://prc-symbiota.tacc.utexas.edu:443/symbiota/prc/images/_LL/LL00359011_lg.jpg,https://prc-symbiota.tacc.utexas.edu:443/symbiota/prc/images/_LL/LL00359011_tn.jpg,https://prc-symbiota.tacc.utexas.edu:443/symbiota/prc/images/_LL/LL00359011.jpg,,"Lundell Herbarium (PRC-LL)","CC0 1.0 (Public-domain)",http://creativecommons.org/publicdomain/zero/1.0/,,,urn:uuid:745f9dec-7afb-4aa5-b4d9-ecddda905adb,"2015-08-28 17:52:42",https://prc-symbiota.tacc.utexas.edu:443/collections/individual/index.php?occid=1396303,StillImage,Photograph,image/jpeg,en
1396304,https://prc-symbiota.tacc.utexas.edu:443/symbiota/prc/images/_LL/LL00359012_lg.jpg,https://prc-symbiota.tacc.utexas.edu:443/symbiota/prc/images/_LL/LL00359012_lg.jpg,https://prc-symbiota.tacc.utexas.edu:443/symbiota/prc/images/_LL/LL00359012_tn.jpg,https://prc-symbiota.tacc.utexas.edu:443/symbiota/prc/images/_LL/LL00359012.jpg,,"Lundell Herbarium (PRC-LL)","CC0 1.0 (Public-domain)",http://creativecommons.org/publicdomain/zero/1.0/,,,urn:uuid:bb476a9e-3522-4b89-bfb1-22596002ad39,"2015-08-28 22:53:05",https://prc-symbiota.tacc.utexas.edu:443/collections/individual/index.php?occid=1396304,StillImage,Photograph,image/jpeg,en
