id,institutionCode,collectionCode,basisOfRecord,occurrenceID,catalogNumber,otherCatalogNumbers,kingdom,phylum,class,order,family,scientificName,scientificNameAuthorship,genus,specificEpithet,taxonRank,infraspecificEpithet,identifiedBy,dateIdentified,identificationReferences,identificationRemarks,taxonRemarks,identificationQualifier,typeStatus,recordedBy,recordedByID,associatedCollectors,recordNumber,eventDate,year,month,day,startDayOfYear,endDayOfYear,verbatimEventDate,occurrenceRemarks,habitat,substrate,verbatimAttributes,fieldNumber,informationWithheld,dataGeneralizations,dynamicProperties,associatedTaxa,reproductiveCondition,establishmentMeans,cultivationStatus,lifeStage,sex,individualCount,samplingProtocol,samplingEffort,preparations,country,stateProvince,county,municipality,locality,locationRemarks,localitySecurity,localitySecurityReason,decimalLatitude,decimalLongitude,geodeticDatum,coordinateUncertaintyInMeters,footprintWKT,verbatimCoordinates,georeferencedBy,georeferenceProtocol,georeferenceSources,georeferenceVerificationStatus,georeferenceRemarks,minimumElevationInMeters,maximumElevationInMeters,minimumDepthInMeters,maximumDepthInMeters,verbatimDepth,verbatimElevation,disposition,language,recordEnteredBy,modified,sourcePrimaryKey,collId,recordId,references
1196485,PRC,TEX,PreservedSpecimen,urn:uuid:d75159bc-f088-4600-aec5-ff5e49cd219a,TEX00283408,,Plantae,Magnoliophyta,Magnoliopsida,Rosales,Grossulariaceae,"Itea virginica",L.,Itea,virginica,,,"B. L. Turner",,,,,,,"James A. Mears",,,1437,1967-04-07,1967,4,7,97,,,,"Common in thicket. With Cornus, Senecio, Alnus.",,,,,,,,flowering=early,,0,,,,,,,"United States",Texas,Robertson,,"N part of Smith farm about 0.8 mi N of Meadows Grocery, which is about 7.8 mi ESE of New Baden.",,0,,,,,,,,,,,,,,,,,,,,,,"2015-08-10 13:58:05",TEX00283408,1,urn:uuid:d75159bc-f088-4600-aec5-ff5e49cd219a,https://prc-symbiota.tacc.utexas.edu:443/collections/individual/index.php?occid=1196485
1196486,PRC,TEX,PreservedSpecimen,urn:uuid:fe6e9a9a-90bc-4c07-b8ca-abdebf8512c2,TEX00283409,,Plantae,Magnoliophyta,Magnoliopsida,Rosales,Grossulariaceae,"Itea virginica",L.,Itea,virginica,,,"B. L. Turner",,,,,,,"C. L. York",,,s.n.,1939-09-00,1939,9,0,,,"Sept. 1939",,,,,,,,,,fruiting=late,,0,,,,,,,"United States",Texas,Gregg,,"Gregg Co.",,0,,,,,,,,,,,,,,,,,,,,,,"2015-08-10 13:58:05",TEX00283409,1,urn:uuid:fe6e9a9a-90bc-4c07-b8ca-abdebf8512c2,https://prc-symbiota.tacc.utexas.edu:443/collections/individual/index.php?occid=1196486
1196487,PRC,TEX,PreservedSpecimen,urn:uuid:d8b78ee0-5a51-4127-9dab-e5c580ce86f2,TEX00283410,,Plantae,Magnoliophyta,Magnoliopsida,Rosales,Grossulariaceae,"Itea virginica",L.,Itea,virginica,,,"B. L. Turner",,,,,,,"W. C. Holmes & J. R. Singhurst",,,9989,1999-05-12,1999,5,12,132,,,,"Shrub 1.5 m; fls white.",,,,,,,,flowering=early,,0,,,,,,,"United States",Texas,Marion,,"TX Hwy 43 at Mill Creek, ca. 12 mi NE of Jefferson.",,0,,,,,,,,,,,,,,,,,,,,,,"2015-08-10 13:58:05",TEX00283410,1,urn:uuid:d8b78ee0-5a51-4127-9dab-e5c580ce86f2,https://prc-symbiota.tacc.utexas.edu:443/collections/individual/index.php?occid=1196487
1196488,PRC,TEX,PreservedSpecimen,urn:uuid:b7963e10-28c7-4000-8827-f44bf7124f03,TEX00283414,,Plantae,Magnoliophyta,Magnoliopsida,Rosales,Grossulariaceae,"Itea virginica",L.,Itea,virginica,,,"B. L. Turner",,,,,,,"Rogers McVaugh",,,8422,1947-05-22,1947,5,22,142,,,,"Abundant. Shrub 2 m high; flowers white.",,,,,,,,"flowering + fruting=mid",,0,,,,,,,"United States",Texas,Shelby,,"Sandy sphagnous swamp along small brook 9.5 miles southwest of Center.",,0,,,,,,,,,,,,,,,,,,,,,,"2015-08-10 13:58:05",TEX00283414,1,urn:uuid:b7963e10-28c7-4000-8827-f44bf7124f03,https://prc-symbiota.tacc.utexas.edu:443/collections/individual/index.php?occid=1196488
1196489,PRC,TEX,PreservedSpecimen,urn:uuid:946952be-ca2a-4d18-8ce0-1fca65338106,TEX00283417,,Plantae,Magnoliophyta,Magnoliopsida,Rosales,Grossulariaceae,"Itea virginica",L.,Itea,virginica,,,"B. L. Turner",,,,,,,"Rogers McVaugh",,,8422,1947-05-22,1947,5,22,142,,,,"Abundant. Shrub 2 m high. Flowers white.",,,,,,,,flowering=early,,0,,,,,,,"United States",Texas,Shelby,,"Sandy sphagnous swamp along small brook 9.5 mi SW of Center.",,0,,,,,,,,,,,,,,,,,,,,,,"2015-08-10 13:58:05",TEX00283417,1,urn:uuid:946952be-ca2a-4d18-8ce0-1fca65338106,https://prc-symbiota.tacc.utexas.edu:443/collections/individual/index.php?occid=1196489
1196490,PRC,TEX,PreservedSpecimen,urn:uuid:7630b3a7-001f-4bb2-94e1-ad5de6cdd336,TEX00283419,,Plantae,Magnoliophyta,Magnoliopsida,Rosales,Grossulariaceae,"Itea virginica",L.,Itea,virginica,,,"B. L. Turner",,,,,,,"W. R. Carr with M. Gallyoun",,,17350,1998-04-09,1998,4,9,99,,,,"Shrub to 2 m tall. Occasional in shade of Taxodium distichum and Nyssa aquatica. Other associates include Polygonum amphibium, Sparganium sp., Hypericum (Triadenum) sp., Carex intumescens.",,,,,,,,fruiting=late,,0,,,,,,,"United States",Texas,Tyler,,"BigThicket National Preserve, Big Sandy Unit. On N shoreline of large natural pond on NE side of Big Sandy Creek floodplain, S side of E-W stretch of 4WD forest road-horse trail, 2.7 roadmiles S of gate at equestrian area along Sunflower Rd., ca. 2.1 airmiles ENE of jct. FM 943 and FM 2798 at Segno. Segno Quadrangle. Elev. 160 ft.",,0,,30.590278,-94.661667,,,,"30d 35m 25s N; 94d 39m 42s",,"1=present on sheet",,,,,,,,,,,,,"2015-08-10 13:58:05",TEX00283419,1,urn:uuid:7630b3a7-001f-4bb2-94e1-ad5de6cdd336,https://prc-symbiota.tacc.utexas.edu:443/collections/individual/index.php?occid=1196490
1196491,PRC,TEX,PreservedSpecimen,urn:uuid:dd6aced4-f2d8-4d64-a8af-93c3c2370c8f,TEX00283424,,Plantae,Magnoliophyta,Magnoliopsida,Rosales,Grossulariaceae,"Itea virginica",L.,Itea,virginica,,,"B. L. Turner",,,,,,,"M. S. Young",,,s.n.,1914-04-18,1914,4,18,108,,,,"Cypress swamp.",,,,,,,,flowering=early,,0,,,,,,,"United States",Texas,Liberty,,Dolen.,,0,,,,,,,,,,,,,,,,,,,,,,"2015-08-10 13:58:06",TEX00283424,1,urn:uuid:dd6aced4-f2d8-4d64-a8af-93c3c2370c8f,https://prc-symbiota.tacc.utexas.edu:443/collections/individual/index.php?occid=1196491
1196492,PRC,TEX,PreservedSpecimen,urn:uuid:562d70cf-36ce-49f7-9f8a-06f72da58d2a,TEX00283425,,Plantae,Magnoliophyta,Magnoliopsida,Rosales,Grossulariaceae,"Itea virginica",L.,Itea,virginica,,,"B. L. Turner",,,,,,,"B. C. Tharp",,,s.n.,1932-08-28,1932,8,28,241,,,,,,,,,,,,fruiting=late,,0,,,,,,,"United States",Texas,Jefferson,,Fannett.,,0,,,,,,,,,,,,,,,,,,,,,,"2015-08-10 13:58:06",TEX00283425,1,urn:uuid:562d70cf-36ce-49f7-9f8a-06f72da58d2a,https://prc-symbiota.tacc.utexas.edu:443/collections/individual/index.php?occid=1196492
1196526,PRC,TEX,PreservedSpecimen,urn:uuid:612521eb-192f-4834-8ba9-556405db56db,TEX00283469,,Plantae,Magnoliophyta,Magnoliopsida,Rosales,Grossulariaceae,"Ribes aureum",Pursh,Ribes,aureum,,,"B. L. Turner",,,,,,,"Douglas C. Ingram",,,2396,1929-03-26,1929,3,26,85,,,,"N slope. Soil rocky. Canon. Only place observed to date.",,,,,,,,sterile,,0,,,,,,,"United States",Texas,Presidio,,"Bogle Ranch, 16 mi. S of Marfa. Elev. 4500 ft.",,0,,,,,,,,,,,,,,,,,,,,,,"2015-08-10 13:58:25",TEX00283469,1,urn:uuid:612521eb-192f-4834-8ba9-556405db56db,https://prc-symbiota.tacc.utexas.edu:443/collections/individual/index.php?occid=1196526
1196527,PRC,TEX,PreservedSpecimen,urn:uuid:240865c1-2795-4f8c-977d-3cba49bb8b34,TEX00283470,,Plantae,Magnoliophyta,Magnoliopsida,Rosales,Grossulariaceae,"Ribes curvatum",Small,Ribes,curvatum,,,"B. L. Turner",,,,,,,"B. C. Tharp",,,s.n.,1935-03-29,1935,3,29,88,,,,,,,,,,,,flowering=early,,0,,,,,,,"United States",Texas,Walker,,Huntsville.,,0,,,,,,,,,,,,,,,,,,,,,,"2015-08-10 13:58:25",TEX00283470,1,urn:uuid:240865c1-2795-4f8c-977d-3cba49bb8b34,https://prc-symbiota.tacc.utexas.edu:443/collections/individual/index.php?occid=1196527
1196528,PRC,TEX,PreservedSpecimen,urn:uuid:918ae2cc-6445-4af6-ba89-2a17774b395d,TEX00283471,,Plantae,Magnoliophyta,Magnoliopsida,Rosales,Grossulariaceae,"Ribes curvatum",Small,Ribes,curvatum,,,"B. L. Turner",,,,,,,"Steve L. Orzell & Edwin L. Bridges",,,9258,1989-04-12,1989,4,12,102,,,,"Mesic hardwood ravine forest. Geology - Wilcox group undivided (Eocene).",,,,,,,,sterile,,0,,,,,,,"United States",Texas,Shelby,,"E of FM 2261, ca. 0.3 air mi ESE of jct FS Rd in East Hamilton, on slopes above unnamed tributary of Sabine River flooded by Toledo Bend Reservoir, East Hamilton 7.5' Quad., Sabine NF. Elev. 180 - 200 ft.",,0,,31.602778,-93.843889,,,,"31d 36m 10s N; 93d 50m 38s",,"1=present on sheet",,,,,,,,,,,,,"2015-08-10 13:58:25",TEX00283471,1,urn:uuid:918ae2cc-6445-4af6-ba89-2a17774b395d,https://prc-symbiota.tacc.utexas.edu:443/collections/individual/index.php?occid=1196528
1196529,PRC,TEX,PreservedSpecimen,urn:uuid:ce352265-8176-4e33-b610-1c79a44a1f9a,TEX00283473,,Plantae,Magnoliophyta,Magnoliopsida,Rosales,Grossulariaceae,"Ribes curvatum",Small,Ribes,curvatum,,,"B. L. Turner",,,,,,,"E. G. Marsh, Jr.",,,55,1951-04-17,1951,4,17,107,,,,,,,,,,,,flowering=early,,0,,,,,,,"United States",Texas,Anderson,,"Gus Engeling Wildlife Management Area 6 mi NW Tennessee Colony.",,0,,,,,,,,,,,,,,,,,,,,,,"2015-08-10 13:58:25",TEX00283473,1,urn:uuid:ce352265-8176-4e33-b610-1c79a44a1f9a,https://prc-symbiota.tacc.utexas.edu:443/collections/individual/index.php?occid=1196529
1196530,PRC,TEX,PreservedSpecimen,urn:uuid:370719d5-bdcb-461a-af5a-df31b0835b22,TEX00283474,,Plantae,Magnoliophyta,Magnoliopsida,Rosales,Grossulariaceae,"Ribes curvatum",Small,Ribes,curvatum,,,"B. L. Turner",,,,,,,"Marguerite Riedel",,,44-20,1944-04-05,1944,4,5,96,,,,,,,,,,,,flowering=early,,0,,,,,,,"United States",Texas,Rusk,,Henderson.,,0,,,,,,,,,,,,,,,,,,,,,,"2015-08-10 13:58:26",TEX00283474,1,urn:uuid:370719d5-bdcb-461a-af5a-df31b0835b22,https://prc-symbiota.tacc.utexas.edu:443/collections/individual/index.php?occid=1196530
1196531,PRC,TEX,PreservedSpecimen,urn:uuid:c8f453d8-1911-45b8-859c-b59f45a55cf4,TEX00283476,,Plantae,Magnoliophyta,Magnoliopsida,Rosales,Grossulariaceae,"Ribes mescalerium",Coville,Ribes,mescalerium,,,"B. L. Turner",,,,,,,"Barton H. Warnock & L. C. Hinckley",,,46828,1946-11-10,1946,11,10,314,,,,"Infrequent. Limestone soil.",,,,,,,,sterile,,0,,,,,,,"United States",Texas,Presidio,,"On north slopes of Cibolo Creek. Near Cieniguita, 10 mi. northwest of Shafter. Elev. 4500 ft.p",,0,,,,,,,,,,,,,,,,,,,,,,"2015-08-10 13:58:26",TEX00283476,1,urn:uuid:c8f453d8-1911-45b8-859c-b59f45a55cf4,https://prc-symbiota.tacc.utexas.edu:443/collections/individual/index.php?occid=1196531
1196532,PRC,TEX,PreservedSpecimen,urn:uuid:935fa0ed-2b4c-4f31-a384-e6dd8beba501,TEX00283477,,Plantae,Magnoliophyta,Magnoliopsida,Rosales,Grossulariaceae,"Ribes mescalerium",Coville,Ribes,mescalerium,,,"B. L. Turner",,,,,,,"T. L. Burgess",,,3374,1975-06-01,1975,6,1,152,,,,"Scarce. Ca. 1 m tall. With Fendlera rupicola, Pinus strobiformis, Ostrya knowltonii, Quercus gambelii, and Pseudotsuga menziesii woodland. Bracts and hypanthium intermediate between R. mescalerium and R. inebrians Lindl.",,,,,,,,flowering=early,,0,,,,,,,"United States",Texas,Culberson,,"Guadalupe Mountains National Park. South McKittrick Canyon below burned cabin. 1.8 km N, 1.5 km E summit Lost Peak. Dry streambed at mouth of small canyon. Elev. 7050 ft.",,0,,,,,,,,,,,,,,,,,,,,,,"2015-08-10 13:58:26",TEX00283477,1,urn:uuid:935fa0ed-2b4c-4f31-a384-e6dd8beba501,https://prc-symbiota.tacc.utexas.edu:443/collections/individual/index.php?occid=1196532
1196533,PRC,TEX,PreservedSpecimen,urn:uuid:a5488d11-875c-4a04-a96a-6f62048f331f,TEX00283478,,Plantae,Magnoliophyta,Magnoliopsida,Rosales,Grossulariaceae,"Ribes odoratum","H. Wendl.",Ribes,odoratum,,,"B. L. Turner",,,,,,,"Chester M. Rowell, Jr.",,,5491,1957-07-20,1957,7,20,201,,,,"Sandy loam. Shrubs to 4 ft. in dense stands along creek banks.",,,,,,,,fruiting=late,,0,,,,,,,"United States",Texas,Randall,,"Canyon City Country Club. Along small stream in area.",,0,,,,,,,,,,,,,,,,,,,,,,"2015-08-10 13:58:26",TEX00283478,1,urn:uuid:a5488d11-875c-4a04-a96a-6f62048f331f,https://prc-symbiota.tacc.utexas.edu:443/collections/individual/index.php?occid=1196533
1196534,PRC,TEX,PreservedSpecimen,urn:uuid:9ffc0bcf-52ca-43b7-929a-ae4aea804e38,TEX00283480,,Plantae,Magnoliophyta,Magnoliopsida,Rosales,Grossulariaceae,"Ribes odoratum","H. Wendl.",Ribes,odoratum,,,"B. L. Turner",,,,,,,"Chester M. Rowell, Jr.",,,5792,1958-07-03,1958,7,3,184,,,,"Occasional shrubs in moist areas.",,,,,,,,sterile,,0,,,,,,,"United States",Texas,Hartley,,"Adjacent to Jarvis Springs, Malcom Shelton Ranch ca. 60 miles southwest of Dalhart.",,0,,,,,,,,,,,,,,,,,,,,,,"2015-08-10 13:58:26",TEX00283480,1,urn:uuid:9ffc0bcf-52ca-43b7-929a-ae4aea804e38,https://prc-symbiota.tacc.utexas.edu:443/collections/individual/index.php?occid=1196534
1196535,PRC,TEX,PreservedSpecimen,urn:uuid:47b4bd1e-96ba-46c6-a0c2-9d54fce9071e,TEX00283481,,Plantae,Magnoliophyta,Magnoliopsida,Rosales,Grossulariaceae,"Ribes odoratum","H. Wendl.",Ribes,odoratum,,,"B. L. Turner",,,,,,,"Mrs. Hutchinson",,,s.n.,1920-04-01,1920,4,1,92,,,,,,,,,,,,flowering=early,,0,,,,,,,"United States",Texas,"Tom Green",,"San Angelo.",,0,,,,,,,,,,,,,,,,,,,,,,"2015-08-10 13:58:26",TEX00283481,1,urn:uuid:47b4bd1e-96ba-46c6-a0c2-9d54fce9071e,https://prc-symbiota.tacc.utexas.edu:443/collections/individual/index.php?occid=1196535
1196536,PRC,TEX,PreservedSpecimen,urn:uuid:77b4819d-7a26-46a4-ba3f-3fd8948cc719,TEX00283482,,Plantae,Magnoliophyta,Magnoliopsida,Rosales,Grossulariaceae,"Ribes odoratum","H. Wendl.",Ribes,odoratum,,,"B. L. Turner",,,,,,,"E. J. Palmer",,,12417,1917-07-04,1917,7,4,185,,,,"Woods along creek.",,,,,,,,sterile,,0,,,,,,,"United States",Texas,Irion,,Mertzon.,,0,,,,,,,,,,,,,,,,,,,,,,"2015-08-10 13:58:26",TEX00283482,1,urn:uuid:77b4819d-7a26-46a4-ba3f-3fd8948cc719,https://prc-symbiota.tacc.utexas.edu:443/collections/individual/index.php?occid=1196536
1196537,PRC,TEX,PreservedSpecimen,urn:uuid:ad859ac6-5b01-4559-8bed-f5f1e1551397,TEX00283484,,Plantae,Magnoliophyta,Magnoliopsida,Rosales,Grossulariaceae,"Ribes odoratum","H. Wendl.",Ribes,odoratum,,,"B. L. Turner",,,,,,,"D. Demaree",,,7469,1930-04-06,1930,4,6,96,,,,,,,,,,,,flowering=early,,0,,,,,,,"United States",Texas,Lubbock,,"Bolls Ranch 10 miles SE of Lubbock.",,0,,,,,,,,,,,,,,,,,,,,,,"2015-08-10 13:58:26",TEX00283484,1,urn:uuid:ad859ac6-5b01-4559-8bed-f5f1e1551397,https://prc-symbiota.tacc.utexas.edu:443/collections/individual/index.php?occid=1196537
1200676,PRC,TEX,PreservedSpecimen,urn:uuid:05ba6322-6e24-4b2c-ad33-7a4692bbc59a,TEX00290509,,Plantae,Magnoliophyta,Magnoliopsida,Rosales,Grossulariaceae,"Ribes aureum",Pursh,Ribes,aureum,,,"B. L. Turner",,,,,,,"Barton H. Warnock",,,8404,1949-04-15,1949,4,15,105,,,,"Infrequent, glabrous (probably due to age), low shrub.",,,,,,,,"flowering + fruiting=mid",,0,,,,,,,"United States",Texas,BREWSTER,,"On branch creek of Calamity, 20 miles south of Alpine, north slopes. Elev. 4350 ft.",,0,,,,,,,,,,,,,,,,,,,,,,"2015-08-10 14:17:57",TEX00290509,1,urn:uuid:05ba6322-6e24-4b2c-ad33-7a4692bbc59a,https://prc-symbiota.tacc.utexas.edu:443/collections/individual/index.php?occid=1200676
1242447,PRC,TEX,PreservedSpecimen,urn:uuid:6b4f4025-e6ce-4bc7-adb9-464b5e14d41d,TEX00352871,,Plantae,Magnoliophyta,Magnoliopsida,Rosales,Grossulariaceae,"Itea virginica",L.,Itea,virginica,,,"B. L. Turner",,,,,,,"Mrs. J. L. Hooks",,,s.n.,1934-05-30,1934,5,30,150,,,,,,,,,,,,flowering=early,,0,,,,,,,"United States",Texas,Jefferson,,Beaumont.,,0,,,,,,,,,,,,,,,,,,,,,,"2015-08-10 17:29:29",TEX00352871,1,urn:uuid:6b4f4025-e6ce-4bc7-adb9-464b5e14d41d,https://prc-symbiota.tacc.utexas.edu:443/collections/individual/index.php?occid=1242447
1242448,PRC,TEX,PreservedSpecimen,urn:uuid:180adedf-60ea-4921-be73-f04b58ef6bf3,TEX00352874,,Plantae,Magnoliophyta,Magnoliopsida,Rosales,Grossulariaceae,"Itea virginica",L.,Itea,virginica,,,"B. L. Turner",,,,,,,"B. C. Tharp, B. L. Turner and Marshall C. Johnston",,,54935,1954-06-02,1954,6,2,153,,,,"Severely cutover longleaf pine of ""crayfish flat"" with much myrtle and sweetgum shrubbery. Flowers white.",,,,,,,,"flowering + fruiting=mid",,0,,,,,,,"United States",Texas,Hardin,,"Six miles southwest of Kountze on the road to Saratoga.",,0,,,,,,,,,,,,,,,,,,,,,,"2015-08-10 17:29:29",TEX00352874,1,urn:uuid:180adedf-60ea-4921-be73-f04b58ef6bf3,https://prc-symbiota.tacc.utexas.edu:443/collections/individual/index.php?occid=1242448
1242449,PRC,TEX,PreservedSpecimen,urn:uuid:70cc2fac-f189-42c2-ada3-51b40a633fc4,TEX00352875,,Plantae,Magnoliophyta,Magnoliopsida,Rosales,Grossulariaceae,"Itea virginica",L.,Itea,virginica,,,"B. L. Turner",,,,,,,"B. Thompson & B. Turner",,,94,1958-05-17,1958,5,17,137,,,,"Sterile soil on large sand dune.",,,,,,,,"flowering + fruiting=mid",,0,,,,,,,"United States",Texas,Hardin,,"4 miles west of Silsbee on Hwy. 327.",,0,,,,,,,,,,,,,,,,,,,,,,"2015-08-10 17:29:29",TEX00352875,1,urn:uuid:70cc2fac-f189-42c2-ada3-51b40a633fc4,https://prc-symbiota.tacc.utexas.edu:443/collections/individual/index.php?occid=1242449
1242450,PRC,TEX,PreservedSpecimen,urn:uuid:368793ac-8798-41b6-8d8d-f1475ed74497,TEX00352876,,Plantae,Magnoliophyta,Magnoliopsida,Rosales,Grossulariaceae,"Itea virginica",L.,Itea,virginica,,,"B. L. Turner",,,,,,,"Mrs. J. L. Hooks",,,s.n.,1930-05-05,1930,5,5,125,,,,,,,,,,,,flowering=early,,0,,,,,,,"United States",Texas,Hardin,,"Hardin County.",,0,,,,,,,,,,,,,,,,,,,,,,"2015-08-10 17:29:29",TEX00352876,1,urn:uuid:368793ac-8798-41b6-8d8d-f1475ed74497,https://prc-symbiota.tacc.utexas.edu:443/collections/individual/index.php?occid=1242450
1242451,PRC,TEX,PreservedSpecimen,urn:uuid:d1a81463-8903-4dec-bf69-09960849e39d,TEX00352877,,Plantae,Magnoliophyta,Magnoliopsida,Rosales,Grossulariaceae,"Itea virginica",L.,Itea,virginica,,,"B. L. Turner",,,,,,,"B. C. Tharp",,,s.n.,1929-07-20,1929,7,20,201,,,,,,,,,,,,fruiting=late,,0,,,,,,,"United States",Texas,Hardin,,"Sour Lake.",,0,,,,,,,,,,,,,,,,,,,,,,"2015-08-10 17:29:29",TEX00352877,1,urn:uuid:d1a81463-8903-4dec-bf69-09960849e39d,https://prc-symbiota.tacc.utexas.edu:443/collections/individual/index.php?occid=1242451
1242452,PRC,TEX,PreservedSpecimen,urn:uuid:97d4152a-2822-480f-94d8-029b8b960220,TEX00352878,,Plantae,Magnoliophyta,Magnoliopsida,Rosales,Grossulariaceae,"Itea virginica",L.,Itea,virginica,,,"B. L. Turner",,,,,,,"L. J. Dorr, K. C. Nixon & M. C. Johnston",,,2183,1982-04-18,1982,4,18,108,,,,,,,,,,,,"flowering + fruiting=mid",,0,,,,,,,"United States",Texas,Polk,,"Near Menard Creek, Big Sandy Section, Big Thicket National Preserve, W of Segno.",,0,,,,,,,,,,,,,,,,,,,,,,"2015-08-10 17:29:29",TEX00352878,1,urn:uuid:97d4152a-2822-480f-94d8-029b8b960220,https://prc-symbiota.tacc.utexas.edu:443/collections/individual/index.php?occid=1242452
1242453,PRC,TEX,PreservedSpecimen,urn:uuid:63e33579-45a3-4e99-ace7-69bd6717b5eb,TEX00352879,,Plantae,Magnoliophyta,Magnoliopsida,Rosales,Grossulariaceae,"Itea virginica",L.,Itea,virginica,,,"B. L. Turner",,,,,,,"L. J. Dorr, J. Folsom & J. Mauseth",,,1893,1980-08-31,1980,8,31,244,,,,Woods.,,,,,,,,fruiting=late,,0,,,,,,,"United States",Texas,Polk,,"Big Sandy Section, Big Thicket National Preserve, W of Dallardsville.",,0,,,,,,,,,,,,,,,,,,,,,,"2015-08-10 17:29:29",TEX00352879,1,urn:uuid:63e33579-45a3-4e99-ace7-69bd6717b5eb,https://prc-symbiota.tacc.utexas.edu:443/collections/individual/index.php?occid=1242453
1242454,PRC,TEX,PreservedSpecimen,urn:uuid:d28d2386-4923-4b86-962f-239d29ab333a,TEX00352880,,Plantae,Magnoliophyta,Magnoliopsida,Rosales,Grossulariaceae,"Itea virginica",L.,Itea,virginica,,,"B. L. Turner",,,,,,,"B. C. Tharp",,,42-1,1942-05-15,1942,5,15,135,,,,,,,,,,,,"flowering + fruiting=mid",,0,,,,,,,"United States",Texas,Polk,,"Polk County.",,0,,,,,,,,,,,,,,,,,,,,,,"2015-08-10 17:29:30",TEX00352880,1,urn:uuid:d28d2386-4923-4b86-962f-239d29ab333a,https://prc-symbiota.tacc.utexas.edu:443/collections/individual/index.php?occid=1242454
1242455,PRC,TEX,PreservedSpecimen,urn:uuid:c1c33003-12df-4bdc-8f67-7b3a408541f5,TEX00352881,,Plantae,Magnoliophyta,Magnoliopsida,Rosales,Grossulariaceae,"Itea virginica",L.,Itea,virginica,,,"B. L. Turner",,,,,,,"B. C. Tharp",,,47340,1947-06-20,1947,6,20,171,,,,,,,,,,,,flowering=early,,0,,,,,,,"United States",Texas,Tyler,,"Tyler County.",,0,,,,,,,,,,,,,,,,,,,,,,"2015-08-10 17:29:30",TEX00352881,1,urn:uuid:c1c33003-12df-4bdc-8f67-7b3a408541f5,https://prc-symbiota.tacc.utexas.edu:443/collections/individual/index.php?occid=1242455
1242456,PRC,TEX,PreservedSpecimen,urn:uuid:28a1c513-f198-437a-9f99-7093cd9c9978,TEX00352882,,Plantae,Magnoliophyta,Magnoliopsida,Rosales,Grossulariaceae,"Itea virginica",L.,Itea,virginica,,,"B. L. Turner",,,,,,,"Paul A. Fryxell",,,3743,1982-04-26,1982,4,26,116,,,,"Shrub 1 m tall on edge of pond; flowers whitish.",,,,,,,,flowering=early,,0,,,,,,,"United States",Texas,Tyler,,"4 miles west of Woodville on Hwy. 90.",,0,,,,,,,,,,,,,,,,,,,,,,"2015-08-10 17:29:30",TEX00352882,1,urn:uuid:28a1c513-f198-437a-9f99-7093cd9c9978,https://prc-symbiota.tacc.utexas.edu:443/collections/individual/index.php?occid=1242456
1242457,PRC,TEX,PreservedSpecimen,urn:uuid:8861948e-5a37-4b4c-96ea-b3666a59aa6f,TEX00352888,,Plantae,Magnoliophyta,Magnoliopsida,Rosales,Grossulariaceae,"Itea virginica",L.,Itea,virginica,,,"B. L. Turner",,,,,,,"Roy Turner",,,s.n.,1964-05-02,1964,5,2,123,,,,,,,,,,,,fruiting=late,,0,,,,,,,"United States",Texas,Angelina,,"Boykin Bog, Angelina National Forest.",,0,,,,,,,,,,,,,,,,,,,,,,"2015-08-10 17:29:30",TEX00352888,1,urn:uuid:8861948e-5a37-4b4c-96ea-b3666a59aa6f,https://prc-symbiota.tacc.utexas.edu:443/collections/individual/index.php?occid=1242457
1242458,PRC,TEX,PreservedSpecimen,urn:uuid:0cad4d34-263a-4565-8f2f-11906dabbc20,TEX00352891,,Plantae,Magnoliophyta,Magnoliopsida,Rosales,Grossulariaceae,"Itea virginica",L.,Itea,virginica,,,"B. L. Turner",,,,,,,"Frank W. Gould",,,7513,1957-05-10,1957,5,10,130,,,,"Subshrub with white flowers, in shade of longleaf-loblolly pine forest.",,,,,,,,flowering=early,,0,,,,,,,"United States",Texas,Angelina,,"Boykin Springs Park, in National Forest, east of Zavalla.",,0,,,,,,,,,,,,,,,,,,,,,,"2015-08-10 17:29:30",TEX00352891,1,urn:uuid:0cad4d34-263a-4565-8f2f-11906dabbc20,https://prc-symbiota.tacc.utexas.edu:443/collections/individual/index.php?occid=1242458
1242459,PRC,TEX,PreservedSpecimen,urn:uuid:c199cdfe-2707-4ffa-9711-cadb67d30238,TEX00352893,,Plantae,Magnoliophyta,Magnoliopsida,Rosales,Grossulariaceae,"Itea virginica",L.,Itea,virginica,,,"B. L. Turner",,,,,,,"W. L. Bray",,,70,1899-04-18,1899,4,18,108,,,,"Small tree-like shrub.",,,,,,,,flowering=early,,0,,,,,,,"United States",Texas,Sabine,,"Sabine River.",,0,,,,,,,,,,,,,,,,,,,,,,"2015-08-10 17:29:30",TEX00352893,1,urn:uuid:c199cdfe-2707-4ffa-9711-cadb67d30238,https://prc-symbiota.tacc.utexas.edu:443/collections/individual/index.php?occid=1242459
1242460,PRC,TEX,PreservedSpecimen,urn:uuid:e82a7201-0e83-4a7e-afde-193e7be7fdc7,TEX00352894,,Plantae,Magnoliophyta,Magnoliopsida,Rosales,Grossulariaceae,"Itea virginica",L.,Itea,virginica,,,"B. L. Turner",,,,,,,"J. L. Strother",,,199,1965-05-09,1965,5,9,129,,,,"Low, wet area in pine-oak woods.",,,,,,,,"flowering + fruiting=mid",,0,,,,,,,"United States",Texas,"San Jacinto",,"Ca. 7 miles NNW of Cleveland on Texas highway 2025, in Sam Houston National Forest.",,0,,,,,,,,,,,,,,,,,,,,,,"2015-08-10 17:29:30",TEX00352894,1,urn:uuid:e82a7201-0e83-4a7e-afde-193e7be7fdc7,https://prc-symbiota.tacc.utexas.edu:443/collections/individual/index.php?occid=1242460
1242461,PRC,TEX,PreservedSpecimen,urn:uuid:7de63ba4-e9f5-4863-b147-3b79a4e2b5ee,TEX00352895,,Plantae,Magnoliophyta,Magnoliopsida,Rosales,Grossulariaceae,"Itea virginica",L.,Itea,virginica,,,"B. L. Turner",,,,,,,"Geo. L. Fisher",,,39119,1939-08-20,1939,8,20,232,,,,,,,,,,,,fruiting=late,,0,,,,,,,"United States",Texas,"San Jacinto",,"Cold Springs. Elev. 200 ft.",,0,,,,,,,,,,,,,,,,,,,,,,"2015-08-10 17:29:30",TEX00352895,1,urn:uuid:7de63ba4-e9f5-4863-b147-3b79a4e2b5ee,https://prc-symbiota.tacc.utexas.edu:443/collections/individual/index.php?occid=1242461
1242531,PRC,TEX,PreservedSpecimen,urn:uuid:8035f5ee-0fb8-4824-ae03-92032c1dad08,TEX00352998,,Plantae,Magnoliophyta,Magnoliopsida,Rosales,Grossulariaceae,"Ribes odoratum","H. Wendl.",Ribes,odoratum,,,"B. L. Turner",,,,,,,"Barton H. Warnock",,,44-11,1944-03-06,1944,3,6,66,,,,"Frequent on red sandy bluff.",,,,,,,,flowering=early,,0,,,,,,,"United States",Texas,Wichita,,"2 miles north of Burkburnett.",,0,,,,,,,,,,,,,,,,,,,,,,"2015-08-10 17:29:51",TEX00352998,1,urn:uuid:8035f5ee-0fb8-4824-ae03-92032c1dad08,https://prc-symbiota.tacc.utexas.edu:443/collections/individual/index.php?occid=1242531
1242532,PRC,TEX,PreservedSpecimen,urn:uuid:972213c7-70b7-48d7-9ee3-a4f130fde3cd,TEX00352999,,Plantae,Magnoliophyta,Magnoliopsida,Rosales,Grossulariaceae,"Ribes odoratum","H. Wendl.",Ribes,odoratum,,,"B. L. Turner",,,,,,,"Harde LeSueur",,,s.n.,1941-00-00,1941,0,0,,,"summer 1941",,,,,,,,,,sterile,,0,,,,,,,"United States",Texas,"Tom Green",,"San Angelo.",,0,,,,,,,,,,,,,,,,,,,,,,"2015-08-10 17:29:51",TEX00352999,1,urn:uuid:972213c7-70b7-48d7-9ee3-a4f130fde3cd,https://prc-symbiota.tacc.utexas.edu:443/collections/individual/index.php?occid=1242532
1242533,PRC,TEX,PreservedSpecimen,urn:uuid:4115a415-9a9d-44fc-8fab-bded03dcccf9,TEX00353000,,Plantae,Magnoliophyta,Magnoliopsida,Rosales,Grossulariaceae,"Ribes odoratum","H. Wendl.",Ribes,odoratum,,,"B. L. Turner",,,,,,,"E. J. Palmer",,,12542,1917-07-12,1917,7,12,193,,,,"Shaded sides of canyons.",,,,,,,,fruiting=late,,0,,,,,,,"United States",Texas,Randall,,Canyon.,,0,,,,,,,,,,,,,,,,,,,,,,"2015-08-10 17:29:51",TEX00353000,1,urn:uuid:4115a415-9a9d-44fc-8fab-bded03dcccf9,https://prc-symbiota.tacc.utexas.edu:443/collections/individual/index.php?occid=1242533
1242534,PRC,TEX,PreservedSpecimen,urn:uuid:b37b3271-0edc-4eca-99ba-7824fe240d3a,TEX00359002,,Plantae,Magnoliophyta,Magnoliopsida,Rosales,Grossulariaceae,"Ribes mescalerium",Coville,Ribes,mescalerium,,,"B. L. Turner",,,,,,,"Barton H. Warnock and Rogers McVaugh",,,5457,1947-05-03,1947,5,3,123,,,,"Infrequent among coniferous forest, limestone soil.",,,,,,,,sterile,,0,,,,,,,"United States",Texas,Culberson,,"In The Bowl, Guadalupe Mountains. Elev. 8000 ft.",,0,,,,,,,,,,,,,,,,,,,,,,"2015-08-10 17:29:51",TEX00359002,1,urn:uuid:b37b3271-0edc-4eca-99ba-7824fe240d3a,https://prc-symbiota.tacc.utexas.edu:443/collections/individual/index.php?occid=1242534
1242535,PRC,TEX,PreservedSpecimen,urn:uuid:60b9e990-3a73-4512-9867-90036b1c72d9,TEX00359004,,Plantae,Magnoliophyta,Magnoliopsida,Rosales,Grossulariaceae,"Ribes mescalerium",Coville,Ribes,mescalerium,,,Henrickson,,,,,,,"L. C. Hinckley",,,125,1934-10-13,1934,10,13,286,,,,,,,,,,,,sterile,,0,,,,,,,"United States",Texas,"Jeff Davis",,"West Canyon, Mt. Livermore.",,0,,,,,,,,,,,,,,,,,,,,,,"2015-08-10 17:29:51",TEX00359004,1,urn:uuid:60b9e990-3a73-4512-9867-90036b1c72d9,https://prc-symbiota.tacc.utexas.edu:443/collections/individual/index.php?occid=1242535
1242536,PRC,TEX,PreservedSpecimen,urn:uuid:0c2c4b3d-0509-4372-aa21-0049515e77d1,TEX00359005,,Plantae,Magnoliophyta,Magnoliopsida,Rosales,Grossulariaceae,"Ribes leptanthum",Gray,Ribes,leptanthum,,,"B. L. Turner",,,,,,,"L. C. Hinckley",,,296,,,,,,,May-37,,,,,,,,,,sterile,,0,,,,,,,"United States",Texas,"Jeff Davis",,"Mt. Livermore.",,0,,,,,,,,,,,,,,,,,,,,,,"2015-08-10 17:29:51",TEX00359005,1,urn:uuid:0c2c4b3d-0509-4372-aa21-0049515e77d1,https://prc-symbiota.tacc.utexas.edu:443/collections/individual/index.php?occid=1242536
1242537,PRC,TEX,PreservedSpecimen,urn:uuid:950e6e33-96ff-4ca3-ae81-3fca5f752017,TEX00359006,,Plantae,Magnoliophyta,Magnoliopsida,Rosales,Grossulariaceae,"Ribes leptanthum",Gray,Ribes,leptanthum,,,"B. L. Turner",,,,,,,"E. J. Palmer",,,31944,1926-10-04,1926,10,4,277,,,,"In deep rocky ravines.",,,,,,,,sterile,,0,,,,,,,"United States",Texas,"Jeff Davis",,"West side of Sawtooth Mountain, Davis Mountains. Elev. 1800 m.",,0,,,,,,,,,,,,,,,,,,,,,,"2015-08-10 17:29:51",TEX00359006,1,urn:uuid:950e6e33-96ff-4ca3-ae81-3fca5f752017,https://prc-symbiota.tacc.utexas.edu:443/collections/individual/index.php?occid=1242537
1242538,PRC,TEX,PreservedSpecimen,urn:uuid:ba9ee0ca-37af-4887-890f-c48a37f2bf4f,TEX00359007,,Plantae,Magnoliophyta,Magnoliopsida,Rosales,Grossulariaceae,"Ribes curvatum",Small,Ribes,curvatum,,,"B. L. Turner",,,,,,,"E. G. Marsh, Jr.",,,56-21,1956-07-30,1956,7,30,212,,,,,,,,,,,,fruiting=late,,0,,,,,,,"United States",Texas,Anderson,,"Engeling Area.",,0,,,,,,,,,,,,,,,,,,,,,,"2015-08-10 17:29:51",TEX00359007,1,urn:uuid:ba9ee0ca-37af-4887-890f-c48a37f2bf4f,https://prc-symbiota.tacc.utexas.edu:443/collections/individual/index.php?occid=1242538
1242539,PRC,TEX,PreservedSpecimen,urn:uuid:c12ef56f-9d6c-463b-9870-abd681b723d2,TEX00359008,,Plantae,Magnoliophyta,Magnoliopsida,Rosales,Grossulariaceae,"Ribes aureum",Pursh,Ribes,aureum,,,"B. L. Turner",,,,,,,"Johnston and Warnock",,,3758,1959-03-19,1959,3,19,78,,,,"Badly over-sheeped Alameda bottom. Infrequent shrubs in crevices, flowers yellow aging orange.",,,,,,,,flowering=early,,0,,,,,,,"United States",Texas,Presidio,,"Near San Esteban 10 miles air line due south of Marfa. Elev. 4300 ft.",,0,,,,,,,,,,,,,,,,,,,,,,"2015-08-10 17:29:51",TEX00359008,1,urn:uuid:c12ef56f-9d6c-463b-9870-abd681b723d2,https://prc-symbiota.tacc.utexas.edu:443/collections/individual/index.php?occid=1242539
1242540,PRC,TEX,PreservedSpecimen,urn:uuid:a1e61d0c-988b-4968-9525-c84552c8c481,TEX00359009,,Plantae,Magnoliophyta,Magnoliopsida,Rosales,Grossulariaceae,"Ribes aureum",Pursh,Ribes,aureum,,,"B. L. Turner",,,,,,,"L. C. Hinckley",,,s.n.,1941-07-16,1941,7,16,197,,,,,,,,,,,,sterile,,0,,,,,,,"United States",Texas,Presidio,,"Cottonwood Canyon, Espy Miller Ranch, Tierra Vieja Mts.",,0,,,,,,,,,,,,,,,,,,,,,,"2015-08-10 17:29:51",TEX00359009,1,urn:uuid:a1e61d0c-988b-4968-9525-c84552c8c481,https://prc-symbiota.tacc.utexas.edu:443/collections/individual/index.php?occid=1242540
1242541,PRC,TEX,PreservedSpecimen,urn:uuid:db4ae408-a164-43bf-b01f-e10c1ded7a2a,TEX00359010,,Plantae,Magnoliophyta,Magnoliopsida,Rosales,Grossulariaceae,"Ribes aureum",Pursh,Ribes,aureum,,,"B. L. Turner",,,,,,,"L. C. Hinckley",,,s.n.,,,,,,,Apr-37,,,,,,,,,,sterile,,0,,,,,,,"United States",Texas,Presidio,,"Marfa, San Esteban Lake.",,0,,,,,,,,,,,,,,,,,,,,,,"2015-08-10 17:29:51",TEX00359010,1,urn:uuid:db4ae408-a164-43bf-b01f-e10c1ded7a2a,https://prc-symbiota.tacc.utexas.edu:443/collections/individual/index.php?occid=1242541
1291053,PRC,TEX,PreservedSpecimen,urn:uuid:6c2fe1d8-94f1-4628-9a37-e12568dd369d,TEX00196359,,Plantae,Magnoliophyta,Magnoliopsida,Rosales,Grossulariaceae,"Itea virginica",L.,Itea,virginica,,,"B. L. Turner, 2004",,,,,,,"W.R. Carr",,,18408,1999-08-24,1999,8,24,236,,,,"Occasional in hillside seepage bog on powerline clearing on sandy slope at contact of Willis and Fleming formations. Associates include Burmannia capitata, Cynoctonum sessilifolium, Dichanthelium ensifolium, Eupatorium fistulosum, E. perfoliatum, E. rotundifolium, Fuirena sp., Habenaria ciliaris, Helianthis angustifolius, Juncus trigonocarpus, Lycopodium adpressum, Mikania scandens, Panicum rigidulum, Rhexia petiolata, R. mariana, Rhynchospora sp., Schizachyrium scoparium, Scleria reticularis, Utricularia subulata, Woodwardia areolata, Xyris sp.",,,,,,,,"flowering + fruiting=mid",,0,,,,,,,"United States",Texas,Newton,,"Ca. 750-1000 ft. WNW along power line from R-255 at a point ca 6.8 mi E of jct. US Rt. 96. Weeks Settlement Quadrangle. Elev. 380 - 390 ft.",,0,,31.056111,-93.873889,,,,"31d 3m 22s N; 93d 52m 26s",,"1=present on sheet",,,,,,,,,,,,,"2015-08-10 21:00:03",TEX00196359,1,urn:uuid:6c2fe1d8-94f1-4628-9a37-e12568dd369d,https://prc-symbiota.tacc.utexas.edu:443/collections/individual/index.php?occid=1291053
1291054,PRC,TEX,PreservedSpecimen,urn:uuid:170e772f-1847-4f8b-9838-603822b4290b,TEX00196360,,Plantae,Magnoliophyta,Magnoliopsida,Rosales,Grossulariaceae,"Itea virginica",L.,Itea,virginica,,,"B. L. Turner, 2004",,,,,,,"W.R. Carr",,,18424,1999-08-24,1999,8,24,236,,,,"E side of Clear Fork Creek floodplain. common shrub in moist sandy soil at edge of baldcypress-tupelo swamp, foot of beech-magnolia slope. Associates include Fraxinus americana, Ilex coriacea, Magnolia virginiana, Nyssa aquatica, Quercus nigra, Rhus toxicodendron, Smilax laurifolia, Taxodium distichum, Apteria aphylla, Athyrium filix-foemina, Chasmanthium laxum, Dichanthelium ensifolium, Eleocharis tortilis, Lycopus sp., Osmunda cinnamomea, Osmunda regalis, Rhynchospora sp., Saururus cernuus, Triadenum sp., Woodwardia areolata, Xyris sp.",,,,,,,,"flowering + fruiting=mid",,0,,,,,,,"United States",Texas,Tyler,,"E side of Clear Fork Creek floodplain ca. 500 ft. N of St. Rt. 256 bridge; this bridge is 4.9 mi NW of jct. US Rt. 190. Boggy Lake Quadrangle. Elev. 140 ft.",,0,,30.894444,-94.310278,,,,"30d 53m 40s N; 94d 18m 37s",,"1=present on sheet",,,,,,,,,,,,,"2015-08-10 21:00:03",TEX00196360,1,urn:uuid:170e772f-1847-4f8b-9838-603822b4290b,https://prc-symbiota.tacc.utexas.edu:443/collections/individual/index.php?occid=1291054
1291055,PRC,TEX,PreservedSpecimen,urn:uuid:9bcb9e82-585a-4107-95b9-f7248b001384,TEX00196361,,Plantae,Magnoliophyta,Magnoliopsida,Rosales,Grossulariaceae,"Ribes odoratum","H. Wendl.",Ribes,odoratum,,,"B. L. Turner, 2004",,,,,,,"Shirley D. Lusk",,,s.n.,2002-03-21,2002,3,21,80,,,,"Rocky slope; clay loam.",,,,,,,,"flowering + fruiting=mid",,0,,,,,,,"United States",Texas,Montague,,"Jane Lucas Ranch, 5 miles S of St. Jo.",,0,,,,,,,,,,,,,,,,,,,,,,"2015-08-10 21:00:03",TEX00196361,1,urn:uuid:9bcb9e82-585a-4107-95b9-f7248b001384,https://prc-symbiota.tacc.utexas.edu:443/collections/individual/index.php?occid=1291055
1291058,PRC,TEX,PreservedSpecimen,urn:uuid:877dbe63-820a-459e-8fa4-34df88a392d0,TEX00196364,,Plantae,Magnoliophyta,Magnoliopsida,Rosales,Grossulariaceae,"Ribes odoratum","H. Wendl.",Ribes,odoratum,,,"B. L. Turner, 2004",,,,,,,"Tom Wendt & Kathleen Collins",,,7017,1999-07-01,1999,7,1,182,,,,"Travertine springs in red rock area, canyon with cottonwood, willow, hackberry, soapberry; Adiantum etc at springs. Multibranched shrub in sheltered areas, to 2 m; frs (mature) 11-12 mm diam., ext. very dark purple-red (essentially black), juicy, with some dark red juice but pulp yellow and juicy.",,,,,,,,fruiting=late,,0,,,,,,,"United States",Texas,Dickens,,"Dickens County Springs Park (Crow Springs), on NE side of Dickens.",,0,,33.633333,-100.833333,,,,"33d 38m N; 100d 50m",,"1=present on sheet",,,,,,,,,,,,,"2015-08-10 21:00:03",TEX00196364,1,urn:uuid:877dbe63-820a-459e-8fa4-34df88a392d0,https://prc-symbiota.tacc.utexas.edu:443/collections/individual/index.php?occid=1291058
1291064,PRC,TEX,PreservedSpecimen,urn:uuid:4af78a62-d971-4ee0-a95e-9b200f0d69c7,TEX00196370,,Plantae,Magnoliophyta,Magnoliopsida,Rosales,Grossulariaceae,"Itea virginica",L.,Itea,virginica,,,"B. L. Turner, 2004",,,,,,,"W.R. Carr",,,18767,2000-03-28,2000,3,28,88,,,,"Common in Taxodium - Nyssa swamp forest on seep-fed alluvial terrace. Associates include Alnus serrulata, Cyrilla racemiflora, Euonymus americanus, Fraxinus pensylvanica, Ilex coriacea, Magnolia virginica, Myrica heterophylla, Nyssa aquatica, Rhus vernix, Sebastiana fruticosa, Smilax laurifolia, Taxodium distichum, Apteria aphylla, Athyrium filix-foemina, Aster umbellatus, Boehmeria cylindrica, Carex leptalea, Dichanthelium ensifolium, Eleocharis tortilis, Hypericum walteri, Leersia virginica, Lobelia cardinalis, Lycopus virginicus, Onoclea sensibilis, Osmunda cinnamomea, Osmunda regalis, Platanthera sp., Sagittaria sp., Saururus cernus, Solidago delicatula, Woodwardia areolata, Xyris sp.",,,,,,,,"flowering + fruiting=mid",,0,,,,,,,"United States",Texas,Tyler,,"E side of Clear Creek ca. 100-1000ft. N of St. St. 256 ca. 4.9-5.0miles NW of its jct with US Rt. 190, E of Colmesneil. Boggy Lake Quadrange. Elev. 135 - 140 ft.",,0,,30.876944,-94.311111,,,,"30d 52m 37s N; 94d 18m 40s",,"1=present on sheet",,,,,,,,,,,,,"2015-08-10 21:00:03",TEX00196370,1,urn:uuid:4af78a62-d971-4ee0-a95e-9b200f0d69c7,https://prc-symbiota.tacc.utexas.edu:443/collections/individual/index.php?occid=1291064
1293466,PRC,TEX,PreservedSpecimen,urn:uuid:7a40b520-22dd-409f-bab7-14e124cc7cea,TEX00199122,,Plantae,Magnoliophyta,Magnoliopsida,Rosales,Grossulariaceae,"Itea virginica",L.,Itea,virginica,,,"B. L. Turner, 2005",,,,,,,"W. C. Holmes at al.",,,10835,2000-04-15,2000,4,15,106,,,,"A mesic white oak-Chinquapin oak forest. Shrub. Fls. white.",,,,,,,,flowering=early,,0,,,,,,,"United States",Texas,Bowie,,"Bringle Lake.",,0,,,,,,,,,,,,,,,,,,,,,,"2015-08-10 21:08:05",TEX00199122,1,urn:uuid:7a40b520-22dd-409f-bab7-14e124cc7cea,https://prc-symbiota.tacc.utexas.edu:443/collections/individual/index.php?occid=1293466
1295899,PRC,TEX,PreservedSpecimen,urn:uuid:a3572216-6262-46cc-99b2-11fc5d2cce65,TEX00206595,,Plantae,Magnoliophyta,Magnoliopsida,Rosales,Grossulariaceae,"Itea virginica",L.,Itea,virginica,,,"B. L. Turner, 2005",,,,,,,"Roger W. Sanders",,,6274,2003-10-22,2003,10,22,295,,,,"Mixed hardwood (laurel oak, white oak, water oak, magnolia, sweet gum)-loblolly pine forest and disturbance openings. Upper sandy terraces in some places incised by old channels and tributaries. Lank, few-branched shrub to 1 m tall. Common at very edge of water.",,,,,,,,fruiting=late,,0,,,,,,,"United States",Texas,Harris,,"Lake Houston State Park, along and S of FM 1485, 3 mi. E of New Caney. At Isabell Lake, 600 m. N of end of ""5-mile Road"".",,0,,30.083333,-95.15,,,,"30d 5m N; 95d 9m",,"1=present on sheet",,,,,,,,,,,,,"2015-08-10 21:15:41",TEX00206595,1,urn:uuid:a3572216-6262-46cc-99b2-11fc5d2cce65,https://prc-symbiota.tacc.utexas.edu:443/collections/individual/index.php?occid=1295899
1299619,PRC,TEX,PreservedSpecimen,urn:uuid:f6cdd35f-1459-43eb-834b-5754655ec18d,TEX00440034,,Plantae,Magnoliophyta,Magnoliopsida,Rosales,Grossulariaceae,"Ribes curvatum",Small,Ribes,curvatum,,,"B. L. Turner, 2006",,,,,,,"W. C. Holmes and J. R. Singhurst",,,12143,2002-04-11,2002,4,11,101,,,,"Sh. 1 m. Fls. white.",,,,,,,,flowering=early,,0,,,,,,,"United States",Texas,Anderson,,"Gus Engeling Wildlife Management Area.",,0,,,,,,,,,,,,,,,,,,,,,,"2015-08-10 21:28:05",TEX00440034,1,urn:uuid:f6cdd35f-1459-43eb-834b-5754655ec18d,https://prc-symbiota.tacc.utexas.edu:443/collections/individual/index.php?occid=1299619
1306707,PRC,TEX,PreservedSpecimen,urn:uuid:282c469b-3d02-442d-b090-6e457302576e,TEX00432056,,Plantae,Magnoliophyta,Magnoliopsida,Rosales,Grossulariaceae,"Ribes odoratum","H. Wendl.",Ribes,odoratum,,,"T. Wendt 2001",,,,,,,"Tom Wendt & Kathleen Collins",,,7200,2001-06-30,2001,6,30,181,,,,"N-facing bluff just downstream from road crossing, mostly gypsum boulders with some red soil; with Juniperus pinchotii, Rhus aromatica, R. microphylla, Forestiera pubescens, mesquite, Artemesia ludoviciana. Sterile shrub, multistemmed from base, wandy stems 3-6 ft tall. (Collected with permission of the Pitchfork Ranch.).",,,,,,,,sterile,,0,,,,,,,"United States",Texas,DICKENS,,"Croton Breaks, in J2 pasture of the Pitchfork Ranch; near road crossing of Croton Creek (3.6 mi. W of Croton Camp on private road to windmill, then 0.6 mi S). Elev. 1960 ft.",,0,,33.531944,-100.681667,,,,"33d 31m 55s N; 100d 40m 54s",,"1=present on sheet",,,,,,,,,,,,,"2015-08-10 21:53:05",TEX00432056,1,urn:uuid:282c469b-3d02-442d-b090-6e457302576e,https://prc-symbiota.tacc.utexas.edu:443/collections/individual/index.php?occid=1306707
1314186,PRC,TEX,PreservedSpecimen,urn:uuid:9503c2f3-dab0-48e8-8261-1aca704ac12e,TEX00456549,,Plantae,Magnoliophyta,Magnoliopsida,Rosales,Grossulariaceae,"Itea virginica",L.,Itea,virginica,,,"B.L. Turner (TEX    ), 2011",,,,,,,"Charles Allen & Marc Pastoreck",,,22035,2010-07-17,2010,7,17,198,,,,"Forest. No data given.",,,,,,,,fruiting=late,,0,,,,,,,"United States",TEXAS,Newton,,"Off Texas 63 ca. 7.6 miles east of Burkeville.",,0,,,,,,,,,,,,,,,,,,,,,,"2015-08-10 22:19:56",TEX00456549,1,urn:uuid:9503c2f3-dab0-48e8-8261-1aca704ac12e,https://prc-symbiota.tacc.utexas.edu:443/collections/individual/index.php?occid=1314186
1377040,PRC,LL,PreservedSpecimen,urn:uuid:8960686f-9a4e-4be9-aef4-625f41eda62f,LL00283411,,Plantae,Magnoliophyta,Magnoliopsida,Rosales,Grossulariaceae,"Itea virginica",L.,Itea,virginica,,,"B. L. Turner",,,,,,,"D. S. Correll & Helen B. Correll",,,38699,1970-05-17,1970,5,17,137,,,,"Shrub in water at edge of lake.",,,,,,,,"flowering + fruting=mid",,0,,,,,,,"United States",Texas,Cass,,"Morris Lake, about 2 mi northwest of Linden; Club Lake Rd.",,0,,,,,,,,,,,,,,,,,,,,,,"2015-08-10 13:58:05",LL00283411,2,urn:uuid:8960686f-9a4e-4be9-aef4-625f41eda62f,https://prc-symbiota.tacc.utexas.edu:443/collections/individual/index.php?occid=1377040
1377041,PRC,LL,PreservedSpecimen,urn:uuid:5b68dde5-285b-457d-bcfb-d0b91508b6e0,LL00283412,,Plantae,Magnoliophyta,Magnoliopsida,Rosales,Grossulariaceae,"Itea virginica",L.,Itea,virginica,,,"B. L. Turner",,,,,,,"D. S. Correll",,,33428,1966-08-14,1966,8,14,226,,,,"Shrub to 6 ft. tall.",,,,,,,,fruiting=late,,0,,,,,,,"United States",Texas,Bowie,,"In swamp, along McKinney Bayou, on Summerhill Road #1397, 6.5 miles north of Texarkana.",,0,,,,,,,,,,,,,,,,,,,,,,"2015-08-10 13:58:05",LL00283412,2,urn:uuid:5b68dde5-285b-457d-bcfb-d0b91508b6e0,https://prc-symbiota.tacc.utexas.edu:443/collections/individual/index.php?occid=1377041
1377042,PRC,LL,PreservedSpecimen,urn:uuid:1bfa1948-ddc1-4b2a-bdcc-9879043271bc,LL00283413,,Plantae,Magnoliophyta,Magnoliopsida,Rosales,Grossulariaceae,"Itea virginica",L.,Itea,virginica,,,"B. L. Turner",,,,,,,"D. S. Correll & John Crutchfield",,,30975,1965-05-08,1965,5,8,128,,,,"Shrub to 5 ft., flowers white.",,,,,,,,flowering=early,,0,,,,,,,"United States",Texas,"San Jacinto",,"Along swift-flowing stream about 13 miles northwest of Cleveland.",,0,,,,,,,,,,,,,,,,,,,,,,"2015-08-10 13:58:05",LL00283413,2,urn:uuid:1bfa1948-ddc1-4b2a-bdcc-9879043271bc,https://prc-symbiota.tacc.utexas.edu:443/collections/individual/index.php?occid=1377042
1377043,PRC,LL,PreservedSpecimen,urn:uuid:50442c08-9e22-43b4-b0e7-cb73733f7e77,LL00283415,,Plantae,Magnoliophyta,Magnoliopsida,Rosales,Grossulariaceae,"Itea virginica",L.,Itea,virginica,,,"B. L. Turner",,,,,,,"D. S. Correll & E. C. Ogden",,,25185,1962-05-09,1962,5,9,129,,,,"Small shrub; flowers fragrant.",,,,,,,,"flowering + fruting=mid",,0,,,,,,,"United States",Texas,"San Augustine",,"Edge of Bland Lake about 4 miles north of San Augustine.",,0,,,,,,,,,,,,,,,,,,,,,,"2015-08-10 13:58:05",LL00283415,2,urn:uuid:50442c08-9e22-43b4-b0e7-cb73733f7e77,https://prc-symbiota.tacc.utexas.edu:443/collections/individual/index.php?occid=1377043
1377044,PRC,LL,PreservedSpecimen,urn:uuid:b8f801a3-8d3b-4a4a-9b74-ab339e85d11d,LL00283416,,Plantae,Magnoliophyta,Magnoliopsida,Rosales,Grossulariaceae,"Itea virginica",L.,Itea,virginica,,,"B. L. Turner",,,,,,,"D. S. Correll & Helen B. Correll",,,27222,1963-04-13,1963,4,13,103,,,,"Flowers white.",,,,,,,,flowering=early,,0,,,,,,,"United States",Texas,Angelina,,"Angelina forest; Bouton Lake, edge of water.",,0,,,,,,,,,,,,,,,,,,,,,,"2015-08-10 13:58:05",LL00283416,2,urn:uuid:b8f801a3-8d3b-4a4a-9b74-ab339e85d11d,https://prc-symbiota.tacc.utexas.edu:443/collections/individual/index.php?occid=1377044
1377045,PRC,LL,PreservedSpecimen,urn:uuid:d3812d32-0aef-4e80-a00a-8a39eec883b1,LL00283418,,Plantae,Magnoliophyta,Magnoliopsida,Rosales,Grossulariaceae,"Itea virginica",L.,Itea,virginica,,,"B. L. Turner",,,,,,,"D. S. Correll et al.",,,28106,1963-06-30,1963,6,30,181,,,,"Small shrub to 7 ft. tall.",,,,,,,,fruiting=late,,0,,,,,,,"United States",Texas,Jasper,,"1 mile southwest of Erin, along stream in woods.",,0,,,,,,,,,,,,,,,,,,,,,,"2015-08-10 13:58:05",LL00283418,2,urn:uuid:d3812d32-0aef-4e80-a00a-8a39eec883b1,https://prc-symbiota.tacc.utexas.edu:443/collections/individual/index.php?occid=1377045
1377046,PRC,LL,PreservedSpecimen,urn:uuid:e4302a4e-a094-4c5b-8a1f-cc4b0d752d44,LL00283420,,Plantae,Magnoliophyta,Magnoliopsida,Rosales,Grossulariaceae,"Itea virginica",L.,Itea,virginica,,,"B. L. Turner",,,,,,,"Alfred Traverse",,,863,1958-07-17,1958,7,17,198,,,,"Deep woods. Yellow-brown, loose sand. Assoc. Fagus - Magnolia virg. - Quercus phellos - Liquidambar - Pinus taeda complex, w/ Acer rub., Persea, Quercus alba, Ilex opaca, Myrica sp., Cyrilla rac. Shrub. 1 m. Bas. diam., 1 cm. Upright, arching, sparingly branched. Fruit dark green. Bark shiny, dark brown.",,,,,,,,flowering=early,,0,,,,,,,"United States",Texas,Polk,,"Hwy 943, ca. 1/8 mi W of intersection w/ Hwy 1276. Elev. 150 ft.",,0,,,,,,,,,,,,,,,,,,,,,,"2015-08-10 13:58:05",LL00283420,2,urn:uuid:e4302a4e-a094-4c5b-8a1f-cc4b0d752d44,https://prc-symbiota.tacc.utexas.edu:443/collections/individual/index.php?occid=1377046
1377047,PRC,LL,PreservedSpecimen,urn:uuid:eb728ca6-109b-4a6d-82ad-81db5507d478,LL00283421,,Plantae,Magnoliophyta,Magnoliopsida,Rosales,Grossulariaceae,"Itea virginica",L.,Itea,virginica,,,"B. L. Turner",,,,,,,"D. S. Correll",,,15444,1957-02-20,1957,2,20,51,,,,"Small shrub.",,,,,,,,fruiting=late,,0,,,,,,,"United States",Texas,Orange,,"Vicinity of Orange, in woods along Adams Bayou near golf club.",,0,,,,,,,,,,,,,,,,,,,,,,"2015-08-10 13:58:06",LL00283421,2,urn:uuid:eb728ca6-109b-4a6d-82ad-81db5507d478,https://prc-symbiota.tacc.utexas.edu:443/collections/individual/index.php?occid=1377047
1377048,PRC,LL,PreservedSpecimen,urn:uuid:ff3cb1ea-04d0-441c-ac0b-d2230a29b703,LL00283422,,Plantae,Magnoliophyta,Magnoliopsida,Rosales,Grossulariaceae,"Itea virginica",L.,Itea,virginica,,,"B. L. Turner",,,,,,,"C. L. Lundell & Amelia A. Lundell",,,11209,1942-04-16,1942,4,16,106,,,,"In wet palmetto-hardwood forest. Slender shrub, 1/2 in. diam., 4 feet high, corolla white.",,,,,,,,flowering=early,,0,,,,,,,"United States",Texas,Hardin,,"Five miles north of Sour Lake.",,0,,,,,,,,,,,,,,,,,,,,,,"2015-08-10 13:58:06",LL00283422,2,urn:uuid:ff3cb1ea-04d0-441c-ac0b-d2230a29b703,https://prc-symbiota.tacc.utexas.edu:443/collections/individual/index.php?occid=1377048
1377049,PRC,LL,PreservedSpecimen,urn:uuid:b4068d27-42f3-477a-965e-b5fec6c87737,LL00283423,,Plantae,Magnoliophyta,Magnoliopsida,Rosales,Grossulariaceae,"Itea virginica",L.,Itea,virginica,,,"B. L. Turner",,,,,,,"Marshall C. Johnston & LaVerne A. Johnston",,,7176,1965-04-01,1965,4,1,91,,,,"Oak woods near a swamp; loose sandy soil. Infrequent shrub in heavy shade. Flowers white.",,,,,,,,flowering=early,,0,,,,,,,"United States",Texas,Newton,,"One mile west of the Sabine R. crossing at Deweyville.",,0,,,,,,,,,,,,,,,,,,,,,,"2015-08-10 13:58:06",LL00283423,2,urn:uuid:b4068d27-42f3-477a-965e-b5fec6c87737,https://prc-symbiota.tacc.utexas.edu:443/collections/individual/index.php?occid=1377049
1377060,PRC,LL,PreservedSpecimen,urn:uuid:08a5f498-f360-4946-ba8a-901c858aedf9,LL00283472,,Plantae,Magnoliophyta,Magnoliopsida,Rosales,Grossulariaceae,"Ribes curvatum",Small,Ribes,curvatum,,,"B. L. Turner",,,,,,,"D. S. Correll & Helen B. Correll",,,29058,1964-04-08,1964,4,8,99,,,,"Open thicket, seepage. Flowers white, pendant.",,,,,,,,flowering=early,,0,,,,,,,"United States",Texas,Cherokee,,"On edge of Gallatin.",,0,,,,,,,,,,,,,,,,,,,,,,"2015-08-10 13:58:25",LL00283472,2,urn:uuid:08a5f498-f360-4946-ba8a-901c858aedf9,https://prc-symbiota.tacc.utexas.edu:443/collections/individual/index.php?occid=1377060
1377061,PRC,LL,PreservedSpecimen,urn:uuid:1e0fd1dc-8c97-45d6-8159-1ff458a44d4a,LL00283475,,Plantae,Magnoliophyta,Magnoliopsida,Rosales,Grossulariaceae,"Ribes leptanthum",Gray,Ribes,leptanthum,,,"B. L. Turner",,,,,,,"D. S. Correll & E. L. Little, Jr.",,,27161,1963-04-03,1963,4,3,93,,,,"Sprawling shrub; flowers white.",,,,,,,,flowering=early,,0,,,,,,,"United States",Texas,"JEFF DAVIS",,"Davis Mts., upper slopes of Sawtooth Mts.",,0,,,,,,,,,,,,,,,,,,,,,,"2015-08-10 13:58:26",LL00283475,2,urn:uuid:1e0fd1dc-8c97-45d6-8159-1ff458a44d4a,https://prc-symbiota.tacc.utexas.edu:443/collections/individual/index.php?occid=1377061
1377062,PRC,LL,PreservedSpecimen,urn:uuid:962fe18c-a4b2-4495-b661-8acc7c7d6e35,LL00283479,,Plantae,Magnoliophyta,Magnoliopsida,Rosales,Grossulariaceae,"Ribes odoratum","H. Wendl.",Ribes,odoratum,,,"B. L. Turner",,,,,,,"D. S. Correll",,,30234,1964-10-06,1964,10,6,280,,,,"In wet soil and shade. Bush to 5 ft. tall.",,,,,,,,sterile,,0,,,,,,,"United States",Texas,Hemphill,,"Below Club Lake dam, north edge of Big Bull Ranch.",,0,,,,,,,,,,,,,,,,,,,,,,"2015-08-10 13:58:26",LL00283479,2,urn:uuid:962fe18c-a4b2-4495-b661-8acc7c7d6e35,https://prc-symbiota.tacc.utexas.edu:443/collections/individual/index.php?occid=1377062
1377063,PRC,LL,PreservedSpecimen,urn:uuid:fd35344f-52e2-4c09-8f41-3353fb6cce48,LL00283483,,Plantae,Magnoliophyta,Magnoliopsida,Rosales,Grossulariaceae,"Ribes odoratum","H. Wendl.",Ribes,odoratum,,,"B. L. Turner",,,,,,,"Bob Hutchins",,,988,1966-04-02,1966,4,2,92,,,,"Perianth yellow.",,,,,,,,flowering=early,,0,,,,,,,"United States",Texas,Garza,,"Cooper's canyon, mesic area 4 air miles south of Post. Elev. ca. 2400 ft.",,0,,,,,,,,,,,,,,,,,,,,,,"2015-08-10 13:58:26",LL00283483,2,urn:uuid:fd35344f-52e2-4c09-8f41-3353fb6cce48,https://prc-symbiota.tacc.utexas.edu:443/collections/individual/index.php?occid=1377063
1377064,PRC,LL,PreservedSpecimen,urn:uuid:82a6a6b9-9ffc-43f4-bf43-29c2cc3c4ef6,LL00283485,,Plantae,Magnoliophyta,Magnoliopsida,Rosales,Grossulariaceae,"Ribes odoratum","H. Wendl.",Ribes,odoratum,,,"B. L. Turner",,,,,,,"D. S. Correll",,,34179,1967-05-11,1967,5,11,131,,,,"Spreading shrubs.",,,,,,,,fruiting=late,,0,,,,,,,"United States",Texas,Motley,,"In wooded area about springs, Roaring Springs.",,0,,,,,,,,,,,,,,,,,,,,,,"2015-08-10 13:58:26",LL00283485,2,urn:uuid:82a6a6b9-9ffc-43f4-bf43-29c2cc3c4ef6,https://prc-symbiota.tacc.utexas.edu:443/collections/individual/index.php?occid=1377064
1377065,PRC,LL,PreservedSpecimen,urn:uuid:a340c5a0-cd8b-4934-b4b8-0d3260ddc601,LL00283486,,Plantae,Magnoliophyta,Magnoliopsida,Rosales,Grossulariaceae,"Ribes odoratum","H. Wendl.",Ribes,odoratum,,,"B. L. Turner",,,,,,,"D. S. Correll & Helen B. Correll",,,29432,1964-04-27,1964,4,27,118,,,,"Forming thickets in floodplain and on wooded banks and bluffs.",,,,,,,,fruiting=late,,0,,,,,,,"United States",Texas,Wichita,,"Along sandy floodplain of the Red River, north of Burkburnett.",,0,,,,,,,,,,,,,,,,,,,,,,"2015-08-10 13:58:26",LL00283486,2,urn:uuid:a340c5a0-cd8b-4934-b4b8-0d3260ddc601,https://prc-symbiota.tacc.utexas.edu:443/collections/individual/index.php?occid=1377065
1396258,PRC,LL,PreservedSpecimen,urn:uuid:387178bf-c341-4996-8682-1b65a8b748ef,LL00352872,,Plantae,Magnoliophyta,Magnoliopsida,Rosales,Grossulariaceae,"Itea virginica",L.,Itea,virginica,,,"B. L. Turner",,,,,,,"D. S. Correll, I. M. Johnston & G. Edwin",,,22247,1959-05-24,1959,5,24,144,,,,"Along stream. Small bush to 5 feet tall, flowers white.",,,,,,,,"flowering + fruiting=mid",,0,,,,,,,"United States",Texas,Newton,,"Route #63, 11 miles west of Burkeville.",,0,,,,,,,,,,,,,,,,,,,,,,"2015-08-10 17:29:29",LL00352872,2,urn:uuid:387178bf-c341-4996-8682-1b65a8b748ef,https://prc-symbiota.tacc.utexas.edu:443/collections/individual/index.php?occid=1396258
1396259,PRC,LL,PreservedSpecimen,urn:uuid:9f41dbe4-3215-4bba-b6bc-90e07a092e51,LL00352873,,Plantae,Magnoliophyta,Magnoliopsida,Rosales,Grossulariaceae,"Itea virginica",L.,Itea,virginica,,,"B. L. Turner",,,,,,,"D. S. Correll & Helen B. Correll",,,29114,1964-04-10,1964,4,10,101,,,,"In forest. Shrubs in open bog.",,,,,,,,fruiting=late,,0,,,,,,,"United States",Texas,Newton,,"Along Little Cow Creek. Reached by dirt road from Mayflower west about 4 miles.",,0,,,,,,,,,,,,,,,,,,,,,,"2015-08-10 17:29:29",LL00352873,2,urn:uuid:9f41dbe4-3215-4bba-b6bc-90e07a092e51,https://prc-symbiota.tacc.utexas.edu:443/collections/individual/index.php?occid=1396259
1396260,PRC,LL,PreservedSpecimen,urn:uuid:6a4e2852-c8f6-40ac-b2a8-9bc5fbc86cc2,LL00352883,,Plantae,Magnoliophyta,Magnoliopsida,Rosales,Grossulariaceae,"Itea virginica",L.,Itea,virginica,,,"B. L. Turner",,,,,,,"D. S. Correll",,,28574,1963-10-20,1963,10,20,293,,,,"In sandy soil along seepage stream in open woods. Small shrub along stream.",,,,,,,,fruiting=late,,0,,,,,,,"United States",Texas,Jasper,,"20 miles northwest of Jasper.",,0,,,,,,,,,,,,,,,,,,,,,,"2015-08-10 17:29:30",LL00352883,2,urn:uuid:6a4e2852-c8f6-40ac-b2a8-9bc5fbc86cc2,https://prc-symbiota.tacc.utexas.edu:443/collections/individual/index.php?occid=1396260
1396261,PRC,LL,PreservedSpecimen,urn:uuid:429b01a8-e110-40a8-bfc1-d150c034bd6c,LL00352884,,Plantae,Magnoliophyta,Magnoliopsida,Rosales,Grossulariaceae,"Itea virginica",L.,Itea,virginica,,,"B. L. Turner",,,,,,,"D. S. Correll & H. B. Correll",,,12505,1946-06-08,1946,6,8,159,,,,"Seepage slope.",,,,,,,,fruiting=late,,0,,,,,,,"United States",Texas,Jasper,,"About three miles north of Jasper.",,0,,,,,,,,,,,,,,,,,,,,,,"2015-08-10 17:29:30",LL00352884,2,urn:uuid:429b01a8-e110-40a8-bfc1-d150c034bd6c,https://prc-symbiota.tacc.utexas.edu:443/collections/individual/index.php?occid=1396261
1396262,PRC,LL,PreservedSpecimen,urn:uuid:d2020e0e-1e65-4540-9dff-7e8c4063f172,LL00352885,,Plantae,Magnoliophyta,Magnoliopsida,Rosales,Grossulariaceae,"Itea virginica",L.,Itea,virginica,,,"B. L. Turner",,,,,,,"C. L. Lundell",,,12821,1944-04-15,1944,4,15,106,,,,"Bordering lake. Shrub, aquatic or semi-aquatic.",,,,,,,,flowering=early,,0,,,,,,,"United States",Texas,Wood,,"Little Sandy Lake.",,0,,,,,,,,,,,,,,,,,,,,,,"2015-08-10 17:29:30",LL00352885,2,urn:uuid:d2020e0e-1e65-4540-9dff-7e8c4063f172,https://prc-symbiota.tacc.utexas.edu:443/collections/individual/index.php?occid=1396262
1396263,PRC,LL,PreservedSpecimen,urn:uuid:0548fe8e-9a37-4faa-8cd7-821b515e1e36,LL00352886,,Plantae,Magnoliophyta,Magnoliopsida,Rosales,Grossulariaceae,"Itea virginica",L.,Itea,virginica,,,"B. L. Turner",,,,,,,"C. L. Lundell & Amelia A. Lundell",,,10520,1941-05-08,1941,5,8,128,,,,"In brook in forest. Slender shrub, flowers white.",,,,,,,,flowering=early,,0,,,,,,,"United States",Texas,Jasper,,"Off US 96, south of Jasper.",,0,,,,,,,,,,,,,,,,,,,,,,"2015-08-10 17:29:30",LL00352886,2,urn:uuid:0548fe8e-9a37-4faa-8cd7-821b515e1e36,https://prc-symbiota.tacc.utexas.edu:443/collections/individual/index.php?occid=1396263
1396264,PRC,LL,PreservedSpecimen,urn:uuid:4cfd45b0-792d-4b0c-87b4-d97738834192,LL00352887,,Plantae,Magnoliophyta,Magnoliopsida,Rosales,Grossulariaceae,"Itea virginica",L.,Itea,virginica,,,"B. L. Turner",,,,,,,"C. L. Lundell & Amelia A. Lundell",,,11188,1942-04-15,1942,4,15,105,,,,"Along brook in forest. Shrrub, 1 in. diam., 6 feet high.",,,,,,,,fruiting=late,,0,,,,,,,"United States",Texas,Jasper,,"South of Jasper.",,0,,,,,,,,,,,,,,,,,,,,,,"2015-08-10 17:29:30",LL00352887,2,urn:uuid:4cfd45b0-792d-4b0c-87b4-d97738834192,https://prc-symbiota.tacc.utexas.edu:443/collections/individual/index.php?occid=1396264
1396265,PRC,LL,PreservedSpecimen,urn:uuid:79208dba-c6bb-4ed7-8c9e-f9bf077159e0,LL00352889,,Plantae,Magnoliophyta,Magnoliopsida,Rosales,Grossulariaceae,"Itea virginica",L.,Itea,virginica,,,"B. L. Turner",,,,,,,"D. S. Correll",,,34909,1967-09-07,1967,9,7,250,,,,"About small pond in longleaf pine forest. Shrub to 8 ft. tall.",,,,,,,,fruiting=late,,0,,,,,,,"United States",Texas,Angelina,,"Just north of Boykin Springs, Angelina National Forest.",,0,,,,,,,,,,,,,,,,,,,,,,"2015-08-10 17:29:30",LL00352889,2,urn:uuid:79208dba-c6bb-4ed7-8c9e-f9bf077159e0,https://prc-symbiota.tacc.utexas.edu:443/collections/individual/index.php?occid=1396265
1396266,PRC,LL,PreservedSpecimen,urn:uuid:e0b93c0a-8a77-4596-a407-17fe30212b76,LL00352890,,Plantae,Magnoliophyta,Magnoliopsida,Rosales,Grossulariaceae,"Itea virginica",L.,Itea,virginica,,,"B. L. Turner",,,,,,,"D. S. Correll",,,14801,1952-09-30,1952,9,30,274,,,,"Wooded stream bank.",,,,,,,,fruiting=late,,0,,,,,,,"United States",Texas,Angelina,,"Blue Hole, Angelina National Forest.",,0,,,,,,,,,,,,,,,,,,,,,,"2015-08-10 17:29:30",LL00352890,2,urn:uuid:e0b93c0a-8a77-4596-a407-17fe30212b76,https://prc-symbiota.tacc.utexas.edu:443/collections/individual/index.php?occid=1396266
1396267,PRC,LL,PreservedSpecimen,urn:uuid:c028632e-9f36-451f-b127-c1f05174625d,LL00352892,,Plantae,Magnoliophyta,Magnoliopsida,Rosales,Grossulariaceae,"Itea virginica",L.,Itea,virginica,,,"B. L. Turner",,,,,,,"D. S. Correll & H. B. Correll",,,15823,1957-04-11,1957,4,11,101,,,,"Small shrub growing along stream. Flowers creamy white.",,,,,,,,flowering=early,,0,,,,,,,"United States",Texas,"San Augustine",,"Boykin Springs, Angelina National Forest.",,0,,,,,,,,,,,,,,,,,,,,,,"2015-08-10 17:29:30",LL00352892,2,urn:uuid:c028632e-9f36-451f-b127-c1f05174625d,https://prc-symbiota.tacc.utexas.edu:443/collections/individual/index.php?occid=1396267
1396268,PRC,LL,PreservedSpecimen,urn:uuid:d65df6be-49d9-4168-bed6-3f95e72cdba7,LL00352896,,Plantae,Magnoliophyta,Magnoliopsida,Rosales,Grossulariaceae,"Itea virginica",L.,Itea,virginica,,,"B. L. Turner",,,,,,,"D. S. Correll & C. L. Lundell",,,18877,1958-05-24,1958,5,24,144,,,,"Small shrub along wooded stream; flowers whitish.",,,,,,,,flowering=early,,0,,,,,,,"United States",Texas,Cass,,"2 miles northeast of Linden.",,0,,,,,,,,,,,,,,,,,,,,,,"2015-08-10 17:29:30",LL00352896,2,urn:uuid:d65df6be-49d9-4168-bed6-3f95e72cdba7,https://prc-symbiota.tacc.utexas.edu:443/collections/individual/index.php?occid=1396268
1396269,PRC,LL,PreservedSpecimen,urn:uuid:e415c3b3-8b2c-42b3-a387-d68e47dce415,LL00352897,,Plantae,Magnoliophyta,Magnoliopsida,Rosales,Grossulariaceae,"Itea virginica",L.,Itea,virginica,,,"B. L. Turner",,,,,,,"John R. Crutchfield",,,2759,1967-05-19,1967,5,19,139,,,,"Edge of water, pH 7.2. Shrub 10 feet high, flowers white.",,,,,,,,"flowering + fruiting=mid",,0,,,,,,,"United States",Texas,Cass,,"1 mile north of McLeod at the old mill pond.",,0,,,,,,,,,,,,,,,,,,,,,,"2015-08-10 17:29:30",LL00352897,2,urn:uuid:e415c3b3-8b2c-42b3-a387-d68e47dce415,https://prc-symbiota.tacc.utexas.edu:443/collections/individual/index.php?occid=1396269
1396270,PRC,LL,PreservedSpecimen,urn:uuid:fbb5b08c-590e-401e-91bd-36dea1520a6d,LL00352898,,Plantae,Magnoliophyta,Magnoliopsida,Rosales,Grossulariaceae,"Itea virginica",L.,Itea,virginica,,,"B. L. Turner",,,,,,,"D. S. Correll & Helen B. Correll",,,35777,1968-05-19,1968,5,19,140,,,,"Shrub at edge of water.",,,,,,,,flowering=early,,0,,,,,,,"United States",Texas,Marion,,"In Jefferson, Big Cypress Bayou, pond east of bridge.",,0,,,,,,,,,,,,,,,,,,,,,,"2015-08-10 17:29:30",LL00352898,2,urn:uuid:fbb5b08c-590e-401e-91bd-36dea1520a6d,https://prc-symbiota.tacc.utexas.edu:443/collections/individual/index.php?occid=1396270
1396300,PRC,LL,PreservedSpecimen,urn:uuid:b4d8d1ee-da7c-47c0-a353-2b4c228a61fe,LL00352997,,Plantae,Magnoliophyta,Magnoliopsida,Rosales,Grossulariaceae,"Ribes odoratum","H. Wendl.",Ribes,odoratum,,,"B. L. Turner",,,,,,,"Rogers McVaugh",,,7126,1945-06-20,1945,6,20,171,,,,"Steep sand bluffs. In shade, foot of bluffs near spring. Shrubs to 1.5 m high, fruit glossy black.",,,,,,,,fruiting=late,,0,,,,,,,"United States",Texas,Wichita,,"On Red River, 2 miles east of Burkburnett.",,0,,,,,,,,,,,,,,,,,,,,,,"2015-08-10 17:29:50",LL00352997,2,urn:uuid:b4d8d1ee-da7c-47c0-a353-2b4c228a61fe,https://prc-symbiota.tacc.utexas.edu:443/collections/individual/index.php?occid=1396300
1396301,PRC,LL,PreservedSpecimen,urn:uuid:961c3c62-616e-47d2-a476-9f27bb5a7213,LL00359001,,Plantae,Magnoliophyta,Magnoliopsida,Rosales,Grossulariaceae,"Ribes mescalerium",Coville,Ribes,mescalerium,,,"B. L. Turner",,,,,,,"Barton H. Warnock",,,12013,1954-09-05,1954,9,5,248,,,,"Infrequent shrub, fruit dark with glad-tipped hairs.",,,,,,,,"flowering + fruiting=mid",,0,,,,,,,"United States",Texas,Culberson,,"South McKittrick Canyon, top of Guadalupe Mountains, J. C. Hunter Ranch. Elev. 8000 ft.",,0,,,,,,,,,,,,,,,,,,,,,,"2015-08-10 17:29:51",LL00359001,2,urn:uuid:961c3c62-616e-47d2-a476-9f27bb5a7213,https://prc-symbiota.tacc.utexas.edu:443/collections/individual/index.php?occid=1396301
1396302,PRC,LL,PreservedSpecimen,urn:uuid:9f6faa43-d87c-4f04-9f95-c3ec17c9feee,LL00359003,,Plantae,Magnoliophyta,Magnoliopsida,Rosales,Grossulariaceae,"Ribes mescalerium",Coville,Ribes,mescalerium,,,"B. L. Turner",,,,,,,"Barton H. Warnock and B. L. Turner",,,149,1948-09-15,1948,9,15,259,,,,"Frequent shrub, limestone soil.",,,,,,,,"flowering + fruiting=mid",,0,,,,,,,"United States",Texas,Culberson,,"Near uppers lopes of Pine Top Mt., Guadalupe Mts. Elev. 8000 ft.",,0,,,,,,,,,,,,,,,,,,,,,,"2015-08-10 17:29:51",LL00359003,2,urn:uuid:9f6faa43-d87c-4f04-9f95-c3ec17c9feee,https://prc-symbiota.tacc.utexas.edu:443/collections/individual/index.php?occid=1396302
1396303,PRC,LL,PreservedSpecimen,urn:uuid:d3322111-40e4-4c6e-a35b-56354c72f5e3,LL00359011,,Plantae,Magnoliophyta,Magnoliopsida,Rosales,Grossulariaceae,"Ribes aureum",Pursh,Ribes,aureum,,,"B. L. Turner",,,,,,,"Rogers McVaugh",,,7476,1945-07-21,1945,7,21,202,,,,"Moist shaded canyon slopes, shrub 1.5 m high, sterile.",,,,,,,,sterile,,0,,,,,,,"United States",Texas,Presidio,,"Shut-up of Horse Creek, about 2 miles above Barnett Bros. ranch, northeast of Chinati Peak, Chinati Mts.",,0,,,,,,,,,,,,,,,,,,,,,,"2015-08-10 17:29:51",LL00359011,2,urn:uuid:d3322111-40e4-4c6e-a35b-56354c72f5e3,https://prc-symbiota.tacc.utexas.edu:443/collections/individual/index.php?occid=1396303
1396304,PRC,LL,PreservedSpecimen,urn:uuid:e673db49-ba7c-490b-bff2-066ab9b8f4b4,LL00359012,,Plantae,Magnoliophyta,Magnoliopsida,Rosales,Grossulariaceae,"Ribes aureum",Pursh,Ribes,aureum,,,"B. L. Turner",,,,,,,"Barton H. Warnock",,,14503,1957-05-28,1957,5,28,148,,,,"Low shrub, good browse, sparse, igneous soil.",,,,,,,,sterile,,0,,,,,,,"United States",Texas,Presidio,,"Along San Esteban Canyon. Elev. 4400 ft.",,0,,,,,,,,,,,,,,,,,,,,,,"2015-08-10 17:29:51",LL00359012,2,urn:uuid:e673db49-ba7c-490b-bff2-066ab9b8f4b4,https://prc-symbiota.tacc.utexas.edu:443/collections/individual/index.php?occid=1396304
