coreid,identifiedBy,identifiedByID,dateIdentified,identificationQualifier,scientificName,identificationIsCurrent,scientificNameAuthorship,genus,specificEpithet,taxonRank,infraspecificEpithet,identificationReferences,identificationRemarks,recordId
1197812,Unknown,,Unknown,,"Androsace septentrionalis var. glandulosa",0,,,,,,,,urn:uuid:aa921d77-b677-4eed-9769-c022dc38c973
1197813,Unknown,,Unknown,,"Centunculus minimus",0,,,,,,,,urn:uuid:58b7872e-05ed-45ff-ab7f-dc338a37c484
1197814,Unknown,,Unknown,,"Centunculus minimus",0,,,,,,,,urn:uuid:4fa7a38d-c763-4acf-8f32-3713da21c2cd
1197815,Unknown,,Unknown,,"Centunculus minimus",0,,,,,,,,urn:uuid:be30bc7c-dc65-4194-acf7-fa0951e2a7f4
1197816,Unknown,,Unknown,,"Centunculus minimus",0,,,,,,,,urn:uuid:8be7047d-25bc-4b3a-89c3-1957f2f75ac2
1197817,Unknown,,Unknown,,"Centunculus minimus",0,,,,,,,,urn:uuid:31313942-d7da-4eb3-84e8-da51b6588e19
1197818,Unknown,,Unknown,,"Centunculus minimus",0,,,,,,,,urn:uuid:c3e4fde9-9b6e-4c54-b99a-ee6c284556d1
1197819,Unknown,,Unknown,,"Centunculus minimus",0,,,,,,,,urn:uuid:21ed8664-b822-4818-a277-aaff4a9959ed
1197820,Unknown,,Unknown,,"Centunculus minimus",0,,,,,,,,urn:uuid:d6f27f54-b418-4ffd-8a92-eb0dd4bda56d
1197821,Unknown,,Unknown,,"Centunculus minimus",0,,,,,,,,urn:uuid:27aaeb2c-e352-499e-979e-36d595cf8579
1197822,Unknown,,Unknown,,"Centunculus minimus",0,,,,,,,,urn:uuid:a3f2685b-8099-4e8f-b822-cf03d683f03d
1197823,Unknown,,Unknown,,"Centunculus minimus",0,,,,,,,,urn:uuid:ddc43581-f2ee-43fe-8033-24b2d2903e6f
1197824,Unknown,,Unknown,,"Centunculus minimus",0,,,,,,,,urn:uuid:d5535bbe-9546-4650-b86d-5474776d7e07
1197825,Unknown,,Unknown,,"Centunculus minimus",0,,,,,,,,urn:uuid:454e05fb-4b4f-45f9-9de2-e78b81a498a9
1197826,Unknown,,Unknown,,"Centunculus minimus",0,,,,,,,,urn:uuid:eef06951-c2ef-4b12-9e3f-fd63bd3bec79
1197827,Unknown,,Unknown,,"Centunculus minimus",0,,,,,,,,urn:uuid:96559a65-834e-4172-8470-deaa17f73879
1197828,Unknown,,Unknown,,"Centunculus minimus",0,,,,,,,,urn:uuid:4bc47b89-747c-45a5-9e40-23d7bc01e3c8
1197829,Unknown,,Unknown,,"Centunculus minimus",0,,,,,,,,urn:uuid:91be946f-fa92-454d-acef-170e9cde2bd1
1197830,Unknown,,Unknown,,"Centunculus minimus",0,,,,,,,,urn:uuid:2e4be2c2-25c1-4b34-8c3f-119f2c1de5a6
1197831,Unknown,,Unknown,,"Centunculus minimus",0,,,,,,,,urn:uuid:e722989e-7b57-491b-bb29-aea0c982d5bf
1197832,Unknown,,Unknown,,"Centunculus minimus",0,,,,,,,,urn:uuid:911f280c-4174-48bf-9767-0f35e743972c
1197833,Unknown,,Unknown,,"Centunculus minimus",0,,,,,,,,urn:uuid:90e3e27f-4895-437f-81c0-6b9071723ac0
1197834,Unknown,,Unknown,,"Centunculus minimus",0,,,,,,,,urn:uuid:ee7b2ebe-5523-4e2d-8b7b-3f8fe2f6399e
1263979,Unknown,,Unknown,,"Centunculus minimus",0,,,,,,,,urn:uuid:461a850e-d105-4251-8634-a1b81a342ad2
1263980,Unknown,,Unknown,,"Centunculus minimus",0,,,,,,,,urn:uuid:080b04ae-703e-4c2a-a9a7-f6097e938b14
1263981,Unknown,,Unknown,,"Centunculus minimus",0,,,,,,,,urn:uuid:7a632e41-2c6b-48e9-ab90-041339c8cb36
1263982,Unknown,,Unknown,,"Centunculus minimus",0,,,,,,,,urn:uuid:51e5ffc0-b263-4395-9f09-a9ac7e058315
1263983,Unknown,,Unknown,,"Centunculus minimus",0,,,,,,,,urn:uuid:ce7b9a17-5d5b-4bd9-ac57-1f359135c63f
1263984,Unknown,,Unknown,,"Centunculus minimus",0,,,,,,,,urn:uuid:cdc831c6-9bf3-40a0-866b-1396bbb1fec0
1263985,Unknown,,Unknown,,"Centunculus minimus",0,,,,,,,,urn:uuid:027447cd-2d65-497e-ab18-1e4c53f8faf5
1263986,Unknown,,Unknown,,"Centunculus minimus",0,,,,,,,,urn:uuid:91ff67d2-01cd-4b83-bca5-583fda64cd84
1263987,Unknown,,Unknown,,"Centunculus minimus",0,,,,,,,,urn:uuid:ffb8be1e-5c7d-4103-8b81-e8168404cff3
1263988,Unknown,,Unknown,,"Centunculus minimus",0,,,,,,,,urn:uuid:311ac5a0-7c2c-4f19-b2eb-02519c0f425e
1263989,Unknown,,Unknown,,"Centunculus minimus",0,,,,,,,,urn:uuid:f604486e-c528-4dbf-ac70-37620d5ac676
1263990,Unknown,,Unknown,,"Centunculus minimus",0,,,,,,,,urn:uuid:1c5e4c46-fd67-426e-ba54-2cdbd77117aa
1263991,Unknown,,Unknown,,"Centunculus minimus",0,,,,,,,,urn:uuid:e5c68419-5ea0-4764-a0d6-7cc2ab198947
1263992,Unknown,,Unknown,,"Centunculus minimus",0,,,,,,,,urn:uuid:8575e6db-6ee9-4a11-8696-35a5a0bbe38e
1263993,Unknown,,Unknown,,"Centunculus minimus",0,,,,,,,,urn:uuid:6a3fdd92-9676-4842-bb2a-873e76c7f62f
1263994,Unknown,,Unknown,,"Centunculus minimus",0,,,,,,,,urn:uuid:05fe096a-e6fc-47ee-af7c-d53e4ed62b87
1263995,Unknown,,Unknown,,"Centunculus minimus",0,,,,,,,,urn:uuid:e5aa09fd-27fd-481e-ab28-b40f8da25511
1263996,Unknown,,Unknown,,"Centunculus minimus",0,,,,,,,,urn:uuid:932808e5-eb07-4219-b0be-9160b6a4237d
1263997,Unknown,,Unknown,,"Centunculus minimus",0,,,,,,,,urn:uuid:a042d47b-69c3-4130-b3a1-2cb4a8168ecf
1289623,Unknown,,Unknown,,"Centunculus minimus",0,,,,,,,,urn:uuid:fea41776-18b4-4ef9-bf72-620778a401d7
1293151,Unknown,,Unknown,,"Centunculus minimus",0,,,,,,,,urn:uuid:718ce218-0cc6-4877-8d4b-9c10a493bb73
1297650,Unknown,,Unknown,,"Centunculus minimus",0,,,,,,,,urn:uuid:6d978ad9-6dec-43b7-a642-fee58135f6fe
1298853,Unknown,,Unknown,,"Centunculus minimus",0,,,,,,,,urn:uuid:9727bd31-472e-4663-a4e9-8f9cff301f65
1299003,Unknown,,Unknown,,"Centunculus minimus",0,,,,,,,,urn:uuid:6063d6d2-ed07-4384-a1aa-cc1fb7a434c0
1299093,Unknown,,Unknown,,"Centunculus minimus",0,,,,,,,,urn:uuid:52e1cd17-5655-4665-bd96-edfd3c5f6782
1299330,Unknown,,Unknown,,"Centunculus minimus",0,,,,,,,,urn:uuid:88b650c1-9824-4f38-9f81-29aea1a5999e
1300601,Unknown,,Unknown,,"Centunculus minimus",0,,,,,,,,urn:uuid:5ae000ee-73d6-4ade-ab65-b406aeefb8cd
1300825,Unknown,,Unknown,,"Centunculus minimus",0,,,,,,,,urn:uuid:7938068e-57d2-4a1a-acbf-32588276fd8a
1301960,Unknown,,Unknown,,"Centunculus minimus",0,,,,,,,,urn:uuid:aeb4add3-a320-4d64-9524-d1cedd2ed43c
1302047,Unknown,,Unknown,,"Centunculus minimus",0,,,,,,,,urn:uuid:28d048f4-0eda-428d-96db-f8de9d73bf1f
1302170,Unknown,,Unknown,,"Centunculus minimus",0,,,,,,,,urn:uuid:4058cd5c-aebc-4f72-8373-24cc070b550d
1303803,Unknown,,Unknown,,"Centunculus minimus",0,,,,,,,,urn:uuid:660dd016-e866-4c49-9463-2006c7aa3610
1306135,Unknown,,Unknown,,"Centunculus minimus",0,,,,,,,,urn:uuid:e1fb4d3b-157d-4097-a85a-7770fbb233d8
1308383,Unknown,,Unknown,,"Centunculus minimus",0,,,,,,,,urn:uuid:3c7b80c9-0a11-48ae-8af8-a87ce881b79b
1309901,Unknown,,Unknown,,"Centunculus minimus",0,,,,,,,,urn:uuid:fb984005-b3d4-4025-b026-b75dc588077b
1312312,"W. R. Carr",,2002,,"Samolus valerandi",0,,,,,,,,urn:uuid:e9241956-dc85-45be-96b5-ce27eaa68e98
1377652,Unknown,,Unknown,,"Centunculus minimus",0,,,,,,,,urn:uuid:594d868a-d407-4996-a46d-c7414806156a
1377653,Unknown,,Unknown,,"Centunculus minimus",0,,,,,,,,urn:uuid:edddd18c-c163-4443-ba22-f46426d40ddf
1377654,Unknown,,Unknown,,"Centunculus minimus",0,,,,,,,,urn:uuid:fc8c73d1-2518-4a7e-9f37-a72ec7414428
1377655,Unknown,,Unknown,,"Centunculus minimus",0,,,,,,,,urn:uuid:6eb8865c-8d96-44ad-b780-6f2e4e70357e
1377656,Unknown,,Unknown,,"Centunculus minimus",0,,,,,,,,urn:uuid:4d43e12b-dbf9-4783-b78e-5b6a01551192
1377657,Unknown,,Unknown,,"Centunculus minimus",0,,,,,,,,urn:uuid:6cea740f-dd6d-4910-8a26-bf1bac5f979c
1377658,Unknown,,Unknown,,"Centunculus minimus",0,,,,,,,,urn:uuid:cfb7876c-34c3-4984-bfd5-e4e52037a896
1377659,Unknown,,Unknown,,"Centunculus minimus",0,,,,,,,,urn:uuid:c7f9cc7c-4585-44db-821c-aea57b752ceb
1377660,Unknown,,Unknown,,"Centunculus minimus",0,,,,,,,,urn:uuid:ddaa3559-9137-480d-b2b7-5acb9f4b7ef6
1377661,Unknown,,Unknown,,"Centunculus minimus",0,,,,,,,,urn:uuid:b0c8cdce-f9a2-46b0-a030-4306af05efb5
1377662,Unknown,,Unknown,,"Centunculus minimus",0,,,,,,,,urn:uuid:124ad7fc-b5ef-4199-b04d-b42ba5b611ed
1377663,Unknown,,Unknown,,"Centunculus minimus",0,,,,,,,,urn:uuid:174aa576-edc4-4158-a2e1-39e719718eb2
1377664,Unknown,,Unknown,,"Centunculus minimus",0,,,,,,,,urn:uuid:37efa425-655d-4f22-82c5-0e832b4d8c93
1377665,Unknown,,Unknown,,"Centunculus minimus",0,,,,,,,,urn:uuid:f90eb283-802e-4959-82ef-f948ef998f56
1377666,Unknown,,Unknown,,"Centunculus minimus",0,,,,,,,,urn:uuid:83c7fadc-b770-4a59-be44-15357f82bbd1
1404056,Unknown,,Unknown,,"Centunculus minimus",0,,,,,,,,urn:uuid:21070cee-7d26-4cb3-9295-dd2127e7e742
1404057,Unknown,,Unknown,,"Centunculus minimus",0,,,,,,,,urn:uuid:66b7e1a5-4dab-463f-9bb7-6d2f131a8177
1404058,Unknown,,Unknown,,"Centunculus minimus",0,,,,,,,,urn:uuid:58f43913-2e69-4757-8c28-5c6f2dfb0670
1404059,Unknown,,Unknown,,"Centunculus minimus",0,,,,,,,,urn:uuid:8a299bb7-ca97-4c21-9852-13d4a4557318
1404060,Unknown,,Unknown,,"Centunculus minimus",0,,,,,,,,urn:uuid:bd8fa696-36bf-4eff-9f72-641961e557ea
1404061,Unknown,,Unknown,,"Centunculus minimus",0,,,,,,,,urn:uuid:d85eec8b-1b10-4166-a97a-ab12e5953df7
1404062,Unknown,,Unknown,,"Centunculus minimus",0,,,,,,,,urn:uuid:0cdfd3ed-6a79-4ab0-a52b-cb08f637d9e3
1404063,Unknown,,Unknown,,"Centunculus minimus",0,,,,,,,,urn:uuid:983a34cf-d6db-4d34-bb79-a99862fc7745
1404064,Unknown,,Unknown,,"Centunculus minimus",0,,,,,,,,urn:uuid:2234e200-2512-4648-bc14-25a55182ed0a
