coreid,identifiedBy,identifiedByID,dateIdentified,identificationQualifier,scientificName,identificationIsCurrent,scientificNameAuthorship,genus,specificEpithet,taxonRank,infraspecificEpithet,identificationReferences,identificationRemarks,recordId
1196472,Unknown,,Unknown,," Fendlera falcata",0,,,,,,,,urn:uuid:41c2de2a-5bb3-45f0-b0aa-e3f69099d353
1196472,Unknown,,Unknown,,"Fendlera rupicola",0,,,,,,,,urn:uuid:b5b119d1-7485-4cce-aa95-704c96d2e51d
1196473,Unknown,,Unknown,," Fendlera wrightii",0,,,,,,,,urn:uuid:c61653de-e4ab-4e46-968c-af18c1043c87
1196473,Unknown,,Unknown,,"Fendlera rupicola",0,,,,,,,,urn:uuid:cb51ee4d-116e-4430-a123-dbf79b09cb43
1196474,Unknown,,Unknown,," Fendlera wrightii",0,,,,,,,,urn:uuid:46793751-b522-4212-810b-5fa16ca31bc0
1196474,Unknown,,Unknown,,"Fendlera rupicola",0,,,,,,,,urn:uuid:43108c0f-3416-40a0-91e5-b3b0eb667715
1196475,Unknown,,Unknown,," Fendlera falcata",0,,,,,,,,urn:uuid:8e3d5632-7497-4eeb-bf90-4d27070ffea1
1196475,Unknown,,Unknown,,"Fendlera rupicola",0,,,,,,,,urn:uuid:c1bf6b5d-c807-436e-bbc6-cef7a00ede55
1196476,Unknown,,Unknown,," Fendlera falcata",0,,,,,,,,urn:uuid:9033985f-f797-4290-a2c3-16b98b8848fb
1196476,Unknown,,Unknown,,"Fendlera rupicola",0,,,,,,,,urn:uuid:86da28c9-7119-4e9e-9327-b1ed8d645590
1196477,Unknown,,Unknown,," Fendlera wrightii",0,,,,,,,,urn:uuid:9f79eda0-2cbb-4502-a9e4-dd1b36c0e14d
1196477,Unknown,,Unknown,,"Fendlera rupicola",0,,,,,,,,urn:uuid:30af3e65-df1e-4910-bd57-9ffbd1f622c1
1196478,Unknown,,Unknown,," Fendlera wrightii",0,,,,,,,,urn:uuid:0bad828a-f70f-4294-a71c-6a7a63de2e3a
1196478,Unknown,,Unknown,,"Fendlera rupicola",0,,,,,,,,urn:uuid:075c1b9d-274f-4aa1-8117-1e3fc2427fc4
1196479,Unknown,,Unknown,," Fendlera wrightii",0,,,,,,,,urn:uuid:265a2fa1-d2cc-4f4e-bdf7-93b2d6bf6071
1196479,Unknown,,Unknown,,"Fendlera rupicola",0,,,,,,,,urn:uuid:c5f22d2b-44dc-4b91-b8ab-49977c46c05f
1196480,Unknown,,Unknown,," Fendlera wrightii",0,,,,,,,,urn:uuid:88a264da-3c14-4253-bbcc-e06ca9d5d9f9
1196480,Unknown,,Unknown,,"Fendlera rupicola",0,,,,,,,,urn:uuid:f9e3900d-a67c-4dd9-88e3-e904f208af0b
1196481,Unknown,,Unknown,,"Fendlera rupicola",0,,,,,,,,urn:uuid:c7e6cded-9e92-463d-9460-c1fb43f6af1e
1196517,Unknown,,Unknown,,"Philadelphus microphyllus var. argenteus",0,,,,,,,,urn:uuid:120894a1-f44e-4098-b1fe-2d2976598ed8
1196519,Unknown,,Unknown,,"Philadelphus microphyllus var. crinitus",0,,,,,,,,urn:uuid:2a12799a-5ab6-499e-9b87-e66445d0afcd
1196522,Unknown,,Unknown,,"Philadelphus serpyllifolius var. serpyllifolius",0,,,,,,,,urn:uuid:b704ec95-5b50-462e-8571-37ab0386f2b6
1196523,Unknown,,Unknown,,"Philadelphus serpyllifolius var. serpyllifolius",0,,,,,,,,urn:uuid:bf70633d-c6bf-4c55-9c29-f54f636ebaef
1196524,Unknown,,Unknown,," Philadelphus texensis",0,,,,,,,,urn:uuid:6d7da7fa-4d6e-4232-baaa-801541cb6cd6
1196524,Unknown,,Unknown,,"Philadelphus serpyllifolius var. texensis",0,,,,,,,,urn:uuid:1611f148-d645-4608-a460-4ebd01e50e4f
1196525,Unknown,,Unknown,," Philadelphus texensis",0,,,,,,,,urn:uuid:aef7e003-f8cd-4fa3-b5a1-6172835b920c
1196525,Unknown,,Unknown,,"Philadelphus serpyllifolius var. texensis",0,,,,,,,,urn:uuid:790feebe-ebfa-4d5f-9628-1f0bb823d27e
1200682,Unknown,,Unknown,,"Fendlerella utahensis var. cymosa",0,,,,,,,,urn:uuid:639513de-fbeb-45e3-b188-21be4a4e2950
1200685,Unknown,,Unknown,,"Fendlerella utahensis var. cymosa",0,,,,,,,,urn:uuid:9512cfe6-b5f0-4160-94ad-346adf7f415c
1210708,Unknown,,Unknown,,"Fendlera wrightii",0,,,,,,,,urn:uuid:ca0fed86-3bd8-4ca0-8303-24cea890d20e
1242406,Unknown,,Unknown,,"Fendlera rupicola",0,,,,,,,,urn:uuid:4ca980c0-1f0b-41bd-95d0-b243a8db0a35
1242409,Unknown,,Unknown,,"Fendlera falcata",0,,,,,,,,urn:uuid:734d6361-54fd-4733-9d6e-39608a4c3d9f
1242410,Unknown,,Unknown,,"Fendlera falcata",0,,,,,,,,urn:uuid:89894eef-5e40-493a-a4ce-a9e48b4ec331
1242411,Unknown,,Unknown,,"Fendlera falcata",0,,,,,,,,urn:uuid:2f51224f-e74e-4f4a-b814-d913e0f35034
1242412,Unknown,,Unknown,,"Fendlera falcata",0,,,,,,,,urn:uuid:72707091-9569-41e8-91b1-2f1d9d858432
1242413,Unknown,,Unknown,,"Fendlera falcata",0,,,,,,,,urn:uuid:f305ea3b-78cb-4a33-ac52-d17059d1cc86
1242414,Unknown,,Unknown,,"Fendlera falcata",0,,,,,,,,urn:uuid:15277ae8-e221-4aa0-8486-7861897ca385
1242415,Unknown,,Unknown,,"Fendlera falcata",0,,,,,,,,urn:uuid:b6e66107-7a02-4a56-aac1-f0529d651e87
1242416,Unknown,,Unknown,,"Fendlera falcata",0,,,,,,,,urn:uuid:5f4efe0f-71c8-49ed-a330-5ee441362052
1242417,Unknown,,Unknown,,"Fendlera falcata",0,,,,,,,,urn:uuid:213ab421-ddaa-4e03-9773-e1bd22eec6cf
1242418,Unknown,,Unknown,,"Fendlera falcata",0,,,,,,,,urn:uuid:91b09ac4-1752-4237-b623-3ff1d2bc202d
1242419,Unknown,,Unknown,,"Fendlera falcata",0,,,,,,,,urn:uuid:a470add4-74e9-44dc-9c3e-9a8a1bc8e801
1242420,Unknown,,Unknown,,"Fendlera falcata",0,,,,,,,,urn:uuid:8cc63841-62e2-4099-a8ac-c98d3894308e
1242421,Unknown,,Unknown,,"Fendlera falcata",0,,,,,,,,urn:uuid:14b77f08-2095-48b6-9cf1-eed3abfb0c71
1242422,Unknown,,Unknown,,"Fendlera falcata",0,,,,,,,,urn:uuid:960f826f-3ad7-4241-ad63-4780a5981b11
1242423,Unknown,,Unknown,,"Fendlera falcata",0,,,,,,,,urn:uuid:71966ada-4a5c-44d7-b3eb-7148489e41a5
1242424,Unknown,,Unknown,,"Fendlera falcata",0,,,,,,,,urn:uuid:60c24a2c-f793-48c3-aa78-d11239363256
1242425,Unknown,,Unknown,,"Fendlera falcata",0,,,,,,,,urn:uuid:d3901b08-f3af-40fb-a498-489a4f9ec361
1242426,Unknown,,Unknown,,"Fendlera wrightii",0,,,,,,,,urn:uuid:ee56a75d-2f54-4008-ac42-3939d82d96ef
1242427,Unknown,,Unknown,,"Fendlera wrightii",0,,,,,,,,urn:uuid:40245ef8-b3f2-4ee8-b93b-d3f86f9af25c
1242428,Unknown,,Unknown,,"Fendlera wrightii",0,,,,,,,,urn:uuid:ceb0d496-b6de-47ff-8f2f-09c7d925e119
1242429,Unknown,,Unknown,,"Fendlera wrightii",0,,,,,,,,urn:uuid:09370653-dd7b-4c73-83e4-1aa4648c65fe
1242430,Unknown,,Unknown,,"Fendlera wrightii",0,,,,,,,,urn:uuid:da8a9b66-d672-485e-a937-2f266ec9cc4c
1242431,Unknown,,Unknown,,"Fendlera wrightii",0,,,,,,,,urn:uuid:e2df914f-bb48-455c-9066-370db0e83f9a
1242432,Unknown,,Unknown,,"Fendlera wrightii",0,,,,,,,,urn:uuid:799fe84e-0e0d-4f6e-8931-4e28e469a825
1242433,Unknown,,Unknown,,"Fendlera wrightii",0,,,,,,,,urn:uuid:69d781dd-eb69-48a7-bb21-07f328a8a2aa
1242434,Unknown,,Unknown,,"Fendlerella utahensis var. cymosa",0,,,,,,,,urn:uuid:3159e2c0-a19f-472f-b14f-ea0aac50c321
1242435,Unknown,,Unknown,,"Fendlerella utahensis var. cymosa",0,,,,,,,,urn:uuid:70343b23-b13d-4063-9c7f-1ce7e688b254
1242489,Unknown,,Unknown,," Philadelphus texensis",0,,,,,,,,urn:uuid:366f62a6-5f6e-42d0-8a44-c00dc507858c
1242489,Unknown,,Unknown,,"Philadelphus serpyllifolius var. texensis",0,,,,,,,,urn:uuid:e63ad590-2730-484c-b50b-339b33823805
1242490,Unknown,,Unknown,,"Philadelphus microphyllus var. crinitus",0,,,,,,,,urn:uuid:1d310cb2-2ece-4bcc-974e-8bd5a173fb66
1242491,Unknown,,Unknown,,"Philadelphus microphyllus var. crinitus",0,,,,,,,,urn:uuid:c853499a-e85c-48b1-98b9-e09af923e75c
1242492,Unknown,,Unknown,,"Philadelphus microphyllus var. crinitus",0,,,,,,,,urn:uuid:af922c40-52e2-484a-b710-a026da89ef61
1242493,Unknown,,Unknown,,"Philadelphus microphyllus var. microphyllus",0,,,,,,,,urn:uuid:3fad457b-25b0-4bd3-967f-8091ffaad0d6
1242494,Unknown,,Unknown,,"Philadelphus microphyllus var. crinitus",0,,,,,,,,urn:uuid:0e50122b-f03e-4641-a8f8-6b467da3edfd
1242495,Unknown,,Unknown,,"Philadelphus microphyllus var. crinitus",0,,,,,,,,urn:uuid:4c2ff029-30e1-4dc3-8fec-770d8f59776a
1242496,Unknown,,Unknown,,"Philadelphus microphyllus var. crinitus",0,,,,,,,,urn:uuid:41b04a19-9d7c-4b0d-ae3a-da76bc90af7e
1242517,Unknown,,Unknown,," Philadelphus texensis",0,,,,,,,,urn:uuid:fcabcb48-d456-4f69-9c07-b42725613fb1
1242517,Unknown,,Unknown,,"Philadelphus serpyllifolius var. texensis",0,,,,,,,,urn:uuid:43a34e9d-5ff4-47c5-82dc-c77ee191fe85
1242518,Unknown,,Unknown,," Philadelphus texensis",0,,,,,,,,urn:uuid:13be9cbd-858a-4660-be26-9e6a5a21b9d6
1242518,Unknown,,Unknown,,"Philadelphus serpyllifolius var. texensis",0,,,,,,,,urn:uuid:83f26629-7d2f-4c48-8d08-34c54035fdea
1242519,Unknown,,Unknown,,"Philadelphus serpyllifolius var. intermedius",0,,,,,,,,urn:uuid:2dd6bd57-77c3-4491-9b1d-4d43246a2fbc
1242522,Unknown,,Unknown,,"Philadelphus serpyllifolius var. intermedius",0,,,,,,,,urn:uuid:b94cd4da-ba00-4855-8303-adfecc1570f2
1242523,Unknown,,Unknown,,"Philadelphus serpyllifolius var. serpyllifolius",0,,,,,,,,urn:uuid:686cf45a-116d-43ee-b774-ad7e0ab8853f
1242524,Unknown,,Unknown,,"Philadelphus serpyllifolius var. serpyllifolius",0,,,,,,,,urn:uuid:693e621c-ab12-4ebc-9125-d06628d4639e
1242525,Unknown,,Unknown,,"Philadelphus serpyllifolius var. serpyllifolius",0,,,,,,,,urn:uuid:0f174554-3db9-46d9-88b6-d224b5255469
1242526,Unknown,,Unknown,,"Philadelphus serpyllifolius var. serpyllifolius",0,,,,,,,,urn:uuid:1c284cbb-ef6f-48ed-a985-ae4757f75486
1242527,Unknown,,Unknown,,"Philadelphus serpyllifolius var. serpyllifolius",0,,,,,,,,urn:uuid:9cbeebfe-f9aa-4201-934d-d48e8009d5e6
1242528,Unknown,,Unknown,,"Philadelphus serpyllifolius var. serpyllifolius",0,,,,,,,,urn:uuid:820f885f-5aa2-408c-a187-87712010e7da
1242529,Unknown,,Unknown,,"Philadelphus serpyllifolius var. serpyllifolius",0,,,,,,,,urn:uuid:417f8cf3-edf2-47fc-a83f-94b0533ff80e
1242530,Unknown,,Unknown,,"Philadelphus serpyllifolius var. serpyllifolius",0,,,,,,,,urn:uuid:52b39353-fdb1-4ba1-a4ea-136968329147
1290672,Unknown,,Unknown,,"Philadelphus microphyllus var. crinitus",0,,,,,,,,urn:uuid:13f50b1a-5a03-4af6-bef5-a7b7692925f0
1290982,Unknown,,Unknown,,"Philadelphus serpyllifolius var. serpyllifolius",0,,,,,,,,urn:uuid:6dd2590d-4d53-4493-a48d-c7f0232b2c54
1291837,Unknown,,Unknown,,"Fendlera wrightii",0,,,,,,,,urn:uuid:4e1134f4-3e7a-4cf9-b585-e88bbadcb90a
1291838,Unknown,,Unknown,,"Fendlera wrightii",0,,,,,,,,urn:uuid:360c1940-b6d6-48bb-abd4-c3fa1aa32120
1292614,Unknown,,Unknown,,"Fendlera wrightii",0,,,,,,,,urn:uuid:297a4eda-85bb-42ad-b869-1c5104e6c30c
1293902,Unknown,,Unknown,,"Fendlera falcata",0,,,,,,,,urn:uuid:50c3d2c9-a329-4621-8fd3-1394d79183b9
1298455,Unknown,,Unknown,,"Fendlera falcata",0,,,,,,,,urn:uuid:54bf1e9d-7210-4f05-9db2-4514fe335da9
1299608,Unknown,,Unknown,,"Philadelphus serpyllifolius var. serpyllifolius",0,,,,,,,,urn:uuid:fb72a8d3-5539-432b-97b4-5fdc5a7c208d
1377035,Unknown,,Unknown,," Fendlera falcata",0,,,,,,,,urn:uuid:32af61e7-d4e0-45c6-a777-2a358d601b7e
1377035,Unknown,,Unknown,,"Fendlera rupicola",0,,,,,,,,urn:uuid:6cebf50d-66e8-4d15-ba92-ca97e43b71e2
1377036,Unknown,,Unknown,,"Fendlerella utahensis var. cymosa",0,,,,,,,,urn:uuid:6cd8fb80-d09d-4381-9f55-339c68a612c9
1377037,Unknown,,Unknown,,"Fendlerella utahensis var. cymosa",0,,,,,,,,urn:uuid:a1cdc154-e889-430a-878c-a984c8040016
1377058,Unknown,,Unknown,,"Philadelphus serpyllifolius var. intermedius",0,,,,,,,,urn:uuid:4df1ce96-57ad-476f-806b-e0bc76e33d2e
1377059,Unknown,,Unknown,," Philadelphus texensis",0,,,,,,,,urn:uuid:2b9e1454-58b6-4a05-8265-281abdcee0cf
1377059,Unknown,,Unknown,,"Philadelphus serpyllifolius var. texensis",0,,,,,,,,urn:uuid:60b56b69-dd7e-4b78-93d8-d995f1b504ad
1396231,Unknown,,Unknown,,"Fendlera falcata",0,,,,,,,,urn:uuid:8c40a744-b968-4030-a21f-f7a40a687472
1396232,Unknown,,Unknown,,"Fendlera falcata",0,,,,,,,,urn:uuid:02281add-7abc-40c9-9d4c-893611f937b7
1396233,Unknown,,Unknown,,"Fendlera falcata",0,,,,,,,,urn:uuid:9a6dd349-409e-4302-a8d6-0220c8e8bd79
1396234,Unknown,,Unknown,,"Fendlera falcata",0,,,,,,,,urn:uuid:28e17b95-48cf-4564-94b4-d012ac9f16a2
1396235,Unknown,,Unknown,,"Fendlera falcata",0,,,,,,,,urn:uuid:743b385f-9c07-4bfa-affd-ac1461b6e7fa
1396236,Unknown,,Unknown,,"Fendlera falcata",0,,,,,,,,urn:uuid:b9fcb056-2518-4d68-8ac6-9889b19ebf45
1396237,Unknown,,Unknown,,"Fendlera falcata",0,,,,,,,,urn:uuid:44dd147a-af1f-4f66-b6cb-927c46efb419
1396238,Unknown,,Unknown,,"Fendlera falcata",0,,,,,,,,urn:uuid:3fb01483-fa0a-48d6-baec-07bf1c74eaba
1396239,Unknown,,Unknown,,"Fendlera falcata",0,,,,,,,,urn:uuid:e3b21c2c-c495-42d5-9cf6-8bb0566c9c4f
1396240,Unknown,,Unknown,,"Fendlera falcata",0,,,,,,,,urn:uuid:6d4a9794-186a-4417-a041-589dd88a9a75
1396241,Unknown,,Unknown,,"Fendlera falcata",0,,,,,,,,urn:uuid:1d8ccec4-e72f-4daa-9656-603335420725
1396242,Unknown,,Unknown,,"Fendlera falcata",0,,,,,,,,urn:uuid:3becfaf0-48fb-4eda-9a3a-e7fc49a8836c
1396243,Unknown,,Unknown,,"Fendlera falcata",0,,,,,,,,urn:uuid:fb16a00c-3446-45c1-af52-35eacafec55d
1396244,Unknown,,Unknown,,"Fendlera falcata",0,,,,,,,,urn:uuid:6e80033f-38a5-457c-9a45-3263048b8fc8
1396245,Unknown,,Unknown,,"Fendlera falcata",0,,,,,,,,urn:uuid:41b3ac80-df9b-4b56-80b8-d168ed90f17d
1396246,Unknown,,Unknown,,"Fendlera wrightii",0,,,,,,,,urn:uuid:3144bcb0-ad8f-4684-99c7-4470c00302d9
1396247,Unknown,,Unknown,,"Fendlera wrightii",0,,,,,,,,urn:uuid:919e2d74-c77c-40df-b99b-4d4c2155e0e2
1396248,Unknown,,Unknown,,"Fendlera wrightii",0,,,,,,,,urn:uuid:ea91c2d0-65ae-48ce-8ec4-ab3fa45d2bd5
1396249,Unknown,,Unknown,,"Fendlera wrightii",0,,,,,,,,urn:uuid:463f1652-d38a-4d3d-9bad-a65a3499b7c3
1396250,Unknown,,Unknown,,"Fendlerella utahensis var. cymosa",0,,,,,,,,urn:uuid:3ba92383-a38a-41ff-820d-41d4a4399b2f
1396251,Unknown,,Unknown,,"Fendlerella utahensis var. cymosa",0,,,,,,,,urn:uuid:54e47b77-d1c6-4aee-806a-8a24c4d01dd5
1396252,Unknown,,Unknown,,"Fendlerella utahensis var. cymosa",0,,,,,,,,urn:uuid:6340bd87-f5c5-4721-b90f-423292c8f337
1396253,Unknown,,Unknown,,"Fendlerella utahensis var. cymosa",0,,,,,,,,urn:uuid:0ee495d9-692d-444f-b5bf-826ddd9f7322
1396254,Unknown,,Unknown,,"Fendlerella utahensis var. cymosa",0,,,,,,,,urn:uuid:9b8038fc-6639-4246-b2c8-b8c237f0c940
1396255,Unknown,,Unknown,,"Fendlerella utahensis var. cymosa",0,,,,,,,,urn:uuid:05ea2576-a5fa-48d0-b5f6-f39c2a9fba53
1396283,Unknown,,Unknown,,"Philadelphus microphyllus var. crinitus",0,,,,,,,,urn:uuid:d56593c3-5867-4716-99b3-f33b5c0fee5f
1396294,Unknown,,Unknown,,"Philadelphus serpyllifolius var. texensis",0,,,,,,,,urn:uuid:72401c85-c5e8-4f83-9137-681ed4de5f96
1396295,Unknown,,Unknown,,"Philadelphus serpyllifolius var. intermedius",0,,,,,,,,urn:uuid:3701bacb-d1a2-419e-96f7-faf1dd1045f7
1396296,Unknown,,Unknown,,"Philadelphus serpyllifolius var. serpyllifolius",0,,,,,,,,urn:uuid:41b26ba0-9f93-4f62-8121-9cf324ea10d6
1396297,Unknown,,Unknown,,"Philadelphus serpyllifolius var. serpyllifolius",0,,,,,,,,urn:uuid:263c953a-63fc-4dab-8827-f32c807669cb
1396299,Unknown,,Unknown,,"Philadelphus serpyllifolius var. serpyllifolius",0,,,,,,,,urn:uuid:b825d9f4-4392-4766-941a-3282e78ef327
1410720,Unknown,,Unknown,," Philadelphus texensis",0,,,,,,,,urn:uuid:811c2d52-378f-4f6c-bf9e-a02b23e730b4
1410720,Unknown,,Unknown,,"Philadelphus serpyllifolius var. texensis",0,,,,,,,,urn:uuid:2b6ae439-3fc2-4896-bae4-da6faa1ea9d6
1410721,Unknown,,Unknown,," Philadelphus texensis",0,,,,,,,,urn:uuid:aa72b63e-6194-449b-b244-2556f0e890ce
1410721,Unknown,,Unknown,,"Philadelphus serpyllifolius var. texensis",0,,,,,,,,urn:uuid:42677d5d-e93a-46ff-a1a8-d58ba656a91c
1410722,Unknown,,Unknown,," Philadelphus texensis",0,,,,,,,,urn:uuid:3ff01642-2120-49ce-8c66-f4e9d09123cc
1410722,Unknown,,Unknown,,"Philadelphus serpyllifolius var. texensis",0,,,,,,,,urn:uuid:d67ffad7-7a21-41ba-ba02-81b53992d57c
