coreid,identifier,accessURI,thumbnailAccessURI,goodQualityAccessURI,rights,Owner,UsageTerms,WebStatement,caption,comments,providerManagedID,MetadataDate,associatedSpecimenReference,type,subtype,format,metadataLanguage
1196471,https://prc-symbiota.tacc.utexas.edu:443/symbiota/prc/images/_TEX/TEX00283388_lg.jpg,https://prc-symbiota.tacc.utexas.edu:443/symbiota/prc/images/_TEX/TEX00283388_lg.jpg,https://prc-symbiota.tacc.utexas.edu:443/symbiota/prc/images/_TEX/TEX00283388_tn.jpg,https://prc-symbiota.tacc.utexas.edu:443/symbiota/prc/images/_TEX/TEX00283388.jpg,,"University of Texas Herbarium (PRC-TEX)","CC0 1.0 (Public-domain)",http://creativecommons.org/publicdomain/zero/1.0/,,,urn:uuid:676e6ccb-8fe7-4e20-ace7-6a36a5ae54db,"2015-08-19 20:10:29",https://prc-symbiota.tacc.utexas.edu:443/collections/individual/index.php?occid=1196471,StillImage,Photograph,image/jpeg,en
1196472,https://prc-symbiota.tacc.utexas.edu:443/symbiota/prc/images/_TEX/TEX00283390_lg.jpg,https://prc-symbiota.tacc.utexas.edu:443/symbiota/prc/images/_TEX/TEX00283390_lg.jpg,https://prc-symbiota.tacc.utexas.edu:443/symbiota/prc/images/_TEX/TEX00283390_tn.jpg,https://prc-symbiota.tacc.utexas.edu:443/symbiota/prc/images/_TEX/TEX00283390.jpg,,"University of Texas Herbarium (PRC-TEX)","CC0 1.0 (Public-domain)",http://creativecommons.org/publicdomain/zero/1.0/,,,urn:uuid:a5c52291-35a7-44d4-855e-692db1a12eee,"2015-08-26 09:39:03",https://prc-symbiota.tacc.utexas.edu:443/collections/individual/index.php?occid=1196472,StillImage,Photograph,image/jpeg,en
1196473,https://prc-symbiota.tacc.utexas.edu:443/symbiota/prc/images/_TEX/TEX00283391_lg.jpg,https://prc-symbiota.tacc.utexas.edu:443/symbiota/prc/images/_TEX/TEX00283391_lg.jpg,https://prc-symbiota.tacc.utexas.edu:443/symbiota/prc/images/_TEX/TEX00283391_tn.jpg,https://prc-symbiota.tacc.utexas.edu:443/symbiota/prc/images/_TEX/TEX00283391.jpg,,"University of Texas Herbarium (PRC-TEX)","CC0 1.0 (Public-domain)",http://creativecommons.org/publicdomain/zero/1.0/,,,urn:uuid:f8dcd07c-2585-4126-acb0-b50a4936224f,"2015-08-25 03:43:28",https://prc-symbiota.tacc.utexas.edu:443/collections/individual/index.php?occid=1196473,StillImage,Photograph,image/jpeg,en
1196474,https://prc-symbiota.tacc.utexas.edu:443/symbiota/prc/images/_TEX/TEX00283392_lg.jpg,https://prc-symbiota.tacc.utexas.edu:443/symbiota/prc/images/_TEX/TEX00283392_lg.jpg,https://prc-symbiota.tacc.utexas.edu:443/symbiota/prc/images/_TEX/TEX00283392_tn.jpg,https://prc-symbiota.tacc.utexas.edu:443/symbiota/prc/images/_TEX/TEX00283392.jpg,,"University of Texas Herbarium (PRC-TEX)","CC0 1.0 (Public-domain)",http://creativecommons.org/publicdomain/zero/1.0/,,,urn:uuid:bd5947ef-972b-4b1c-a0c9-8aecdba8eb4c,"2015-08-21 12:45:07",https://prc-symbiota.tacc.utexas.edu:443/collections/individual/index.php?occid=1196474,StillImage,Photograph,image/jpeg,en
1196475,https://prc-symbiota.tacc.utexas.edu:443/symbiota/prc/images/_TEX/TEX00283394_lg.jpg,https://prc-symbiota.tacc.utexas.edu:443/symbiota/prc/images/_TEX/TEX00283394_lg.jpg,https://prc-symbiota.tacc.utexas.edu:443/symbiota/prc/images/_TEX/TEX00283394_tn.jpg,https://prc-symbiota.tacc.utexas.edu:443/symbiota/prc/images/_TEX/TEX00283394.jpg,,"University of Texas Herbarium (PRC-TEX)","CC0 1.0 (Public-domain)",http://creativecommons.org/publicdomain/zero/1.0/,,,urn:uuid:fae1f11a-2c82-4785-ae79-1df9c8f7849a,"2015-08-23 19:46:25",https://prc-symbiota.tacc.utexas.edu:443/collections/individual/index.php?occid=1196475,StillImage,Photograph,image/jpeg,en
1196476,https://prc-symbiota.tacc.utexas.edu:443/symbiota/prc/images/_TEX/TEX00283395_lg.jpg,https://prc-symbiota.tacc.utexas.edu:443/symbiota/prc/images/_TEX/TEX00283395_lg.jpg,https://prc-symbiota.tacc.utexas.edu:443/symbiota/prc/images/_TEX/TEX00283395_tn.jpg,https://prc-symbiota.tacc.utexas.edu:443/symbiota/prc/images/_TEX/TEX00283395.jpg,,"University of Texas Herbarium (PRC-TEX)","CC0 1.0 (Public-domain)",http://creativecommons.org/publicdomain/zero/1.0/,,,urn:uuid:a43ae59b-72c9-4dfa-add4-e879a1419976,"2015-08-19 15:22:52",https://prc-symbiota.tacc.utexas.edu:443/collections/individual/index.php?occid=1196476,StillImage,Photograph,image/jpeg,en
1196477,https://prc-symbiota.tacc.utexas.edu:443/symbiota/prc/images/_TEX/TEX00283397_lg.jpg,https://prc-symbiota.tacc.utexas.edu:443/symbiota/prc/images/_TEX/TEX00283397_lg.jpg,https://prc-symbiota.tacc.utexas.edu:443/symbiota/prc/images/_TEX/TEX00283397_tn.jpg,https://prc-symbiota.tacc.utexas.edu:443/symbiota/prc/images/_TEX/TEX00283397.jpg,,"University of Texas Herbarium (PRC-TEX)","CC0 1.0 (Public-domain)",http://creativecommons.org/publicdomain/zero/1.0/,,,urn:uuid:ecdfa3c5-5318-48c7-820d-076479d81b13,"2015-08-25 19:56:50",https://prc-symbiota.tacc.utexas.edu:443/collections/individual/index.php?occid=1196477,StillImage,Photograph,image/jpeg,en
1196478,https://prc-symbiota.tacc.utexas.edu:443/symbiota/prc/images/_TEX/TEX00283396_lg.jpg,https://prc-symbiota.tacc.utexas.edu:443/symbiota/prc/images/_TEX/TEX00283396_lg.jpg,https://prc-symbiota.tacc.utexas.edu:443/symbiota/prc/images/_TEX/TEX00283396_tn.jpg,https://prc-symbiota.tacc.utexas.edu:443/symbiota/prc/images/_TEX/TEX00283396.jpg,,"University of Texas Herbarium (PRC-TEX)","CC0 1.0 (Public-domain)",http://creativecommons.org/publicdomain/zero/1.0/,,,urn:uuid:cf713557-22ec-4dbb-b51b-3224e8d48e13,"2015-08-19 19:32:18",https://prc-symbiota.tacc.utexas.edu:443/collections/individual/index.php?occid=1196478,StillImage,Photograph,image/jpeg,en
1196479,https://prc-symbiota.tacc.utexas.edu:443/symbiota/prc/images/_TEX/TEX00283398_lg.jpg,https://prc-symbiota.tacc.utexas.edu:443/symbiota/prc/images/_TEX/TEX00283398_lg.jpg,https://prc-symbiota.tacc.utexas.edu:443/symbiota/prc/images/_TEX/TEX00283398_tn.jpg,https://prc-symbiota.tacc.utexas.edu:443/symbiota/prc/images/_TEX/TEX00283398.jpg,,"University of Texas Herbarium (PRC-TEX)","CC0 1.0 (Public-domain)",http://creativecommons.org/publicdomain/zero/1.0/,,,urn:uuid:6be205b3-3b5c-4d8a-b0f2-0ced196615ab,"2015-08-23 08:23:11",https://prc-symbiota.tacc.utexas.edu:443/collections/individual/index.php?occid=1196479,StillImage,Photograph,image/jpeg,en
1196480,https://prc-symbiota.tacc.utexas.edu:443/symbiota/prc/images/_TEX/TEX00283399_lg.jpg,https://prc-symbiota.tacc.utexas.edu:443/symbiota/prc/images/_TEX/TEX00283399_lg.jpg,https://prc-symbiota.tacc.utexas.edu:443/symbiota/prc/images/_TEX/TEX00283399_tn.jpg,https://prc-symbiota.tacc.utexas.edu:443/symbiota/prc/images/_TEX/TEX00283399.jpg,,"University of Texas Herbarium (PRC-TEX)","CC0 1.0 (Public-domain)",http://creativecommons.org/publicdomain/zero/1.0/,,,urn:uuid:8cda5f32-dfa9-4968-b116-16923d547cf9,"2015-08-26 05:50:48",https://prc-symbiota.tacc.utexas.edu:443/collections/individual/index.php?occid=1196480,StillImage,Photograph,image/jpeg,en
1196481,https://prc-symbiota.tacc.utexas.edu:443/symbiota/prc/images/_TEX/TEX00283400_lg.jpg,https://prc-symbiota.tacc.utexas.edu:443/symbiota/prc/images/_TEX/TEX00283400_lg.jpg,https://prc-symbiota.tacc.utexas.edu:443/symbiota/prc/images/_TEX/TEX00283400_tn.jpg,https://prc-symbiota.tacc.utexas.edu:443/symbiota/prc/images/_TEX/TEX00283400.jpg,,"University of Texas Herbarium (PRC-TEX)","CC0 1.0 (Public-domain)",http://creativecommons.org/publicdomain/zero/1.0/,,,urn:uuid:09a05d9f-4b9b-4e3a-b277-b0e095dd9214,"2015-08-19 18:57:09",https://prc-symbiota.tacc.utexas.edu:443/collections/individual/index.php?occid=1196481,StillImage,Photograph,image/jpeg,en
1196513,https://prc-symbiota.tacc.utexas.edu:443/symbiota/prc/images/_TEX/TEX00283451_lg.jpg,https://prc-symbiota.tacc.utexas.edu:443/symbiota/prc/images/_TEX/TEX00283451_lg.jpg,https://prc-symbiota.tacc.utexas.edu:443/symbiota/prc/images/_TEX/TEX00283451_tn.jpg,https://prc-symbiota.tacc.utexas.edu:443/symbiota/prc/images/_TEX/TEX00283451.jpg,,"University of Texas Herbarium (PRC-TEX)","CC0 1.0 (Public-domain)",http://creativecommons.org/publicdomain/zero/1.0/,,,urn:uuid:79037482-50fa-4b57-bd13-640e362f5be1,"2015-08-23 13:38:04",https://prc-symbiota.tacc.utexas.edu:443/collections/individual/index.php?occid=1196513,StillImage,Photograph,image/jpeg,en
1196514,https://prc-symbiota.tacc.utexas.edu:443/symbiota/prc/images/_TEX/TEX00283452_lg.jpg,https://prc-symbiota.tacc.utexas.edu:443/symbiota/prc/images/_TEX/TEX00283452_lg.jpg,https://prc-symbiota.tacc.utexas.edu:443/symbiota/prc/images/_TEX/TEX00283452_tn.jpg,https://prc-symbiota.tacc.utexas.edu:443/symbiota/prc/images/_TEX/TEX00283452.jpg,,"University of Texas Herbarium (PRC-TEX)","CC0 1.0 (Public-domain)",http://creativecommons.org/publicdomain/zero/1.0/,,,urn:uuid:86408ca8-9c2c-40eb-ba4a-54ffd44777de,"2015-08-25 04:16:27",https://prc-symbiota.tacc.utexas.edu:443/collections/individual/index.php?occid=1196514,StillImage,Photograph,image/jpeg,en
1196515,https://prc-symbiota.tacc.utexas.edu:443/symbiota/prc/images/_TEX/TEX00283453_lg.jpg,https://prc-symbiota.tacc.utexas.edu:443/symbiota/prc/images/_TEX/TEX00283453_lg.jpg,https://prc-symbiota.tacc.utexas.edu:443/symbiota/prc/images/_TEX/TEX00283453_tn.jpg,https://prc-symbiota.tacc.utexas.edu:443/symbiota/prc/images/_TEX/TEX00283453.jpg,,"University of Texas Herbarium (PRC-TEX)","CC0 1.0 (Public-domain)",http://creativecommons.org/publicdomain/zero/1.0/,,,urn:uuid:295b7a16-85be-4614-b744-825d2ccfb9f2,"2015-08-26 16:23:26",https://prc-symbiota.tacc.utexas.edu:443/collections/individual/index.php?occid=1196515,StillImage,Photograph,image/jpeg,en
1196516,https://prc-symbiota.tacc.utexas.edu:443/symbiota/prc/images/_TEX/TEX00283454_lg.jpg,https://prc-symbiota.tacc.utexas.edu:443/symbiota/prc/images/_TEX/TEX00283454_lg.jpg,https://prc-symbiota.tacc.utexas.edu:443/symbiota/prc/images/_TEX/TEX00283454_tn.jpg,https://prc-symbiota.tacc.utexas.edu:443/symbiota/prc/images/_TEX/TEX00283454.jpg,,"University of Texas Herbarium (PRC-TEX)","CC0 1.0 (Public-domain)",http://creativecommons.org/publicdomain/zero/1.0/,,,urn:uuid:3cbf95ab-e94a-48df-90e1-2081f73dbfee,"2015-08-24 11:23:13",https://prc-symbiota.tacc.utexas.edu:443/collections/individual/index.php?occid=1196516,StillImage,Photograph,image/jpeg,en
1196525,https://prc-symbiota.tacc.utexas.edu:443/symbiota/prc/images/_TEX/TEX00283467_lg.jpg,https://prc-symbiota.tacc.utexas.edu:443/symbiota/prc/images/_TEX/TEX00283467_lg.jpg,https://prc-symbiota.tacc.utexas.edu:443/symbiota/prc/images/_TEX/TEX00283467_tn.jpg,https://prc-symbiota.tacc.utexas.edu:443/symbiota/prc/images/_TEX/TEX00283467.jpg,,"University of Texas Herbarium (PRC-TEX)","CC0 1.0 (Public-domain)",http://creativecommons.org/publicdomain/zero/1.0/,,,urn:uuid:c4a24589-2906-4e64-b4f0-6c086b0e9e67,"2015-08-26 05:50:54",https://prc-symbiota.tacc.utexas.edu:443/collections/individual/index.php?occid=1196525,StillImage,Photograph,image/jpeg,en
1200682,https://prc-symbiota.tacc.utexas.edu:443/symbiota/prc/images/_TEX/TEX00290515_lg.jpg,https://prc-symbiota.tacc.utexas.edu:443/symbiota/prc/images/_TEX/TEX00290515_lg.jpg,https://prc-symbiota.tacc.utexas.edu:443/symbiota/prc/images/_TEX/TEX00290515_tn.jpg,https://prc-symbiota.tacc.utexas.edu:443/symbiota/prc/images/_TEX/TEX00290515.jpg,,"University of Texas Herbarium (PRC-TEX)","CC0 1.0 (Public-domain)",http://creativecommons.org/publicdomain/zero/1.0/,,,urn:uuid:ef9aed0f-c52f-4fce-baae-5083c3a9ab09,"2015-08-20 19:19:01",https://prc-symbiota.tacc.utexas.edu:443/collections/individual/index.php?occid=1200682,StillImage,Photograph,image/jpeg,en
1200685,https://prc-symbiota.tacc.utexas.edu:443/symbiota/prc/images/_TEX/TEX00290516_lg.jpg,https://prc-symbiota.tacc.utexas.edu:443/symbiota/prc/images/_TEX/TEX00290516_lg.jpg,https://prc-symbiota.tacc.utexas.edu:443/symbiota/prc/images/_TEX/TEX00290516_tn.jpg,https://prc-symbiota.tacc.utexas.edu:443/symbiota/prc/images/_TEX/TEX00290516.jpg,,"University of Texas Herbarium (PRC-TEX)","CC0 1.0 (Public-domain)",http://creativecommons.org/publicdomain/zero/1.0/,,,urn:uuid:0d72dd5f-f140-48e9-959c-1d86337ebdbc,"2015-08-25 10:31:15",https://prc-symbiota.tacc.utexas.edu:443/collections/individual/index.php?occid=1200685,StillImage,Photograph,image/jpeg,en
1210708,https://prc-symbiota.tacc.utexas.edu:443/symbiota/prc/images/_TEX/TEX00300587_lg.jpg,https://prc-symbiota.tacc.utexas.edu:443/symbiota/prc/images/_TEX/TEX00300587_lg.jpg,https://prc-symbiota.tacc.utexas.edu:443/symbiota/prc/images/_TEX/TEX00300587_tn.jpg,https://prc-symbiota.tacc.utexas.edu:443/symbiota/prc/images/_TEX/TEX00300587.jpg,,"University of Texas Herbarium (PRC-TEX)","CC0 1.0 (Public-domain)",http://creativecommons.org/publicdomain/zero/1.0/,,,urn:uuid:621a9225-9034-469e-a2de-980a10574750,"2015-08-24 10:48:29",https://prc-symbiota.tacc.utexas.edu:443/collections/individual/index.php?occid=1210708,StillImage,Photograph,image/jpeg,en
1242406,https://prc-symbiota.tacc.utexas.edu:443/symbiota/prc/images/_TEX/TEX00352801_lg.jpg,https://prc-symbiota.tacc.utexas.edu:443/symbiota/prc/images/_TEX/TEX00352801_lg.jpg,https://prc-symbiota.tacc.utexas.edu:443/symbiota/prc/images/_TEX/TEX00352801_tn.jpg,https://prc-symbiota.tacc.utexas.edu:443/symbiota/prc/images/_TEX/TEX00352801.jpg,,"University of Texas Herbarium (PRC-TEX)","CC0 1.0 (Public-domain)",http://creativecommons.org/publicdomain/zero/1.0/,,,urn:uuid:9dc4e67d-1b9c-4d45-8f77-4775111573ff,"2015-08-20 10:37:23",https://prc-symbiota.tacc.utexas.edu:443/collections/individual/index.php?occid=1242406,StillImage,Photograph,image/jpeg,en
1242407,https://prc-symbiota.tacc.utexas.edu:443/symbiota/prc/images/_TEX/TEX00352803_lg.jpg,https://prc-symbiota.tacc.utexas.edu:443/symbiota/prc/images/_TEX/TEX00352803_lg.jpg,https://prc-symbiota.tacc.utexas.edu:443/symbiota/prc/images/_TEX/TEX00352803_tn.jpg,https://prc-symbiota.tacc.utexas.edu:443/symbiota/prc/images/_TEX/TEX00352803.jpg,,"University of Texas Herbarium (PRC-TEX)","CC0 1.0 (Public-domain)",http://creativecommons.org/publicdomain/zero/1.0/,,,urn:uuid:323b9e78-11e3-4f1d-bab4-4fde63df26bc,"2015-08-21 15:33:21",https://prc-symbiota.tacc.utexas.edu:443/collections/individual/index.php?occid=1242407,StillImage,Photograph,image/jpeg,en
1242408,https://prc-symbiota.tacc.utexas.edu:443/symbiota/prc/images/_TEX/TEX00352804_lg.jpg,https://prc-symbiota.tacc.utexas.edu:443/symbiota/prc/images/_TEX/TEX00352804_lg.jpg,https://prc-symbiota.tacc.utexas.edu:443/symbiota/prc/images/_TEX/TEX00352804_tn.jpg,https://prc-symbiota.tacc.utexas.edu:443/symbiota/prc/images/_TEX/TEX00352804.jpg,,"University of Texas Herbarium (PRC-TEX)","CC0 1.0 (Public-domain)",http://creativecommons.org/publicdomain/zero/1.0/,,,urn:uuid:24defde5-7cab-43b1-9eef-867ce1d7bf9e,"2015-08-23 06:34:24",https://prc-symbiota.tacc.utexas.edu:443/collections/individual/index.php?occid=1242408,StillImage,Photograph,image/jpeg,en
1242409,https://prc-symbiota.tacc.utexas.edu:443/symbiota/prc/images/_TEX/TEX00352808_lg.jpg,https://prc-symbiota.tacc.utexas.edu:443/symbiota/prc/images/_TEX/TEX00352808_lg.jpg,https://prc-symbiota.tacc.utexas.edu:443/symbiota/prc/images/_TEX/TEX00352808_tn.jpg,https://prc-symbiota.tacc.utexas.edu:443/symbiota/prc/images/_TEX/TEX00352808.jpg,,"University of Texas Herbarium (PRC-TEX)","CC0 1.0 (Public-domain)",http://creativecommons.org/publicdomain/zero/1.0/,,,urn:uuid:e2327a61-a62e-42f3-964e-f7006e330b94,"2015-08-24 21:10:09",https://prc-symbiota.tacc.utexas.edu:443/collections/individual/index.php?occid=1242409,StillImage,Photograph,image/jpeg,en
1242410,https://prc-symbiota.tacc.utexas.edu:443/symbiota/prc/images/_TEX/TEX00352809_lg.jpg,https://prc-symbiota.tacc.utexas.edu:443/symbiota/prc/images/_TEX/TEX00352809_lg.jpg,https://prc-symbiota.tacc.utexas.edu:443/symbiota/prc/images/_TEX/TEX00352809_tn.jpg,https://prc-symbiota.tacc.utexas.edu:443/symbiota/prc/images/_TEX/TEX00352809.jpg,,"University of Texas Herbarium (PRC-TEX)","CC0 1.0 (Public-domain)",http://creativecommons.org/publicdomain/zero/1.0/,,,urn:uuid:154ae1f8-c924-48df-8599-394117dbe171,"2015-08-26 08:31:10",https://prc-symbiota.tacc.utexas.edu:443/collections/individual/index.php?occid=1242410,StillImage,Photograph,image/jpeg,en
1242411,https://prc-symbiota.tacc.utexas.edu:443/symbiota/prc/images/_TEX/TEX00352810_lg.jpg,https://prc-symbiota.tacc.utexas.edu:443/symbiota/prc/images/_TEX/TEX00352810_lg.jpg,https://prc-symbiota.tacc.utexas.edu:443/symbiota/prc/images/_TEX/TEX00352810_tn.jpg,https://prc-symbiota.tacc.utexas.edu:443/symbiota/prc/images/_TEX/TEX00352810.jpg,,"University of Texas Herbarium (PRC-TEX)","CC0 1.0 (Public-domain)",http://creativecommons.org/publicdomain/zero/1.0/,,,urn:uuid:0d95ba10-a5ff-4a3d-aa75-796c3fb1b625,"2015-08-24 03:20:06",https://prc-symbiota.tacc.utexas.edu:443/collections/individual/index.php?occid=1242411,StillImage,Photograph,image/jpeg,en
1242412,https://prc-symbiota.tacc.utexas.edu:443/symbiota/prc/images/_TEX/TEX00352811_lg.jpg,https://prc-symbiota.tacc.utexas.edu:443/symbiota/prc/images/_TEX/TEX00352811_lg.jpg,https://prc-symbiota.tacc.utexas.edu:443/symbiota/prc/images/_TEX/TEX00352811_tn.jpg,https://prc-symbiota.tacc.utexas.edu:443/symbiota/prc/images/_TEX/TEX00352811.jpg,,"University of Texas Herbarium (PRC-TEX)","CC0 1.0 (Public-domain)",http://creativecommons.org/publicdomain/zero/1.0/,,,urn:uuid:ba40b5de-3af5-4d65-9405-12d599ea20b4,"2015-08-24 01:59:38",https://prc-symbiota.tacc.utexas.edu:443/collections/individual/index.php?occid=1242412,StillImage,Photograph,image/jpeg,en
1242413,https://prc-symbiota.tacc.utexas.edu:443/symbiota/prc/images/_TEX/TEX00352812_lg.jpg,https://prc-symbiota.tacc.utexas.edu:443/symbiota/prc/images/_TEX/TEX00352812_lg.jpg,https://prc-symbiota.tacc.utexas.edu:443/symbiota/prc/images/_TEX/TEX00352812_tn.jpg,https://prc-symbiota.tacc.utexas.edu:443/symbiota/prc/images/_TEX/TEX00352812.jpg,,"University of Texas Herbarium (PRC-TEX)","CC0 1.0 (Public-domain)",http://creativecommons.org/publicdomain/zero/1.0/,,,urn:uuid:2879a2af-6e7f-4de4-a1ee-fc30231522ad,"2015-08-19 21:58:40",https://prc-symbiota.tacc.utexas.edu:443/collections/individual/index.php?occid=1242413,StillImage,Photograph,image/jpeg,en
1242414,https://prc-symbiota.tacc.utexas.edu:443/symbiota/prc/images/_TEX/TEX00352813_lg.jpg,https://prc-symbiota.tacc.utexas.edu:443/symbiota/prc/images/_TEX/TEX00352813_lg.jpg,https://prc-symbiota.tacc.utexas.edu:443/symbiota/prc/images/_TEX/TEX00352813_tn.jpg,https://prc-symbiota.tacc.utexas.edu:443/symbiota/prc/images/_TEX/TEX00352813.jpg,,"University of Texas Herbarium (PRC-TEX)","CC0 1.0 (Public-domain)",http://creativecommons.org/publicdomain/zero/1.0/,,,urn:uuid:c54269ac-59b5-4972-b9a3-5cf6a9d31255,"2015-08-23 05:44:27",https://prc-symbiota.tacc.utexas.edu:443/collections/individual/index.php?occid=1242414,StillImage,Photograph,image/jpeg,en
1242415,https://prc-symbiota.tacc.utexas.edu:443/symbiota/prc/images/_TEX/TEX00352815_lg.jpg,https://prc-symbiota.tacc.utexas.edu:443/symbiota/prc/images/_TEX/TEX00352815_lg.jpg,https://prc-symbiota.tacc.utexas.edu:443/symbiota/prc/images/_TEX/TEX00352815_tn.jpg,https://prc-symbiota.tacc.utexas.edu:443/symbiota/prc/images/_TEX/TEX00352815.jpg,,"University of Texas Herbarium (PRC-TEX)","CC0 1.0 (Public-domain)",http://creativecommons.org/publicdomain/zero/1.0/,,,urn:uuid:4bc90b0a-f7a2-4415-a45c-4c5d8187c1dc,"2015-08-19 20:44:47",https://prc-symbiota.tacc.utexas.edu:443/collections/individual/index.php?occid=1242415,StillImage,Photograph,image/jpeg,en
1242416,https://prc-symbiota.tacc.utexas.edu:443/symbiota/prc/images/_TEX/TEX00352816_lg.jpg,https://prc-symbiota.tacc.utexas.edu:443/symbiota/prc/images/_TEX/TEX00352816_lg.jpg,https://prc-symbiota.tacc.utexas.edu:443/symbiota/prc/images/_TEX/TEX00352816_tn.jpg,https://prc-symbiota.tacc.utexas.edu:443/symbiota/prc/images/_TEX/TEX00352816.jpg,,"University of Texas Herbarium (PRC-TEX)","CC0 1.0 (Public-domain)",http://creativecommons.org/publicdomain/zero/1.0/,,,urn:uuid:5ea2e50e-2ea6-488f-8308-4d06d27439a7,"2015-08-21 19:10:17",https://prc-symbiota.tacc.utexas.edu:443/collections/individual/index.php?occid=1242416,StillImage,Photograph,image/jpeg,en
1242417,https://prc-symbiota.tacc.utexas.edu:443/symbiota/prc/images/_TEX/TEX00352817_lg.jpg,https://prc-symbiota.tacc.utexas.edu:443/symbiota/prc/images/_TEX/TEX00352817_lg.jpg,https://prc-symbiota.tacc.utexas.edu:443/symbiota/prc/images/_TEX/TEX00352817_tn.jpg,https://prc-symbiota.tacc.utexas.edu:443/symbiota/prc/images/_TEX/TEX00352817.jpg,,"University of Texas Herbarium (PRC-TEX)","CC0 1.0 (Public-domain)",http://creativecommons.org/publicdomain/zero/1.0/,,,urn:uuid:2a98c4d5-c2ae-41e2-a8da-a044d68c4dd8,"2015-08-22 17:34:51",https://prc-symbiota.tacc.utexas.edu:443/collections/individual/index.php?occid=1242417,StillImage,Photograph,image/jpeg,en
1242418,https://prc-symbiota.tacc.utexas.edu:443/symbiota/prc/images/_TEX/TEX00352818_lg.jpg,https://prc-symbiota.tacc.utexas.edu:443/symbiota/prc/images/_TEX/TEX00352818_lg.jpg,https://prc-symbiota.tacc.utexas.edu:443/symbiota/prc/images/_TEX/TEX00352818_tn.jpg,https://prc-symbiota.tacc.utexas.edu:443/symbiota/prc/images/_TEX/TEX00352818.jpg,,"University of Texas Herbarium (PRC-TEX)","CC0 1.0 (Public-domain)",http://creativecommons.org/publicdomain/zero/1.0/,,,urn:uuid:226829c6-7362-4251-9375-89a3f3aaba9b,"2015-08-23 08:58:00",https://prc-symbiota.tacc.utexas.edu:443/collections/individual/index.php?occid=1242418,StillImage,Photograph,image/jpeg,en
1242419,https://prc-symbiota.tacc.utexas.edu:443/symbiota/prc/images/_TEX/TEX00352819_lg.jpg,https://prc-symbiota.tacc.utexas.edu:443/symbiota/prc/images/_TEX/TEX00352819_lg.jpg,https://prc-symbiota.tacc.utexas.edu:443/symbiota/prc/images/_TEX/TEX00352819_tn.jpg,https://prc-symbiota.tacc.utexas.edu:443/symbiota/prc/images/_TEX/TEX00352819.jpg,,"University of Texas Herbarium (PRC-TEX)","CC0 1.0 (Public-domain)",http://creativecommons.org/publicdomain/zero/1.0/,,,urn:uuid:45b8abc5-0aa3-4f5f-8f92-e27dad048ab8,"2015-08-23 14:49:48",https://prc-symbiota.tacc.utexas.edu:443/collections/individual/index.php?occid=1242419,StillImage,Photograph,image/jpeg,en
1242420,https://prc-symbiota.tacc.utexas.edu:443/symbiota/prc/images/_TEX/TEX00352820_lg.jpg,https://prc-symbiota.tacc.utexas.edu:443/symbiota/prc/images/_TEX/TEX00352820_lg.jpg,https://prc-symbiota.tacc.utexas.edu:443/symbiota/prc/images/_TEX/TEX00352820_tn.jpg,https://prc-symbiota.tacc.utexas.edu:443/symbiota/prc/images/_TEX/TEX00352820.jpg,,"University of Texas Herbarium (PRC-TEX)","CC0 1.0 (Public-domain)",http://creativecommons.org/publicdomain/zero/1.0/,,,urn:uuid:25899947-2e68-4a89-89fb-5ea386b7bf7d,"2015-08-25 11:06:32",https://prc-symbiota.tacc.utexas.edu:443/collections/individual/index.php?occid=1242420,StillImage,Photograph,image/jpeg,en
1242421,https://prc-symbiota.tacc.utexas.edu:443/symbiota/prc/images/_TEX/TEX00352822_lg.jpg,https://prc-symbiota.tacc.utexas.edu:443/symbiota/prc/images/_TEX/TEX00352822_lg.jpg,https://prc-symbiota.tacc.utexas.edu:443/symbiota/prc/images/_TEX/TEX00352822_tn.jpg,https://prc-symbiota.tacc.utexas.edu:443/symbiota/prc/images/_TEX/TEX00352822.jpg,,"University of Texas Herbarium (PRC-TEX)","CC0 1.0 (Public-domain)",http://creativecommons.org/publicdomain/zero/1.0/,,,urn:uuid:804fbe1f-6bf9-43ce-8f8e-57641c915fe4,"2015-08-21 04:08:24",https://prc-symbiota.tacc.utexas.edu:443/collections/individual/index.php?occid=1242421,StillImage,Photograph,image/jpeg,en
1242422,https://prc-symbiota.tacc.utexas.edu:443/symbiota/prc/images/_TEX/TEX00352825_lg.jpg,https://prc-symbiota.tacc.utexas.edu:443/symbiota/prc/images/_TEX/TEX00352825_lg.jpg,https://prc-symbiota.tacc.utexas.edu:443/symbiota/prc/images/_TEX/TEX00352825_tn.jpg,https://prc-symbiota.tacc.utexas.edu:443/symbiota/prc/images/_TEX/TEX00352825.jpg,,"University of Texas Herbarium (PRC-TEX)","CC0 1.0 (Public-domain)",http://creativecommons.org/publicdomain/zero/1.0/,,,urn:uuid:c633861f-aede-43b3-b9ab-5451b1235bd1,"2015-08-20 21:16:39",https://prc-symbiota.tacc.utexas.edu:443/collections/individual/index.php?occid=1242422,StillImage,Photograph,image/jpeg,en
1242423,https://prc-symbiota.tacc.utexas.edu:443/symbiota/prc/images/_TEX/TEX00352826_lg.jpg,https://prc-symbiota.tacc.utexas.edu:443/symbiota/prc/images/_TEX/TEX00352826_lg.jpg,https://prc-symbiota.tacc.utexas.edu:443/symbiota/prc/images/_TEX/TEX00352826_tn.jpg,https://prc-symbiota.tacc.utexas.edu:443/symbiota/prc/images/_TEX/TEX00352826.jpg,,"University of Texas Herbarium (PRC-TEX)","CC0 1.0 (Public-domain)",http://creativecommons.org/publicdomain/zero/1.0/,,,urn:uuid:ea4f5cbe-f9f5-421c-91e3-866d8f9d22a5,"2015-08-26 21:06:19",https://prc-symbiota.tacc.utexas.edu:443/collections/individual/index.php?occid=1242423,StillImage,Photograph,image/jpeg,en
1242424,https://prc-symbiota.tacc.utexas.edu:443/symbiota/prc/images/_TEX/TEX00352827_lg.jpg,https://prc-symbiota.tacc.utexas.edu:443/symbiota/prc/images/_TEX/TEX00352827_lg.jpg,https://prc-symbiota.tacc.utexas.edu:443/symbiota/prc/images/_TEX/TEX00352827_tn.jpg,https://prc-symbiota.tacc.utexas.edu:443/symbiota/prc/images/_TEX/TEX00352827.jpg,,"University of Texas Herbarium (PRC-TEX)","CC0 1.0 (Public-domain)",http://creativecommons.org/publicdomain/zero/1.0/,,,urn:uuid:bb1d4253-f18b-46a1-adca-1dbed94feb88,"2015-08-23 08:22:59",https://prc-symbiota.tacc.utexas.edu:443/collections/individual/index.php?occid=1242424,StillImage,Photograph,image/jpeg,en
1242425,https://prc-symbiota.tacc.utexas.edu:443/symbiota/prc/images/_TEX/TEX00352832_lg.jpg,https://prc-symbiota.tacc.utexas.edu:443/symbiota/prc/images/_TEX/TEX00352832_lg.jpg,https://prc-symbiota.tacc.utexas.edu:443/symbiota/prc/images/_TEX/TEX00352832_tn.jpg,https://prc-symbiota.tacc.utexas.edu:443/symbiota/prc/images/_TEX/TEX00352832.jpg,,"University of Texas Herbarium (PRC-TEX)","CC0 1.0 (Public-domain)",http://creativecommons.org/publicdomain/zero/1.0/,,,urn:uuid:81be4c7d-2f92-413e-baff-946051ce74b3,"2015-08-20 19:19:07",https://prc-symbiota.tacc.utexas.edu:443/collections/individual/index.php?occid=1242425,StillImage,Photograph,image/jpeg,en
1242426,https://prc-symbiota.tacc.utexas.edu:443/symbiota/prc/images/_TEX/TEX00352838_lg.jpg,https://prc-symbiota.tacc.utexas.edu:443/symbiota/prc/images/_TEX/TEX00352838_lg.jpg,https://prc-symbiota.tacc.utexas.edu:443/symbiota/prc/images/_TEX/TEX00352838_tn.jpg,https://prc-symbiota.tacc.utexas.edu:443/symbiota/prc/images/_TEX/TEX00352838.jpg,,"University of Texas Herbarium (PRC-TEX)","CC0 1.0 (Public-domain)",http://creativecommons.org/publicdomain/zero/1.0/,,,urn:uuid:f5c8475d-c0d2-4215-bc77-233f8d204214,"2015-08-26 04:39:53",https://prc-symbiota.tacc.utexas.edu:443/collections/individual/index.php?occid=1242426,StillImage,Photograph,image/jpeg,en
1242427,https://prc-symbiota.tacc.utexas.edu:443/symbiota/prc/images/_TEX/TEX00352839_lg.jpg,https://prc-symbiota.tacc.utexas.edu:443/symbiota/prc/images/_TEX/TEX00352839_lg.jpg,https://prc-symbiota.tacc.utexas.edu:443/symbiota/prc/images/_TEX/TEX00352839_tn.jpg,https://prc-symbiota.tacc.utexas.edu:443/symbiota/prc/images/_TEX/TEX00352839.jpg,,"University of Texas Herbarium (PRC-TEX)","CC0 1.0 (Public-domain)",http://creativecommons.org/publicdomain/zero/1.0/,,,urn:uuid:fd9eb412-8b62-4708-9172-5f5b3cdc20c3,"2015-08-25 07:21:29",https://prc-symbiota.tacc.utexas.edu:443/collections/individual/index.php?occid=1242427,StillImage,Photograph,image/jpeg,en
1242428,https://prc-symbiota.tacc.utexas.edu:443/symbiota/prc/images/_TEX/TEX00352840_lg.jpg,https://prc-symbiota.tacc.utexas.edu:443/symbiota/prc/images/_TEX/TEX00352840_lg.jpg,https://prc-symbiota.tacc.utexas.edu:443/symbiota/prc/images/_TEX/TEX00352840_tn.jpg,https://prc-symbiota.tacc.utexas.edu:443/symbiota/prc/images/_TEX/TEX00352840.jpg,,"University of Texas Herbarium (PRC-TEX)","CC0 1.0 (Public-domain)",http://creativecommons.org/publicdomain/zero/1.0/,,,urn:uuid:99e27575-835c-4b0a-ba60-a1fe48f92418,"2015-08-21 22:44:26",https://prc-symbiota.tacc.utexas.edu:443/collections/individual/index.php?occid=1242428,StillImage,Photograph,image/jpeg,en
1242429,https://prc-symbiota.tacc.utexas.edu:443/symbiota/prc/images/_TEX/TEX00352841_lg.jpg,https://prc-symbiota.tacc.utexas.edu:443/symbiota/prc/images/_TEX/TEX00352841_lg.jpg,https://prc-symbiota.tacc.utexas.edu:443/symbiota/prc/images/_TEX/TEX00352841_tn.jpg,https://prc-symbiota.tacc.utexas.edu:443/symbiota/prc/images/_TEX/TEX00352841.jpg,,"University of Texas Herbarium (PRC-TEX)","CC0 1.0 (Public-domain)",http://creativecommons.org/publicdomain/zero/1.0/,,,urn:uuid:8dfeb75a-e393-4bc1-9f57-85d5cf96014b,"2015-08-21 10:16:20",https://prc-symbiota.tacc.utexas.edu:443/collections/individual/index.php?occid=1242429,StillImage,Photograph,image/jpeg,en
1242430,https://prc-symbiota.tacc.utexas.edu:443/symbiota/prc/images/_TEX/TEX00352843_lg.jpg,https://prc-symbiota.tacc.utexas.edu:443/symbiota/prc/images/_TEX/TEX00352843_lg.jpg,https://prc-symbiota.tacc.utexas.edu:443/symbiota/prc/images/_TEX/TEX00352843_tn.jpg,https://prc-symbiota.tacc.utexas.edu:443/symbiota/prc/images/_TEX/TEX00352843.jpg,,"University of Texas Herbarium (PRC-TEX)","CC0 1.0 (Public-domain)",http://creativecommons.org/publicdomain/zero/1.0/,,,urn:uuid:22bed099-ead2-4fb8-8f0e-883138e36a64,"2015-08-21 22:55:27",https://prc-symbiota.tacc.utexas.edu:443/collections/individual/index.php?occid=1242430,StillImage,Photograph,image/jpeg,en
1242431,https://prc-symbiota.tacc.utexas.edu:443/symbiota/prc/images/_TEX/TEX00352845_lg.jpg,https://prc-symbiota.tacc.utexas.edu:443/symbiota/prc/images/_TEX/TEX00352845_lg.jpg,https://prc-symbiota.tacc.utexas.edu:443/symbiota/prc/images/_TEX/TEX00352845_tn.jpg,https://prc-symbiota.tacc.utexas.edu:443/symbiota/prc/images/_TEX/TEX00352845.jpg,,"University of Texas Herbarium (PRC-TEX)","CC0 1.0 (Public-domain)",http://creativecommons.org/publicdomain/zero/1.0/,,,urn:uuid:024606cb-1699-46db-847a-d98fe9b2c315,"2015-08-20 03:04:48",https://prc-symbiota.tacc.utexas.edu:443/collections/individual/index.php?occid=1242431,StillImage,Photograph,image/jpeg,en
1242432,https://prc-symbiota.tacc.utexas.edu:443/symbiota/prc/images/_TEX/TEX00352846_lg.jpg,https://prc-symbiota.tacc.utexas.edu:443/symbiota/prc/images/_TEX/TEX00352846_lg.jpg,https://prc-symbiota.tacc.utexas.edu:443/symbiota/prc/images/_TEX/TEX00352846_tn.jpg,https://prc-symbiota.tacc.utexas.edu:443/symbiota/prc/images/_TEX/TEX00352846.jpg,,"University of Texas Herbarium (PRC-TEX)","CC0 1.0 (Public-domain)",http://creativecommons.org/publicdomain/zero/1.0/,,,urn:uuid:dc6fb4d2-95e9-4453-b789-6eb267e48695,"2015-08-22 17:34:57",https://prc-symbiota.tacc.utexas.edu:443/collections/individual/index.php?occid=1242432,StillImage,Photograph,image/jpeg,en
1242433,https://prc-symbiota.tacc.utexas.edu:443/symbiota/prc/images/_TEX/TEX00352847_lg.jpg,https://prc-symbiota.tacc.utexas.edu:443/symbiota/prc/images/_TEX/TEX00352847_lg.jpg,https://prc-symbiota.tacc.utexas.edu:443/symbiota/prc/images/_TEX/TEX00352847_tn.jpg,https://prc-symbiota.tacc.utexas.edu:443/symbiota/prc/images/_TEX/TEX00352847.jpg,,"University of Texas Herbarium (PRC-TEX)","CC0 1.0 (Public-domain)",http://creativecommons.org/publicdomain/zero/1.0/,,,urn:uuid:6810399c-cc25-4537-8306-a1bd29c90734,"2015-08-25 02:33:04",https://prc-symbiota.tacc.utexas.edu:443/collections/individual/index.php?occid=1242433,StillImage,Photograph,image/jpeg,en
1242434,https://prc-symbiota.tacc.utexas.edu:443/symbiota/prc/images/_TEX/TEX00352855_lg.jpg,https://prc-symbiota.tacc.utexas.edu:443/symbiota/prc/images/_TEX/TEX00352855_lg.jpg,https://prc-symbiota.tacc.utexas.edu:443/symbiota/prc/images/_TEX/TEX00352855_tn.jpg,https://prc-symbiota.tacc.utexas.edu:443/symbiota/prc/images/_TEX/TEX00352855.jpg,,"University of Texas Herbarium (PRC-TEX)","CC0 1.0 (Public-domain)",http://creativecommons.org/publicdomain/zero/1.0/,,,urn:uuid:0872ff5c-22ce-42df-b712-7d71d4479f33,"2015-08-19 23:52:14",https://prc-symbiota.tacc.utexas.edu:443/collections/individual/index.php?occid=1242434,StillImage,Photograph,image/jpeg,en
1242435,https://prc-symbiota.tacc.utexas.edu:443/symbiota/prc/images/_TEX/TEX00352856_lg.jpg,https://prc-symbiota.tacc.utexas.edu:443/symbiota/prc/images/_TEX/TEX00352856_lg.jpg,https://prc-symbiota.tacc.utexas.edu:443/symbiota/prc/images/_TEX/TEX00352856_tn.jpg,https://prc-symbiota.tacc.utexas.edu:443/symbiota/prc/images/_TEX/TEX00352856.jpg,,"University of Texas Herbarium (PRC-TEX)","CC0 1.0 (Public-domain)",http://creativecommons.org/publicdomain/zero/1.0/,,,urn:uuid:e8c2d7d2-1d17-4e00-953c-b48e22d07cc9,"2015-08-24 16:21:16",https://prc-symbiota.tacc.utexas.edu:443/collections/individual/index.php?occid=1242435,StillImage,Photograph,image/jpeg,en
1242469,https://prc-symbiota.tacc.utexas.edu:443/symbiota/prc/images/_TEX/TEX00352909_lg.jpg,https://prc-symbiota.tacc.utexas.edu:443/symbiota/prc/images/_TEX/TEX00352909_lg.jpg,https://prc-symbiota.tacc.utexas.edu:443/symbiota/prc/images/_TEX/TEX00352909_tn.jpg,https://prc-symbiota.tacc.utexas.edu:443/symbiota/prc/images/_TEX/TEX00352909.jpg,,"University of Texas Herbarium (PRC-TEX)","CC0 1.0 (Public-domain)",http://creativecommons.org/publicdomain/zero/1.0/,,,urn:uuid:17a2b79a-22db-4562-b9d9-9e421afdafb5,"2015-08-20 21:58:43",https://prc-symbiota.tacc.utexas.edu:443/collections/individual/index.php?occid=1242469,StillImage,Photograph,image/jpeg,en
1242470,https://prc-symbiota.tacc.utexas.edu:443/symbiota/prc/images/_TEX/TEX00352912_lg.jpg,https://prc-symbiota.tacc.utexas.edu:443/symbiota/prc/images/_TEX/TEX00352912_lg.jpg,https://prc-symbiota.tacc.utexas.edu:443/symbiota/prc/images/_TEX/TEX00352912_tn.jpg,https://prc-symbiota.tacc.utexas.edu:443/symbiota/prc/images/_TEX/TEX00352912.jpg,,"University of Texas Herbarium (PRC-TEX)","CC0 1.0 (Public-domain)",http://creativecommons.org/publicdomain/zero/1.0/,,,urn:uuid:34b4b5d3-6f94-4a44-89ab-c48758d39789,"2015-08-21 16:48:02",https://prc-symbiota.tacc.utexas.edu:443/collections/individual/index.php?occid=1242470,StillImage,Photograph,image/jpeg,en
1242471,https://prc-symbiota.tacc.utexas.edu:443/symbiota/prc/images/_TEX/TEX00352913_lg.jpg,https://prc-symbiota.tacc.utexas.edu:443/symbiota/prc/images/_TEX/TEX00352913_lg.jpg,https://prc-symbiota.tacc.utexas.edu:443/symbiota/prc/images/_TEX/TEX00352913_tn.jpg,https://prc-symbiota.tacc.utexas.edu:443/symbiota/prc/images/_TEX/TEX00352913.jpg,,"University of Texas Herbarium (PRC-TEX)","CC0 1.0 (Public-domain)",http://creativecommons.org/publicdomain/zero/1.0/,,,urn:uuid:21dfa9db-aa0c-4d5b-aed4-429c58722e09,"2015-08-19 22:42:51",https://prc-symbiota.tacc.utexas.edu:443/collections/individual/index.php?occid=1242471,StillImage,Photograph,image/jpeg,en
1242472,https://prc-symbiota.tacc.utexas.edu:443/symbiota/prc/images/_TEX/TEX00352914_lg.jpg,https://prc-symbiota.tacc.utexas.edu:443/symbiota/prc/images/_TEX/TEX00352914_lg.jpg,https://prc-symbiota.tacc.utexas.edu:443/symbiota/prc/images/_TEX/TEX00352914_tn.jpg,https://prc-symbiota.tacc.utexas.edu:443/symbiota/prc/images/_TEX/TEX00352914.jpg,,"University of Texas Herbarium (PRC-TEX)","CC0 1.0 (Public-domain)",http://creativecommons.org/publicdomain/zero/1.0/,,,urn:uuid:11f450b2-f03d-45a6-8d87-8768ae31bee7,"2015-08-20 01:53:57",https://prc-symbiota.tacc.utexas.edu:443/collections/individual/index.php?occid=1242472,StillImage,Photograph,image/jpeg,en
1242473,https://prc-symbiota.tacc.utexas.edu:443/symbiota/prc/images/_TEX/TEX00352921_lg.jpg,https://prc-symbiota.tacc.utexas.edu:443/symbiota/prc/images/_TEX/TEX00352921_lg.jpg,https://prc-symbiota.tacc.utexas.edu:443/symbiota/prc/images/_TEX/TEX00352921_tn.jpg,https://prc-symbiota.tacc.utexas.edu:443/symbiota/prc/images/_TEX/TEX00352921.jpg,,"University of Texas Herbarium (PRC-TEX)","CC0 1.0 (Public-domain)",http://creativecommons.org/publicdomain/zero/1.0/,,,urn:uuid:a9d10d19-923d-4aa6-a81e-a4988568efc4,"2015-08-23 19:46:31",https://prc-symbiota.tacc.utexas.edu:443/collections/individual/index.php?occid=1242473,StillImage,Photograph,image/jpeg,en
1242475,https://prc-symbiota.tacc.utexas.edu:443/symbiota/prc/images/_TEX/TEX00352923_lg.jpg,https://prc-symbiota.tacc.utexas.edu:443/symbiota/prc/images/_TEX/TEX00352923_lg.jpg,https://prc-symbiota.tacc.utexas.edu:443/symbiota/prc/images/_TEX/TEX00352923_tn.jpg,https://prc-symbiota.tacc.utexas.edu:443/symbiota/prc/images/_TEX/TEX00352923.jpg,,"University of Texas Herbarium (PRC-TEX)","CC0 1.0 (Public-domain)",http://creativecommons.org/publicdomain/zero/1.0/,,,urn:uuid:48b7d1f2-be72-4630-8b65-10f2ad0bc19a,"2015-08-25 00:31:32",https://prc-symbiota.tacc.utexas.edu:443/collections/individual/index.php?occid=1242475,StillImage,Photograph,image/jpeg,en
1242476,https://prc-symbiota.tacc.utexas.edu:443/symbiota/prc/images/_TEX/TEX00352924_lg.jpg,https://prc-symbiota.tacc.utexas.edu:443/symbiota/prc/images/_TEX/TEX00352924_lg.jpg,https://prc-symbiota.tacc.utexas.edu:443/symbiota/prc/images/_TEX/TEX00352924_tn.jpg,https://prc-symbiota.tacc.utexas.edu:443/symbiota/prc/images/_TEX/TEX00352924.jpg,,"University of Texas Herbarium (PRC-TEX)","CC0 1.0 (Public-domain)",http://creativecommons.org/publicdomain/zero/1.0/,,,urn:uuid:e6c9db5a-111a-46d1-9e17-2545e6089a86,"2015-08-25 19:56:56",https://prc-symbiota.tacc.utexas.edu:443/collections/individual/index.php?occid=1242476,StillImage,Photograph,image/jpeg,en
1242477,https://prc-symbiota.tacc.utexas.edu:443/symbiota/prc/images/_TEX/TEX00352925_lg.jpg,https://prc-symbiota.tacc.utexas.edu:443/symbiota/prc/images/_TEX/TEX00352925_lg.jpg,https://prc-symbiota.tacc.utexas.edu:443/symbiota/prc/images/_TEX/TEX00352925_tn.jpg,https://prc-symbiota.tacc.utexas.edu:443/symbiota/prc/images/_TEX/TEX00352925.jpg,,"University of Texas Herbarium (PRC-TEX)","CC0 1.0 (Public-domain)",http://creativecommons.org/publicdomain/zero/1.0/,,,urn:uuid:8bee240b-3a79-4ab0-80a0-322c6ae0118e,"2015-08-20 20:33:45",https://prc-symbiota.tacc.utexas.edu:443/collections/individual/index.php?occid=1242477,StillImage,Photograph,image/jpeg,en
1242478,https://prc-symbiota.tacc.utexas.edu:443/symbiota/prc/images/_TEX/TEX00352926_lg.jpg,https://prc-symbiota.tacc.utexas.edu:443/symbiota/prc/images/_TEX/TEX00352926_lg.jpg,https://prc-symbiota.tacc.utexas.edu:443/symbiota/prc/images/_TEX/TEX00352926_tn.jpg,https://prc-symbiota.tacc.utexas.edu:443/symbiota/prc/images/_TEX/TEX00352926.jpg,,"University of Texas Herbarium (PRC-TEX)","CC0 1.0 (Public-domain)",http://creativecommons.org/publicdomain/zero/1.0/,,,urn:uuid:4da60369-0f69-4df2-9e7f-d784ea624b56,"2015-08-21 15:33:27",https://prc-symbiota.tacc.utexas.edu:443/collections/individual/index.php?occid=1242478,StillImage,Photograph,image/jpeg,en
1242479,https://prc-symbiota.tacc.utexas.edu:443/symbiota/prc/images/_TEX/TEX00352927_lg.jpg,https://prc-symbiota.tacc.utexas.edu:443/symbiota/prc/images/_TEX/TEX00352927_lg.jpg,https://prc-symbiota.tacc.utexas.edu:443/symbiota/prc/images/_TEX/TEX00352927_tn.jpg,https://prc-symbiota.tacc.utexas.edu:443/symbiota/prc/images/_TEX/TEX00352927.jpg,,"University of Texas Herbarium (PRC-TEX)","CC0 1.0 (Public-domain)",http://creativecommons.org/publicdomain/zero/1.0/,,,urn:uuid:4d567d77-d461-465c-aec5-47e39b34ce99,"2015-08-24 01:59:32",https://prc-symbiota.tacc.utexas.edu:443/collections/individual/index.php?occid=1242479,StillImage,Photograph,image/jpeg,en
1242480,https://prc-symbiota.tacc.utexas.edu:443/symbiota/prc/images/_TEX/TEX00352928_lg.jpg,https://prc-symbiota.tacc.utexas.edu:443/symbiota/prc/images/_TEX/TEX00352928_lg.jpg,https://prc-symbiota.tacc.utexas.edu:443/symbiota/prc/images/_TEX/TEX00352928_tn.jpg,https://prc-symbiota.tacc.utexas.edu:443/symbiota/prc/images/_TEX/TEX00352928.jpg,,"University of Texas Herbarium (PRC-TEX)","CC0 1.0 (Public-domain)",http://creativecommons.org/publicdomain/zero/1.0/,,,urn:uuid:0057e2ed-f89b-451d-a4dc-04eeb601ba9a,"2015-08-24 08:53:19",https://prc-symbiota.tacc.utexas.edu:443/collections/individual/index.php?occid=1242480,StillImage,Photograph,image/jpeg,en
1242481,https://prc-symbiota.tacc.utexas.edu:443/symbiota/prc/images/_TEX/TEX00352929_lg.jpg,https://prc-symbiota.tacc.utexas.edu:443/symbiota/prc/images/_TEX/TEX00352929_lg.jpg,https://prc-symbiota.tacc.utexas.edu:443/symbiota/prc/images/_TEX/TEX00352929_tn.jpg,https://prc-symbiota.tacc.utexas.edu:443/symbiota/prc/images/_TEX/TEX00352929.jpg,,"University of Texas Herbarium (PRC-TEX)","CC0 1.0 (Public-domain)",http://creativecommons.org/publicdomain/zero/1.0/,,,urn:uuid:5f677a36-363e-4483-b08e-8e812c4ae079,"2015-08-21 19:18:31",https://prc-symbiota.tacc.utexas.edu:443/collections/individual/index.php?occid=1242481,StillImage,Photograph,image/jpeg,en
1242482,https://prc-symbiota.tacc.utexas.edu:443/symbiota/prc/images/_TEX/TEX00352930_lg.jpg,https://prc-symbiota.tacc.utexas.edu:443/symbiota/prc/images/_TEX/TEX00352930_lg.jpg,https://prc-symbiota.tacc.utexas.edu:443/symbiota/prc/images/_TEX/TEX00352930_tn.jpg,https://prc-symbiota.tacc.utexas.edu:443/symbiota/prc/images/_TEX/TEX00352930.jpg,,"University of Texas Herbarium (PRC-TEX)","CC0 1.0 (Public-domain)",http://creativecommons.org/publicdomain/zero/1.0/,,,urn:uuid:97a8fdc7-9b9d-47da-ae2e-f69e9c82fba8,"2015-08-21 21:33:37",https://prc-symbiota.tacc.utexas.edu:443/collections/individual/index.php?occid=1242482,StillImage,Photograph,image/jpeg,en
1242483,https://prc-symbiota.tacc.utexas.edu:443/symbiota/prc/images/_TEX/TEX00352931_lg.jpg,https://prc-symbiota.tacc.utexas.edu:443/symbiota/prc/images/_TEX/TEX00352931_lg.jpg,https://prc-symbiota.tacc.utexas.edu:443/symbiota/prc/images/_TEX/TEX00352931_tn.jpg,https://prc-symbiota.tacc.utexas.edu:443/symbiota/prc/images/_TEX/TEX00352931.jpg,,"University of Texas Herbarium (PRC-TEX)","CC0 1.0 (Public-domain)",http://creativecommons.org/publicdomain/zero/1.0/,,,urn:uuid:68fe6236-d514-4a74-8adc-dcc421192206,"2015-08-26 22:14:17",https://prc-symbiota.tacc.utexas.edu:443/collections/individual/index.php?occid=1242483,StillImage,Photograph,image/jpeg,en
1242484,https://prc-symbiota.tacc.utexas.edu:443/symbiota/prc/images/_TEX/TEX00352932_lg.jpg,https://prc-symbiota.tacc.utexas.edu:443/symbiota/prc/images/_TEX/TEX00352932_lg.jpg,https://prc-symbiota.tacc.utexas.edu:443/symbiota/prc/images/_TEX/TEX00352932_tn.jpg,https://prc-symbiota.tacc.utexas.edu:443/symbiota/prc/images/_TEX/TEX00352932.jpg,,"University of Texas Herbarium (PRC-TEX)","CC0 1.0 (Public-domain)",http://creativecommons.org/publicdomain/zero/1.0/,,,urn:uuid:180f7772-f29d-4b7c-8cc5-7efea2b9a777,"2015-08-26 19:45:32",https://prc-symbiota.tacc.utexas.edu:443/collections/individual/index.php?occid=1242484,StillImage,Photograph,image/jpeg,en
1242485,https://prc-symbiota.tacc.utexas.edu:443/symbiota/prc/images/_TEX/TEX00352933_lg.jpg,https://prc-symbiota.tacc.utexas.edu:443/symbiota/prc/images/_TEX/TEX00352933_lg.jpg,https://prc-symbiota.tacc.utexas.edu:443/symbiota/prc/images/_TEX/TEX00352933_tn.jpg,https://prc-symbiota.tacc.utexas.edu:443/symbiota/prc/images/_TEX/TEX00352933.jpg,,"University of Texas Herbarium (PRC-TEX)","CC0 1.0 (Public-domain)",http://creativecommons.org/publicdomain/zero/1.0/,,,urn:uuid:f7dfae3a-ae2c-447e-835a-acf750646944,"2015-08-25 15:39:19",https://prc-symbiota.tacc.utexas.edu:443/collections/individual/index.php?occid=1242485,StillImage,Photograph,image/jpeg,en
1242486,https://prc-symbiota.tacc.utexas.edu:443/symbiota/prc/images/_TEX/TEX00352934_lg.jpg,https://prc-symbiota.tacc.utexas.edu:443/symbiota/prc/images/_TEX/TEX00352934_lg.jpg,https://prc-symbiota.tacc.utexas.edu:443/symbiota/prc/images/_TEX/TEX00352934_tn.jpg,https://prc-symbiota.tacc.utexas.edu:443/symbiota/prc/images/_TEX/TEX00352934.jpg,,"University of Texas Herbarium (PRC-TEX)","CC0 1.0 (Public-domain)",http://creativecommons.org/publicdomain/zero/1.0/,,,urn:uuid:17fa15e5-60ef-49a8-b12c-0b6f7a63f805,"2015-08-19 20:10:17",https://prc-symbiota.tacc.utexas.edu:443/collections/individual/index.php?occid=1242486,StillImage,Photograph,image/jpeg,en
1242487,https://prc-symbiota.tacc.utexas.edu:443/symbiota/prc/images/_TEX/TEX00352935_lg.jpg,https://prc-symbiota.tacc.utexas.edu:443/symbiota/prc/images/_TEX/TEX00352935_lg.jpg,https://prc-symbiota.tacc.utexas.edu:443/symbiota/prc/images/_TEX/TEX00352935_tn.jpg,https://prc-symbiota.tacc.utexas.edu:443/symbiota/prc/images/_TEX/TEX00352935.jpg,,"University of Texas Herbarium (PRC-TEX)","CC0 1.0 (Public-domain)",http://creativecommons.org/publicdomain/zero/1.0/,,,urn:uuid:e0f86a1e-b888-49cc-97b9-5532bc6bbab2,"2015-08-24 12:39:36",https://prc-symbiota.tacc.utexas.edu:443/collections/individual/index.php?occid=1242487,StillImage,Photograph,image/jpeg,en
1242488,https://prc-symbiota.tacc.utexas.edu:443/symbiota/prc/images/_TEX/TEX00352936_lg.jpg,https://prc-symbiota.tacc.utexas.edu:443/symbiota/prc/images/_TEX/TEX00352936_lg.jpg,https://prc-symbiota.tacc.utexas.edu:443/symbiota/prc/images/_TEX/TEX00352936_tn.jpg,https://prc-symbiota.tacc.utexas.edu:443/symbiota/prc/images/_TEX/TEX00352936.jpg,,"University of Texas Herbarium (PRC-TEX)","CC0 1.0 (Public-domain)",http://creativecommons.org/publicdomain/zero/1.0/,,,urn:uuid:525c2d00-d395-4ad6-b7f9-8fb7d7d6c599,"2015-08-24 11:23:07",https://prc-symbiota.tacc.utexas.edu:443/collections/individual/index.php?occid=1242488,StillImage,Photograph,image/jpeg,en
1242489,https://prc-symbiota.tacc.utexas.edu:443/symbiota/prc/images/_TEX/TEX00352937_lg.jpg,https://prc-symbiota.tacc.utexas.edu:443/symbiota/prc/images/_TEX/TEX00352937_lg.jpg,https://prc-symbiota.tacc.utexas.edu:443/symbiota/prc/images/_TEX/TEX00352937_tn.jpg,https://prc-symbiota.tacc.utexas.edu:443/symbiota/prc/images/_TEX/TEX00352937.jpg,,"University of Texas Herbarium (PRC-TEX)","CC0 1.0 (Public-domain)",http://creativecommons.org/publicdomain/zero/1.0/,,,urn:uuid:40f26256-6019-4214-b8e6-21d22ad8b013,"2015-08-26 17:11:32",https://prc-symbiota.tacc.utexas.edu:443/collections/individual/index.php?occid=1242489,StillImage,Photograph,image/jpeg,en
1242517,https://prc-symbiota.tacc.utexas.edu:443/symbiota/prc/images/_TEX/TEX00352978_lg.jpg,https://prc-symbiota.tacc.utexas.edu:443/symbiota/prc/images/_TEX/TEX00352978_lg.jpg,https://prc-symbiota.tacc.utexas.edu:443/symbiota/prc/images/_TEX/TEX00352978_tn.jpg,https://prc-symbiota.tacc.utexas.edu:443/symbiota/prc/images/_TEX/TEX00352978.jpg,,"University of Texas Herbarium (PRC-TEX)","CC0 1.0 (Public-domain)",http://creativecommons.org/publicdomain/zero/1.0/,,,urn:uuid:00a519eb-7b55-4b75-a2b7-6e237c3acbd4,"2015-08-23 10:26:43",https://prc-symbiota.tacc.utexas.edu:443/collections/individual/index.php?occid=1242517,StillImage,Photograph,image/jpeg,en
1242518,https://prc-symbiota.tacc.utexas.edu:443/symbiota/prc/images/_TEX/TEX00352979_lg.jpg,https://prc-symbiota.tacc.utexas.edu:443/symbiota/prc/images/_TEX/TEX00352979_lg.jpg,https://prc-symbiota.tacc.utexas.edu:443/symbiota/prc/images/_TEX/TEX00352979_tn.jpg,https://prc-symbiota.tacc.utexas.edu:443/symbiota/prc/images/_TEX/TEX00352979.jpg,,"University of Texas Herbarium (PRC-TEX)","CC0 1.0 (Public-domain)",http://creativecommons.org/publicdomain/zero/1.0/,,,urn:uuid:cbad26f7-6db7-42d9-8cc0-70c0c6f7ca30,"2015-08-20 11:48:32",https://prc-symbiota.tacc.utexas.edu:443/collections/individual/index.php?occid=1242518,StillImage,Photograph,image/jpeg,en
1283608,https://prc-symbiota.tacc.utexas.edu:443/symbiota/prc/images/_TEX/TEX00407997_lg.jpg,https://prc-symbiota.tacc.utexas.edu:443/symbiota/prc/images/_TEX/TEX00407997_lg.jpg,https://prc-symbiota.tacc.utexas.edu:443/symbiota/prc/images/_TEX/TEX00407997_tn.jpg,https://prc-symbiota.tacc.utexas.edu:443/symbiota/prc/images/_TEX/TEX00407997.jpg,,"University of Texas Herbarium (PRC-TEX)","CC0 1.0 (Public-domain)",http://creativecommons.org/publicdomain/zero/1.0/,,,urn:uuid:98283ae7-e278-4d4a-bfe3-c13682cac7a1,"2015-08-23 05:03:02",https://prc-symbiota.tacc.utexas.edu:443/collections/individual/index.php?occid=1283608,StillImage,Photograph,image/jpeg,en
1290981,https://prc-symbiota.tacc.utexas.edu:443/symbiota/prc/images/_TEX/TEX00197663_lg.jpg,https://prc-symbiota.tacc.utexas.edu:443/symbiota/prc/images/_TEX/TEX00197663_lg.jpg,https://prc-symbiota.tacc.utexas.edu:443/symbiota/prc/images/_TEX/TEX00197663_tn.jpg,https://prc-symbiota.tacc.utexas.edu:443/symbiota/prc/images/_TEX/TEX00197663.jpg,,"University of Texas Herbarium (PRC-TEX)","CC0 1.0 (Public-domain)",http://creativecommons.org/publicdomain/zero/1.0/,,,urn:uuid:6d82c17a-d09b-47d4-9eff-61be44039694,"2015-08-20 21:58:38",https://prc-symbiota.tacc.utexas.edu:443/collections/individual/index.php?occid=1290981,StillImage,Photograph,image/jpeg,en
1291837,https://prc-symbiota.tacc.utexas.edu:443/symbiota/prc/images/_TEX/TEX00197846_lg.jpg,https://prc-symbiota.tacc.utexas.edu:443/symbiota/prc/images/_TEX/TEX00197846_lg.jpg,https://prc-symbiota.tacc.utexas.edu:443/symbiota/prc/images/_TEX/TEX00197846_tn.jpg,https://prc-symbiota.tacc.utexas.edu:443/symbiota/prc/images/_TEX/TEX00197846.jpg,,"University of Texas Herbarium (PRC-TEX)","CC0 1.0 (Public-domain)",http://creativecommons.org/publicdomain/zero/1.0/,,,urn:uuid:56f6c059-64f7-42fa-8ec7-af0442ae2643,"2015-08-25 13:05:34",https://prc-symbiota.tacc.utexas.edu:443/collections/individual/index.php?occid=1291837,StillImage,Photograph,image/jpeg,en
1291838,https://prc-symbiota.tacc.utexas.edu:443/symbiota/prc/images/_TEX/TEX00197847_lg.jpg,https://prc-symbiota.tacc.utexas.edu:443/symbiota/prc/images/_TEX/TEX00197847_lg.jpg,https://prc-symbiota.tacc.utexas.edu:443/symbiota/prc/images/_TEX/TEX00197847_tn.jpg,https://prc-symbiota.tacc.utexas.edu:443/symbiota/prc/images/_TEX/TEX00197847.jpg,,"University of Texas Herbarium (PRC-TEX)","CC0 1.0 (Public-domain)",http://creativecommons.org/publicdomain/zero/1.0/,,,urn:uuid:bc455176-c118-4121-b36a-5359a7f806f3,"2015-08-20 21:16:56",https://prc-symbiota.tacc.utexas.edu:443/collections/individual/index.php?occid=1291838,StillImage,Photograph,image/jpeg,en
1292614,https://prc-symbiota.tacc.utexas.edu:443/symbiota/prc/images/_TEX/TEX00198664_lg.jpg,https://prc-symbiota.tacc.utexas.edu:443/symbiota/prc/images/_TEX/TEX00198664_lg.jpg,https://prc-symbiota.tacc.utexas.edu:443/symbiota/prc/images/_TEX/TEX00198664_tn.jpg,https://prc-symbiota.tacc.utexas.edu:443/symbiota/prc/images/_TEX/TEX00198664.jpg,,"University of Texas Herbarium (PRC-TEX)","CC0 1.0 (Public-domain)",http://creativecommons.org/publicdomain/zero/1.0/,,,urn:uuid:96cb0f57-955c-4859-a2d6-70fc12128d23,"2015-08-23 14:10:23",https://prc-symbiota.tacc.utexas.edu:443/collections/individual/index.php?occid=1292614,StillImage,Photograph,image/jpeg,en
1293902,https://prc-symbiota.tacc.utexas.edu:443/symbiota/prc/images/_TEX/TEX00199562_lg.jpg,https://prc-symbiota.tacc.utexas.edu:443/symbiota/prc/images/_TEX/TEX00199562_lg.jpg,https://prc-symbiota.tacc.utexas.edu:443/symbiota/prc/images/_TEX/TEX00199562_tn.jpg,https://prc-symbiota.tacc.utexas.edu:443/symbiota/prc/images/_TEX/TEX00199562.jpg,,"University of Texas Herbarium (PRC-TEX)","CC0 1.0 (Public-domain)",http://creativecommons.org/publicdomain/zero/1.0/,,,urn:uuid:ed89bfe5-191a-4dad-bb3d-4c91fdcea945,"2015-08-25 16:58:58",https://prc-symbiota.tacc.utexas.edu:443/collections/individual/index.php?occid=1293902,StillImage,Photograph,image/jpeg,en
1297162,https://prc-symbiota.tacc.utexas.edu:443/symbiota/prc/images/_TEX/TEX00207806_lg.jpg,https://prc-symbiota.tacc.utexas.edu:443/symbiota/prc/images/_TEX/TEX00207806_lg.jpg,https://prc-symbiota.tacc.utexas.edu:443/symbiota/prc/images/_TEX/TEX00207806_tn.jpg,https://prc-symbiota.tacc.utexas.edu:443/symbiota/prc/images/_TEX/TEX00207806.jpg,,"University of Texas Herbarium (PRC-TEX)","CC0 1.0 (Public-domain)",http://creativecommons.org/publicdomain/zero/1.0/,,,urn:uuid:1bf7c3f2-6a4f-4462-84f8-12991bef47e1,"2015-08-23 14:49:54",https://prc-symbiota.tacc.utexas.edu:443/collections/individual/index.php?occid=1297162,StillImage,Photograph,image/jpeg,en
1298455,https://prc-symbiota.tacc.utexas.edu:443/symbiota/prc/images/_TEX/TEX00210717_lg.jpg,https://prc-symbiota.tacc.utexas.edu:443/symbiota/prc/images/_TEX/TEX00210717_lg.jpg,https://prc-symbiota.tacc.utexas.edu:443/symbiota/prc/images/_TEX/TEX00210717_tn.jpg,https://prc-symbiota.tacc.utexas.edu:443/symbiota/prc/images/_TEX/TEX00210717.jpg,,"University of Texas Herbarium (PRC-TEX)","CC0 1.0 (Public-domain)",http://creativecommons.org/publicdomain/zero/1.0/,,,urn:uuid:180b8745-61c1-4be2-b7ce-01fcbb305bf4,"2015-08-20 16:16:09",https://prc-symbiota.tacc.utexas.edu:443/collections/individual/index.php?occid=1298455,StillImage,Photograph,image/jpeg,en
1299129,https://prc-symbiota.tacc.utexas.edu:443/symbiota/prc/images/_TEX/TEX00211505_lg.jpg,https://prc-symbiota.tacc.utexas.edu:443/symbiota/prc/images/_TEX/TEX00211505_lg.jpg,https://prc-symbiota.tacc.utexas.edu:443/symbiota/prc/images/_TEX/TEX00211505_tn.jpg,https://prc-symbiota.tacc.utexas.edu:443/symbiota/prc/images/_TEX/TEX00211505.jpg,,"University of Texas Herbarium (PRC-TEX)","CC0 1.0 (Public-domain)",http://creativecommons.org/publicdomain/zero/1.0/,,,urn:uuid:14fad499-7079-4eac-807b-bb23d84580d8,"2015-08-23 16:33:22",https://prc-symbiota.tacc.utexas.edu:443/collections/individual/index.php?occid=1299129,StillImage,Photograph,image/jpeg,en
1302059,https://prc-symbiota.tacc.utexas.edu:443/symbiota/prc/images/_TEX/TEX00442429_lg.jpg,https://prc-symbiota.tacc.utexas.edu:443/symbiota/prc/images/_TEX/TEX00442429_lg.jpg,https://prc-symbiota.tacc.utexas.edu:443/symbiota/prc/images/_TEX/TEX00442429_tn.jpg,https://prc-symbiota.tacc.utexas.edu:443/symbiota/prc/images/_TEX/TEX00442429.jpg,,"University of Texas Herbarium (PRC-TEX)","CC0 1.0 (Public-domain)",http://creativecommons.org/publicdomain/zero/1.0/,,,urn:uuid:1ba74296-b98a-45f0-a653-ad8da926567f,"2015-08-24 22:40:34",https://prc-symbiota.tacc.utexas.edu:443/collections/individual/index.php?occid=1302059,StillImage,Photograph,image/jpeg,en
1303017,https://prc-symbiota.tacc.utexas.edu:443/symbiota/prc/images/_TEX/TEX00205097_lg.jpg,https://prc-symbiota.tacc.utexas.edu:443/symbiota/prc/images/_TEX/TEX00205097_lg.jpg,https://prc-symbiota.tacc.utexas.edu:443/symbiota/prc/images/_TEX/TEX00205097_tn.jpg,https://prc-symbiota.tacc.utexas.edu:443/symbiota/prc/images/_TEX/TEX00205097.jpg,,"University of Texas Herbarium (PRC-TEX)","CC0 1.0 (Public-domain)",http://creativecommons.org/publicdomain/zero/1.0/,,,urn:uuid:f05797e3-2519-48ed-bb6f-e6f833048b0e,"2015-08-25 18:35:26",https://prc-symbiota.tacc.utexas.edu:443/collections/individual/index.php?occid=1303017,StillImage,Photograph,image/jpeg,en
1303018,https://prc-symbiota.tacc.utexas.edu:443/symbiota/prc/images/_TEX/TEX00205098_lg.jpg,https://prc-symbiota.tacc.utexas.edu:443/symbiota/prc/images/_TEX/TEX00205098_lg.jpg,https://prc-symbiota.tacc.utexas.edu:443/symbiota/prc/images/_TEX/TEX00205098_tn.jpg,https://prc-symbiota.tacc.utexas.edu:443/symbiota/prc/images/_TEX/TEX00205098.jpg,,"University of Texas Herbarium (PRC-TEX)","CC0 1.0 (Public-domain)",http://creativecommons.org/publicdomain/zero/1.0/,,,urn:uuid:68918219-3c75-48a0-8645-458f58613ce1,"2015-08-24 22:40:28",https://prc-symbiota.tacc.utexas.edu:443/collections/individual/index.php?occid=1303018,StillImage,Photograph,image/jpeg,en
1303019,https://prc-symbiota.tacc.utexas.edu:443/symbiota/prc/images/_TEX/TEX00205099_lg.jpg,https://prc-symbiota.tacc.utexas.edu:443/symbiota/prc/images/_TEX/TEX00205099_lg.jpg,https://prc-symbiota.tacc.utexas.edu:443/symbiota/prc/images/_TEX/TEX00205099_tn.jpg,https://prc-symbiota.tacc.utexas.edu:443/symbiota/prc/images/_TEX/TEX00205099.jpg,,"University of Texas Herbarium (PRC-TEX)","CC0 1.0 (Public-domain)",http://creativecommons.org/publicdomain/zero/1.0/,,,urn:uuid:79fb064c-9a85-4fb6-9b2a-704bb00a8d02,"2015-08-25 23:43:12",https://prc-symbiota.tacc.utexas.edu:443/collections/individual/index.php?occid=1303019,StillImage,Photograph,image/jpeg,en
1303020,https://prc-symbiota.tacc.utexas.edu:443/symbiota/prc/images/_TEX/TEX00205100_lg.jpg,https://prc-symbiota.tacc.utexas.edu:443/symbiota/prc/images/_TEX/TEX00205100_lg.jpg,https://prc-symbiota.tacc.utexas.edu:443/symbiota/prc/images/_TEX/TEX00205100_tn.jpg,https://prc-symbiota.tacc.utexas.edu:443/symbiota/prc/images/_TEX/TEX00205100.jpg,,"University of Texas Herbarium (PRC-TEX)","CC0 1.0 (Public-domain)",http://creativecommons.org/publicdomain/zero/1.0/,,,urn:uuid:4bb33b86-5169-4700-a0ae-f2551301473a,"2015-08-20 12:25:02",https://prc-symbiota.tacc.utexas.edu:443/collections/individual/index.php?occid=1303020,StillImage,Photograph,image/jpeg,en
1303021,https://prc-symbiota.tacc.utexas.edu:443/symbiota/prc/images/_TEX/TEX00205101_lg.jpg,https://prc-symbiota.tacc.utexas.edu:443/symbiota/prc/images/_TEX/TEX00205101_lg.jpg,https://prc-symbiota.tacc.utexas.edu:443/symbiota/prc/images/_TEX/TEX00205101_tn.jpg,https://prc-symbiota.tacc.utexas.edu:443/symbiota/prc/images/_TEX/TEX00205101.jpg,,"University of Texas Herbarium (PRC-TEX)","CC0 1.0 (Public-domain)",http://creativecommons.org/publicdomain/zero/1.0/,,,urn:uuid:62081c55-4c85-4ec2-8edf-26ad48023c4d,"2015-08-25 13:05:16",https://prc-symbiota.tacc.utexas.edu:443/collections/individual/index.php?occid=1303021,StillImage,Photograph,image/jpeg,en
1305545,https://prc-symbiota.tacc.utexas.edu:443/symbiota/prc/images/_TEX/TEX00446898_lg.jpg,https://prc-symbiota.tacc.utexas.edu:443/symbiota/prc/images/_TEX/TEX00446898_lg.jpg,https://prc-symbiota.tacc.utexas.edu:443/symbiota/prc/images/_TEX/TEX00446898_tn.jpg,https://prc-symbiota.tacc.utexas.edu:443/symbiota/prc/images/_TEX/TEX00446898.jpg,,"University of Texas Herbarium (PRC-TEX)","CC0 1.0 (Public-domain)",http://creativecommons.org/publicdomain/zero/1.0/,,,urn:uuid:38194ebc-024f-4ca6-8e39-85ce0d3dc912,"2015-08-24 10:48:17",https://prc-symbiota.tacc.utexas.edu:443/collections/individual/index.php?occid=1305545,StillImage,Photograph,image/jpeg,en
1311067,https://prc-symbiota.tacc.utexas.edu:443/symbiota/prc/images/_TEX/TEX00209314_lg.jpg,https://prc-symbiota.tacc.utexas.edu:443/symbiota/prc/images/_TEX/TEX00209314_lg.jpg,https://prc-symbiota.tacc.utexas.edu:443/symbiota/prc/images/_TEX/TEX00209314_tn.jpg,https://prc-symbiota.tacc.utexas.edu:443/symbiota/prc/images/_TEX/TEX00209314.jpg,,"University of Texas Herbarium (PRC-TEX)","CC0 1.0 (Public-domain)",http://creativecommons.org/publicdomain/zero/1.0/,,,urn:uuid:a8365804-bcda-46bf-9a83-19b889664c0a,"2015-08-21 00:20:50",https://prc-symbiota.tacc.utexas.edu:443/collections/individual/index.php?occid=1311067,StillImage,Photograph,image/jpeg,en
1377034,https://prc-symbiota.tacc.utexas.edu:443/symbiota/prc/images/_LL/LL00283389_lg.jpg,https://prc-symbiota.tacc.utexas.edu:443/symbiota/prc/images/_LL/LL00283389_lg.jpg,https://prc-symbiota.tacc.utexas.edu:443/symbiota/prc/images/_LL/LL00283389_tn.jpg,https://prc-symbiota.tacc.utexas.edu:443/symbiota/prc/images/_LL/LL00283389.jpg,,"Lundell Herbarium (PRC-LL)","CC0 1.0 (Public-domain)",http://creativecommons.org/publicdomain/zero/1.0/,,,urn:uuid:68ded6dd-b827-41f3-a893-756f1962252a,"2015-08-27 20:14:58",https://prc-symbiota.tacc.utexas.edu:443/collections/individual/index.php?occid=1377034,StillImage,Photograph,image/jpeg,en
1377035,https://prc-symbiota.tacc.utexas.edu:443/symbiota/prc/images/_LL/LL00283393_lg.jpg,https://prc-symbiota.tacc.utexas.edu:443/symbiota/prc/images/_LL/LL00283393_lg.jpg,https://prc-symbiota.tacc.utexas.edu:443/symbiota/prc/images/_LL/LL00283393_tn.jpg,https://prc-symbiota.tacc.utexas.edu:443/symbiota/prc/images/_LL/LL00283393.jpg,,"Lundell Herbarium (PRC-LL)","CC0 1.0 (Public-domain)",http://creativecommons.org/publicdomain/zero/1.0/,,,urn:uuid:5a7ca30d-5b97-4244-8740-0fca6d49017f,"2015-08-29 03:39:34",https://prc-symbiota.tacc.utexas.edu:443/collections/individual/index.php?occid=1377035,StillImage,Photograph,image/jpeg,en
1377036,https://prc-symbiota.tacc.utexas.edu:443/symbiota/prc/images/_LL/LL00283401_lg.jpg,https://prc-symbiota.tacc.utexas.edu:443/symbiota/prc/images/_LL/LL00283401_lg.jpg,https://prc-symbiota.tacc.utexas.edu:443/symbiota/prc/images/_LL/LL00283401_tn.jpg,https://prc-symbiota.tacc.utexas.edu:443/symbiota/prc/images/_LL/LL00283401.jpg,,"Lundell Herbarium (PRC-LL)","CC0 1.0 (Public-domain)",http://creativecommons.org/publicdomain/zero/1.0/,,,urn:uuid:9675dc13-4696-4d79-a263-d44544d7e17e,"2015-08-28 12:57:44",https://prc-symbiota.tacc.utexas.edu:443/collections/individual/index.php?occid=1377036,StillImage,Photograph,image/jpeg,en
1377037,https://prc-symbiota.tacc.utexas.edu:443/symbiota/prc/images/_LL/LL00283402_lg.jpg,https://prc-symbiota.tacc.utexas.edu:443/symbiota/prc/images/_LL/LL00283402_lg.jpg,https://prc-symbiota.tacc.utexas.edu:443/symbiota/prc/images/_LL/LL00283402_tn.jpg,https://prc-symbiota.tacc.utexas.edu:443/symbiota/prc/images/_LL/LL00283402.jpg,,"Lundell Herbarium (PRC-LL)","CC0 1.0 (Public-domain)",http://creativecommons.org/publicdomain/zero/1.0/,,,urn:uuid:1ab20852-8b9e-4e92-93c3-6be1110a6b2e,"2015-08-27 00:53:50",https://prc-symbiota.tacc.utexas.edu:443/collections/individual/index.php?occid=1377037,StillImage,Photograph,image/jpeg,en
1377053,https://prc-symbiota.tacc.utexas.edu:443/symbiota/prc/images/_LL/LL00283449_lg.jpg,https://prc-symbiota.tacc.utexas.edu:443/symbiota/prc/images/_LL/LL00283449_lg.jpg,https://prc-symbiota.tacc.utexas.edu:443/symbiota/prc/images/_LL/LL00283449_tn.jpg,https://prc-symbiota.tacc.utexas.edu:443/symbiota/prc/images/_LL/LL00283449.jpg,,"Lundell Herbarium (PRC-LL)","CC0 1.0 (Public-domain)",http://creativecommons.org/publicdomain/zero/1.0/,,,urn:uuid:ff8e4765-4eeb-4be8-a6b9-5378bf675688,"2015-08-27 11:48:19",https://prc-symbiota.tacc.utexas.edu:443/collections/individual/index.php?occid=1377053,StillImage,Photograph,image/jpeg,en
1377054,https://prc-symbiota.tacc.utexas.edu:443/symbiota/prc/images/_LL/LL00283450_lg.jpg,https://prc-symbiota.tacc.utexas.edu:443/symbiota/prc/images/_LL/LL00283450_lg.jpg,https://prc-symbiota.tacc.utexas.edu:443/symbiota/prc/images/_LL/LL00283450_tn.jpg,https://prc-symbiota.tacc.utexas.edu:443/symbiota/prc/images/_LL/LL00283450.jpg,,"Lundell Herbarium (PRC-LL)","CC0 1.0 (Public-domain)",http://creativecommons.org/publicdomain/zero/1.0/,,,urn:uuid:51765b40-c78b-4ece-9f98-47ec2b385f65,"2015-08-27 11:18:19",https://prc-symbiota.tacc.utexas.edu:443/collections/individual/index.php?occid=1377054,StillImage,Photograph,image/jpeg,en
1377055,https://prc-symbiota.tacc.utexas.edu:443/symbiota/prc/images/_LL/LL00283455_lg.jpg,https://prc-symbiota.tacc.utexas.edu:443/symbiota/prc/images/_LL/LL00283455_lg.jpg,https://prc-symbiota.tacc.utexas.edu:443/symbiota/prc/images/_LL/LL00283455_tn.jpg,https://prc-symbiota.tacc.utexas.edu:443/symbiota/prc/images/_LL/LL00283455.jpg,,"Lundell Herbarium (PRC-LL)","CC0 1.0 (Public-domain)",http://creativecommons.org/publicdomain/zero/1.0/,,,urn:uuid:82b7ba91-5397-4499-a219-4f723534e85c,"2015-08-29 02:08:19",https://prc-symbiota.tacc.utexas.edu:443/collections/individual/index.php?occid=1377055,StillImage,Photograph,image/jpeg,en
1377059,https://prc-symbiota.tacc.utexas.edu:443/symbiota/prc/images/_LL/LL00283468_lg.jpg,https://prc-symbiota.tacc.utexas.edu:443/symbiota/prc/images/_LL/LL00283468_lg.jpg,https://prc-symbiota.tacc.utexas.edu:443/symbiota/prc/images/_LL/LL00283468_tn.jpg,https://prc-symbiota.tacc.utexas.edu:443/symbiota/prc/images/_LL/LL00283468.jpg,,"Lundell Herbarium (PRC-LL)","CC0 1.0 (Public-domain)",http://creativecommons.org/publicdomain/zero/1.0/,,,urn:uuid:b2422dc8-6442-4831-a1f6-89f8d0e865c4,"2015-08-28 10:25:17",https://prc-symbiota.tacc.utexas.edu:443/collections/individual/index.php?occid=1377059,StillImage,Photograph,image/jpeg,en
1396229,https://prc-symbiota.tacc.utexas.edu:443/symbiota/prc/images/_LL/LL00352802_lg.jpg,https://prc-symbiota.tacc.utexas.edu:443/symbiota/prc/images/_LL/LL00352802_lg.jpg,https://prc-symbiota.tacc.utexas.edu:443/symbiota/prc/images/_LL/LL00352802_tn.jpg,https://prc-symbiota.tacc.utexas.edu:443/symbiota/prc/images/_LL/LL00352802.jpg,,"Lundell Herbarium (PRC-LL)","CC0 1.0 (Public-domain)",http://creativecommons.org/publicdomain/zero/1.0/,,,urn:uuid:8643c3b1-1387-4923-a4b3-93ebf81fd9df,"2015-08-27 00:53:56",https://prc-symbiota.tacc.utexas.edu:443/collections/individual/index.php?occid=1396229,StillImage,Photograph,image/jpeg,en
1396230,https://prc-symbiota.tacc.utexas.edu:443/symbiota/prc/images/_LL/LL00352805_lg.jpg,https://prc-symbiota.tacc.utexas.edu:443/symbiota/prc/images/_LL/LL00352805_lg.jpg,https://prc-symbiota.tacc.utexas.edu:443/symbiota/prc/images/_LL/LL00352805_tn.jpg,https://prc-symbiota.tacc.utexas.edu:443/symbiota/prc/images/_LL/LL00352805.jpg,,"Lundell Herbarium (PRC-LL)","CC0 1.0 (Public-domain)",http://creativecommons.org/publicdomain/zero/1.0/,,,urn:uuid:00197cd5-ec71-4662-a662-f6bcb471280f,"2015-08-29 00:42:09",https://prc-symbiota.tacc.utexas.edu:443/collections/individual/index.php?occid=1396230,StillImage,Photograph,image/jpeg,en
1396231,https://prc-symbiota.tacc.utexas.edu:443/symbiota/prc/images/_LL/LL00352806_lg.jpg,https://prc-symbiota.tacc.utexas.edu:443/symbiota/prc/images/_LL/LL00352806_lg.jpg,https://prc-symbiota.tacc.utexas.edu:443/symbiota/prc/images/_LL/LL00352806_tn.jpg,https://prc-symbiota.tacc.utexas.edu:443/symbiota/prc/images/_LL/LL00352806.jpg,,"Lundell Herbarium (PRC-LL)","CC0 1.0 (Public-domain)",http://creativecommons.org/publicdomain/zero/1.0/,,,urn:uuid:b6ac4790-a49d-4ccf-9a1b-eea2786ca185,"2015-08-28 09:06:56",https://prc-symbiota.tacc.utexas.edu:443/collections/individual/index.php?occid=1396231,StillImage,Photograph,image/jpeg,en
1396232,https://prc-symbiota.tacc.utexas.edu:443/symbiota/prc/images/_LL/LL00352807_lg.jpg,https://prc-symbiota.tacc.utexas.edu:443/symbiota/prc/images/_LL/LL00352807_lg.jpg,https://prc-symbiota.tacc.utexas.edu:443/symbiota/prc/images/_LL/LL00352807_tn.jpg,https://prc-symbiota.tacc.utexas.edu:443/symbiota/prc/images/_LL/LL00352807.jpg,,"Lundell Herbarium (PRC-LL)","CC0 1.0 (Public-domain)",http://creativecommons.org/publicdomain/zero/1.0/,,,urn:uuid:2a502512-a28c-452d-845a-a24242f14988,"2015-08-27 14:35:11",https://prc-symbiota.tacc.utexas.edu:443/collections/individual/index.php?occid=1396232,StillImage,Photograph,image/jpeg,en
1396233,https://prc-symbiota.tacc.utexas.edu:443/symbiota/prc/images/_LL/LL00352814_lg.jpg,https://prc-symbiota.tacc.utexas.edu:443/symbiota/prc/images/_LL/LL00352814_lg.jpg,https://prc-symbiota.tacc.utexas.edu:443/symbiota/prc/images/_LL/LL00352814_tn.jpg,https://prc-symbiota.tacc.utexas.edu:443/symbiota/prc/images/_LL/LL00352814.jpg,,"Lundell Herbarium (PRC-LL)","CC0 1.0 (Public-domain)",http://creativecommons.org/publicdomain/zero/1.0/,,,urn:uuid:5382ea11-1de0-4330-b3f6-498ebbba35e3,"2015-08-27 03:35:34",https://prc-symbiota.tacc.utexas.edu:443/collections/individual/index.php?occid=1396233,StillImage,Photograph,image/jpeg,en
1396234,https://prc-symbiota.tacc.utexas.edu:443/symbiota/prc/images/_LL/LL00352821_lg.jpg,https://prc-symbiota.tacc.utexas.edu:443/symbiota/prc/images/_LL/LL00352821_lg.jpg,https://prc-symbiota.tacc.utexas.edu:443/symbiota/prc/images/_LL/LL00352821_tn.jpg,https://prc-symbiota.tacc.utexas.edu:443/symbiota/prc/images/_LL/LL00352821.jpg,,"Lundell Herbarium (PRC-LL)","CC0 1.0 (Public-domain)",http://creativecommons.org/publicdomain/zero/1.0/,,,urn:uuid:c9713e4d-85f1-42d0-ac47-46769edd6d4b,"2015-08-26 23:18:25",https://prc-symbiota.tacc.utexas.edu:443/collections/individual/index.php?occid=1396234,StillImage,Photograph,image/jpeg,en
1396235,https://prc-symbiota.tacc.utexas.edu:443/symbiota/prc/images/_LL/LL00352823_lg.jpg,https://prc-symbiota.tacc.utexas.edu:443/symbiota/prc/images/_LL/LL00352823_lg.jpg,https://prc-symbiota.tacc.utexas.edu:443/symbiota/prc/images/_LL/LL00352823_tn.jpg,https://prc-symbiota.tacc.utexas.edu:443/symbiota/prc/images/_LL/LL00352823.jpg,,"Lundell Herbarium (PRC-LL)","CC0 1.0 (Public-domain)",http://creativecommons.org/publicdomain/zero/1.0/,,,urn:uuid:93d00826-0536-4f5e-9d0a-d85308cbed98,"2015-08-27 11:18:25",https://prc-symbiota.tacc.utexas.edu:443/collections/individual/index.php?occid=1396235,StillImage,Photograph,image/jpeg,en
1396236,https://prc-symbiota.tacc.utexas.edu:443/symbiota/prc/images/_LL/LL00352824_lg.jpg,https://prc-symbiota.tacc.utexas.edu:443/symbiota/prc/images/_LL/LL00352824_lg.jpg,https://prc-symbiota.tacc.utexas.edu:443/symbiota/prc/images/_LL/LL00352824_tn.jpg,https://prc-symbiota.tacc.utexas.edu:443/symbiota/prc/images/_LL/LL00352824.jpg,,"Lundell Herbarium (PRC-LL)","CC0 1.0 (Public-domain)",http://creativecommons.org/publicdomain/zero/1.0/,,,urn:uuid:5d3cefcd-8543-46d9-9273-99c0c663f2a6,"2015-08-27 11:08:43",https://prc-symbiota.tacc.utexas.edu:443/collections/individual/index.php?occid=1396236,StillImage,Photograph,image/jpeg,en
1396237,https://prc-symbiota.tacc.utexas.edu:443/symbiota/prc/images/_LL/LL00352828_lg.jpg,https://prc-symbiota.tacc.utexas.edu:443/symbiota/prc/images/_LL/LL00352828_lg.jpg,https://prc-symbiota.tacc.utexas.edu:443/symbiota/prc/images/_LL/LL00352828_tn.jpg,https://prc-symbiota.tacc.utexas.edu:443/symbiota/prc/images/_LL/LL00352828.jpg,,"Lundell Herbarium (PRC-LL)","CC0 1.0 (Public-domain)",http://creativecommons.org/publicdomain/zero/1.0/,,,urn:uuid:ffacf3f0-747a-45f0-9dcb-9261fcf00d0d,"2015-08-28 16:19:14",https://prc-symbiota.tacc.utexas.edu:443/collections/individual/index.php?occid=1396237,StillImage,Photograph,image/jpeg,en
1396238,https://prc-symbiota.tacc.utexas.edu:443/symbiota/prc/images/_LL/LL00352829_lg.jpg,https://prc-symbiota.tacc.utexas.edu:443/symbiota/prc/images/_LL/LL00352829_lg.jpg,https://prc-symbiota.tacc.utexas.edu:443/symbiota/prc/images/_LL/LL00352829_tn.jpg,https://prc-symbiota.tacc.utexas.edu:443/symbiota/prc/images/_LL/LL00352829.jpg,,"Lundell Herbarium (PRC-LL)","CC0 1.0 (Public-domain)",http://creativecommons.org/publicdomain/zero/1.0/,,,urn:uuid:92f64fd7-4ed1-47df-a2ef-124306657d3e,"2015-08-28 04:23:48",https://prc-symbiota.tacc.utexas.edu:443/collections/individual/index.php?occid=1396238,StillImage,Photograph,image/jpeg,en
1396239,https://prc-symbiota.tacc.utexas.edu:443/symbiota/prc/images/_LL/LL00352830_lg.jpg,https://prc-symbiota.tacc.utexas.edu:443/symbiota/prc/images/_LL/LL00352830_lg.jpg,https://prc-symbiota.tacc.utexas.edu:443/symbiota/prc/images/_LL/LL00352830_tn.jpg,https://prc-symbiota.tacc.utexas.edu:443/symbiota/prc/images/_LL/LL00352830.jpg,,"Lundell Herbarium (PRC-LL)","CC0 1.0 (Public-domain)",http://creativecommons.org/publicdomain/zero/1.0/,,,urn:uuid:43f54a53-809e-435e-9ff0-dc7cba394832,"2015-08-29 02:59:16",https://prc-symbiota.tacc.utexas.edu:443/collections/individual/index.php?occid=1396239,StillImage,Photograph,image/jpeg,en
1396240,https://prc-symbiota.tacc.utexas.edu:443/symbiota/prc/images/_LL/LL00352831_lg.jpg,https://prc-symbiota.tacc.utexas.edu:443/symbiota/prc/images/_LL/LL00352831_lg.jpg,https://prc-symbiota.tacc.utexas.edu:443/symbiota/prc/images/_LL/LL00352831_tn.jpg,https://prc-symbiota.tacc.utexas.edu:443/symbiota/prc/images/_LL/LL00352831.jpg,,"Lundell Herbarium (PRC-LL)","CC0 1.0 (Public-domain)",http://creativecommons.org/publicdomain/zero/1.0/,,,urn:uuid:349a72c7-4d40-4469-a1fb-040fbe40296d,"2015-08-28 21:05:50",https://prc-symbiota.tacc.utexas.edu:443/collections/individual/index.php?occid=1396240,StillImage,Photograph,image/jpeg,en
1396241,https://prc-symbiota.tacc.utexas.edu:443/symbiota/prc/images/_LL/LL00352833_lg.jpg,https://prc-symbiota.tacc.utexas.edu:443/symbiota/prc/images/_LL/LL00352833_lg.jpg,https://prc-symbiota.tacc.utexas.edu:443/symbiota/prc/images/_LL/LL00352833_tn.jpg,https://prc-symbiota.tacc.utexas.edu:443/symbiota/prc/images/_LL/LL00352833.jpg,,"Lundell Herbarium (PRC-LL)","CC0 1.0 (Public-domain)",http://creativecommons.org/publicdomain/zero/1.0/,,,urn:uuid:16efea3f-eaea-481f-8968-618beb61a142,"2015-08-27 21:03:46",https://prc-symbiota.tacc.utexas.edu:443/collections/individual/index.php?occid=1396241,StillImage,Photograph,image/jpeg,en
1396242,https://prc-symbiota.tacc.utexas.edu:443/symbiota/prc/images/_LL/LL00352834_lg.jpg,https://prc-symbiota.tacc.utexas.edu:443/symbiota/prc/images/_LL/LL00352834_lg.jpg,https://prc-symbiota.tacc.utexas.edu:443/symbiota/prc/images/_LL/LL00352834_tn.jpg,https://prc-symbiota.tacc.utexas.edu:443/symbiota/prc/images/_LL/LL00352834.jpg,,"Lundell Herbarium (PRC-LL)","CC0 1.0 (Public-domain)",http://creativecommons.org/publicdomain/zero/1.0/,,,urn:uuid:c4be8263-2831-45b9-a5b0-fea244860979,"2015-08-27 14:51:01",https://prc-symbiota.tacc.utexas.edu:443/collections/individual/index.php?occid=1396242,StillImage,Photograph,image/jpeg,en
1396243,https://prc-symbiota.tacc.utexas.edu:443/symbiota/prc/images/_LL/LL00352835_lg.jpg,https://prc-symbiota.tacc.utexas.edu:443/symbiota/prc/images/_LL/LL00352835_lg.jpg,https://prc-symbiota.tacc.utexas.edu:443/symbiota/prc/images/_LL/LL00352835_tn.jpg,https://prc-symbiota.tacc.utexas.edu:443/symbiota/prc/images/_LL/LL00352835.jpg,,"Lundell Herbarium (PRC-LL)","CC0 1.0 (Public-domain)",http://creativecommons.org/publicdomain/zero/1.0/,,,urn:uuid:701128be-7a98-47fa-b610-6b0488697471,"2015-08-27 23:53:47",https://prc-symbiota.tacc.utexas.edu:443/collections/individual/index.php?occid=1396243,StillImage,Photograph,image/jpeg,en
1396244,https://prc-symbiota.tacc.utexas.edu:443/symbiota/prc/images/_LL/LL00352836_lg.jpg,https://prc-symbiota.tacc.utexas.edu:443/symbiota/prc/images/_LL/LL00352836_lg.jpg,https://prc-symbiota.tacc.utexas.edu:443/symbiota/prc/images/_LL/LL00352836_tn.jpg,https://prc-symbiota.tacc.utexas.edu:443/symbiota/prc/images/_LL/LL00352836.jpg,,"Lundell Herbarium (PRC-LL)","CC0 1.0 (Public-domain)",http://creativecommons.org/publicdomain/zero/1.0/,,,urn:uuid:c6b19384-5821-41d8-8dd6-1e72e39fd54a,"2015-08-27 17:55:25",https://prc-symbiota.tacc.utexas.edu:443/collections/individual/index.php?occid=1396244,StillImage,Photograph,image/jpeg,en
1396245,https://prc-symbiota.tacc.utexas.edu:443/symbiota/prc/images/_LL/LL00352837_lg.jpg,https://prc-symbiota.tacc.utexas.edu:443/symbiota/prc/images/_LL/LL00352837_lg.jpg,https://prc-symbiota.tacc.utexas.edu:443/symbiota/prc/images/_LL/LL00352837_tn.jpg,https://prc-symbiota.tacc.utexas.edu:443/symbiota/prc/images/_LL/LL00352837.jpg,,"Lundell Herbarium (PRC-LL)","CC0 1.0 (Public-domain)",http://creativecommons.org/publicdomain/zero/1.0/,,,urn:uuid:1f45f30e-1050-431f-b339-e076970d7dda,"2015-08-28 01:50:19",https://prc-symbiota.tacc.utexas.edu:443/collections/individual/index.php?occid=1396245,StillImage,Photograph,image/jpeg,en
1396246,https://prc-symbiota.tacc.utexas.edu:443/symbiota/prc/images/_LL/LL00352842_lg.jpg,https://prc-symbiota.tacc.utexas.edu:443/symbiota/prc/images/_LL/LL00352842_lg.jpg,https://prc-symbiota.tacc.utexas.edu:443/symbiota/prc/images/_LL/LL00352842_tn.jpg,https://prc-symbiota.tacc.utexas.edu:443/symbiota/prc/images/_LL/LL00352842.jpg,,"Lundell Herbarium (PRC-LL)","CC0 1.0 (Public-domain)",http://creativecommons.org/publicdomain/zero/1.0/,,,urn:uuid:edc8ad8d-8a6a-4091-86f4-82b61d127e41,"2015-08-27 19:09:22",https://prc-symbiota.tacc.utexas.edu:443/collections/individual/index.php?occid=1396246,StillImage,Photograph,image/jpeg,en
1396247,https://prc-symbiota.tacc.utexas.edu:443/symbiota/prc/images/_LL/LL00352844_lg.jpg,https://prc-symbiota.tacc.utexas.edu:443/symbiota/prc/images/_LL/LL00352844_lg.jpg,https://prc-symbiota.tacc.utexas.edu:443/symbiota/prc/images/_LL/LL00352844_tn.jpg,https://prc-symbiota.tacc.utexas.edu:443/symbiota/prc/images/_LL/LL00352844.jpg,,"Lundell Herbarium (PRC-LL)","CC0 1.0 (Public-domain)",http://creativecommons.org/publicdomain/zero/1.0/,,,urn:uuid:094ac0e8-2b8f-4266-bd9a-1e67219517af,"2015-08-27 22:18:23",https://prc-symbiota.tacc.utexas.edu:443/collections/individual/index.php?occid=1396247,StillImage,Photograph,image/jpeg,en
1396248,https://prc-symbiota.tacc.utexas.edu:443/symbiota/prc/images/_LL/LL00352848_lg.jpg,https://prc-symbiota.tacc.utexas.edu:443/symbiota/prc/images/_LL/LL00352848_lg.jpg,https://prc-symbiota.tacc.utexas.edu:443/symbiota/prc/images/_LL/LL00352848_tn.jpg,https://prc-symbiota.tacc.utexas.edu:443/symbiota/prc/images/_LL/LL00352848.jpg,,"Lundell Herbarium (PRC-LL)","CC0 1.0 (Public-domain)",http://creativecommons.org/publicdomain/zero/1.0/,,,urn:uuid:4e47250b-6c7e-4a8f-8f93-56d450a01c53,"2015-08-28 12:21:38",https://prc-symbiota.tacc.utexas.edu:443/collections/individual/index.php?occid=1396248,StillImage,Photograph,image/jpeg,en
1396249,https://prc-symbiota.tacc.utexas.edu:443/symbiota/prc/images/_LL/LL00352849_lg.jpg,https://prc-symbiota.tacc.utexas.edu:443/symbiota/prc/images/_LL/LL00352849_lg.jpg,https://prc-symbiota.tacc.utexas.edu:443/symbiota/prc/images/_LL/LL00352849_tn.jpg,https://prc-symbiota.tacc.utexas.edu:443/symbiota/prc/images/_LL/LL00352849.jpg,,"Lundell Herbarium (PRC-LL)","CC0 1.0 (Public-domain)",http://creativecommons.org/publicdomain/zero/1.0/,,,urn:uuid:87daa935-fc53-4b42-aa62-c125d54a7f6b,"2015-08-28 15:53:09",https://prc-symbiota.tacc.utexas.edu:443/collections/individual/index.php?occid=1396249,StillImage,Photograph,image/jpeg,en
1396250,https://prc-symbiota.tacc.utexas.edu:443/symbiota/prc/images/_LL/LL00352850_lg.jpg,https://prc-symbiota.tacc.utexas.edu:443/symbiota/prc/images/_LL/LL00352850_lg.jpg,https://prc-symbiota.tacc.utexas.edu:443/symbiota/prc/images/_LL/LL00352850_tn.jpg,https://prc-symbiota.tacc.utexas.edu:443/symbiota/prc/images/_LL/LL00352850.jpg,,"Lundell Herbarium (PRC-LL)","CC0 1.0 (Public-domain)",http://creativecommons.org/publicdomain/zero/1.0/,,,urn:uuid:8e35930b-d50a-47d7-bd66-86a9901541dc,"2015-08-27 22:16:34",https://prc-symbiota.tacc.utexas.edu:443/collections/individual/index.php?occid=1396250,StillImage,Photograph,image/jpeg,en
1396251,https://prc-symbiota.tacc.utexas.edu:443/symbiota/prc/images/_LL/LL00352851_lg.jpg,https://prc-symbiota.tacc.utexas.edu:443/symbiota/prc/images/_LL/LL00352851_lg.jpg,https://prc-symbiota.tacc.utexas.edu:443/symbiota/prc/images/_LL/LL00352851_tn.jpg,https://prc-symbiota.tacc.utexas.edu:443/symbiota/prc/images/_LL/LL00352851.jpg,,"Lundell Herbarium (PRC-LL)","CC0 1.0 (Public-domain)",http://creativecommons.org/publicdomain/zero/1.0/,,,urn:uuid:90daecd2-6b1f-4da1-9279-7652e3498932,"2015-08-26 23:18:31",https://prc-symbiota.tacc.utexas.edu:443/collections/individual/index.php?occid=1396251,StillImage,Photograph,image/jpeg,en
1396252,https://prc-symbiota.tacc.utexas.edu:443/symbiota/prc/images/_LL/LL00352852_lg.jpg,https://prc-symbiota.tacc.utexas.edu:443/symbiota/prc/images/_LL/LL00352852_lg.jpg,https://prc-symbiota.tacc.utexas.edu:443/symbiota/prc/images/_LL/LL00352852_tn.jpg,https://prc-symbiota.tacc.utexas.edu:443/symbiota/prc/images/_LL/LL00352852.jpg,,"Lundell Herbarium (PRC-LL)","CC0 1.0 (Public-domain)",http://creativecommons.org/publicdomain/zero/1.0/,,,urn:uuid:df172f94-163b-4426-8dfc-3ab61bfeb17e,"2015-08-28 22:40:27",https://prc-symbiota.tacc.utexas.edu:443/collections/individual/index.php?occid=1396252,StillImage,Photograph,image/jpeg,en
1396253,https://prc-symbiota.tacc.utexas.edu:443/symbiota/prc/images/_LL/LL00352853_lg.jpg,https://prc-symbiota.tacc.utexas.edu:443/symbiota/prc/images/_LL/LL00352853_lg.jpg,https://prc-symbiota.tacc.utexas.edu:443/symbiota/prc/images/_LL/LL00352853_tn.jpg,https://prc-symbiota.tacc.utexas.edu:443/symbiota/prc/images/_LL/LL00352853.jpg,,"Lundell Herbarium (PRC-LL)","CC0 1.0 (Public-domain)",http://creativecommons.org/publicdomain/zero/1.0/,,,urn:uuid:bbde1311-65c1-49af-9972-dbd5f312ed99,"2015-08-27 03:35:23",https://prc-symbiota.tacc.utexas.edu:443/collections/individual/index.php?occid=1396253,StillImage,Photograph,image/jpeg,en
1396254,https://prc-symbiota.tacc.utexas.edu:443/symbiota/prc/images/_LL/LL00352854_lg.jpg,https://prc-symbiota.tacc.utexas.edu:443/symbiota/prc/images/_LL/LL00352854_lg.jpg,https://prc-symbiota.tacc.utexas.edu:443/symbiota/prc/images/_LL/LL00352854_tn.jpg,https://prc-symbiota.tacc.utexas.edu:443/symbiota/prc/images/_LL/LL00352854.jpg,,"Lundell Herbarium (PRC-LL)","CC0 1.0 (Public-domain)",http://creativecommons.org/publicdomain/zero/1.0/,,,urn:uuid:7e31346b-c949-4742-8f52-77877ba66433,"2015-08-27 16:52:42",https://prc-symbiota.tacc.utexas.edu:443/collections/individual/index.php?occid=1396254,StillImage,Photograph,image/jpeg,en
1396255,https://prc-symbiota.tacc.utexas.edu:443/symbiota/prc/images/_LL/LL00352857_lg.jpg,https://prc-symbiota.tacc.utexas.edu:443/symbiota/prc/images/_LL/LL00352857_lg.jpg,https://prc-symbiota.tacc.utexas.edu:443/symbiota/prc/images/_LL/LL00352857_tn.jpg,https://prc-symbiota.tacc.utexas.edu:443/symbiota/prc/images/_LL/LL00352857.jpg,,"Lundell Herbarium (PRC-LL)","CC0 1.0 (Public-domain)",http://creativecommons.org/publicdomain/zero/1.0/,,,urn:uuid:3b915c76-336d-4bd2-865a-e06539124d2f,"2015-08-28 19:09:22",https://prc-symbiota.tacc.utexas.edu:443/collections/individual/index.php?occid=1396255,StillImage,Photograph,image/jpeg,en
1396273,https://prc-symbiota.tacc.utexas.edu:443/symbiota/prc/images/_LL/LL00352908_lg.jpg,https://prc-symbiota.tacc.utexas.edu:443/symbiota/prc/images/_LL/LL00352908_lg.jpg,https://prc-symbiota.tacc.utexas.edu:443/symbiota/prc/images/_LL/LL00352908_tn.jpg,https://prc-symbiota.tacc.utexas.edu:443/symbiota/prc/images/_LL/LL00352908.jpg,,"Lundell Herbarium (PRC-LL)","CC0 1.0 (Public-domain)",http://creativecommons.org/publicdomain/zero/1.0/,,,urn:uuid:57ad3eb0-c7db-4969-902a-a231a8a51e44,"2015-08-28 22:03:32",https://prc-symbiota.tacc.utexas.edu:443/collections/individual/index.php?occid=1396273,StillImage,Photograph,image/jpeg,en
1396274,https://prc-symbiota.tacc.utexas.edu:443/symbiota/prc/images/_LL/LL00352910_lg.jpg,https://prc-symbiota.tacc.utexas.edu:443/symbiota/prc/images/_LL/LL00352910_lg.jpg,https://prc-symbiota.tacc.utexas.edu:443/symbiota/prc/images/_LL/LL00352910_tn.jpg,https://prc-symbiota.tacc.utexas.edu:443/symbiota/prc/images/_LL/LL00352910.jpg,,"Lundell Herbarium (PRC-LL)","CC0 1.0 (Public-domain)",http://creativecommons.org/publicdomain/zero/1.0/,,,urn:uuid:cb25d403-3706-4a23-ad97-d0852e70a094,"2015-08-27 11:31:50",https://prc-symbiota.tacc.utexas.edu:443/collections/individual/index.php?occid=1396274,StillImage,Photograph,image/jpeg,en
1396275,https://prc-symbiota.tacc.utexas.edu:443/symbiota/prc/images/_LL/LL00352911_lg.jpg,https://prc-symbiota.tacc.utexas.edu:443/symbiota/prc/images/_LL/LL00352911_lg.jpg,https://prc-symbiota.tacc.utexas.edu:443/symbiota/prc/images/_LL/LL00352911_tn.jpg,https://prc-symbiota.tacc.utexas.edu:443/symbiota/prc/images/_LL/LL00352911.jpg,,"Lundell Herbarium (PRC-LL)","CC0 1.0 (Public-domain)",http://creativecommons.org/publicdomain/zero/1.0/,,,urn:uuid:6de19c45-c6e5-4011-add2-a9b8541c1aa4,"2015-08-27 05:19:34",https://prc-symbiota.tacc.utexas.edu:443/collections/individual/index.php?occid=1396275,StillImage,Photograph,image/jpeg,en
1396276,https://prc-symbiota.tacc.utexas.edu:443/symbiota/prc/images/_LL/LL00352915_lg.jpg,https://prc-symbiota.tacc.utexas.edu:443/symbiota/prc/images/_LL/LL00352915_lg.jpg,https://prc-symbiota.tacc.utexas.edu:443/symbiota/prc/images/_LL/LL00352915_tn.jpg,https://prc-symbiota.tacc.utexas.edu:443/symbiota/prc/images/_LL/LL00352915.jpg,,"Lundell Herbarium (PRC-LL)","CC0 1.0 (Public-domain)",http://creativecommons.org/publicdomain/zero/1.0/,,,urn:uuid:fa6e6384-5dd6-4f4a-af08-277e22e38026,"2015-08-27 08:25:53",https://prc-symbiota.tacc.utexas.edu:443/collections/individual/index.php?occid=1396276,StillImage,Photograph,image/jpeg,en
1396277,https://prc-symbiota.tacc.utexas.edu:443/symbiota/prc/images/_LL/LL00352916_lg.jpg,https://prc-symbiota.tacc.utexas.edu:443/symbiota/prc/images/_LL/LL00352916_lg.jpg,https://prc-symbiota.tacc.utexas.edu:443/symbiota/prc/images/_LL/LL00352916_tn.jpg,https://prc-symbiota.tacc.utexas.edu:443/symbiota/prc/images/_LL/LL00352916.jpg,,"Lundell Herbarium (PRC-LL)","CC0 1.0 (Public-domain)",http://creativecommons.org/publicdomain/zero/1.0/,,,urn:uuid:137003d5-66d6-4eca-85e0-082ac603b79c,"2015-08-26 22:22:19",https://prc-symbiota.tacc.utexas.edu:443/collections/individual/index.php?occid=1396277,StillImage,Photograph,image/jpeg,en
1396278,https://prc-symbiota.tacc.utexas.edu:443/symbiota/prc/images/_LL/LL00352917_lg.jpg,https://prc-symbiota.tacc.utexas.edu:443/symbiota/prc/images/_LL/LL00352917_lg.jpg,https://prc-symbiota.tacc.utexas.edu:443/symbiota/prc/images/_LL/LL00352917_tn.jpg,https://prc-symbiota.tacc.utexas.edu:443/symbiota/prc/images/_LL/LL00352917.jpg,,"Lundell Herbarium (PRC-LL)","CC0 1.0 (Public-domain)",http://creativecommons.org/publicdomain/zero/1.0/,,,urn:uuid:2e79b2c5-20ae-4c3c-8cb9-607ed9add3d6,"2015-08-28 04:35:03",https://prc-symbiota.tacc.utexas.edu:443/collections/individual/index.php?occid=1396278,StillImage,Photograph,image/jpeg,en
1396279,https://prc-symbiota.tacc.utexas.edu:443/symbiota/prc/images/_LL/LL00352918_lg.jpg,https://prc-symbiota.tacc.utexas.edu:443/symbiota/prc/images/_LL/LL00352918_lg.jpg,https://prc-symbiota.tacc.utexas.edu:443/symbiota/prc/images/_LL/LL00352918_tn.jpg,https://prc-symbiota.tacc.utexas.edu:443/symbiota/prc/images/_LL/LL00352918.jpg,,"Lundell Herbarium (PRC-LL)","CC0 1.0 (Public-domain)",http://creativecommons.org/publicdomain/zero/1.0/,,,urn:uuid:5f9cd9d7-b677-4ca6-b1a9-dab687f553a2,"2015-08-27 09:35:34",https://prc-symbiota.tacc.utexas.edu:443/collections/individual/index.php?occid=1396279,StillImage,Photograph,image/jpeg,en
1396280,https://prc-symbiota.tacc.utexas.edu:443/symbiota/prc/images/_LL/LL00352919_lg.jpg,https://prc-symbiota.tacc.utexas.edu:443/symbiota/prc/images/_LL/LL00352919_lg.jpg,https://prc-symbiota.tacc.utexas.edu:443/symbiota/prc/images/_LL/LL00352919_tn.jpg,https://prc-symbiota.tacc.utexas.edu:443/symbiota/prc/images/_LL/LL00352919.jpg,,"Lundell Herbarium (PRC-LL)","CC0 1.0 (Public-domain)",http://creativecommons.org/publicdomain/zero/1.0/,,,urn:uuid:3960f3e9-5784-4882-b455-09e719accf98,"2015-08-27 18:05:27",https://prc-symbiota.tacc.utexas.edu:443/collections/individual/index.php?occid=1396280,StillImage,Photograph,image/jpeg,en
1396281,https://prc-symbiota.tacc.utexas.edu:443/symbiota/prc/images/_LL/LL00352920_lg.jpg,https://prc-symbiota.tacc.utexas.edu:443/symbiota/prc/images/_LL/LL00352920_lg.jpg,https://prc-symbiota.tacc.utexas.edu:443/symbiota/prc/images/_LL/LL00352920_tn.jpg,https://prc-symbiota.tacc.utexas.edu:443/symbiota/prc/images/_LL/LL00352920.jpg,,"Lundell Herbarium (PRC-LL)","CC0 1.0 (Public-domain)",http://creativecommons.org/publicdomain/zero/1.0/,,,urn:uuid:d8263898-4bf1-43fa-a0ea-1ab1b92e0199,"2015-08-28 01:34:37",https://prc-symbiota.tacc.utexas.edu:443/collections/individual/index.php?occid=1396281,StillImage,Photograph,image/jpeg,en
1396294,https://prc-symbiota.tacc.utexas.edu:443/symbiota/prc/images/_LL/LL00352977_lg.jpg,https://prc-symbiota.tacc.utexas.edu:443/symbiota/prc/images/_LL/LL00352977_lg.jpg,https://prc-symbiota.tacc.utexas.edu:443/symbiota/prc/images/_LL/LL00352977_tn.jpg,https://prc-symbiota.tacc.utexas.edu:443/symbiota/prc/images/_LL/LL00352977.jpg,,"Lundell Herbarium (PRC-LL)","CC0 1.0 (Public-domain)",http://creativecommons.org/publicdomain/zero/1.0/,,,urn:uuid:f580ae82-3824-4645-9d0a-1732fa6f3bfa,"2015-08-29 01:19:40",https://prc-symbiota.tacc.utexas.edu:443/collections/individual/index.php?occid=1396294,StillImage,Photograph,image/jpeg,en
1410719,https://prc-symbiota.tacc.utexas.edu:443/symbiota/prc/images/_LL/LL00407998_lg.jpg,https://prc-symbiota.tacc.utexas.edu:443/symbiota/prc/images/_LL/LL00407998_lg.jpg,https://prc-symbiota.tacc.utexas.edu:443/symbiota/prc/images/_LL/LL00407998_tn.jpg,https://prc-symbiota.tacc.utexas.edu:443/symbiota/prc/images/_LL/LL00407998.jpg,,"Lundell Herbarium (PRC-LL)","CC0 1.0 (Public-domain)",http://creativecommons.org/publicdomain/zero/1.0/,,,urn:uuid:e33b7fae-5245-4729-99bf-5f0f0320fc71,"2015-08-27 04:06:23",https://prc-symbiota.tacc.utexas.edu:443/collections/individual/index.php?occid=1410719,StillImage,Photograph,image/jpeg,en
1410720,https://prc-symbiota.tacc.utexas.edu:443/symbiota/prc/images/_LL/LL00407999_lg.jpg,https://prc-symbiota.tacc.utexas.edu:443/symbiota/prc/images/_LL/LL00407999_lg.jpg,https://prc-symbiota.tacc.utexas.edu:443/symbiota/prc/images/_LL/LL00407999_tn.jpg,https://prc-symbiota.tacc.utexas.edu:443/symbiota/prc/images/_LL/LL00407999.jpg,,"Lundell Herbarium (PRC-LL)","CC0 1.0 (Public-domain)",http://creativecommons.org/publicdomain/zero/1.0/,,,urn:uuid:b8437ebf-56ee-4c60-9339-9b78107b4efa,"2015-08-27 07:59:27",https://prc-symbiota.tacc.utexas.edu:443/collections/individual/index.php?occid=1410720,StillImage,Photograph,image/jpeg,en
1410721,https://prc-symbiota.tacc.utexas.edu:443/symbiota/prc/images/_LL/LL00408000_lg.jpg,https://prc-symbiota.tacc.utexas.edu:443/symbiota/prc/images/_LL/LL00408000_lg.jpg,https://prc-symbiota.tacc.utexas.edu:443/symbiota/prc/images/_LL/LL00408000_tn.jpg,https://prc-symbiota.tacc.utexas.edu:443/symbiota/prc/images/_LL/LL00408000.jpg,,"Lundell Herbarium (PRC-LL)","CC0 1.0 (Public-domain)",http://creativecommons.org/publicdomain/zero/1.0/,,,urn:uuid:111938ea-0982-4608-b13a-1e5773eabc99,"2015-08-28 09:33:57",https://prc-symbiota.tacc.utexas.edu:443/collections/individual/index.php?occid=1410721,StillImage,Photograph,image/jpeg,en
1410722,https://prc-symbiota.tacc.utexas.edu:443/symbiota/prc/images/_LL/LL00408240_lg.jpg,https://prc-symbiota.tacc.utexas.edu:443/symbiota/prc/images/_LL/LL00408240_lg.jpg,https://prc-symbiota.tacc.utexas.edu:443/symbiota/prc/images/_LL/LL00408240_tn.jpg,https://prc-symbiota.tacc.utexas.edu:443/symbiota/prc/images/_LL/LL00408240.jpg,,"Lundell Herbarium (PRC-LL)","CC0 1.0 (Public-domain)",http://creativecommons.org/publicdomain/zero/1.0/,,,urn:uuid:e2011931-e50e-44f0-9037-0d5e1370d558,"2015-08-28 17:06:13",https://prc-symbiota.tacc.utexas.edu:443/collections/individual/index.php?occid=1410722,StillImage,Photograph,image/jpeg,en
