coreid,identifiedBy,identifiedByID,dateIdentified,identificationQualifier,scientificName,identificationIsCurrent,scientificNameAuthorship,genus,specificEpithet,taxonRank,infraspecificEpithet,identificationReferences,identificationRemarks,recordId
1196538,Unknown,,Unknown,,"Saxifraga texana",0,,,,,,,,urn:uuid:b8614854-f792-4319-8673-c2e30da9f777
1196539,Unknown,,Unknown,,"Saxifraga texana",0,,,,,,,,urn:uuid:646aa32c-1ffc-4c16-85ca-19b6ff1a832b
1196540,Unknown,,Unknown,,"Saxifraga texana",0,,,,,,,,urn:uuid:30579a57-1b20-479c-a0ad-9fe49d0814c8
1196541,Unknown,,Unknown,,"Saxifraga texana",0,,,,,,,,urn:uuid:04e5a1bb-dc97-44a4-bf48-dbe640a02cf5
1196542,Unknown,,Unknown,,"Saxifraga texana",0,,,,,,,,urn:uuid:bfb88b44-710d-4c8a-ba3e-f476f6f9e250
1196543,Unknown,,Unknown,,"Saxifraga texana",0,,,,,,,,urn:uuid:98d0ba31-139a-44ac-8fcd-0af543e0e35c
1196544,Unknown,,Unknown,,"Saxifraga texana",0,,,,,,,,urn:uuid:16d3fb76-6ab2-4962-8109-9df9af553379
1196545,Unknown,,Unknown,,"Saxifraga texana",0,,,,,,,,urn:uuid:df0a6feb-c239-451c-b14c-2c750c511ed8
1196546,Unknown,,Unknown,,"Saxifraga texana",0,,,,,,,,urn:uuid:33a19cbd-a95f-45f5-9de3-7bad24d53705
1242542,Unknown,,Unknown,,"Saxifraga texana",0,,,,,,,,urn:uuid:08bcff54-05e2-41eb-80cf-cec098fc5a3d
1242543,Unknown,,Unknown,,"Saxifraga texana",0,,,,,,,,urn:uuid:4a7f5be9-c945-40e2-b816-d85428e39a44
1242544,Unknown,,Unknown,,"Saxifraga texana",0,,,,,,,,urn:uuid:4e520d72-585a-415d-872b-f4dc9a8d1916
1242545,Unknown,,Unknown,,"Saxifraga texana",0,,,,,,,,urn:uuid:24d8f4f4-ee19-4950-863b-f006d07a5425
1242546,Unknown,,Unknown,,"Saxifraga texana",0,,,,,,,,urn:uuid:c94cac85-4421-4e94-bbda-f51a14aabd46
1286626,Unknown,,Unknown,,"Saxifraga texana",0,,,,,,,,urn:uuid:fa24bcd3-10dd-4f33-88cf-5142f85ffcea
1286627,Unknown,,Unknown,,"Saxifraga texana",0,,,,,,,,urn:uuid:f884ad29-9e7c-45b9-b1d3-140c879dc748
1296844,Unknown,,Unknown,,"Saxifraga texana",0,,,,,,,,urn:uuid:d81d45bc-0175-471b-b969-38afb9af22d4
1377066,Unknown,,Unknown,,"Saxifraga texana",0,,,,,,,,urn:uuid:eb1f33b7-9c15-4b1c-8bb3-02dd71640750
1396305,Unknown,,Unknown,,"Saxifraga texana",0,,,,,,,,urn:uuid:8d77ca24-d019-4d2a-b9e1-cbb96afa6a8e
