coreid,identifier,accessURI,thumbnailAccessURI,goodQualityAccessURI,rights,Owner,UsageTerms,WebStatement,caption,comments,providerManagedID,MetadataDate,associatedSpecimenReference,type,subtype,format,metadataLanguage
1196482,https://prc-symbiota.tacc.utexas.edu:443/symbiota/prc/images/_TEX/TEX00283404_lg.jpg,https://prc-symbiota.tacc.utexas.edu:443/symbiota/prc/images/_TEX/TEX00283404_lg.jpg,https://prc-symbiota.tacc.utexas.edu:443/symbiota/prc/images/_TEX/TEX00283404_tn.jpg,https://prc-symbiota.tacc.utexas.edu:443/symbiota/prc/images/_TEX/TEX00283404.jpg,,"University of Texas Herbarium (PRC-TEX)","CC0 1.0 (Public-domain)",http://creativecommons.org/publicdomain/zero/1.0/,,,urn:uuid:81945d4b-f16a-4cd2-8fbe-31ab250b62e7,"2015-08-20 03:41:39",https://prc-symbiota.tacc.utexas.edu:443/collections/individual/index.php?occid=1196482,StillImage,Photograph,image/jpeg,en
1196483,https://prc-symbiota.tacc.utexas.edu:443/symbiota/prc/images/_TEX/TEX00283405_lg.jpg,https://prc-symbiota.tacc.utexas.edu:443/symbiota/prc/images/_TEX/TEX00283405_lg.jpg,https://prc-symbiota.tacc.utexas.edu:443/symbiota/prc/images/_TEX/TEX00283405_tn.jpg,https://prc-symbiota.tacc.utexas.edu:443/symbiota/prc/images/_TEX/TEX00283405.jpg,,"University of Texas Herbarium (PRC-TEX)","CC0 1.0 (Public-domain)",http://creativecommons.org/publicdomain/zero/1.0/,,,urn:uuid:83a3173f-78c3-4ee6-b289-7304d10df51d,"2015-08-26 13:23:09",https://prc-symbiota.tacc.utexas.edu:443/collections/individual/index.php?occid=1196483,StillImage,Photograph,image/jpeg,en
1196484,https://prc-symbiota.tacc.utexas.edu:443/symbiota/prc/images/_TEX/TEX00283406_lg.jpg,https://prc-symbiota.tacc.utexas.edu:443/symbiota/prc/images/_TEX/TEX00283406_lg.jpg,https://prc-symbiota.tacc.utexas.edu:443/symbiota/prc/images/_TEX/TEX00283406_tn.jpg,https://prc-symbiota.tacc.utexas.edu:443/symbiota/prc/images/_TEX/TEX00283406.jpg,,"University of Texas Herbarium (PRC-TEX)","CC0 1.0 (Public-domain)",http://creativecommons.org/publicdomain/zero/1.0/,,,urn:uuid:fcdfd4e5-4767-45eb-8d1a-bfafc9f9520e,"2015-08-21 00:20:55",https://prc-symbiota.tacc.utexas.edu:443/collections/individual/index.php?occid=1196484,StillImage,Photograph,image/jpeg,en
1196494,https://prc-symbiota.tacc.utexas.edu:443/symbiota/prc/images/_TEX/TEX00283427_lg.jpg,https://prc-symbiota.tacc.utexas.edu:443/symbiota/prc/images/_TEX/TEX00283427_lg.jpg,https://prc-symbiota.tacc.utexas.edu:443/symbiota/prc/images/_TEX/TEX00283427_tn.jpg,https://prc-symbiota.tacc.utexas.edu:443/symbiota/prc/images/_TEX/TEX00283427.jpg,,"University of Texas Herbarium (PRC-TEX)","CC0 1.0 (Public-domain)",http://creativecommons.org/publicdomain/zero/1.0/,,,urn:uuid:98d3f3a5-a6eb-4b48-b611-560b4e95eb44,"2015-08-22 14:31:41",https://prc-symbiota.tacc.utexas.edu:443/collections/individual/index.php?occid=1196494,StillImage,Photograph,image/jpeg,en
1196495,https://prc-symbiota.tacc.utexas.edu:443/symbiota/prc/images/_TEX/TEX00283428_lg.jpg,https://prc-symbiota.tacc.utexas.edu:443/symbiota/prc/images/_TEX/TEX00283428_lg.jpg,https://prc-symbiota.tacc.utexas.edu:443/symbiota/prc/images/_TEX/TEX00283428_tn.jpg,https://prc-symbiota.tacc.utexas.edu:443/symbiota/prc/images/_TEX/TEX00283428.jpg,,"University of Texas Herbarium (PRC-TEX)","CC0 1.0 (Public-domain)",http://creativecommons.org/publicdomain/zero/1.0/,,,urn:uuid:c8b2d622-cc41-4a08-841f-f4f9d03a4ac1,"2015-08-21 07:41:43",https://prc-symbiota.tacc.utexas.edu:443/collections/individual/index.php?occid=1196495,StillImage,Photograph,image/jpeg,en
1196496,https://prc-symbiota.tacc.utexas.edu:443/symbiota/prc/images/_TEX/TEX00283429_lg.jpg,https://prc-symbiota.tacc.utexas.edu:443/symbiota/prc/images/_TEX/TEX00283429_lg.jpg,https://prc-symbiota.tacc.utexas.edu:443/symbiota/prc/images/_TEX/TEX00283429_tn.jpg,https://prc-symbiota.tacc.utexas.edu:443/symbiota/prc/images/_TEX/TEX00283429.jpg,,"University of Texas Herbarium (PRC-TEX)","CC0 1.0 (Public-domain)",http://creativecommons.org/publicdomain/zero/1.0/,,,urn:uuid:d687230c-1f96-4654-a2dd-c47d11a8661c,"2015-08-20 02:31:46",https://prc-symbiota.tacc.utexas.edu:443/collections/individual/index.php?occid=1196496,StillImage,Photograph,image/jpeg,en
1196497,https://prc-symbiota.tacc.utexas.edu:443/symbiota/prc/images/_TEX/TEX00283430_lg.jpg,https://prc-symbiota.tacc.utexas.edu:443/symbiota/prc/images/_TEX/TEX00283430_lg.jpg,https://prc-symbiota.tacc.utexas.edu:443/symbiota/prc/images/_TEX/TEX00283430_tn.jpg,https://prc-symbiota.tacc.utexas.edu:443/symbiota/prc/images/_TEX/TEX00283430.jpg,,"University of Texas Herbarium (PRC-TEX)","CC0 1.0 (Public-domain)",http://creativecommons.org/publicdomain/zero/1.0/,,,urn:uuid:afb6f861-69ee-4eb7-a878-5d9512668e12,"2015-08-23 02:37:23",https://prc-symbiota.tacc.utexas.edu:443/collections/individual/index.php?occid=1196497,StillImage,Photograph,image/jpeg,en
1196498,https://prc-symbiota.tacc.utexas.edu:443/symbiota/prc/images/_TEX/TEX00283431_lg.jpg,https://prc-symbiota.tacc.utexas.edu:443/symbiota/prc/images/_TEX/TEX00283431_lg.jpg,https://prc-symbiota.tacc.utexas.edu:443/symbiota/prc/images/_TEX/TEX00283431_tn.jpg,https://prc-symbiota.tacc.utexas.edu:443/symbiota/prc/images/_TEX/TEX00283431.jpg,,"University of Texas Herbarium (PRC-TEX)","CC0 1.0 (Public-domain)",http://creativecommons.org/publicdomain/zero/1.0/,,,urn:uuid:74d5c2bf-f82f-4601-a76f-9b9f5fb7a122,"2015-08-21 02:10:20",https://prc-symbiota.tacc.utexas.edu:443/collections/individual/index.php?occid=1196498,StillImage,Photograph,image/jpeg,en
1196499,https://prc-symbiota.tacc.utexas.edu:443/symbiota/prc/images/_TEX/TEX00283432_lg.jpg,https://prc-symbiota.tacc.utexas.edu:443/symbiota/prc/images/_TEX/TEX00283432_lg.jpg,https://prc-symbiota.tacc.utexas.edu:443/symbiota/prc/images/_TEX/TEX00283432_tn.jpg,https://prc-symbiota.tacc.utexas.edu:443/symbiota/prc/images/_TEX/TEX00283432.jpg,,"University of Texas Herbarium (PRC-TEX)","CC0 1.0 (Public-domain)",http://creativecommons.org/publicdomain/zero/1.0/,,,urn:uuid:14eb3aa6-19be-4695-9e74-4d0d0004235e,"2015-08-20 06:52:12",https://prc-symbiota.tacc.utexas.edu:443/collections/individual/index.php?occid=1196499,StillImage,Photograph,image/jpeg,en
1196500,https://prc-symbiota.tacc.utexas.edu:443/symbiota/prc/images/_TEX/TEX00283433_lg.jpg,https://prc-symbiota.tacc.utexas.edu:443/symbiota/prc/images/_TEX/TEX00283433_lg.jpg,https://prc-symbiota.tacc.utexas.edu:443/symbiota/prc/images/_TEX/TEX00283433_tn.jpg,https://prc-symbiota.tacc.utexas.edu:443/symbiota/prc/images/_TEX/TEX00283433.jpg,,"University of Texas Herbarium (PRC-TEX)","CC0 1.0 (Public-domain)",http://creativecommons.org/publicdomain/zero/1.0/,,,urn:uuid:cef4b942-ed15-4a1e-ac29-a8cc95a272bf,"2015-08-21 16:40:04",https://prc-symbiota.tacc.utexas.edu:443/collections/individual/index.php?occid=1196500,StillImage,Photograph,image/jpeg,en
1196501,https://prc-symbiota.tacc.utexas.edu:443/symbiota/prc/images/_TEX/TEX00283434_lg.jpg,https://prc-symbiota.tacc.utexas.edu:443/symbiota/prc/images/_TEX/TEX00283434_lg.jpg,https://prc-symbiota.tacc.utexas.edu:443/symbiota/prc/images/_TEX/TEX00283434_tn.jpg,https://prc-symbiota.tacc.utexas.edu:443/symbiota/prc/images/_TEX/TEX00283434.jpg,,"University of Texas Herbarium (PRC-TEX)","CC0 1.0 (Public-domain)",http://creativecommons.org/publicdomain/zero/1.0/,,,urn:uuid:757354be-4267-410e-9e35-7e50cd270323,"2015-08-23 17:48:18",https://prc-symbiota.tacc.utexas.edu:443/collections/individual/index.php?occid=1196501,StillImage,Photograph,image/jpeg,en
1196502,https://prc-symbiota.tacc.utexas.edu:443/symbiota/prc/images/_TEX/TEX00283435_lg.jpg,https://prc-symbiota.tacc.utexas.edu:443/symbiota/prc/images/_TEX/TEX00283435_lg.jpg,https://prc-symbiota.tacc.utexas.edu:443/symbiota/prc/images/_TEX/TEX00283435_tn.jpg,https://prc-symbiota.tacc.utexas.edu:443/symbiota/prc/images/_TEX/TEX00283435.jpg,,"University of Texas Herbarium (PRC-TEX)","CC0 1.0 (Public-domain)",http://creativecommons.org/publicdomain/zero/1.0/,,,urn:uuid:c69e8e07-8e91-4fdf-9462-786791f5f13b,"2015-08-20 20:33:50",https://prc-symbiota.tacc.utexas.edu:443/collections/individual/index.php?occid=1196502,StillImage,Photograph,image/jpeg,en
1196503,https://prc-symbiota.tacc.utexas.edu:443/symbiota/prc/images/_TEX/TEX00283436_lg.jpg,https://prc-symbiota.tacc.utexas.edu:443/symbiota/prc/images/_TEX/TEX00283436_lg.jpg,https://prc-symbiota.tacc.utexas.edu:443/symbiota/prc/images/_TEX/TEX00283436_tn.jpg,https://prc-symbiota.tacc.utexas.edu:443/symbiota/prc/images/_TEX/TEX00283436.jpg,,"University of Texas Herbarium (PRC-TEX)","CC0 1.0 (Public-domain)",http://creativecommons.org/publicdomain/zero/1.0/,,,urn:uuid:b71abceb-fc09-408d-948d-54caef042547,"2015-08-22 15:45:31",https://prc-symbiota.tacc.utexas.edu:443/collections/individual/index.php?occid=1196503,StillImage,Photograph,image/jpeg,en
1196504,https://prc-symbiota.tacc.utexas.edu:443/symbiota/prc/images/_TEX/TEX00283437_lg.jpg,https://prc-symbiota.tacc.utexas.edu:443/symbiota/prc/images/_TEX/TEX00283437_lg.jpg,https://prc-symbiota.tacc.utexas.edu:443/symbiota/prc/images/_TEX/TEX00283437_tn.jpg,https://prc-symbiota.tacc.utexas.edu:443/symbiota/prc/images/_TEX/TEX00283437.jpg,,"University of Texas Herbarium (PRC-TEX)","CC0 1.0 (Public-domain)",http://creativecommons.org/publicdomain/zero/1.0/,,,urn:uuid:d5dd7284-a8ff-4e4d-bd62-ba35bd045e14,"2015-08-24 03:20:19",https://prc-symbiota.tacc.utexas.edu:443/collections/individual/index.php?occid=1196504,StillImage,Photograph,image/jpeg,en
1196505,https://prc-symbiota.tacc.utexas.edu:443/symbiota/prc/images/_TEX/TEX00283438_lg.jpg,https://prc-symbiota.tacc.utexas.edu:443/symbiota/prc/images/_TEX/TEX00283438_lg.jpg,https://prc-symbiota.tacc.utexas.edu:443/symbiota/prc/images/_TEX/TEX00283438_tn.jpg,https://prc-symbiota.tacc.utexas.edu:443/symbiota/prc/images/_TEX/TEX00283438.jpg,,"University of Texas Herbarium (PRC-TEX)","CC0 1.0 (Public-domain)",http://creativecommons.org/publicdomain/zero/1.0/,,,urn:uuid:05ca04f4-03e3-441b-bc54-d12f1f11d526,"2015-08-26 14:07:05",https://prc-symbiota.tacc.utexas.edu:443/collections/individual/index.php?occid=1196505,StillImage,Photograph,image/jpeg,en
1196506,https://prc-symbiota.tacc.utexas.edu:443/symbiota/prc/images/_TEX/TEX00283439_lg.jpg,https://prc-symbiota.tacc.utexas.edu:443/symbiota/prc/images/_TEX/TEX00283439_lg.jpg,https://prc-symbiota.tacc.utexas.edu:443/symbiota/prc/images/_TEX/TEX00283439_tn.jpg,https://prc-symbiota.tacc.utexas.edu:443/symbiota/prc/images/_TEX/TEX00283439.jpg,,"University of Texas Herbarium (PRC-TEX)","CC0 1.0 (Public-domain)",http://creativecommons.org/publicdomain/zero/1.0/,,,urn:uuid:51e62124-cd7e-4f7a-8998-e04ffe064551,"2015-08-20 11:14:23",https://prc-symbiota.tacc.utexas.edu:443/collections/individual/index.php?occid=1196506,StillImage,Photograph,image/jpeg,en
1196507,https://prc-symbiota.tacc.utexas.edu:443/symbiota/prc/images/_TEX/TEX00283440_lg.jpg,https://prc-symbiota.tacc.utexas.edu:443/symbiota/prc/images/_TEX/TEX00283440_lg.jpg,https://prc-symbiota.tacc.utexas.edu:443/symbiota/prc/images/_TEX/TEX00283440_tn.jpg,https://prc-symbiota.tacc.utexas.edu:443/symbiota/prc/images/_TEX/TEX00283440.jpg,,"University of Texas Herbarium (PRC-TEX)","CC0 1.0 (Public-domain)",http://creativecommons.org/publicdomain/zero/1.0/,,,urn:uuid:482f62a7-f7bc-44c7-80d1-c9c5a90265ba,"2015-08-23 14:49:43",https://prc-symbiota.tacc.utexas.edu:443/collections/individual/index.php?occid=1196507,StillImage,Photograph,image/jpeg,en
1196508,https://prc-symbiota.tacc.utexas.edu:443/symbiota/prc/images/_TEX/TEX00283441_lg.jpg,https://prc-symbiota.tacc.utexas.edu:443/symbiota/prc/images/_TEX/TEX00283441_lg.jpg,https://prc-symbiota.tacc.utexas.edu:443/symbiota/prc/images/_TEX/TEX00283441_tn.jpg,https://prc-symbiota.tacc.utexas.edu:443/symbiota/prc/images/_TEX/TEX00283441.jpg,,"University of Texas Herbarium (PRC-TEX)","CC0 1.0 (Public-domain)",http://creativecommons.org/publicdomain/zero/1.0/,,,urn:uuid:f5b411cb-8d66-4cf8-9c48-dab1031ed1d8,"2015-08-19 23:16:25",https://prc-symbiota.tacc.utexas.edu:443/collections/individual/index.php?occid=1196508,StillImage,Photograph,image/jpeg,en
1196509,https://prc-symbiota.tacc.utexas.edu:443/symbiota/prc/images/_TEX/TEX00283442_lg.jpg,https://prc-symbiota.tacc.utexas.edu:443/symbiota/prc/images/_TEX/TEX00283442_lg.jpg,https://prc-symbiota.tacc.utexas.edu:443/symbiota/prc/images/_TEX/TEX00283442_tn.jpg,https://prc-symbiota.tacc.utexas.edu:443/symbiota/prc/images/_TEX/TEX00283442.jpg,,"University of Texas Herbarium (PRC-TEX)","CC0 1.0 (Public-domain)",http://creativecommons.org/publicdomain/zero/1.0/,,,urn:uuid:659f008e-c18f-49e7-988c-582edee19bcf,"2015-08-26 03:26:59",https://prc-symbiota.tacc.utexas.edu:443/collections/individual/index.php?occid=1196509,StillImage,Photograph,image/jpeg,en
1196510,https://prc-symbiota.tacc.utexas.edu:443/symbiota/prc/images/_TEX/TEX00283443_lg.jpg,https://prc-symbiota.tacc.utexas.edu:443/symbiota/prc/images/_TEX/TEX00283443_lg.jpg,https://prc-symbiota.tacc.utexas.edu:443/symbiota/prc/images/_TEX/TEX00283443_tn.jpg,https://prc-symbiota.tacc.utexas.edu:443/symbiota/prc/images/_TEX/TEX00283443.jpg,,"University of Texas Herbarium (PRC-TEX)","CC0 1.0 (Public-domain)",http://creativecommons.org/publicdomain/zero/1.0/,,,urn:uuid:6af55770-a8a7-40a0-ab81-b82de26d2ae6,"2015-08-22 15:50:49",https://prc-symbiota.tacc.utexas.edu:443/collections/individual/index.php?occid=1196510,StillImage,Photograph,image/jpeg,en
1196511,https://prc-symbiota.tacc.utexas.edu:443/symbiota/prc/images/_TEX/TEX00283445_lg.jpg,https://prc-symbiota.tacc.utexas.edu:443/symbiota/prc/images/_TEX/TEX00283445_lg.jpg,https://prc-symbiota.tacc.utexas.edu:443/symbiota/prc/images/_TEX/TEX00283445_tn.jpg,https://prc-symbiota.tacc.utexas.edu:443/symbiota/prc/images/_TEX/TEX00283445.jpg,,"University of Texas Herbarium (PRC-TEX)","CC0 1.0 (Public-domain)",http://creativecommons.org/publicdomain/zero/1.0/,,,urn:uuid:f022e04f-0076-48c8-8b56-65b02a67a041,"2015-08-20 08:08:07",https://prc-symbiota.tacc.utexas.edu:443/collections/individual/index.php?occid=1196511,StillImage,Photograph,image/jpeg,en
1196512,https://prc-symbiota.tacc.utexas.edu:443/symbiota/prc/images/_TEX/TEX00283446_lg.jpg,https://prc-symbiota.tacc.utexas.edu:443/symbiota/prc/images/_TEX/TEX00283446_lg.jpg,https://prc-symbiota.tacc.utexas.edu:443/symbiota/prc/images/_TEX/TEX00283446_tn.jpg,https://prc-symbiota.tacc.utexas.edu:443/symbiota/prc/images/_TEX/TEX00283446.jpg,,"University of Texas Herbarium (PRC-TEX)","CC0 1.0 (Public-domain)",http://creativecommons.org/publicdomain/zero/1.0/,,,urn:uuid:393471fc-edf0-4b65-bde4-5e7c4d7517f2,"2015-08-23 01:29:11",https://prc-symbiota.tacc.utexas.edu:443/collections/individual/index.php?occid=1196512,StillImage,Photograph,image/jpeg,en
1196538,https://prc-symbiota.tacc.utexas.edu:443/symbiota/prc/images/_TEX/TEX00283487_lg.jpg,https://prc-symbiota.tacc.utexas.edu:443/symbiota/prc/images/_TEX/TEX00283487_lg.jpg,https://prc-symbiota.tacc.utexas.edu:443/symbiota/prc/images/_TEX/TEX00283487_tn.jpg,https://prc-symbiota.tacc.utexas.edu:443/symbiota/prc/images/_TEX/TEX00283487.jpg,,"University of Texas Herbarium (PRC-TEX)","CC0 1.0 (Public-domain)",http://creativecommons.org/publicdomain/zero/1.0/,,,urn:uuid:ca22022a-9ca4-4ba8-87f7-8681a38eba71,"2015-08-23 05:44:21",https://prc-symbiota.tacc.utexas.edu:443/collections/individual/index.php?occid=1196538,StillImage,Photograph,image/jpeg,en
1196539,https://prc-symbiota.tacc.utexas.edu:443/symbiota/prc/images/_TEX/TEX00283488_lg.jpg,https://prc-symbiota.tacc.utexas.edu:443/symbiota/prc/images/_TEX/TEX00283488_lg.jpg,https://prc-symbiota.tacc.utexas.edu:443/symbiota/prc/images/_TEX/TEX00283488_tn.jpg,https://prc-symbiota.tacc.utexas.edu:443/symbiota/prc/images/_TEX/TEX00283488.jpg,,"University of Texas Herbarium (PRC-TEX)","CC0 1.0 (Public-domain)",http://creativecommons.org/publicdomain/zero/1.0/,,,urn:uuid:607eb67f-38c6-42a2-b0c1-7f938361876d,"2015-08-23 10:26:55",https://prc-symbiota.tacc.utexas.edu:443/collections/individual/index.php?occid=1196539,StillImage,Photograph,image/jpeg,en
1196540,https://prc-symbiota.tacc.utexas.edu:443/symbiota/prc/images/_TEX/TEX00283489_lg.jpg,https://prc-symbiota.tacc.utexas.edu:443/symbiota/prc/images/_TEX/TEX00283489_lg.jpg,https://prc-symbiota.tacc.utexas.edu:443/symbiota/prc/images/_TEX/TEX00283489_tn.jpg,https://prc-symbiota.tacc.utexas.edu:443/symbiota/prc/images/_TEX/TEX00283489.jpg,,"University of Texas Herbarium (PRC-TEX)","CC0 1.0 (Public-domain)",http://creativecommons.org/publicdomain/zero/1.0/,,,urn:uuid:7adfd446-f3c2-4596-b1e6-9edfa570a252,"2015-08-25 18:35:14",https://prc-symbiota.tacc.utexas.edu:443/collections/individual/index.php?occid=1196540,StillImage,Photograph,image/jpeg,en
1196541,https://prc-symbiota.tacc.utexas.edu:443/symbiota/prc/images/_TEX/TEX00283490_lg.jpg,https://prc-symbiota.tacc.utexas.edu:443/symbiota/prc/images/_TEX/TEX00283490_lg.jpg,https://prc-symbiota.tacc.utexas.edu:443/symbiota/prc/images/_TEX/TEX00283490_tn.jpg,https://prc-symbiota.tacc.utexas.edu:443/symbiota/prc/images/_TEX/TEX00283490.jpg,,"University of Texas Herbarium (PRC-TEX)","CC0 1.0 (Public-domain)",http://creativecommons.org/publicdomain/zero/1.0/,,,urn:uuid:38714f65-6a42-44df-89c1-c41ae05b272f,"2015-08-23 22:18:01",https://prc-symbiota.tacc.utexas.edu:443/collections/individual/index.php?occid=1196541,StillImage,Photograph,image/jpeg,en
1196542,https://prc-symbiota.tacc.utexas.edu:443/symbiota/prc/images/_TEX/TEX00283491_lg.jpg,https://prc-symbiota.tacc.utexas.edu:443/symbiota/prc/images/_TEX/TEX00283491_lg.jpg,https://prc-symbiota.tacc.utexas.edu:443/symbiota/prc/images/_TEX/TEX00283491_tn.jpg,https://prc-symbiota.tacc.utexas.edu:443/symbiota/prc/images/_TEX/TEX00283491.jpg,,"University of Texas Herbarium (PRC-TEX)","CC0 1.0 (Public-domain)",http://creativecommons.org/publicdomain/zero/1.0/,,,urn:uuid:e01d982c-10cb-4034-ba8c-e78675dea5e1,"2015-08-20 23:09:27",https://prc-symbiota.tacc.utexas.edu:443/collections/individual/index.php?occid=1196542,StillImage,Photograph,image/jpeg,en
1196543,https://prc-symbiota.tacc.utexas.edu:443/symbiota/prc/images/_TEX/TEX00283492_lg.jpg,https://prc-symbiota.tacc.utexas.edu:443/symbiota/prc/images/_TEX/TEX00283492_lg.jpg,https://prc-symbiota.tacc.utexas.edu:443/symbiota/prc/images/_TEX/TEX00283492_tn.jpg,https://prc-symbiota.tacc.utexas.edu:443/symbiota/prc/images/_TEX/TEX00283492.jpg,,"University of Texas Herbarium (PRC-TEX)","CC0 1.0 (Public-domain)",http://creativecommons.org/publicdomain/zero/1.0/,,,urn:uuid:956f0d93-57ec-40fd-9bb9-7c071606034f,"2015-08-26 14:07:11",https://prc-symbiota.tacc.utexas.edu:443/collections/individual/index.php?occid=1196543,StillImage,Photograph,image/jpeg,en
1196544,https://prc-symbiota.tacc.utexas.edu:443/symbiota/prc/images/_TEX/TEX00283493_lg.jpg,https://prc-symbiota.tacc.utexas.edu:443/symbiota/prc/images/_TEX/TEX00283493_lg.jpg,https://prc-symbiota.tacc.utexas.edu:443/symbiota/prc/images/_TEX/TEX00283493_tn.jpg,https://prc-symbiota.tacc.utexas.edu:443/symbiota/prc/images/_TEX/TEX00283493.jpg,,"University of Texas Herbarium (PRC-TEX)","CC0 1.0 (Public-domain)",http://creativecommons.org/publicdomain/zero/1.0/,,,urn:uuid:16f3e492-dbfb-4849-a2e2-90f4a98dda87,"2015-08-25 13:40:12",https://prc-symbiota.tacc.utexas.edu:443/collections/individual/index.php?occid=1196544,StillImage,Photograph,image/jpeg,en
1196545,https://prc-symbiota.tacc.utexas.edu:443/symbiota/prc/images/_TEX/TEX00283494_lg.jpg,https://prc-symbiota.tacc.utexas.edu:443/symbiota/prc/images/_TEX/TEX00283494_lg.jpg,https://prc-symbiota.tacc.utexas.edu:443/symbiota/prc/images/_TEX/TEX00283494_tn.jpg,https://prc-symbiota.tacc.utexas.edu:443/symbiota/prc/images/_TEX/TEX00283494.jpg,,"University of Texas Herbarium (PRC-TEX)","CC0 1.0 (Public-domain)",http://creativecommons.org/publicdomain/zero/1.0/,,,urn:uuid:b6a807fe-1195-4260-9a9d-5dcb971b1297,"2015-08-24 05:06:12",https://prc-symbiota.tacc.utexas.edu:443/collections/individual/index.php?occid=1196545,StillImage,Photograph,image/jpeg,en
1196546,https://prc-symbiota.tacc.utexas.edu:443/symbiota/prc/images/_TEX/TEX00283496_lg.jpg,https://prc-symbiota.tacc.utexas.edu:443/symbiota/prc/images/_TEX/TEX00283496_lg.jpg,https://prc-symbiota.tacc.utexas.edu:443/symbiota/prc/images/_TEX/TEX00283496_tn.jpg,https://prc-symbiota.tacc.utexas.edu:443/symbiota/prc/images/_TEX/TEX00283496.jpg,,"University of Texas Herbarium (PRC-TEX)","CC0 1.0 (Public-domain)",http://creativecommons.org/publicdomain/zero/1.0/,,,urn:uuid:22814bd1-2726-4745-b0d3-4f253fb6a5bd,"2015-08-24 21:10:03",https://prc-symbiota.tacc.utexas.edu:443/collections/individual/index.php?occid=1196546,StillImage,Photograph,image/jpeg,en
1242436,https://prc-symbiota.tacc.utexas.edu:443/symbiota/prc/images/_TEX/TEX00352858_lg.jpg,https://prc-symbiota.tacc.utexas.edu:443/symbiota/prc/images/_TEX/TEX00352858_lg.jpg,https://prc-symbiota.tacc.utexas.edu:443/symbiota/prc/images/_TEX/TEX00352858_tn.jpg,https://prc-symbiota.tacc.utexas.edu:443/symbiota/prc/images/_TEX/TEX00352858.jpg,,"University of Texas Herbarium (PRC-TEX)","CC0 1.0 (Public-domain)",http://creativecommons.org/publicdomain/zero/1.0/,,,urn:uuid:9094001c-7876-41b7-bffe-290ca7c4fa54,"2015-08-20 19:18:50",https://prc-symbiota.tacc.utexas.edu:443/collections/individual/index.php?occid=1242436,StillImage,Photograph,image/jpeg,en
1242437,https://prc-symbiota.tacc.utexas.edu:443/symbiota/prc/images/_TEX/TEX00352859_lg.jpg,https://prc-symbiota.tacc.utexas.edu:443/symbiota/prc/images/_TEX/TEX00352859_lg.jpg,https://prc-symbiota.tacc.utexas.edu:443/symbiota/prc/images/_TEX/TEX00352859_tn.jpg,https://prc-symbiota.tacc.utexas.edu:443/symbiota/prc/images/_TEX/TEX00352859.jpg,,"University of Texas Herbarium (PRC-TEX)","CC0 1.0 (Public-domain)",http://creativecommons.org/publicdomain/zero/1.0/,,,urn:uuid:801157ea-5b49-4240-9c67-d987e072a433,"2015-08-26 22:14:41",https://prc-symbiota.tacc.utexas.edu:443/collections/individual/index.php?occid=1242437,StillImage,Photograph,image/jpeg,en
1242438,https://prc-symbiota.tacc.utexas.edu:443/symbiota/prc/images/_TEX/TEX00352860_lg.jpg,https://prc-symbiota.tacc.utexas.edu:443/symbiota/prc/images/_TEX/TEX00352860_lg.jpg,https://prc-symbiota.tacc.utexas.edu:443/symbiota/prc/images/_TEX/TEX00352860_tn.jpg,https://prc-symbiota.tacc.utexas.edu:443/symbiota/prc/images/_TEX/TEX00352860.jpg,,"University of Texas Herbarium (PRC-TEX)","CC0 1.0 (Public-domain)",http://creativecommons.org/publicdomain/zero/1.0/,,,urn:uuid:b7d23de9-ff92-4ea4-810e-fea151cde0e8,"2015-08-26 22:14:47",https://prc-symbiota.tacc.utexas.edu:443/collections/individual/index.php?occid=1242438,StillImage,Photograph,image/jpeg,en
1242439,https://prc-symbiota.tacc.utexas.edu:443/symbiota/prc/images/_TEX/TEX00352861_lg.jpg,https://prc-symbiota.tacc.utexas.edu:443/symbiota/prc/images/_TEX/TEX00352861_lg.jpg,https://prc-symbiota.tacc.utexas.edu:443/symbiota/prc/images/_TEX/TEX00352861_tn.jpg,https://prc-symbiota.tacc.utexas.edu:443/symbiota/prc/images/_TEX/TEX00352861.jpg,,"University of Texas Herbarium (PRC-TEX)","CC0 1.0 (Public-domain)",http://creativecommons.org/publicdomain/zero/1.0/,,,urn:uuid:3bc85e2a-8f11-45d2-9bc4-ae2b5442829c,"2015-08-23 09:08:46",https://prc-symbiota.tacc.utexas.edu:443/collections/individual/index.php?occid=1242439,StillImage,Photograph,image/jpeg,en
1242440,https://prc-symbiota.tacc.utexas.edu:443/symbiota/prc/images/_TEX/TEX00352862_lg.jpg,https://prc-symbiota.tacc.utexas.edu:443/symbiota/prc/images/_TEX/TEX00352862_lg.jpg,https://prc-symbiota.tacc.utexas.edu:443/symbiota/prc/images/_TEX/TEX00352862_tn.jpg,https://prc-symbiota.tacc.utexas.edu:443/symbiota/prc/images/_TEX/TEX00352862.jpg,,"University of Texas Herbarium (PRC-TEX)","CC0 1.0 (Public-domain)",http://creativecommons.org/publicdomain/zero/1.0/,,,urn:uuid:fcec0b85-94d6-490a-aa4d-f33ff4c4a8bc,"2015-08-26 06:32:17",https://prc-symbiota.tacc.utexas.edu:443/collections/individual/index.php?occid=1242440,StillImage,Photograph,image/jpeg,en
1242441,https://prc-symbiota.tacc.utexas.edu:443/symbiota/prc/images/_TEX/TEX00352863_lg.jpg,https://prc-symbiota.tacc.utexas.edu:443/symbiota/prc/images/_TEX/TEX00352863_lg.jpg,https://prc-symbiota.tacc.utexas.edu:443/symbiota/prc/images/_TEX/TEX00352863_tn.jpg,https://prc-symbiota.tacc.utexas.edu:443/symbiota/prc/images/_TEX/TEX00352863.jpg,,"University of Texas Herbarium (PRC-TEX)","CC0 1.0 (Public-domain)",http://creativecommons.org/publicdomain/zero/1.0/,,,urn:uuid:df285cb2-0f80-4184-b555-03bae23bf617,"2015-08-20 16:48:19",https://prc-symbiota.tacc.utexas.edu:443/collections/individual/index.php?occid=1242441,StillImage,Photograph,image/jpeg,en
1242442,https://prc-symbiota.tacc.utexas.edu:443/symbiota/prc/images/_TEX/TEX00352865_lg.jpg,https://prc-symbiota.tacc.utexas.edu:443/symbiota/prc/images/_TEX/TEX00352865_lg.jpg,https://prc-symbiota.tacc.utexas.edu:443/symbiota/prc/images/_TEX/TEX00352865_tn.jpg,https://prc-symbiota.tacc.utexas.edu:443/symbiota/prc/images/_TEX/TEX00352865.jpg,,"University of Texas Herbarium (PRC-TEX)","CC0 1.0 (Public-domain)",http://creativecommons.org/publicdomain/zero/1.0/,,,urn:uuid:70b66507-d7d7-45c5-8fda-340dc43caa7e,"2015-08-23 17:11:56",https://prc-symbiota.tacc.utexas.edu:443/collections/individual/index.php?occid=1242442,StillImage,Photograph,image/jpeg,en
1242443,https://prc-symbiota.tacc.utexas.edu:443/symbiota/prc/images/_TEX/TEX00352866_lg.jpg,https://prc-symbiota.tacc.utexas.edu:443/symbiota/prc/images/_TEX/TEX00352866_lg.jpg,https://prc-symbiota.tacc.utexas.edu:443/symbiota/prc/images/_TEX/TEX00352866_tn.jpg,https://prc-symbiota.tacc.utexas.edu:443/symbiota/prc/images/_TEX/TEX00352866.jpg,,"University of Texas Herbarium (PRC-TEX)","CC0 1.0 (Public-domain)",http://creativecommons.org/publicdomain/zero/1.0/,,,urn:uuid:9f7b7508-ebe8-4366-8929-a2d95ca58e75,"2015-08-20 21:16:45",https://prc-symbiota.tacc.utexas.edu:443/collections/individual/index.php?occid=1242443,StillImage,Photograph,image/jpeg,en
1242444,https://prc-symbiota.tacc.utexas.edu:443/symbiota/prc/images/_TEX/TEX00352868_lg.jpg,https://prc-symbiota.tacc.utexas.edu:443/symbiota/prc/images/_TEX/TEX00352868_lg.jpg,https://prc-symbiota.tacc.utexas.edu:443/symbiota/prc/images/_TEX/TEX00352868_tn.jpg,https://prc-symbiota.tacc.utexas.edu:443/symbiota/prc/images/_TEX/TEX00352868.jpg,,"University of Texas Herbarium (PRC-TEX)","CC0 1.0 (Public-domain)",http://creativecommons.org/publicdomain/zero/1.0/,,,urn:uuid:49470b62-458b-415f-af88-e690c4fcd963,"2015-08-19 17:45:59",https://prc-symbiota.tacc.utexas.edu:443/collections/individual/index.php?occid=1242444,StillImage,Photograph,image/jpeg,en
1242445,https://prc-symbiota.tacc.utexas.edu:443/symbiota/prc/images/_TEX/TEX00352869_lg.jpg,https://prc-symbiota.tacc.utexas.edu:443/symbiota/prc/images/_TEX/TEX00352869_lg.jpg,https://prc-symbiota.tacc.utexas.edu:443/symbiota/prc/images/_TEX/TEX00352869_tn.jpg,https://prc-symbiota.tacc.utexas.edu:443/symbiota/prc/images/_TEX/TEX00352869.jpg,,"University of Texas Herbarium (PRC-TEX)","CC0 1.0 (Public-domain)",http://creativecommons.org/publicdomain/zero/1.0/,,,urn:uuid:31135a57-652b-486a-ba97-9d708fe95fa0,"2015-08-25 08:37:00",https://prc-symbiota.tacc.utexas.edu:443/collections/individual/index.php?occid=1242445,StillImage,Photograph,image/jpeg,en
1242446,https://prc-symbiota.tacc.utexas.edu:443/symbiota/prc/images/_TEX/TEX00352870_lg.jpg,https://prc-symbiota.tacc.utexas.edu:443/symbiota/prc/images/_TEX/TEX00352870_lg.jpg,https://prc-symbiota.tacc.utexas.edu:443/symbiota/prc/images/_TEX/TEX00352870_tn.jpg,https://prc-symbiota.tacc.utexas.edu:443/symbiota/prc/images/_TEX/TEX00352870.jpg,,"University of Texas Herbarium (PRC-TEX)","CC0 1.0 (Public-domain)",http://creativecommons.org/publicdomain/zero/1.0/,,,urn:uuid:3f00c370-4b54-4e44-a87b-d110c2a7d4c5,"2015-08-26 02:18:05",https://prc-symbiota.tacc.utexas.edu:443/collections/individual/index.php?occid=1242446,StillImage,Photograph,image/jpeg,en
1242465,https://prc-symbiota.tacc.utexas.edu:443/symbiota/prc/images/_TEX/TEX00352902_lg.jpg,https://prc-symbiota.tacc.utexas.edu:443/symbiota/prc/images/_TEX/TEX00352902_lg.jpg,https://prc-symbiota.tacc.utexas.edu:443/symbiota/prc/images/_TEX/TEX00352902_tn.jpg,https://prc-symbiota.tacc.utexas.edu:443/symbiota/prc/images/_TEX/TEX00352902.jpg,,"University of Texas Herbarium (PRC-TEX)","CC0 1.0 (Public-domain)",http://creativecommons.org/publicdomain/zero/1.0/,,,urn:uuid:fb764400-4102-49eb-b9df-b017636bd8b9,"2015-08-24 06:24:52",https://prc-symbiota.tacc.utexas.edu:443/collections/individual/index.php?occid=1242465,StillImage,Photograph,image/jpeg,en
1242466,https://prc-symbiota.tacc.utexas.edu:443/symbiota/prc/images/_TEX/TEX00352903_lg.jpg,https://prc-symbiota.tacc.utexas.edu:443/symbiota/prc/images/_TEX/TEX00352903_lg.jpg,https://prc-symbiota.tacc.utexas.edu:443/symbiota/prc/images/_TEX/TEX00352903_tn.jpg,https://prc-symbiota.tacc.utexas.edu:443/symbiota/prc/images/_TEX/TEX00352903.jpg,,"University of Texas Herbarium (PRC-TEX)","CC0 1.0 (Public-domain)",http://creativecommons.org/publicdomain/zero/1.0/,,,urn:uuid:36d59419-3612-41b7-a891-196568f923e2,"2015-08-21 03:28:46",https://prc-symbiota.tacc.utexas.edu:443/collections/individual/index.php?occid=1242466,StillImage,Photograph,image/jpeg,en
1242467,https://prc-symbiota.tacc.utexas.edu:443/symbiota/prc/images/_TEX/TEX00352906_lg.jpg,https://prc-symbiota.tacc.utexas.edu:443/symbiota/prc/images/_TEX/TEX00352906_lg.jpg,https://prc-symbiota.tacc.utexas.edu:443/symbiota/prc/images/_TEX/TEX00352906_tn.jpg,https://prc-symbiota.tacc.utexas.edu:443/symbiota/prc/images/_TEX/TEX00352906.jpg,,"University of Texas Herbarium (PRC-TEX)","CC0 1.0 (Public-domain)",http://creativecommons.org/publicdomain/zero/1.0/,,,urn:uuid:1c60eac3-1bd9-4334-96be-64a9f383a2c3,"2015-08-24 12:05:00",https://prc-symbiota.tacc.utexas.edu:443/collections/individual/index.php?occid=1242467,StillImage,Photograph,image/jpeg,en
1242542,https://prc-symbiota.tacc.utexas.edu:443/symbiota/prc/images/_TEX/TEX00359014_lg.jpg,https://prc-symbiota.tacc.utexas.edu:443/symbiota/prc/images/_TEX/TEX00359014_lg.jpg,https://prc-symbiota.tacc.utexas.edu:443/symbiota/prc/images/_TEX/TEX00359014_tn.jpg,https://prc-symbiota.tacc.utexas.edu:443/symbiota/prc/images/_TEX/TEX00359014.jpg,,"University of Texas Herbarium (PRC-TEX)","CC0 1.0 (Public-domain)",http://creativecommons.org/publicdomain/zero/1.0/,,,urn:uuid:447e840b-2779-44d7-ba44-ba234164235f,"2015-08-23 11:35:35",https://prc-symbiota.tacc.utexas.edu:443/collections/individual/index.php?occid=1242542,StillImage,Photograph,image/jpeg,en
1242543,https://prc-symbiota.tacc.utexas.edu:443/symbiota/prc/images/_TEX/TEX00359015_lg.jpg,https://prc-symbiota.tacc.utexas.edu:443/symbiota/prc/images/_TEX/TEX00359015_lg.jpg,https://prc-symbiota.tacc.utexas.edu:443/symbiota/prc/images/_TEX/TEX00359015_tn.jpg,https://prc-symbiota.tacc.utexas.edu:443/symbiota/prc/images/_TEX/TEX00359015.jpg,,"University of Texas Herbarium (PRC-TEX)","CC0 1.0 (Public-domain)",http://creativecommons.org/publicdomain/zero/1.0/,,,urn:uuid:f412b49f-a2cf-4ff6-83e1-4b477cf5d436,"2015-08-19 15:22:39",https://prc-symbiota.tacc.utexas.edu:443/collections/individual/index.php?occid=1242543,StillImage,Photograph,image/jpeg,en
1242544,https://prc-symbiota.tacc.utexas.edu:443/symbiota/prc/images/_TEX/TEX00359016_lg.jpg,https://prc-symbiota.tacc.utexas.edu:443/symbiota/prc/images/_TEX/TEX00359016_lg.jpg,https://prc-symbiota.tacc.utexas.edu:443/symbiota/prc/images/_TEX/TEX00359016_tn.jpg,https://prc-symbiota.tacc.utexas.edu:443/symbiota/prc/images/_TEX/TEX00359016.jpg,,"University of Texas Herbarium (PRC-TEX)","CC0 1.0 (Public-domain)",http://creativecommons.org/publicdomain/zero/1.0/,,,urn:uuid:261cf6ca-0e62-4efe-a113-b11dd775facd,"2015-08-23 10:26:37",https://prc-symbiota.tacc.utexas.edu:443/collections/individual/index.php?occid=1242544,StillImage,Photograph,image/jpeg,en
1242545,https://prc-symbiota.tacc.utexas.edu:443/symbiota/prc/images/_TEX/TEX00359017_lg.jpg,https://prc-symbiota.tacc.utexas.edu:443/symbiota/prc/images/_TEX/TEX00359017_lg.jpg,https://prc-symbiota.tacc.utexas.edu:443/symbiota/prc/images/_TEX/TEX00359017_tn.jpg,https://prc-symbiota.tacc.utexas.edu:443/symbiota/prc/images/_TEX/TEX00359017.jpg,,"University of Texas Herbarium (PRC-TEX)","CC0 1.0 (Public-domain)",http://creativecommons.org/publicdomain/zero/1.0/,,,urn:uuid:89099829-dd77-4231-95a5-e0abf9423686,"2015-08-26 19:45:21",https://prc-symbiota.tacc.utexas.edu:443/collections/individual/index.php?occid=1242545,StillImage,Photograph,image/jpeg,en
1242546,https://prc-symbiota.tacc.utexas.edu:443/symbiota/prc/images/_TEX/TEX00359018_lg.jpg,https://prc-symbiota.tacc.utexas.edu:443/symbiota/prc/images/_TEX/TEX00359018_lg.jpg,https://prc-symbiota.tacc.utexas.edu:443/symbiota/prc/images/_TEX/TEX00359018_tn.jpg,https://prc-symbiota.tacc.utexas.edu:443/symbiota/prc/images/_TEX/TEX00359018.jpg,,"University of Texas Herbarium (PRC-TEX)","CC0 1.0 (Public-domain)",http://creativecommons.org/publicdomain/zero/1.0/,,,urn:uuid:2be3b5f5-8af6-4f70-bfab-25cd493debcb,"2015-08-26 04:39:19",https://prc-symbiota.tacc.utexas.edu:443/collections/individual/index.php?occid=1242546,StillImage,Photograph,image/jpeg,en
1286626,https://prc-symbiota.tacc.utexas.edu:443/symbiota/prc/images/_TEX/TEX00422577_lg.jpg,https://prc-symbiota.tacc.utexas.edu:443/symbiota/prc/images/_TEX/TEX00422577_lg.jpg,https://prc-symbiota.tacc.utexas.edu:443/symbiota/prc/images/_TEX/TEX00422577_tn.jpg,https://prc-symbiota.tacc.utexas.edu:443/symbiota/prc/images/_TEX/TEX00422577.jpg,,"University of Texas Herbarium (PRC-TEX)","CC0 1.0 (Public-domain)",http://creativecommons.org/publicdomain/zero/1.0/,,,urn:uuid:4b3bd2b4-0c73-4635-8eef-6bf148360504,"2015-08-25 12:20:35",https://prc-symbiota.tacc.utexas.edu:443/collections/individual/index.php?occid=1286626,StillImage,Photograph,image/jpeg,en
1286627,https://prc-symbiota.tacc.utexas.edu:443/symbiota/prc/images/_TEX/TEX00422578_lg.jpg,https://prc-symbiota.tacc.utexas.edu:443/symbiota/prc/images/_TEX/TEX00422578_lg.jpg,https://prc-symbiota.tacc.utexas.edu:443/symbiota/prc/images/_TEX/TEX00422578_tn.jpg,https://prc-symbiota.tacc.utexas.edu:443/symbiota/prc/images/_TEX/TEX00422578.jpg,,"University of Texas Herbarium (PRC-TEX)","CC0 1.0 (Public-domain)",http://creativecommons.org/publicdomain/zero/1.0/,,,urn:uuid:908ce468-a809-40fe-968b-ea5d1d3104c8,"2015-08-25 04:48:22",https://prc-symbiota.tacc.utexas.edu:443/collections/individual/index.php?occid=1286627,StillImage,Photograph,image/jpeg,en
1291056,https://prc-symbiota.tacc.utexas.edu:443/symbiota/prc/images/_TEX/TEX00196362_lg.jpg,https://prc-symbiota.tacc.utexas.edu:443/symbiota/prc/images/_TEX/TEX00196362_lg.jpg,https://prc-symbiota.tacc.utexas.edu:443/symbiota/prc/images/_TEX/TEX00196362_tn.jpg,https://prc-symbiota.tacc.utexas.edu:443/symbiota/prc/images/_TEX/TEX00196362.jpg,,"University of Texas Herbarium (PRC-TEX)","CC0 1.0 (Public-domain)",http://creativecommons.org/publicdomain/zero/1.0/,,,urn:uuid:abc489be-4821-4207-963b-80a46bf2c167,"2015-08-25 18:54:18",https://prc-symbiota.tacc.utexas.edu:443/collections/individual/index.php?occid=1291056,StillImage,Photograph,image/jpeg,en
1291057,https://prc-symbiota.tacc.utexas.edu:443/symbiota/prc/images/_TEX/TEX00196363_lg.jpg,https://prc-symbiota.tacc.utexas.edu:443/symbiota/prc/images/_TEX/TEX00196363_lg.jpg,https://prc-symbiota.tacc.utexas.edu:443/symbiota/prc/images/_TEX/TEX00196363_tn.jpg,https://prc-symbiota.tacc.utexas.edu:443/symbiota/prc/images/_TEX/TEX00196363.jpg,,"University of Texas Herbarium (PRC-TEX)","CC0 1.0 (Public-domain)",http://creativecommons.org/publicdomain/zero/1.0/,,,urn:uuid:5d3fc192-5eb7-4f83-a9f9-3e4ec34062bd,"2015-08-24 05:06:29",https://prc-symbiota.tacc.utexas.edu:443/collections/individual/index.php?occid=1291057,StillImage,Photograph,image/jpeg,en
1292266,https://prc-symbiota.tacc.utexas.edu:443/symbiota/prc/images/_TEX/TEX00198308_lg.jpg,https://prc-symbiota.tacc.utexas.edu:443/symbiota/prc/images/_TEX/TEX00198308_lg.jpg,https://prc-symbiota.tacc.utexas.edu:443/symbiota/prc/images/_TEX/TEX00198308_tn.jpg,https://prc-symbiota.tacc.utexas.edu:443/symbiota/prc/images/_TEX/TEX00198308.jpg,,"University of Texas Herbarium (PRC-TEX)","CC0 1.0 (Public-domain)",http://creativecommons.org/publicdomain/zero/1.0/,,,urn:uuid:fab56118-5418-4159-b346-ddd3857f9599,"2015-08-21 22:44:31",https://prc-symbiota.tacc.utexas.edu:443/collections/individual/index.php?occid=1292266,StillImage,Photograph,image/jpeg,en
1292274,https://prc-symbiota.tacc.utexas.edu:443/symbiota/prc/images/_TEX/TEX00198316_lg.jpg,https://prc-symbiota.tacc.utexas.edu:443/symbiota/prc/images/_TEX/TEX00198316_lg.jpg,https://prc-symbiota.tacc.utexas.edu:443/symbiota/prc/images/_TEX/TEX00198316_tn.jpg,https://prc-symbiota.tacc.utexas.edu:443/symbiota/prc/images/_TEX/TEX00198316.jpg,,"University of Texas Herbarium (PRC-TEX)","CC0 1.0 (Public-domain)",http://creativecommons.org/publicdomain/zero/1.0/,,,urn:uuid:56f9f9ec-e0ff-4b91-a2bf-957d00c126fc,"2015-08-26 07:48:52",https://prc-symbiota.tacc.utexas.edu:443/collections/individual/index.php?occid=1292274,StillImage,Photograph,image/jpeg,en
1296844,https://prc-symbiota.tacc.utexas.edu:443/symbiota/prc/images/_TEX/TEX00211100_lg.jpg,https://prc-symbiota.tacc.utexas.edu:443/symbiota/prc/images/_TEX/TEX00211100_lg.jpg,https://prc-symbiota.tacc.utexas.edu:443/symbiota/prc/images/_TEX/TEX00211100_tn.jpg,https://prc-symbiota.tacc.utexas.edu:443/symbiota/prc/images/_TEX/TEX00211100.jpg,,"University of Texas Herbarium (PRC-TEX)","CC0 1.0 (Public-domain)",http://creativecommons.org/publicdomain/zero/1.0/,,,urn:uuid:eef5a8fc-a1c7-40d7-8830-cb2d087a653a,"2015-08-26 14:07:16",https://prc-symbiota.tacc.utexas.edu:443/collections/individual/index.php?occid=1296844,StillImage,Photograph,image/jpeg,en
1299440,https://prc-symbiota.tacc.utexas.edu:443/symbiota/prc/images/_TEX/TEX00211832_lg.jpg,https://prc-symbiota.tacc.utexas.edu:443/symbiota/prc/images/_TEX/TEX00211832_lg.jpg,https://prc-symbiota.tacc.utexas.edu:443/symbiota/prc/images/_TEX/TEX00211832_tn.jpg,https://prc-symbiota.tacc.utexas.edu:443/symbiota/prc/images/_TEX/TEX00211832.jpg,,"University of Texas Herbarium (PRC-TEX)","CC0 1.0 (Public-domain)",http://creativecommons.org/publicdomain/zero/1.0/,,,urn:uuid:eeda101e-3fbe-4507-84df-78d52c38aefc,"2015-08-19 15:22:46",https://prc-symbiota.tacc.utexas.edu:443/collections/individual/index.php?occid=1299440,StillImage,Photograph,image/jpeg,en
1300823,https://prc-symbiota.tacc.utexas.edu:443/symbiota/prc/images/_TEX/TEX00441241_lg.jpg,https://prc-symbiota.tacc.utexas.edu:443/symbiota/prc/images/_TEX/TEX00441241_lg.jpg,https://prc-symbiota.tacc.utexas.edu:443/symbiota/prc/images/_TEX/TEX00441241_tn.jpg,https://prc-symbiota.tacc.utexas.edu:443/symbiota/prc/images/_TEX/TEX00441241.jpg,,"University of Texas Herbarium (PRC-TEX)","CC0 1.0 (Public-domain)",http://creativecommons.org/publicdomain/zero/1.0/,,,urn:uuid:183c3540-e42e-4d4b-9ab0-a36667e8d0b0,"2015-08-20 23:09:10",https://prc-symbiota.tacc.utexas.edu:443/collections/individual/index.php?occid=1300823,StillImage,Photograph,image/jpeg,en
1303781,https://prc-symbiota.tacc.utexas.edu:443/symbiota/prc/images/_TEX/TEX00445232_lg.jpg,https://prc-symbiota.tacc.utexas.edu:443/symbiota/prc/images/_TEX/TEX00445232_lg.jpg,https://prc-symbiota.tacc.utexas.edu:443/symbiota/prc/images/_TEX/TEX00445232_tn.jpg,https://prc-symbiota.tacc.utexas.edu:443/symbiota/prc/images/_TEX/TEX00445232.jpg,,"University of Texas Herbarium (PRC-TEX)","CC0 1.0 (Public-domain)",http://creativecommons.org/publicdomain/zero/1.0/,,,urn:uuid:43b16e65-73b8-472a-b807-6b8932d1f63c,"2015-08-20 18:13:22",https://prc-symbiota.tacc.utexas.edu:443/collections/individual/index.php?occid=1303781,StillImage,Photograph,image/jpeg,en
1304337,https://prc-symbiota.tacc.utexas.edu:443/symbiota/prc/images/_TEX/TEX00445831_lg.jpg,https://prc-symbiota.tacc.utexas.edu:443/symbiota/prc/images/_TEX/TEX00445831_lg.jpg,https://prc-symbiota.tacc.utexas.edu:443/symbiota/prc/images/_TEX/TEX00445831_tn.jpg,https://prc-symbiota.tacc.utexas.edu:443/symbiota/prc/images/_TEX/TEX00445831.jpg,,"University of Texas Herbarium (PRC-TEX)","CC0 1.0 (Public-domain)",http://creativecommons.org/publicdomain/zero/1.0/,,,urn:uuid:8d93c8ae-33c0-4eee-893f-a43899ed2b3d,"2015-08-21 04:00:00",https://prc-symbiota.tacc.utexas.edu:443/collections/individual/index.php?occid=1304337,StillImage,Photograph,image/jpeg,en
1306144,https://prc-symbiota.tacc.utexas.edu:443/symbiota/prc/images/_TEX/TEX00167488_lg.jpg,https://prc-symbiota.tacc.utexas.edu:443/symbiota/prc/images/_TEX/TEX00167488_lg.jpg,https://prc-symbiota.tacc.utexas.edu:443/symbiota/prc/images/_TEX/TEX00167488_tn.jpg,https://prc-symbiota.tacc.utexas.edu:443/symbiota/prc/images/_TEX/TEX00167488.jpg,,"University of Texas Herbarium (PRC-TEX)","CC0 1.0 (Public-domain)",http://creativecommons.org/publicdomain/zero/1.0/,,,urn:uuid:4a6fa313-a411-484d-ad92-2a47ed84eabb,"2015-08-23 08:58:11",https://prc-symbiota.tacc.utexas.edu:443/collections/individual/index.php?occid=1306144,StillImage,Photograph,image/jpeg,en
1311248,https://prc-symbiota.tacc.utexas.edu:443/symbiota/prc/images/_TEX/TEX00450140_lg.jpg,https://prc-symbiota.tacc.utexas.edu:443/symbiota/prc/images/_TEX/TEX00450140_lg.jpg,https://prc-symbiota.tacc.utexas.edu:443/symbiota/prc/images/_TEX/TEX00450140_tn.jpg,https://prc-symbiota.tacc.utexas.edu:443/symbiota/prc/images/_TEX/TEX00450140.jpg,,"University of Texas Herbarium (PRC-TEX)","CC0 1.0 (Public-domain)",http://creativecommons.org/publicdomain/zero/1.0/,,,urn:uuid:63b9ce4a-5165-4b02-bcb5-53c66823b306,"2015-08-20 09:14:51",https://prc-symbiota.tacc.utexas.edu:443/collections/individual/index.php?occid=1311248,StillImage,Photograph,image/jpeg,en
1314890,https://prc-symbiota.tacc.utexas.edu:443/symbiota/prc/images/_TEX/TEX00458016_lg.jpg,https://prc-symbiota.tacc.utexas.edu:443/symbiota/prc/images/_TEX/TEX00458016_lg.jpg,https://prc-symbiota.tacc.utexas.edu:443/symbiota/prc/images/_TEX/TEX00458016_tn.jpg,https://prc-symbiota.tacc.utexas.edu:443/symbiota/prc/images/_TEX/TEX00458016.jpg,,"University of Texas Herbarium (PRC-TEX)","CC0 1.0 (Public-domain)",http://creativecommons.org/publicdomain/zero/1.0/,,,urn:uuid:b619d089-b3b2-4c0c-af28-c048b3a13587,"2015-08-23 05:44:32",https://prc-symbiota.tacc.utexas.edu:443/collections/individual/index.php?occid=1314890,StillImage,Photograph,image/jpeg,en
1314935,https://prc-symbiota.tacc.utexas.edu:443/symbiota/prc/images/_TEX/TEX00458061_lg.jpg,https://prc-symbiota.tacc.utexas.edu:443/symbiota/prc/images/_TEX/TEX00458061_lg.jpg,https://prc-symbiota.tacc.utexas.edu:443/symbiota/prc/images/_TEX/TEX00458061_tn.jpg,https://prc-symbiota.tacc.utexas.edu:443/symbiota/prc/images/_TEX/TEX00458061.jpg,,"University of Texas Herbarium (PRC-TEX)","CC0 1.0 (Public-domain)",http://creativecommons.org/publicdomain/zero/1.0/,,,urn:uuid:9f06ff80-537b-4b43-9cec-bd744ff02db9,"2015-08-23 19:08:22",https://prc-symbiota.tacc.utexas.edu:443/collections/individual/index.php?occid=1314935,StillImage,Photograph,image/jpeg,en
1316721,https://prc-symbiota.tacc.utexas.edu:443/symbiota/prc/images/_TEX/TEX00459703_lg.jpg,https://prc-symbiota.tacc.utexas.edu:443/symbiota/prc/images/_TEX/TEX00459703_lg.jpg,https://prc-symbiota.tacc.utexas.edu:443/symbiota/prc/images/_TEX/TEX00459703_tn.jpg,https://prc-symbiota.tacc.utexas.edu:443/symbiota/prc/images/_TEX/TEX00459703.jpg,,"University of Texas Herbarium (PRC-TEX)","CC0 1.0 (Public-domain)",http://creativecommons.org/publicdomain/zero/1.0/,,,urn:uuid:44c77fbb-0b01-4652-a307-77780168ad96,"2015-08-25 13:05:11",https://prc-symbiota.tacc.utexas.edu:443/collections/individual/index.php?occid=1316721,StillImage,Photograph,image/jpeg,en
1316722,https://prc-symbiota.tacc.utexas.edu:443/symbiota/prc/images/_TEX/TEX00459704_lg.jpg,https://prc-symbiota.tacc.utexas.edu:443/symbiota/prc/images/_TEX/TEX00459704_lg.jpg,https://prc-symbiota.tacc.utexas.edu:443/symbiota/prc/images/_TEX/TEX00459704_tn.jpg,https://prc-symbiota.tacc.utexas.edu:443/symbiota/prc/images/_TEX/TEX00459704.jpg,,"University of Texas Herbarium (PRC-TEX)","CC0 1.0 (Public-domain)",http://creativecommons.org/publicdomain/zero/1.0/,,,urn:uuid:cf27ee45-aceb-4ec2-aa71-51672e895f80,"2015-08-26 03:27:04",https://prc-symbiota.tacc.utexas.edu:443/collections/individual/index.php?occid=1316722,StillImage,Photograph,image/jpeg,en
1316724,https://prc-symbiota.tacc.utexas.edu:443/symbiota/prc/images/_TEX/TEX00459706_lg.jpg,https://prc-symbiota.tacc.utexas.edu:443/symbiota/prc/images/_TEX/TEX00459706_lg.jpg,https://prc-symbiota.tacc.utexas.edu:443/symbiota/prc/images/_TEX/TEX00459706_tn.jpg,https://prc-symbiota.tacc.utexas.edu:443/symbiota/prc/images/_TEX/TEX00459706.jpg,,"University of Texas Herbarium (PRC-TEX)","CC0 1.0 (Public-domain)",http://creativecommons.org/publicdomain/zero/1.0/,,,urn:uuid:92f23088-1b93-46eb-9721-09355048f2c2,"2015-08-26 20:59:07",https://prc-symbiota.tacc.utexas.edu:443/collections/individual/index.php?occid=1316724,StillImage,Photograph,image/jpeg,en
1316725,https://prc-symbiota.tacc.utexas.edu:443/symbiota/prc/images/_TEX/TEX00459708_lg.jpg,https://prc-symbiota.tacc.utexas.edu:443/symbiota/prc/images/_TEX/TEX00459708_lg.jpg,https://prc-symbiota.tacc.utexas.edu:443/symbiota/prc/images/_TEX/TEX00459708_tn.jpg,https://prc-symbiota.tacc.utexas.edu:443/symbiota/prc/images/_TEX/TEX00459708.jpg,,"University of Texas Herbarium (PRC-TEX)","CC0 1.0 (Public-domain)",http://creativecommons.org/publicdomain/zero/1.0/,,,urn:uuid:f2f12a32-7355-4f93-b35e-0eede0ad5ac5,"2015-08-25 02:22:19",https://prc-symbiota.tacc.utexas.edu:443/collections/individual/index.php?occid=1316725,StillImage,Photograph,image/jpeg,en
1316726,https://prc-symbiota.tacc.utexas.edu:443/symbiota/prc/images/_TEX/TEX00459709_lg.jpg,https://prc-symbiota.tacc.utexas.edu:443/symbiota/prc/images/_TEX/TEX00459709_lg.jpg,https://prc-symbiota.tacc.utexas.edu:443/symbiota/prc/images/_TEX/TEX00459709_tn.jpg,https://prc-symbiota.tacc.utexas.edu:443/symbiota/prc/images/_TEX/TEX00459709.jpg,,"University of Texas Herbarium (PRC-TEX)","CC0 1.0 (Public-domain)",http://creativecommons.org/publicdomain/zero/1.0/,,,urn:uuid:3a46360b-9be8-46ce-a8c8-004e3fd35cd5,"2015-08-19 17:00:56",https://prc-symbiota.tacc.utexas.edu:443/collections/individual/index.php?occid=1316726,StillImage,Photograph,image/jpeg,en
1316932,https://prc-symbiota.tacc.utexas.edu:443/symbiota/prc/images/_TEX/TEX00459919_lg.jpg,https://prc-symbiota.tacc.utexas.edu:443/symbiota/prc/images/_TEX/TEX00459919_lg.jpg,https://prc-symbiota.tacc.utexas.edu:443/symbiota/prc/images/_TEX/TEX00459919_tn.jpg,https://prc-symbiota.tacc.utexas.edu:443/symbiota/prc/images/_TEX/TEX00459919.jpg,,"University of Texas Herbarium (PRC-TEX)","CC0 1.0 (Public-domain)",http://creativecommons.org/publicdomain/zero/1.0/,,,urn:uuid:4fb0d032-ecd5-48ad-ada7-e42679471ff2,"2015-08-25 21:10:16",https://prc-symbiota.tacc.utexas.edu:443/collections/individual/index.php?occid=1316932,StillImage,Photograph,image/jpeg,en
1317321,https://prc-symbiota.tacc.utexas.edu:443/symbiota/prc/images/_TEX/TEX00460311_lg.jpg,https://prc-symbiota.tacc.utexas.edu:443/symbiota/prc/images/_TEX/TEX00460311_lg.jpg,https://prc-symbiota.tacc.utexas.edu:443/symbiota/prc/images/_TEX/TEX00460311_tn.jpg,https://prc-symbiota.tacc.utexas.edu:443/symbiota/prc/images/_TEX/TEX00460311.jpg,,"University of Texas Herbarium (PRC-TEX)","CC0 1.0 (Public-domain)",http://creativecommons.org/publicdomain/zero/1.0/,,,urn:uuid:542bc1d1-4b08-43e8-90e3-470d73fb25e7,"2015-08-21 19:09:43",https://prc-symbiota.tacc.utexas.edu:443/collections/individual/index.php?occid=1317321,StillImage,Photograph,image/jpeg,en
1377038,https://prc-symbiota.tacc.utexas.edu:443/symbiota/prc/images/_LL/LL00283403_lg.jpg,https://prc-symbiota.tacc.utexas.edu:443/symbiota/prc/images/_LL/LL00283403_lg.jpg,https://prc-symbiota.tacc.utexas.edu:443/symbiota/prc/images/_LL/LL00283403_tn.jpg,https://prc-symbiota.tacc.utexas.edu:443/symbiota/prc/images/_LL/LL00283403.jpg,,"Lundell Herbarium (PRC-LL)","CC0 1.0 (Public-domain)",http://creativecommons.org/publicdomain/zero/1.0/,,,urn:uuid:42e29a36-9876-4999-b14d-63c45cb82820,"2015-08-28 18:29:06",https://prc-symbiota.tacc.utexas.edu:443/collections/individual/index.php?occid=1377038,StillImage,Photograph,image/jpeg,en
1377039,https://prc-symbiota.tacc.utexas.edu:443/symbiota/prc/images/_LL/LL00283407_lg.jpg,https://prc-symbiota.tacc.utexas.edu:443/symbiota/prc/images/_LL/LL00283407_lg.jpg,https://prc-symbiota.tacc.utexas.edu:443/symbiota/prc/images/_LL/LL00283407_tn.jpg,https://prc-symbiota.tacc.utexas.edu:443/symbiota/prc/images/_LL/LL00283407.jpg,,"Lundell Herbarium (PRC-LL)","CC0 1.0 (Public-domain)",http://creativecommons.org/publicdomain/zero/1.0/,,,urn:uuid:1447cf0c-3064-4dd7-8ec5-86d83c9fad4f,"2015-08-26 22:54:25",https://prc-symbiota.tacc.utexas.edu:443/collections/individual/index.php?occid=1377039,StillImage,Photograph,image/jpeg,en
1377050,https://prc-symbiota.tacc.utexas.edu:443/symbiota/prc/images/_LL/LL00283444_lg.jpg,https://prc-symbiota.tacc.utexas.edu:443/symbiota/prc/images/_LL/LL00283444_lg.jpg,https://prc-symbiota.tacc.utexas.edu:443/symbiota/prc/images/_LL/LL00283444_tn.jpg,https://prc-symbiota.tacc.utexas.edu:443/symbiota/prc/images/_LL/LL00283444.jpg,,"Lundell Herbarium (PRC-LL)","CC0 1.0 (Public-domain)",http://creativecommons.org/publicdomain/zero/1.0/,,,urn:uuid:d4c38596-ad9c-4f80-9d36-fab2a172cd58,"2015-08-28 08:32:27",https://prc-symbiota.tacc.utexas.edu:443/collections/individual/index.php?occid=1377050,StillImage,Photograph,image/jpeg,en
1377051,https://prc-symbiota.tacc.utexas.edu:443/symbiota/prc/images/_LL/LL00283447_lg.jpg,https://prc-symbiota.tacc.utexas.edu:443/symbiota/prc/images/_LL/LL00283447_lg.jpg,https://prc-symbiota.tacc.utexas.edu:443/symbiota/prc/images/_LL/LL00283447_tn.jpg,https://prc-symbiota.tacc.utexas.edu:443/symbiota/prc/images/_LL/LL00283447.jpg,,"Lundell Herbarium (PRC-LL)","CC0 1.0 (Public-domain)",http://creativecommons.org/publicdomain/zero/1.0/,,,urn:uuid:80aba9af-50a2-4640-b80d-cfbff4ba947b,"2015-08-27 22:18:17",https://prc-symbiota.tacc.utexas.edu:443/collections/individual/index.php?occid=1377051,StillImage,Photograph,image/jpeg,en
1377052,https://prc-symbiota.tacc.utexas.edu:443/symbiota/prc/images/_LL/LL00283448_lg.jpg,https://prc-symbiota.tacc.utexas.edu:443/symbiota/prc/images/_LL/LL00283448_lg.jpg,https://prc-symbiota.tacc.utexas.edu:443/symbiota/prc/images/_LL/LL00283448_tn.jpg,https://prc-symbiota.tacc.utexas.edu:443/symbiota/prc/images/_LL/LL00283448.jpg,,"Lundell Herbarium (PRC-LL)","CC0 1.0 (Public-domain)",http://creativecommons.org/publicdomain/zero/1.0/,,,urn:uuid:84fbbaa4-9daa-4740-a801-a8ebba54e07e,"2015-08-27 20:52:56",https://prc-symbiota.tacc.utexas.edu:443/collections/individual/index.php?occid=1377052,StillImage,Photograph,image/jpeg,en
1377066,https://prc-symbiota.tacc.utexas.edu:443/symbiota/prc/images/_LL/LL00283495_lg.jpg,https://prc-symbiota.tacc.utexas.edu:443/symbiota/prc/images/_LL/LL00283495_lg.jpg,https://prc-symbiota.tacc.utexas.edu:443/symbiota/prc/images/_LL/LL00283495_tn.jpg,https://prc-symbiota.tacc.utexas.edu:443/symbiota/prc/images/_LL/LL00283495.jpg,,"Lundell Herbarium (PRC-LL)","CC0 1.0 (Public-domain)",http://creativecommons.org/publicdomain/zero/1.0/,,,urn:uuid:c4883617-a454-4f88-9662-568d0880d707,"2015-08-28 12:34:20",https://prc-symbiota.tacc.utexas.edu:443/collections/individual/index.php?occid=1377066,StillImage,Photograph,image/jpeg,en
1396256,https://prc-symbiota.tacc.utexas.edu:443/symbiota/prc/images/_LL/LL00352864_lg.jpg,https://prc-symbiota.tacc.utexas.edu:443/symbiota/prc/images/_LL/LL00352864_lg.jpg,https://prc-symbiota.tacc.utexas.edu:443/symbiota/prc/images/_LL/LL00352864_tn.jpg,https://prc-symbiota.tacc.utexas.edu:443/symbiota/prc/images/_LL/LL00352864.jpg,,"Lundell Herbarium (PRC-LL)","CC0 1.0 (Public-domain)",http://creativecommons.org/publicdomain/zero/1.0/,,,urn:uuid:169d8c76-2dac-4691-8f4c-0ffd1d1a4784,"2015-08-27 17:29:14",https://prc-symbiota.tacc.utexas.edu:443/collections/individual/index.php?occid=1396256,StillImage,Photograph,image/jpeg,en
1396257,https://prc-symbiota.tacc.utexas.edu:443/symbiota/prc/images/_LL/LL00352867_lg.jpg,https://prc-symbiota.tacc.utexas.edu:443/symbiota/prc/images/_LL/LL00352867_lg.jpg,https://prc-symbiota.tacc.utexas.edu:443/symbiota/prc/images/_LL/LL00352867_tn.jpg,https://prc-symbiota.tacc.utexas.edu:443/symbiota/prc/images/_LL/LL00352867.jpg,,"Lundell Herbarium (PRC-LL)","CC0 1.0 (Public-domain)",http://creativecommons.org/publicdomain/zero/1.0/,,,urn:uuid:6328e270-f759-47e4-946f-8a46a77e6a3c,"2015-08-27 17:44:47",https://prc-symbiota.tacc.utexas.edu:443/collections/individual/index.php?occid=1396257,StillImage,Photograph,image/jpeg,en
1396271,https://prc-symbiota.tacc.utexas.edu:443/symbiota/prc/images/_LL/LL00352904_lg.jpg,https://prc-symbiota.tacc.utexas.edu:443/symbiota/prc/images/_LL/LL00352904_lg.jpg,https://prc-symbiota.tacc.utexas.edu:443/symbiota/prc/images/_LL/LL00352904_tn.jpg,https://prc-symbiota.tacc.utexas.edu:443/symbiota/prc/images/_LL/LL00352904.jpg,,"Lundell Herbarium (PRC-LL)","CC0 1.0 (Public-domain)",http://creativecommons.org/publicdomain/zero/1.0/,,,urn:uuid:650822dd-75a6-4438-a8e3-330e2e5553ac,"2015-08-27 17:29:02",https://prc-symbiota.tacc.utexas.edu:443/collections/individual/index.php?occid=1396271,StillImage,Photograph,image/jpeg,en
1396272,https://prc-symbiota.tacc.utexas.edu:443/symbiota/prc/images/_LL/LL00352905_lg.jpg,https://prc-symbiota.tacc.utexas.edu:443/symbiota/prc/images/_LL/LL00352905_lg.jpg,https://prc-symbiota.tacc.utexas.edu:443/symbiota/prc/images/_LL/LL00352905_tn.jpg,https://prc-symbiota.tacc.utexas.edu:443/symbiota/prc/images/_LL/LL00352905.jpg,,"Lundell Herbarium (PRC-LL)","CC0 1.0 (Public-domain)",http://creativecommons.org/publicdomain/zero/1.0/,,,urn:uuid:4ae56d4b-5e80-45eb-b774-5e4f40d8b4c6,"2015-08-27 22:54:27",https://prc-symbiota.tacc.utexas.edu:443/collections/individual/index.php?occid=1396272,StillImage,Photograph,image/jpeg,en
1396305,https://prc-symbiota.tacc.utexas.edu:443/symbiota/prc/images/_LL/LL00359013_lg.jpg,https://prc-symbiota.tacc.utexas.edu:443/symbiota/prc/images/_LL/LL00359013_lg.jpg,https://prc-symbiota.tacc.utexas.edu:443/symbiota/prc/images/_LL/LL00359013_tn.jpg,https://prc-symbiota.tacc.utexas.edu:443/symbiota/prc/images/_LL/LL00359013.jpg,,"Lundell Herbarium (PRC-LL)","CC0 1.0 (Public-domain)",http://creativecommons.org/publicdomain/zero/1.0/,,,urn:uuid:134c7002-0138-42b1-b368-256b7505765a,"2015-08-27 11:08:50",https://prc-symbiota.tacc.utexas.edu:443/collections/individual/index.php?occid=1396305,StillImage,Photograph,image/jpeg,en
1414726,https://prc-symbiota.tacc.utexas.edu:443/symbiota/prc/images/_LL/LL00459698_lg.jpg,https://prc-symbiota.tacc.utexas.edu:443/symbiota/prc/images/_LL/LL00459698_lg.jpg,https://prc-symbiota.tacc.utexas.edu:443/symbiota/prc/images/_LL/LL00459698_tn.jpg,https://prc-symbiota.tacc.utexas.edu:443/symbiota/prc/images/_LL/LL00459698.jpg,,"Lundell Herbarium (PRC-LL)","CC0 1.0 (Public-domain)",http://creativecommons.org/publicdomain/zero/1.0/,,,urn:uuid:ce19e078-2821-4605-bbd4-1de28453c548,"2015-08-28 23:08:35",https://prc-symbiota.tacc.utexas.edu:443/collections/individual/index.php?occid=1414726,StillImage,Photograph,image/jpeg,en
1414727,https://prc-symbiota.tacc.utexas.edu:443/symbiota/prc/images/_LL/LL00459699_lg.jpg,https://prc-symbiota.tacc.utexas.edu:443/symbiota/prc/images/_LL/LL00459699_lg.jpg,https://prc-symbiota.tacc.utexas.edu:443/symbiota/prc/images/_LL/LL00459699_tn.jpg,https://prc-symbiota.tacc.utexas.edu:443/symbiota/prc/images/_LL/LL00459699.jpg,,"Lundell Herbarium (PRC-LL)","CC0 1.0 (Public-domain)",http://creativecommons.org/publicdomain/zero/1.0/,,,urn:uuid:805ce448-7b31-43fa-9dd1-6718c2115411,"2015-08-28 07:05:30",https://prc-symbiota.tacc.utexas.edu:443/collections/individual/index.php?occid=1414727,StillImage,Photograph,image/jpeg,en
1414728,https://prc-symbiota.tacc.utexas.edu:443/symbiota/prc/images/_LL/LL00459700_lg.jpg,https://prc-symbiota.tacc.utexas.edu:443/symbiota/prc/images/_LL/LL00459700_lg.jpg,https://prc-symbiota.tacc.utexas.edu:443/symbiota/prc/images/_LL/LL00459700_tn.jpg,https://prc-symbiota.tacc.utexas.edu:443/symbiota/prc/images/_LL/LL00459700.jpg,,"Lundell Herbarium (PRC-LL)","CC0 1.0 (Public-domain)",http://creativecommons.org/publicdomain/zero/1.0/,,,urn:uuid:a2e2979b-ebdf-4211-9c39-b49a185f4c9d,"2015-08-28 08:18:12",https://prc-symbiota.tacc.utexas.edu:443/collections/individual/index.php?occid=1414728,StillImage,Photograph,image/jpeg,en
1414729,https://prc-symbiota.tacc.utexas.edu:443/symbiota/prc/images/_LL/LL00459701_lg.jpg,https://prc-symbiota.tacc.utexas.edu:443/symbiota/prc/images/_LL/LL00459701_lg.jpg,https://prc-symbiota.tacc.utexas.edu:443/symbiota/prc/images/_LL/LL00459701_tn.jpg,https://prc-symbiota.tacc.utexas.edu:443/symbiota/prc/images/_LL/LL00459701.jpg,,"Lundell Herbarium (PRC-LL)","CC0 1.0 (Public-domain)",http://creativecommons.org/publicdomain/zero/1.0/,,,urn:uuid:120a09f4-f433-44fb-ad3e-3aaadcd248da,"2015-08-28 05:47:54",https://prc-symbiota.tacc.utexas.edu:443/collections/individual/index.php?occid=1414729,StillImage,Photograph,image/jpeg,en
1414730,https://prc-symbiota.tacc.utexas.edu:443/symbiota/prc/images/_LL/LL00459702_lg.jpg,https://prc-symbiota.tacc.utexas.edu:443/symbiota/prc/images/_LL/LL00459702_lg.jpg,https://prc-symbiota.tacc.utexas.edu:443/symbiota/prc/images/_LL/LL00459702_tn.jpg,https://prc-symbiota.tacc.utexas.edu:443/symbiota/prc/images/_LL/LL00459702.jpg,,"Lundell Herbarium (PRC-LL)","CC0 1.0 (Public-domain)",http://creativecommons.org/publicdomain/zero/1.0/,,,urn:uuid:ceddba1c-6d88-4ff2-a000-a5087359aad3,"2015-08-28 11:18:36",https://prc-symbiota.tacc.utexas.edu:443/collections/individual/index.php?occid=1414730,StillImage,Photograph,image/jpeg,en
1414731,https://prc-symbiota.tacc.utexas.edu:443/symbiota/prc/images/_LL/LL00459707_lg.jpg,https://prc-symbiota.tacc.utexas.edu:443/symbiota/prc/images/_LL/LL00459707_lg.jpg,https://prc-symbiota.tacc.utexas.edu:443/symbiota/prc/images/_LL/LL00459707_tn.jpg,https://prc-symbiota.tacc.utexas.edu:443/symbiota/prc/images/_LL/LL00459707.jpg,,"Lundell Herbarium (PRC-LL)","CC0 1.0 (Public-domain)",http://creativecommons.org/publicdomain/zero/1.0/,,,urn:uuid:93b1310f-539e-4d05-9ae2-882a05e4db77,"2015-08-27 10:27:14",https://prc-symbiota.tacc.utexas.edu:443/collections/individual/index.php?occid=1414731,StillImage,Photograph,image/jpeg,en
1414733,https://prc-symbiota.tacc.utexas.edu:443/symbiota/prc/images/_LL/LL00459906_lg.jpg,https://prc-symbiota.tacc.utexas.edu:443/symbiota/prc/images/_LL/LL00459906_lg.jpg,https://prc-symbiota.tacc.utexas.edu:443/symbiota/prc/images/_LL/LL00459906_tn.jpg,https://prc-symbiota.tacc.utexas.edu:443/symbiota/prc/images/_LL/LL00459906.jpg,,"Lundell Herbarium (PRC-LL)","CC0 1.0 (Public-domain)",http://creativecommons.org/publicdomain/zero/1.0/,,,urn:uuid:4bbad12b-5be4-479a-9018-84dd75d2376e,"2015-08-27 14:22:04",https://prc-symbiota.tacc.utexas.edu:443/collections/individual/index.php?occid=1414733,StillImage,Photograph,image/jpeg,en
1414734,https://prc-symbiota.tacc.utexas.edu:443/symbiota/prc/images/_LL/LL00459907_lg.jpg,https://prc-symbiota.tacc.utexas.edu:443/symbiota/prc/images/_LL/LL00459907_lg.jpg,https://prc-symbiota.tacc.utexas.edu:443/symbiota/prc/images/_LL/LL00459907_tn.jpg,https://prc-symbiota.tacc.utexas.edu:443/symbiota/prc/images/_LL/LL00459907.jpg,,"Lundell Herbarium (PRC-LL)","CC0 1.0 (Public-domain)",http://creativecommons.org/publicdomain/zero/1.0/,,,urn:uuid:1d9f9339-c650-4106-b5bc-9bef2755d6f9,"2015-08-28 00:44:56",https://prc-symbiota.tacc.utexas.edu:443/collections/individual/index.php?occid=1414734,StillImage,Photograph,image/jpeg,en
1414735,https://prc-symbiota.tacc.utexas.edu:443/symbiota/prc/images/_LL/LL00459908_lg.jpg,https://prc-symbiota.tacc.utexas.edu:443/symbiota/prc/images/_LL/LL00459908_lg.jpg,https://prc-symbiota.tacc.utexas.edu:443/symbiota/prc/images/_LL/LL00459908_tn.jpg,https://prc-symbiota.tacc.utexas.edu:443/symbiota/prc/images/_LL/LL00459908.jpg,,"Lundell Herbarium (PRC-LL)","CC0 1.0 (Public-domain)",http://creativecommons.org/publicdomain/zero/1.0/,,,urn:uuid:bae0072b-e5d6-46a5-86ba-f8babeed56c2,"2015-08-27 10:27:01",https://prc-symbiota.tacc.utexas.edu:443/collections/individual/index.php?occid=1414735,StillImage,Photograph,image/jpeg,en
