id,institutionCode,collectionCode,basisOfRecord,occurrenceID,catalogNumber,otherCatalogNumbers,kingdom,phylum,class,order,family,scientificName,scientificNameAuthorship,genus,specificEpithet,taxonRank,infraspecificEpithet,identifiedBy,dateIdentified,identificationReferences,identificationRemarks,taxonRemarks,identificationQualifier,typeStatus,recordedBy,recordedByID,associatedCollectors,recordNumber,eventDate,year,month,day,startDayOfYear,endDayOfYear,verbatimEventDate,occurrenceRemarks,habitat,substrate,verbatimAttributes,fieldNumber,informationWithheld,dataGeneralizations,dynamicProperties,associatedTaxa,reproductiveCondition,establishmentMeans,cultivationStatus,lifeStage,sex,individualCount,samplingProtocol,samplingEffort,preparations,country,stateProvince,county,municipality,locality,locationRemarks,localitySecurity,localitySecurityReason,decimalLatitude,decimalLongitude,geodeticDatum,coordinateUncertaintyInMeters,footprintWKT,verbatimCoordinates,georeferencedBy,georeferenceProtocol,georeferenceSources,georeferenceVerificationStatus,georeferenceRemarks,minimumElevationInMeters,maximumElevationInMeters,minimumDepthInMeters,maximumDepthInMeters,verbatimDepth,verbatimElevation,disposition,language,recordEnteredBy,modified,sourcePrimaryKey,collId,recordId,references
1196482,PRC,TEX,PreservedSpecimen,urn:uuid:46520dbf-de42-440e-91ce-381b424590c9,TEX00283404,,Plantae,Magnoliophyta,Magnoliopsida,Rosales,Saxifragaceae,"Heuchera rubescens",Torr.,Heuchera,rubescens,,,"B. L. Turner",,,,,,,"M. S. Young",,,s.n.,1916-08-18,1916,8,18,231,,,,"Moist soil.",,,,,,,,flowering=early,,0,,,,,,,"United States",Texas,Culberson,,"Guadalupe Mts. Pine Canyon.",,0,,,,,,,,,,,,,,,,,,,,,,"2015-08-10 13:58:05",TEX00283404,1,urn:uuid:46520dbf-de42-440e-91ce-381b424590c9,https://prc-symbiota.tacc.utexas.edu:443/collections/individual/index.php?occid=1196482
1196483,PRC,TEX,PreservedSpecimen,urn:uuid:a7976ad6-b364-4efa-ab5b-cc1a59373c93,TEX00283405,,Plantae,Magnoliophyta,Magnoliopsida,Rosales,Saxifragaceae,"Heuchera rubescens",Torr.,Heuchera,rubescens,,,"B. L. Turner",,,,,,,"E. G. Marsh, Jr.",,,117,,,,,,,Jul-35,,,,,,,,,,flowering=early,,0,,,,,,,"United States",Texas,BREWSTER,,"Chisos Mountains State Park.",,0,,,,,,,,,,,,,,,,,,,,,,"2015-08-10 13:58:05",TEX00283405,1,urn:uuid:a7976ad6-b364-4efa-ab5b-cc1a59373c93,https://prc-symbiota.tacc.utexas.edu:443/collections/individual/index.php?occid=1196483
1196484,PRC,TEX,PreservedSpecimen,urn:uuid:99eb5790-85e1-464f-b4a0-88bc6e36de36,TEX00283406,,Plantae,Magnoliophyta,Magnoliopsida,Rosales,Saxifragaceae,"Heuchera rubescens",Torr.,Heuchera,rubescens,,,"B. L. Turner",,,,,,,"M. Butterwick & E. Lott",,,3778,1977-06-07,1977,6,7,158,,,,"Infrequent perennial herb from a woody caudex. In igneous soils.",,,,,,,,flowering=early,,0,,,,,,,"United States",Texas,Presidio,,"Collected at head of minor drainage off east summit of Chinaty Peak. Elev. ca. 7700 ft.",,0,,,,,,,,,,,,,,,,,,,,,,"2015-08-10 13:58:05",TEX00283406,1,urn:uuid:99eb5790-85e1-464f-b4a0-88bc6e36de36,https://prc-symbiota.tacc.utexas.edu:443/collections/individual/index.php?occid=1196484
1196493,PRC,TEX,PreservedSpecimen,urn:uuid:566c0aca-bb9c-4e5f-8434-53b8a5ec8f09,TEX00283426,,Plantae,Magnoliophyta,Magnoliopsida,Rosales,Saxifragaceae,"Lepuropetalon spathulatum",Ell.,Lepuropetalon,spathulatum,,,"B. L. Turner",,,,,,,"W. R. Carr",,,17965,1999-03-13,1999,3,13,72,,,,"Rare in heavily grazed pasture on somewhat sandy loam of alluvial terrace in broad valley bottom.",,,,,,,,"flowering + fruting=mid",,0,,,,,,,"United States",Texas,Fayette,,"N side of Rabbs Creek, ca. 0.1 mi E of Rabbs Creek Rd. bridge, ca. 1.4 airmiles ESE of jct. US Rt. 77 and ---- Rd. at Warda. Green property. Wards Quadrangle. Elev. 290 - 300 ft.",,0,,30.050556,-96.891667,,,,"30d 3m 2s N; 96d 53m 30s",,"1=present on sheet",,,,,,,,,,,,,"2015-08-10 13:58:06",TEX00283426,1,urn:uuid:566c0aca-bb9c-4e5f-8434-53b8a5ec8f09,https://prc-symbiota.tacc.utexas.edu:443/collections/individual/index.php?occid=1196493
1196494,PRC,TEX,PreservedSpecimen,urn:uuid:09c3a4f2-03ee-4eff-9e17-455bccdb9dd1,TEX00283427,,Plantae,Magnoliophyta,Magnoliopsida,Rosales,Saxifragaceae,"Lepuropetalon spathulatum",Ell.,Lepuropetalon,spathulatum,,,"B. L. Turner",,,,,,,"B. C. Tharp",,,47167,1947-03-22,1947,3,22,81,,,,"Wet sand.",,,,,,,,sterile,,0,,,,,,,"United States",Texas,Gonzales,,"Gonzales Co.",,0,,,,,,,,,,,,,,,,,,,,,,"2015-08-10 13:58:06",TEX00283427,1,urn:uuid:09c3a4f2-03ee-4eff-9e17-455bccdb9dd1,https://prc-symbiota.tacc.utexas.edu:443/collections/individual/index.php?occid=1196494
1196495,PRC,TEX,PreservedSpecimen,urn:uuid:48c4b589-a0f4-4d0d-81a2-1048ec3a7c5b,TEX00283428,,Plantae,Magnoliophyta,Magnoliopsida,Rosales,Saxifragaceae,"Lepuropetalon spathulatum",Ell.,Lepuropetalon,spathulatum,,,"B. L. Turner",,,,,,,"W. R. Carr with Paul Turner",,,17947,1999-03-07,1999,3,7,66,,,,"Occasional in sparsely vegetated spots on sandy loam over Pleistocene fluviatile high terrace deposits, on very gently sloping regularly mown unshaded roadside through post oak savanna largely converted to pasture. Associates include Arenaria drumondii, Baptisia leocophaea, Castilleja indivisa, Hypoxis hirsuta, Polytaenia sp., Pyrrhopappus sp., Schizachyrium scoparium, Tithymalus sp., Valerianella florifera, Vicia ludoviciana.",,,,,,,,sterile,,0,,,,,,,"United States",Texas,Lee,,"SE shoulder of FM 180, 0.2 mi NE of jct. US Rt. 290, E of Giddings. Ledbetter Quadrangle. Elev. 430 - 435 ft.",,0,,30.165556,-96.822778,,,,"30d 9m 56s N; 96d 49m 22s",,"1=present on sheet",,,,,,,,,,,,,"2015-08-10 13:58:06",TEX00283428,1,urn:uuid:48c4b589-a0f4-4d0d-81a2-1048ec3a7c5b,https://prc-symbiota.tacc.utexas.edu:443/collections/individual/index.php?occid=1196495
1196496,PRC,TEX,PreservedSpecimen,urn:uuid:a5440426-3a59-4c99-be50-397a5ef9bafe,TEX00283429,,Plantae,Magnoliophyta,Magnoliopsida,Rosales,Saxifragaceae,"Lepuropetalon spathulatum",Ell.,Lepuropetalon,spathulatum,,,"B. L. Turner",,,,,,,"W. R. Carr et al.",,,14498,1995-04-20,1995,4,20,110,,,,"Occasional, nine months after hot wildfire, on wet mossy hummocks in post oak - eastern red cedar - mesquite savanna in seasonally moist sandy loam or loamy sand over claypan over Calvert Bluff Formation (Eocene) on gently sloping to nearly level upland. Associates include Agrostis elliottiana, Agrostis hiemalis, Anagallis arvensis, Bulbostylis capillaris, Callitriche sp., Carex complanata, Centunculus minimus, Dichanthelium acuminatum, D. oligosanthes, Drosera annua, Hedyotis crassifolia, Richardia tricocca, Sisyrinchium minus, Trifolium bejariense.",,,,,,,,sterile,,0,,,,,,,"United States",Texas,Bastrop,,"E side of New Road, 0.5 mi. N of culvert at bend in road, or ca. 0.7 mi N of gas line crossing, ca. 4.1 airmiles SE of jct. US Rt. 290 and FM 696. Camp Swift Training Site (Texas National Guard). Elgin East Quadrangle. Elev. 490 - 500 ft.",,0,,30.261111,-97.264722,,,,"30d 15m 40s N; 97d 15m 53s",,"1=present on sheet",,,,,,,,,,,,,"2015-08-10 13:58:25",TEX00283429,1,urn:uuid:a5440426-3a59-4c99-be50-397a5ef9bafe,https://prc-symbiota.tacc.utexas.edu:443/collections/individual/index.php?occid=1196496
1196497,PRC,TEX,PreservedSpecimen,urn:uuid:a6a60142-1985-469f-862b-9a0ee158ebb8,TEX00283430,,Plantae,Magnoliophyta,Magnoliopsida,Rosales,Saxifragaceae,"Lepuropetalon spathulatum",Ell.,Lepuropetalon,spathulatum,,,"B. L. Turner",,,,,,,"M. S. Young",,,s.n.,1914-02-26,1914,2,26,57,,,,,,,,,,,,sterile,,0,,,,,,,"United States",Texas,TRAVIS,,"Woods east of Waller Creek.",,0,,,,,,,,,,,,,,,,,,,,,,"2015-08-10 13:58:25",TEX00283430,1,urn:uuid:a6a60142-1985-469f-862b-9a0ee158ebb8,https://prc-symbiota.tacc.utexas.edu:443/collections/individual/index.php?occid=1196497
1196498,PRC,TEX,PreservedSpecimen,urn:uuid:6d6781f5-9f83-4bb6-9950-cf21a16ca6f2,TEX00283431,,Plantae,Magnoliophyta,Magnoliopsida,Rosales,Saxifragaceae,"Lepuropetalon spathulatum",Ell.,Lepuropetalon,spathulatum,,,"B. L. Turner",,,,,,,"Clover Lambert",,,97,1998-03-26,1998,3,26,85,,,,,,,,,,,,sterile,,0,,,,,,,"United States",Texas,Falls,,"Mustang Prairie Cemetery off of Texas 14.",,0,,31.251111,-96.640833,,,,"31d 15m 4s N; 96d 38m 27s",,"1=present on sheet",,,,,,,,,,,,,"2015-08-10 13:58:25",TEX00283431,1,urn:uuid:6d6781f5-9f83-4bb6-9950-cf21a16ca6f2,https://prc-symbiota.tacc.utexas.edu:443/collections/individual/index.php?occid=1196498
1196499,PRC,TEX,PreservedSpecimen,urn:uuid:ef5b7296-f147-4892-96cf-a2488e24d957,TEX00283432,,Plantae,Magnoliophyta,Magnoliopsida,Rosales,Saxifragaceae,"Lepuropetalon spathulatum",Ell.,Lepuropetalon,spathulatum,,,"B. L. Turner",,,,,,,"R. Kormanik & B. Benner",,,63,1994-03-04,1994,3,4,63,,,,,,,,,,,,sterile,,0,,,,,,,"United States",Texas,MCLENNAN,,"Waco. Patrick Cemetery, sandy soil near the Brazos river.",,0,,,,,,,,,,,,,,,,,,,,,,"2015-08-10 13:58:25",TEX00283432,1,urn:uuid:ef5b7296-f147-4892-96cf-a2488e24d957,https://prc-symbiota.tacc.utexas.edu:443/collections/individual/index.php?occid=1196499
1196500,PRC,TEX,PreservedSpecimen,urn:uuid:b63a0840-a657-4010-b836-66a3bfdb197d,TEX00283433,,Plantae,Magnoliophyta,Magnoliopsida,Rosales,Saxifragaceae,"Lepuropetalon spathulatum",Ell.,Lepuropetalon,spathulatum,,,"B. L. Turner",,,,,,,"R. Kormanik & B. Benner",,,64,1994-03-04,1994,3,4,63,,,,,,,,,,,,sterile,,0,,,,,,,"United States",Texas,Bosque,,"Coon Creek Cemetery off FM 2114.",,0,,,,,,,,,,,,,,,,,,,,,,"2015-08-10 13:58:25",TEX00283433,1,urn:uuid:b63a0840-a657-4010-b836-66a3bfdb197d,https://prc-symbiota.tacc.utexas.edu:443/collections/individual/index.php?occid=1196500
1196501,PRC,TEX,PreservedSpecimen,urn:uuid:4a11f0c6-b103-4250-b8df-f8cc9d1ad6fa,TEX00283434,,Plantae,Magnoliophyta,Magnoliopsida,Rosales,Saxifragaceae,"Lepuropetalon spathulatum",Ell.,Lepuropetalon,spathulatum,,,"B. L. Turner",,,,,,,"W. R. Carr",,,11623,1992-03-20,1992,3,20,80,,,,"Rooted in sand and gravel with some accumulation of organic matter, in moist shallow depressions.",,,,,,,,sterile,,0,,,,,,,"United States",Texas,Llano,,"Near top of mostly bald Town Mountain Granite outcrop, LCRA tracts at Ferguson Power Plant (JW-4 through JW6); 200-400 ft. W of paved road to power plant, from a point just north of roadcut in bedrock (just N of bridge over water channel), ca. 1.3 roadmiles N of jct. of power plant road and RM 2147, on the S side of Lake LBJ. Marble Falls Quadrangle.",,0,,30.561944,-98.3725,,,,"30d 33m 43s N; 98d 22m 21s",,"1=present on sheet",,,,,,,,,,,,,"2015-08-10 13:58:25",TEX00283434,1,urn:uuid:4a11f0c6-b103-4250-b8df-f8cc9d1ad6fa,https://prc-symbiota.tacc.utexas.edu:443/collections/individual/index.php?occid=1196501
1196502,PRC,TEX,PreservedSpecimen,urn:uuid:de026f3d-5a33-4ae2-b098-977f9f602a20,TEX00283435,,Plantae,Magnoliophyta,Magnoliopsida,Rosales,Saxifragaceae,"Lepuropetalon spathulatum",Ell.,Lepuropetalon,spathulatum,,,"B. L. Turner",,,,,,,"B. C. Tharp",,,s.n.,1936-04-07,1936,4,7,98,,,,,,,,,,,,sterile,,0,,,,,,,"United States",Texas,Chambers,,"Chambers Co.",,0,,,,,,,,,,,,,,,,,,,,,,"2015-08-10 13:58:25",TEX00283435,1,urn:uuid:de026f3d-5a33-4ae2-b098-977f9f602a20,https://prc-symbiota.tacc.utexas.edu:443/collections/individual/index.php?occid=1196502
1196503,PRC,TEX,PreservedSpecimen,urn:uuid:afd091a6-443d-4fc8-bbf3-e6b85707a376,TEX00283436,,Plantae,Magnoliophyta,Magnoliopsida,Rosales,Saxifragaceae,"Lepuropetalon spathulatum",Ell.,Lepuropetalon,spathulatum,,,"B. L. Turner",,,,,,,"R. J. Fleetwood",,,9998,1971-02-24,1971,2,24,55,,,,"""The largest clumps were about the size of a dime."".",,,,,,,,sterile,,0,,,,,,,"United States",Texas,Brazoria,,"Along the Gulf of Mexico at the mouth of the San Bernard river.",,0,,,,,,,,,,,,,,,,,,,,,,"2015-08-10 13:58:25",TEX00283436,1,urn:uuid:afd091a6-443d-4fc8-bbf3-e6b85707a376,https://prc-symbiota.tacc.utexas.edu:443/collections/individual/index.php?occid=1196503
1196504,PRC,TEX,PreservedSpecimen,urn:uuid:fab3cafe-73d5-473b-9cb7-e11444afa099,TEX00283437,,Plantae,Magnoliophyta,Magnoliopsida,Rosales,Saxifragaceae,"Lepuropetalon spathulatum",Ell.,Lepuropetalon,spathulatum,,,"B. L. Turner",,,,,,,"B. C. Tharp & Fred A. Barkley",,,17T002,1947-03-29,1947,3,29,88,,,,"Sandy swampy soil in drained swamp woodland.",,,,,,,,sterile,,0,,,,,,,"United States",Texas,Harris,,"Near Linndale north of Houston.",,0,,,,,,,,,,,,,,,,,,,,,,"2015-08-10 13:58:25",TEX00283437,1,urn:uuid:fab3cafe-73d5-473b-9cb7-e11444afa099,https://prc-symbiota.tacc.utexas.edu:443/collections/individual/index.php?occid=1196504
1196505,PRC,TEX,PreservedSpecimen,urn:uuid:e233ec58-e5fa-4a97-9cf6-3aea9ffb85b1,TEX00283438,,Plantae,Magnoliophyta,Magnoliopsida,Rosales,Saxifragaceae,"Lepuropetalon spathulatum",Ell.,Lepuropetalon,spathulatum,,,"B. L. Turner",,,,,,,"B. C. Tharp & Fred A. Barkley",,,47087,1947-03-31,1947,3,31,90,,,,"Sandy prairie.",,,,,,,,sterile,,0,,,,,,,"United States",Texas,Wharton,,"Eight miles east of Eagle Lake.",,0,,,,,,,,,,,,,,,,,,,,,,"2015-08-10 13:58:25",TEX00283438,1,urn:uuid:e233ec58-e5fa-4a97-9cf6-3aea9ffb85b1,https://prc-symbiota.tacc.utexas.edu:443/collections/individual/index.php?occid=1196505
1196506,PRC,TEX,PreservedSpecimen,urn:uuid:27ff0a64-1a23-4a5d-b96d-3c4eb5e00be0,TEX00283439,,Plantae,Magnoliophyta,Magnoliopsida,Rosales,Saxifragaceae,"Lepuropetalon spathulatum",Ell.,Lepuropetalon,spathulatum,,,"B. L. Turner",,,,,,,"Steve L. Orzell & Edwin L. Bridges",,,9137,1989-04-10,1989,4,10,100,,,,"Open Catahoula barrens. Geology - Catahoula Formation (Miocene). Soils - Browndell (Albaquic Hapludalfs). Community dominated by Quercus marilandica - Vaccinium arboreum / Bigelowia nuttallii.",,,,,,,,sterile,,0,,,,,,,"United States",Texas,Jasper,,"On E side of Buck Branch, ca. 0.4 mi E of jct FS Rd 333 and TX 63, ca. 2.8 air mi WNW of Ebenezer, Ebenezer 7.5' Quad., Buck Branch Barrens, Angelina NF. Elev. 180 - 200 ft.",,0,,31.058333,-94.200278,,,,"31d 3m 30s N; 94d 12m 1s",,"1=present on sheet",,,,,,,,,,,,,"2015-08-10 13:58:25",TEX00283439,1,urn:uuid:27ff0a64-1a23-4a5d-b96d-3c4eb5e00be0,https://prc-symbiota.tacc.utexas.edu:443/collections/individual/index.php?occid=1196506
1196507,PRC,TEX,PreservedSpecimen,urn:uuid:97bd836b-3a4f-4eeb-9637-638d1e4e4a98,TEX00283440,,Plantae,Magnoliophyta,Magnoliopsida,Rosales,Saxifragaceae,"Lepuropetalon spathulatum",Ell.,Lepuropetalon,spathulatum,,,"B. L. Turner",,,,,,,"C. L. York et al.",,,47208,1947-04-04,1947,4,4,94,,,,"Old field.",,,,,,,,sterile,,0,,,,,,,"United States",Texas,Polk,,"About three miles east of Corrigan.",,0,,,,,,,,,,,,,,,,,,,,,,"2015-08-10 13:58:25",TEX00283440,1,urn:uuid:97bd836b-3a4f-4eeb-9637-638d1e4e4a98,https://prc-symbiota.tacc.utexas.edu:443/collections/individual/index.php?occid=1196507
1196508,PRC,TEX,PreservedSpecimen,urn:uuid:fdeed975-b575-44a3-9f0c-f01abd294cf4,TEX00283441,,Plantae,Magnoliophyta,Magnoliopsida,Rosales,Saxifragaceae,"Lepuropetalon spathulatum",Ell.,Lepuropetalon,spathulatum,,,"B. L. Turner",,,,,,,"Steve L. Orzell & Edwin L. Bridges",,,9190,1989-04-11,1989,4,11,101,,,,"Open Weches Formation ironside outcrops. Geology - Weches Formation (Eocene).",,,,,,,,sterile,,0,,,,,,,"United States",Texas,Sabine,,"On W side of TX 21, ca. 1.5 mi S of Geneva, Geneva 7.5' Quad. Elev. 390 ft.",,0,,31.456111,-93.910278,,,,"31d 27m 22s N; 93d 54m 37s",,"1=present on sheet",,,,,,,,,,,,,"2015-08-10 13:58:25",TEX00283441,1,urn:uuid:fdeed975-b575-44a3-9f0c-f01abd294cf4,https://prc-symbiota.tacc.utexas.edu:443/collections/individual/index.php?occid=1196508
1196509,PRC,TEX,PreservedSpecimen,urn:uuid:28c21086-12c1-4c1e-9d7c-ad291d85ce93,TEX00283442,,Plantae,Magnoliophyta,Magnoliopsida,Rosales,Saxifragaceae,"Lepuropetalon spathulatum",Ell.,Lepuropetalon,spathulatum,,,"B. L. Turner",,,,,,,"W. R. Carr with M. Gallyoun",,,17981,1999-03-23,1999,3,23,82,,,,"Rare with Juncus capitatus in patches of bare reddish sandy clay, in level area in cemetery partially shaded by upland post oak woodland.",,,,,,,,sterile,,0,,,,,,,"United States",Texas,Anderson,,"Holly Spring Cemetery, E side of Co. Rd. 2413, 0.5 mi S of jct. FM 2330 (this jct. is 1.2 mi W of St. Rt. 19 N of Montalba). Blackfoot Quadrangle. Elev. 390 - 400 ft.",,0,,31.895,-95.760556,,,,"31d 53m 42s N; 95d 45m 38s",,"1=present on sheet",,,,,,,,,,,,,"2015-08-10 13:58:25",TEX00283442,1,urn:uuid:28c21086-12c1-4c1e-9d7c-ad291d85ce93,https://prc-symbiota.tacc.utexas.edu:443/collections/individual/index.php?occid=1196509
1196510,PRC,TEX,PreservedSpecimen,urn:uuid:ddb31904-d213-4806-bc38-db0a8d276c8c,TEX00283443,,Plantae,Magnoliophyta,Magnoliopsida,Rosales,Saxifragaceae,"Lepuropetalon spathulatum",Ell.,Lepuropetalon,spathulatum,,,"B. L. Turner",,,,,,,"B. C. Tharp & Fred A. Barkley",,,47123,1947-03-28,1947,3,28,87,,,,"Moist sand.",,,,,,,,sterile,,0,,,,,,,"United States",Texas,Brazos,,"10 miles south of College Station.",,0,,,,,,,,,,,,,,,,,,,,,,"2015-08-10 13:58:25",TEX00283443,1,urn:uuid:ddb31904-d213-4806-bc38-db0a8d276c8c,https://prc-symbiota.tacc.utexas.edu:443/collections/individual/index.php?occid=1196510
1196511,PRC,TEX,PreservedSpecimen,urn:uuid:fc7978aa-4c07-453c-bd6b-d6ce7c9920bb,TEX00283445,,Plantae,Magnoliophyta,Magnoliopsida,Rosales,Saxifragaceae,"Lepuropetalon spathulatum",Ell.,Lepuropetalon,spathulatum,,,"B. L. Turner",,,,,,,"Rogers McVaugh",,,7631,1947-03-23,1947,3,23,82,,,,"Plants yellow green.",,,,,,,,sterile,,0,,,,,,,"United States",Texas,Milam,,"Moist sandy roadside banks 14 miles NE of Milano (3.5 miles NE of Gause).",,0,,,,,,,,,,,,,,,,,,,,,,"2015-08-10 13:58:25",TEX00283445,1,urn:uuid:fc7978aa-4c07-453c-bd6b-d6ce7c9920bb,https://prc-symbiota.tacc.utexas.edu:443/collections/individual/index.php?occid=1196511
1196512,PRC,TEX,PreservedSpecimen,urn:uuid:cc8682c8-fc9e-43f6-b68a-e2b81004c9b5,TEX00283446,,Plantae,Magnoliophyta,Magnoliopsida,Rosales,Saxifragaceae,"Lepuropetalon spathulatum",Ell.,Lepuropetalon,spathulatum,,,"B. L. Turner",,,,,,,"W. R. Carr with Jason Singhurst",,,14453,1995-04-11,1995,4,11,101,,,,"Rare, local in very shallow fine sandy loam (mapped as Axtell Series medium acid Udertic Paleustalfs) on seasonally seepy unshaded reddish brown glauconitic exposure of Calvert Bluff Formation (Eocene). Associates include Centunculus minimus, Drosera annua, Liatris sp., Krigia spp., Hypoxis hirsuta, Vulpia octoflora, Stylosanthes biflora.",,,,,,,,sterile,,0,,,,,,,"United States",Texas,Freestone,,"Along fenceline clearing through upland post oak woodland at southern tip of park, ca. 0.7 airmiles SE of park HQ, ca. 3.5-3.6 airmiles E to ENE of jct. FM 1124 and FM 3285 NE of Fairfield. Fairfield Lake State Park. Young Quadrangle. Elev. 360 ft.",,0,,31.758611,-96.0625,,,,"31d 45m 31s N; 96d 3m 45s",,"1=present on sheet",,,,,,,,,,,,,"2015-08-10 13:58:25",TEX00283446,1,urn:uuid:cc8682c8-fc9e-43f6-b68a-e2b81004c9b5,https://prc-symbiota.tacc.utexas.edu:443/collections/individual/index.php?occid=1196512
1196538,PRC,TEX,PreservedSpecimen,urn:uuid:6c8295d9-bb27-4ad6-a4fa-16ccb441da04,TEX00283487,,Plantae,Magnoliophyta,Magnoliopsida,Rosales,Saxifragaceae,"Micranthes texana","(Buckl.) Small",Micranthes,texana,,,"B. L. Turner, 2012",,,,,,,"E. M. Trew, Jr.",,,172,1949-03-02,1949,3,2,61,,,,"Railroad embankment - fine sandy loam soil.",,,,,,,,"flowering + fruting=mid",,0,,,,,,,"United States",Texas,Brazos,,"Along Southern Pacific Railroad - 1 mile south College Station.",,0,,,,,,,,,,,,,,,,,,,,,,"2015-08-10 13:58:26",TEX00283487,1,urn:uuid:6c8295d9-bb27-4ad6-a4fa-16ccb441da04,https://prc-symbiota.tacc.utexas.edu:443/collections/individual/index.php?occid=1196538
1196539,PRC,TEX,PreservedSpecimen,urn:uuid:eca9b8ea-947a-47f8-aa8f-df6fdb236359,TEX00283488,,Plantae,Magnoliophyta,Magnoliopsida,Rosales,Saxifragaceae,"Micranthes texana","(Buckl.) Small",Micranthes,texana,,,"B. L. Turner, 2012",,,,,,,"Lloyd Williams",,,2,,,,,,,Mar-33,,,,,,,,,,"flowering + fruting=mid",,0,,,,,,,"United States",Texas,Navarro,,"Navarro Co. (School State Home. P. O. Corsicana.).",,0,,,,,,,,,,,,,,,,,,,,,,"2015-08-10 13:58:26",TEX00283488,1,urn:uuid:eca9b8ea-947a-47f8-aa8f-df6fdb236359,https://prc-symbiota.tacc.utexas.edu:443/collections/individual/index.php?occid=1196539
1196540,PRC,TEX,PreservedSpecimen,urn:uuid:64fbc0d5-bb24-4479-8cd1-9f46bfbcdfc5,TEX00283489,,Plantae,Magnoliophyta,Magnoliopsida,Rosales,Saxifragaceae,"Micranthes texana","(Buckl.) Small",Micranthes,texana,,,"B. L. Turner, 2012",,,,,,,"J. B. Henderson",,,1,,,,,,,Feb-29,,,,,,,,,,"flowering + fruting=mid",,0,,,,,,,"United States",Texas,"Van Zandt",,"Van Zandt Co. (School Wills Point, P. O. Wills Point).",,0,,,,,,,,,,,,,,,,,,,,,,"2015-08-10 13:58:26",TEX00283489,1,urn:uuid:64fbc0d5-bb24-4479-8cd1-9f46bfbcdfc5,https://prc-symbiota.tacc.utexas.edu:443/collections/individual/index.php?occid=1196540
1196541,PRC,TEX,PreservedSpecimen,urn:uuid:56a681da-dbf0-448f-a7fc-adeea3eca35a,TEX00283490,,Plantae,Magnoliophyta,Magnoliopsida,Rosales,Saxifragaceae,"Micranthes texana","(Buckl.) Small",Micranthes,texana,,,"B. L. Turner, 2012",,,,,,,"Rogers McVaugh",,,7627,1947-03-22,1947,3,22,81,,,,"Blackland prairie pasture. Petals white; plant reddish or yellow; sepals and carpels reddish.",,,,,,,,"flowering + fruting=mid",,0,,,,,,,"United States",Texas,Kaufman,,"4 miles SSE of Kaufman.",,0,,,,,,,,,,,,,,,,,,,,,,"2015-08-10 13:58:26",TEX00283490,1,urn:uuid:56a681da-dbf0-448f-a7fc-adeea3eca35a,https://prc-symbiota.tacc.utexas.edu:443/collections/individual/index.php?occid=1196541
1196542,PRC,TEX,PreservedSpecimen,urn:uuid:b8b9bfe8-a0c1-431b-b1aa-7adf0126ed44,TEX00283491,,Plantae,Magnoliophyta,Magnoliopsida,Rosales,Saxifragaceae,"Micranthes texana","(Buckl.) Small",Micranthes,texana,,,"B. L. Turner, 2012",,,,,,,"W. R. Carr",,,12539,1993-03-30,1993,3,30,89,,,,"Rare with Cardamine hirsuta in sandy clay loam, recently burned grassland on rolling upland.",,,,,,,,"flowering + fruting=mid",,0,,,,,,,"United States",Texas,Lamar,,"1000 ft. E of N-S road leading to Rich Hill Cemetery, 0.8 mi N of main road, ca. 2.5 airmiles NNW of jct. FM 2648 and US Rt. 271. Camp Maxey Training Area (Texas National Guard). Pat Mayse East Quadrangle. Elev. 500 - 510 ft.",,0,,33.809167,-95.566667,,,,"33d 48m 33s N; 95d 34m",,"1=present on sheet",,,,,,,,,,,,,"2015-08-10 13:58:26",TEX00283491,1,urn:uuid:b8b9bfe8-a0c1-431b-b1aa-7adf0126ed44,https://prc-symbiota.tacc.utexas.edu:443/collections/individual/index.php?occid=1196542
1196543,PRC,TEX,PreservedSpecimen,urn:uuid:83a08a61-1fa2-4dbc-a242-450ff772ea2c,TEX00283492,,Plantae,Magnoliophyta,Magnoliopsida,Rosales,Saxifragaceae,"Micranthes texana","(Buckl.) Small",Micranthes,texana,,,"B. L. Turner, 2012",,,,,,,"B. C. Tharp",,,52-12,1952-03-08,1952,3,8,68,,,,,,,,,,,,"flowering + fruting=mid",,0,,,,,,,"United States",Texas,Lee,,"Queen City or Jackson geologic formation.",,0,,,,,,,,,,,,,,,,,,,,,,"2015-08-10 13:58:26",TEX00283492,1,urn:uuid:83a08a61-1fa2-4dbc-a242-450ff772ea2c,https://prc-symbiota.tacc.utexas.edu:443/collections/individual/index.php?occid=1196543
1196544,PRC,TEX,PreservedSpecimen,urn:uuid:59318cdd-5204-408d-aaa9-74aaeacf06ca,TEX00283493,,Plantae,Magnoliophyta,Magnoliopsida,Rosales,Saxifragaceae,"Micranthes texana","(Buckl.) Small",Micranthes,texana,,,"B. L. Turner, 2012",,,,,,,"Steve L. Orzell & Edwin L. Bridges",,,5004,1987-04-01,1987,4,1,91,,,,"Open xeric Catahoula barrens. Geology - Catahoula Formation (Miocene). Soils - Browndell-rock outcrop (Albaquic Hapludalfs). Community dominated by Bigelowia nuttalii.",,,,,,,,"flowering + fruting=mid",,0,,,,,,,"United States",Texas,Jasper,,"Along TX 63, 0.1 mi S of Post Oak Road, ca. 1.0 mi N of R255, along headwaters of Black Branch, Ebenezer 7.5' Quad., Black Branch Barrens, Angelina NF. Elev. 150 - 170 ft.",,0,,31.041667,-94.184722,,,,"31d 2m 30s N; 94d 11m 5s",,"1=present on sheet",,,,,,,,,,,,,"2015-08-10 13:58:26",TEX00283493,1,urn:uuid:59318cdd-5204-408d-aaa9-74aaeacf06ca,https://prc-symbiota.tacc.utexas.edu:443/collections/individual/index.php?occid=1196544
1196545,PRC,TEX,PreservedSpecimen,urn:uuid:ea3c2fc9-c08f-4b80-8c68-cab708c7d218,TEX00283494,,Plantae,Magnoliophyta,Magnoliopsida,Rosales,Saxifragaceae,"Micranthes texana","(Buckl.) Small",Micranthes,texana,,,"B. L. Turner, 2012",,,,,,,"Steve L. Orzell & Edwin L. Bridges",,,4974,1987-03-30,1987,3,30,89,,,,"Open Weches Formation ironstone outcrops. Geology - Weches Formation (Eocene).",,,,,,,,"flowering + fruting=mid",,0,,,,,,,"United States",Texas,Sabine,,"On W side of TX 21, ca. 1.5 mi S of Geneva, Geneva 7.5' Quad. Elev. 390 ft.",,0,,31.456111,-93.910278,,,,"31d 27m 22s N; 93d 54m 37s",,"1=present on sheet",,,,,,,,,,,,,"2015-08-10 13:58:26",TEX00283494,1,urn:uuid:ea3c2fc9-c08f-4b80-8c68-cab708c7d218,https://prc-symbiota.tacc.utexas.edu:443/collections/individual/index.php?occid=1196545
1196546,PRC,TEX,PreservedSpecimen,urn:uuid:fbe4bf6b-70fc-4822-aad6-0937a9a75c02,TEX00283496,,Plantae,Magnoliophyta,Magnoliopsida,Rosales,Saxifragaceae,"Micranthes texana","(Buckl.) Small",Micranthes,texana,,,"B. L. Turner, 2012",,,,,,,School,,,6022,,,,,,,Apr-27,,,,,,,,,,"flowering + fruting=mid",,0,,,,,,,"United States",Texas,Titus,,Talco.,,0,,,,,,,,,,,,,,,,,,,,,,"2015-08-10 13:58:26",TEX00283496,1,urn:uuid:fbe4bf6b-70fc-4822-aad6-0937a9a75c02,https://prc-symbiota.tacc.utexas.edu:443/collections/individual/index.php?occid=1196546
1242436,PRC,TEX,PreservedSpecimen,urn:uuid:bc78f58b-31aa-4a9d-b838-5c7fdb23d7c0,TEX00352858,,Plantae,Magnoliophyta,Magnoliopsida,Rosales,Saxifragaceae,"Heuchera rubescens",Torr.,Heuchera,rubescens,,,"B. L. Turner",,,,,,,"L. C. Hinckley",,,s.n.,1934-09-29,1934,9,29,272,,,,,,,,,,,,fruiting=late,,0,,,,,,,"United States",Texas,"Jeff Davis",,"Mt. Livermore.",,0,,,,,,,,,,,,,,,,,,,,,,"2015-08-10 17:29:29",TEX00352858,1,urn:uuid:bc78f58b-31aa-4a9d-b838-5c7fdb23d7c0,https://prc-symbiota.tacc.utexas.edu:443/collections/individual/index.php?occid=1242436
1242437,PRC,TEX,PreservedSpecimen,urn:uuid:6a26c487-4292-495d-8024-4cb0ef7b110b,TEX00352859,,Plantae,Magnoliophyta,Magnoliopsida,Rosales,Saxifragaceae,"Heuchera rubescens",Torr.,Heuchera,rubescens,,,"B. L. Turner",,,,,,,"M. S. Young",,,s.n.,1914-08-14,1914,8,14,226,,,,"A Rocky Mountain species.",,,,,,,,fruiting=late,,0,,,,,,,"United States",Texas,"Jeff Davis",,"Gorge near summit of Mt. Livermore.",,0,,,,,,,,,,,,,,,,,,,,,,"2015-08-10 17:29:29",TEX00352859,1,urn:uuid:6a26c487-4292-495d-8024-4cb0ef7b110b,https://prc-symbiota.tacc.utexas.edu:443/collections/individual/index.php?occid=1242437
1242438,PRC,TEX,PreservedSpecimen,urn:uuid:352426a0-cb1a-48a2-8693-ba140c4c3c22,TEX00352860,,Plantae,Magnoliophyta,Magnoliopsida,Rosales,Saxifragaceae,"Heuchera rubescens",Torr.,Heuchera,rubescens,,,"B. L. Turner",,,,,,,"M. S. Young",,,s.n.,1915-08-09,1915,8,9,221,,,,"High moist slope.",,,,,,,,sterile,,0,,,,,,,"United States",Texas,Brewster,,"Chisos Mts., Nail Place.",,0,,,,,,,,,,,,,,,,,,,,,,"2015-08-10 17:29:29",TEX00352860,1,urn:uuid:352426a0-cb1a-48a2-8693-ba140c4c3c22,https://prc-symbiota.tacc.utexas.edu:443/collections/individual/index.php?occid=1242438
1242439,PRC,TEX,PreservedSpecimen,urn:uuid:531774d2-e26b-47bb-9789-914445b38bb4,TEX00352861,,Plantae,Magnoliophyta,Magnoliopsida,Rosales,Saxifragaceae,"Heuchera rubescens",Torr.,Heuchera,rubescens,,,"B. L. Turner",,,,,,,"C. H. Mueller",,,s.n.,1932-07-29,1932,7,29,211,,,,,,,,,,,,"flowering + fruiting=mid",,0,,,,,,,"United States",Texas,Brewster,,"Chisos Mts.",,0,,,,,,,,,,,,,,,,,,,,,,"2015-08-10 17:29:29",TEX00352861,1,urn:uuid:531774d2-e26b-47bb-9789-914445b38bb4,https://prc-symbiota.tacc.utexas.edu:443/collections/individual/index.php?occid=1242439
1242440,PRC,TEX,PreservedSpecimen,urn:uuid:b2dbfdcf-1e1f-49d9-b2b0-c18a2b77f383,TEX00352862,,Plantae,Magnoliophyta,Magnoliopsida,Rosales,Saxifragaceae,"Heuchera rubescens",Torr.,Heuchera,rubescens,,,"B. L. Turner",,,,,,,"C. H. Mueller",,,s.n.,1931-06-17,1931,6,17,168,,,,,,,,,,,,flowering=early,,0,,,,,,,"United States",Texas,Brewster,,"Chisos Mts.",,0,,,,,,,,,,,,,,,,,,,,,,"2015-08-10 17:29:29",TEX00352862,1,urn:uuid:b2dbfdcf-1e1f-49d9-b2b0-c18a2b77f383,https://prc-symbiota.tacc.utexas.edu:443/collections/individual/index.php?occid=1242440
1242441,PRC,TEX,PreservedSpecimen,urn:uuid:92267faf-f9d7-41a5-a03e-9c198627c1e0,TEX00352863,,Plantae,Magnoliophyta,Magnoliopsida,Rosales,Saxifragaceae,"Heuchera rubescens",Torr.,Heuchera,rubescens,,,"B. L. Turner",,,,,,,"M. S. Young",,,s.n.,1916-08-22,1916,8,22,235,,,,,,,,,,,,flowering=early,,0,,,,,,,"United States",Texas,Culberson,,"Guadalupe Mts. Top of Signal Peak.",,0,,,,,,,,,,,,,,,,,,,,,,"2015-08-10 17:29:29",TEX00352863,1,urn:uuid:92267faf-f9d7-41a5-a03e-9c198627c1e0,https://prc-symbiota.tacc.utexas.edu:443/collections/individual/index.php?occid=1242441
1242442,PRC,TEX,PreservedSpecimen,urn:uuid:799757d0-ed18-49d3-b926-04dee8c49396,TEX00352865,,Plantae,Magnoliophyta,Magnoliopsida,Rosales,Saxifragaceae,"Lepuropetalon spathulatum",Ell.,Lepuropetalon,spathulatum,,,"B. L. Turner",,,,,,,"Eula Whitehouse",,,s.n.,,,,,,,Mar-31,,,,,,,,,,"flowering + fruiting=mid",,0,,,,,,,"United States",Texas,Llano,,"Enchanted Rock.",,0,,,,,,,,,,,,,,,,,,,,,,"2015-08-10 17:29:29",TEX00352865,1,urn:uuid:799757d0-ed18-49d3-b926-04dee8c49396,https://prc-symbiota.tacc.utexas.edu:443/collections/individual/index.php?occid=1242442
1242443,PRC,TEX,PreservedSpecimen,urn:uuid:9b7c7379-fd26-4786-9fe0-fba97b6f570c,TEX00352866,,Plantae,Magnoliophyta,Magnoliopsida,Rosales,Saxifragaceae,"Lepuropetalon spathulatum",Ell.,Lepuropetalon,spathulatum,,,"B. L. Turner",,,,,,,"B. C. Tharp",,,s.n.,1920-03-19,1920,3,19,79,,,,,,,,,,,,"flowering + fruiting=mid",,0,,,,,,,"United States",Texas,Bastrop,,Bastrop.,,0,,,,,,,,,,,,,,,,,,,,,,"2015-08-10 17:29:29",TEX00352866,1,urn:uuid:9b7c7379-fd26-4786-9fe0-fba97b6f570c,https://prc-symbiota.tacc.utexas.edu:443/collections/individual/index.php?occid=1242443
1242444,PRC,TEX,PreservedSpecimen,urn:uuid:069e5dd9-e443-445d-be1a-cd4a110c7e00,TEX00352868,,Plantae,Magnoliophyta,Magnoliopsida,Rosales,Saxifragaceae,"Lepuropetalon spathulatum",Ell.,Lepuropetalon,spathulatum,,,"B. L. Turner",,,,,,,"B. C. Tharp, B. H. Warnock & Fred A. Barkley",,,19T018,1946-03-10,1946,3,10,69,,,,"Compact sand in bottom.",,,,,,,,"flowering + fruiting=mid",,0,,,,,,,"United States",Texas,Bastrop,,"By Alum Creek south of Bastrop State Pines Park.",,0,,,,,,,,,,,,,,,,,,,,,,"2015-08-10 17:29:29",TEX00352868,1,urn:uuid:069e5dd9-e443-445d-be1a-cd4a110c7e00,https://prc-symbiota.tacc.utexas.edu:443/collections/individual/index.php?occid=1242444
1242445,PRC,TEX,PreservedSpecimen,urn:uuid:c5fddfd1-9784-467d-a8c2-f49eadbc2efa,TEX00352869,,Plantae,Magnoliophyta,Magnoliopsida,Rosales,Saxifragaceae,"Lepuropetalon spathulatum",Ell.,Lepuropetalon,spathulatum,,,"B. L. Turner",,,,,,,"B. C. Tharp",,,47029,1947-03-09,1947,3,9,68,,,,"Moist sandy soil.",,,,,,,,"flowering + fruiting=mid",,0,,,,,,,"United States",Texas,Bastrop,,"Bastrop County.",,0,,,,,,,,,,,,,,,,,,,,,,"2015-08-10 17:29:29",TEX00352869,1,urn:uuid:c5fddfd1-9784-467d-a8c2-f49eadbc2efa,https://prc-symbiota.tacc.utexas.edu:443/collections/individual/index.php?occid=1242445
1242446,PRC,TEX,PreservedSpecimen,urn:uuid:097f68e8-1da7-4792-97e7-f180a06ec07f,TEX00352870,,Plantae,Magnoliophyta,Magnoliopsida,Rosales,Saxifragaceae,"Lepuropetalon spathulatum",Ell.,Lepuropetalon,spathulatum,,,"B. L. Turner",,,,,,,"Rogers McVaugh",,,7632,1947-03-23,1947,3,23,82,,,,"Low wet spot in pasture, sandy soil. Plants yellow-green.",,,,,,,,"flowering + fruiting=mid",,0,,,,,,,"United States",Texas,Lee,,"1.5 miles north of Giddings.",,0,,,,,,,,,,,,,,,,,,,,,,"2015-08-10 17:29:29",TEX00352870,1,urn:uuid:097f68e8-1da7-4792-97e7-f180a06ec07f,https://prc-symbiota.tacc.utexas.edu:443/collections/individual/index.php?occid=1242446
1242465,PRC,TEX,PreservedSpecimen,urn:uuid:b92acc97-5c22-4656-ad30-03518d73b91b,TEX00352902,,Plantae,Magnoliophyta,Magnoliopsida,Rosales,Saxifragaceae,"Lepuropetalon spathulatum",Ell.,Lepuropetalon,spathulatum,,,"B. L. Turner",,,,,,,"Rogers McVaugh",,,7625,1947-03-22,1947,3,22,81,,,,"Blackland prairie, plants yellow-green. Anthers pale-yellow.",,,,,,,,"flowering + fruiting=mid",,0,,,,,,,"United States",Texas,Kaufman,,"4 miles SSE of Kaufman.",,0,,,,,,,,,,,,,,,,,,,,,,"2015-08-10 17:29:30",TEX00352902,1,urn:uuid:b92acc97-5c22-4656-ad30-03518d73b91b,https://prc-symbiota.tacc.utexas.edu:443/collections/individual/index.php?occid=1242465
1242466,PRC,TEX,PreservedSpecimen,urn:uuid:09e2074f-2863-4b86-8bc6-c17b146d0b68,TEX00352903,,Plantae,Magnoliophyta,Magnoliopsida,Rosales,Saxifragaceae,"Lepuropetalon spathulatum",Ell.,Lepuropetalon,spathulatum,,,"B. L. Turner",,,,,,,"L. H. Do",,,333,1955-03-10,1955,3,10,69,,,,"Soil sandy.",,,,,,,,"flowering + fruiting=mid",,0,,,,,,,"United States",Texas,Freestone,,"Fairfield Lake State Recreational Area, 6 miles northeast of Fairfield, along fence of Chancellor Cemetery.",,0,,,,,,,,,,,,,,,,,,,,,,"2015-08-10 17:29:30",TEX00352903,1,urn:uuid:09e2074f-2863-4b86-8bc6-c17b146d0b68,https://prc-symbiota.tacc.utexas.edu:443/collections/individual/index.php?occid=1242466
1242467,PRC,TEX,PreservedSpecimen,urn:uuid:72689198-30a6-45c5-86ad-991803a50884,TEX00352906,,Plantae,Magnoliophyta,Magnoliopsida,Rosales,Saxifragaceae,"Parnassia asarifolia",Vent.,Parnassia,asarifolia,,,"B. L. Turner",,,,,,,"B. R. & M. H. MacRoberts",,,3344,1997-05-29,1997,5,29,149,,,,"In wet stream bottom dominated by ferns and sphagnum moss. Along stream sides, locally common.",,,,,,,,sterile,,0,,,,,,,"United States",Texas,Nacogdoches,,"3.1 miles east of junction of Hwy. 259 and 1087.",,0,,,,,,,,,,,,,,,,,,,,,,"2015-08-10 17:29:30",TEX00352906,1,urn:uuid:72689198-30a6-45c5-86ad-991803a50884,https://prc-symbiota.tacc.utexas.edu:443/collections/individual/index.php?occid=1242467
1242542,PRC,TEX,PreservedSpecimen,urn:uuid:6e8de380-1696-4c5c-8e52-eec1439bbc9d,TEX00359014,,Plantae,Magnoliophyta,Magnoliopsida,Rosales,Saxifragaceae,"Micranthes texana","(Buckl.) Small",Micranthes,texana,,,"B. L. Turner, 2012",,,,,,,"E. McMullan",,,s.n.,1927-03-13,1927,3,13,72,,,,"Roadside. Only one specimen found.",,,,,,,,flowering=early,,0,,,,,,,"United States",Texas,Lamar,,Paris.,,0,,,,,,,,,,,,,,,,,,,,,,"2015-08-10 17:29:51",TEX00359014,1,urn:uuid:6e8de380-1696-4c5c-8e52-eec1439bbc9d,https://prc-symbiota.tacc.utexas.edu:443/collections/individual/index.php?occid=1242542
1242543,PRC,TEX,PreservedSpecimen,urn:uuid:635cd075-7e12-4e7e-ad95-4ef8c10fd94f,TEX00359015,,Plantae,Magnoliophyta,Magnoliopsida,Rosales,Saxifragaceae,"Micranthes texana","(Buckl.) Small",Micranthes,texana,,,"B. L. Turner, 2012",,,,,,,"D. H. Buck",,,s.n.,1946-03-10,1946,3,10,69,,,,"Post oak woods.",,,,,,,,flowering=early,,0,,,,,,,"United States",Texas,Brazos,,"2 miles W Wellborm.",,0,,,,,,,,,,,,,,,,,,,,,,"2015-08-10 17:29:51",TEX00359015,1,urn:uuid:635cd075-7e12-4e7e-ad95-4ef8c10fd94f,https://prc-symbiota.tacc.utexas.edu:443/collections/individual/index.php?occid=1242543
1242544,PRC,TEX,PreservedSpecimen,urn:uuid:12f30bf7-0e46-41d3-a241-b585cf18702b,TEX00359016,,Plantae,Magnoliophyta,Magnoliopsida,Rosales,Saxifragaceae,"Micranthes texana","(Buckl.) Small",Micranthes,texana,,,"B. L. Turner, 2012",,,,,,,"R. W. Strandtmann",,,s.n.,1937-02-16,1937,2,16,47,,,,,,,,,,,,flowering=early,,0,,,,,,,"United States",Texas,Brazos,,"College Station.",,0,,,,,,,,,,,,,,,,,,,,,,"2015-08-10 17:29:51",TEX00359016,1,urn:uuid:12f30bf7-0e46-41d3-a241-b585cf18702b,https://prc-symbiota.tacc.utexas.edu:443/collections/individual/index.php?occid=1242544
1242545,PRC,TEX,PreservedSpecimen,urn:uuid:03a4358c-cf05-4580-bf9a-7373cff2679d,TEX00359017,,Plantae,Magnoliophyta,Magnoliopsida,Rosales,Saxifragaceae,"Micranthes texana","(Buckl.) Small",Micranthes,texana,,,"B. L. Turner, 2012",,,,,,,"B. C. Tharp & F. G. Barkley",,,47112,1947-03-28,1947,3,28,87,,,,Grassland.,,,,,,,,flowering=early,,0,,,,,,,"United States",Texas,Brazos,,"About 10 miles south of College Station.",,0,,,,,,,,,,,,,,,,,,,,,,"2015-08-10 17:29:51",TEX00359017,1,urn:uuid:03a4358c-cf05-4580-bf9a-7373cff2679d,https://prc-symbiota.tacc.utexas.edu:443/collections/individual/index.php?occid=1242545
1242546,PRC,TEX,PreservedSpecimen,urn:uuid:575351c9-80dd-4eee-be50-0a33e63c6cad,TEX00359018,,Plantae,Magnoliophyta,Magnoliopsida,Rosales,Saxifragaceae,"Micranthes texana","(Buckl.) Small",Micranthes,texana,,,"B. L. Turner, 2012",,,,,,,"V. L. Cory",,,27940,1938-03-02,1938,3,2,61,,,,,,,,,,,,flowering=early,,0,,,,,,,"United States",Texas,Brazos,,"College Station.",,0,,,,,,,,,,,,,,,,,,,,,,"2015-08-10 17:29:51",TEX00359018,1,urn:uuid:575351c9-80dd-4eee-be50-0a33e63c6cad,https://prc-symbiota.tacc.utexas.edu:443/collections/individual/index.php?occid=1242546
1286626,PRC,TEX,PreservedSpecimen,urn:uuid:0de0336c-11eb-49fc-ac49-674a47d56409,TEX00422577,,Plantae,Magnoliophyta,Magnoliopsida,Rosales,Saxifragaceae,"Micranthes texana","(Buckl.) Small",Micranthes,texana,,,"B. L. Turner, 2012",,,,,,,"Steve L. Orzell, B. Mahler, and E. E. Lyons",,,5950,1988-03-18,1988,3,18,78,,,,"Open Weches Formation ironstone outcrops. Geology - Weches Formation (Eocene). Associates include Sedum pulchellum, Minuartia patula, Galium virgatum, Medicago minima, Anagallis arvensis, and Nostoc sp.",,,,,,,,flowering=early,,0,,,,,,,"United States",Texas,Sabine,,"On W side of TX 21, ca. 1.5 mi. S of Geneva, Geneva 7.5' Quad. Elev. 390 ft.",,0,,31.456111,-93.910278,,,,"31d 27m 22s N; 93d 54m 37s",,"1=present on sheet",,,,,,,,,,,,,"2015-08-10 20:42:47",TEX00422577,1,urn:uuid:0de0336c-11eb-49fc-ac49-674a47d56409,https://prc-symbiota.tacc.utexas.edu:443/collections/individual/index.php?occid=1286626
1286627,PRC,TEX,PreservedSpecimen,urn:uuid:f8b4a05c-1d48-4c83-a050-e848294caad9,TEX00422578,,Plantae,Magnoliophyta,Magnoliopsida,Rosales,Saxifragaceae,"Micranthes texana","(Buckl.) Small",Micranthes,texana,,,"B. L. Turner, 2012",,,,,,,"Rogers McVaugh",,,7627,1947-03-22,1947,3,22,81,,,,"Petals white; plant reddish or yellow; sepals and carpels reddish.",,,,,,,,flowering=early,,0,,,,,,,"United States",Texas,Kaufman,,"Blackland prairie pasture, 4 mi. SSE of Kaufman.",,0,,,,,,,,,,,,,,,,,,,,,,"2015-08-10 20:42:47",TEX00422578,1,urn:uuid:f8b4a05c-1d48-4c83-a050-e848294caad9,https://prc-symbiota.tacc.utexas.edu:443/collections/individual/index.php?occid=1286627
1289252,PRC,TEX,PreservedSpecimen,urn:uuid:bef376d5-a21c-444b-b8e0-09dac94392e5,TEX00425365,,Plantae,Magnoliophyta,Magnoliopsida,Rosales,Saxifragaceae,"Lepuropetalon spathulatum",Ell.,Lepuropetalon,spathulatum,,,"B. L. Turner, 2004",,,,,,,"W. R. Carr (with Irene Pendergrast and Hillary Loring)",,,21775,2003-03-10,2003,3,10,69,,,,"Rare and local, noted only in small portion of pasture with sandy loamy soils (rather than heavier clayey soils) and rather scant grassland vegetation, on +/- level upland in rolling landscape.",,,,,,,,flowering=early,,0,,,,,,,"United States",Texas,AUSTIN,,"On property of Irene Pendergrast, between Co. Rd. 222 and Colorado Co. line, ca. 0.8 airmiles SSE of jct. Co. Rd. 222 and Co. Rd. 224. Industry Quadrangle. Elev. 380 - 390 ft.",,0,,29.940817,-96.555333,,,,"29d 56.449m N; 96d 33.32m",,"1=present on sheet",,,,,,,,,,,,,"2015-08-10 20:53:24",TEX00425365,1,urn:uuid:bef376d5-a21c-444b-b8e0-09dac94392e5,https://prc-symbiota.tacc.utexas.edu:443/collections/individual/index.php?occid=1289252
1291056,PRC,TEX,PreservedSpecimen,urn:uuid:98f3572b-67bf-4797-a24b-8e57b475857e,TEX00196362,,Plantae,Magnoliophyta,Magnoliopsida,Rosales,Saxifragaceae,"Lepuropetalon spathulatum",Ell.,Lepuropetalon,spathulatum,,,"B. L. Turner, 2004",,,,,,,"John Taylor",,,28685,1980-04-15,1980,4,15,106,,,,"Collected along a moist, sandy roadside.",,,,,,,,"flowering + fruiting=mid",,0,,,,,,,"United States",Texas,"Red River",,"Roadside (Texas Highway #37) about 7.6 miles south of the Red River.",,0,,,,,,,,,,,,,,,,,,,,,,"2015-08-10 21:00:03",TEX00196362,1,urn:uuid:98f3572b-67bf-4797-a24b-8e57b475857e,https://prc-symbiota.tacc.utexas.edu:443/collections/individual/index.php?occid=1291056
1291057,PRC,TEX,PreservedSpecimen,urn:uuid:4fa430a9-0a0b-4ec9-b95a-e6cab931c07e,TEX00196363,,Plantae,Magnoliophyta,Magnoliopsida,Rosales,Saxifragaceae,"Lepuropetalon spathulatum",Ell.,Lepuropetalon,spathulatum,,,"B. L. Turner, 2004",,,,,,,"R. Dale Thomas",,,22392,1971-02-21,1971,2,21,52,,,,"Collected along roadbank of service road beside I-20 E of Canton, TX.",,,,,,,,"flowering + fruiting=mid",,0,,,,,,,"United States",Texas,"Van Zandt",,"Roadbank of service road beside I-20 E of Canton, TX at jct. of Farm Road 1255.",,0,,,,,,,,,,,,,,,,,,,,,,"2015-08-10 21:00:03",TEX00196363,1,urn:uuid:4fa430a9-0a0b-4ec9-b95a-e6cab931c07e,https://prc-symbiota.tacc.utexas.edu:443/collections/individual/index.php?occid=1291057
1292266,PRC,TEX,PreservedSpecimen,urn:uuid:f5af5df9-b5a2-4733-b616-16abeab419fa,TEX00198308,,Plantae,Magnoliophyta,Magnoliopsida,Rosales,Saxifragaceae,"Lepuropetalon spathulatum",Ell.,Lepuropetalon,spathulatum,,,"B. L. Turner, 2004",,,,,,,"J. Singhurst",,,3088,1995-04-19,1995,4,19,109,,,,,,,,,,,,sterile,,0,,,,,,,"United States",Texas,Cherokee,,"1.5 mi. W of Jct. of Hwy 84 and FM 343 in Rusk on Hwy 84, S side of 84.",,0,,,,,,,,,,,,,,,,,,,,,,"2015-08-10 21:03:53",TEX00198308,1,urn:uuid:f5af5df9-b5a2-4733-b616-16abeab419fa,https://prc-symbiota.tacc.utexas.edu:443/collections/individual/index.php?occid=1292266
1292274,PRC,TEX,PreservedSpecimen,urn:uuid:52774c96-c3a4-4305-953a-a243a1cc4a7c,TEX00198316,,Plantae,Magnoliophyta,Magnoliopsida,Rosales,Saxifragaceae,"Parnassia asarifolia",Vent.,Parnassia,asarifolia,,,"B. L. Turner, 2004",,,,,,,"Jones and Jones",,,214,1984-10-05,1984,10,5,279,,,,"Rare, perennial glabrous herb.",,,,,,,,flowering=early,,0,,,,,,,"United States",Texas,Nacogdoches,,"Naconiche Creek at FM 1087. Noconiche Creek bottom in Sphagnum bogs.",,0,,,,,,,,,,,,,,,,,,,,,,"2015-08-10 21:03:53",TEX00198316,1,urn:uuid:52774c96-c3a4-4305-953a-a243a1cc4a7c,https://prc-symbiota.tacc.utexas.edu:443/collections/individual/index.php?occid=1292274
1296844,PRC,TEX,PreservedSpecimen,urn:uuid:d40d23ef-7fcb-48ae-ab76-31963135827e,TEX00211100,,Plantae,Magnoliophyta,Magnoliopsida,Rosales,Saxifragaceae,"Micranthes texana","(Buckl.) Small",Micranthes,texana,,,"B. L. Turner, 2012",,,,,,,"W. R. Carr (with Jason Singhurst)",,,21646,2003-02-17,2003,2,17,48,,,,"Local in lawn of cemetery on well drained, calcareous, moderately alkaine Chazos fine sandy loam on level to gently sloping and slightly convex upland underlain by Oakville Sandstone, in full sun and in partial shade of remnants of native post oak woodland.",,,,,,,,"flowering + fruiting=mid",,0,,,,,,,"United States",Texas,WASHINGTON,,"S side of Washington Cementery Rd. 0.9-1.0 roadmiles E of its jct. with St. Rt. 105, just W of Washington-on-the-Brazos State Park, 2.5-2.6 airmiles SSW of St. Rt. 105 bridge over Brazos River. Elev. 220 - 230 ft.",,0,,30.326767,-96.168833,,,,"30d 19.606m N; 96d 10.13m",,"1=present on sheet",,,,,,,,,,,,,"2015-08-10 21:18:48",TEX00211100,1,urn:uuid:d40d23ef-7fcb-48ae-ab76-31963135827e,https://prc-symbiota.tacc.utexas.edu:443/collections/individual/index.php?occid=1296844
1299440,PRC,TEX,PreservedSpecimen,urn:uuid:bd2ef575-e2a8-48ce-ba16-cc44b4e886ee,TEX00211832,,Plantae,Magnoliophyta,Magnoliopsida,Rosales,Saxifragaceae,"Heuchera americana",L,Heuchera,americana,,,"B. L. Turner, 2005",,,,,,,"W. C. Holmes et al.",,,10831,2000-04-15,2000,4,15,106,,,,"A mesic white oak-Chinquapin oak forest. Fls cream.",,,,,,,,flowering=early,,0,,,,,,,"United States",Texas,Bowie,,"Bringle Lake.",,0,,,,,,,,,,,,,,,,,,,,,,"2015-08-10 21:27:35",TEX00211832,1,urn:uuid:bd2ef575-e2a8-48ce-ba16-cc44b4e886ee,https://prc-symbiota.tacc.utexas.edu:443/collections/individual/index.php?occid=1299440
1300823,PRC,TEX,PreservedSpecimen,urn:uuid:47235dde-1a96-4bd0-bef9-092ced4243e8,TEX00441241,,Plantae,Magnoliophyta,Magnoliopsida,Rosales,Saxifragaceae,"Lepuropetalon spathulatum",Ell.,Lepuropetalon,spathulatum,,,"B. L. Turner, 2006",,,,,,,"D. J. Rosen",,,2702,2004-03-16,2004,3,16,76,,,,"In light soils on mounds in a portion of the prairie that was mowed and hayed last fall. Frequent with Houstonia pusilla, Carex meadii, Thalictrum texanum, Anagallis minima, Agrostis hyemalis, Erigeron sp., Dichondra carolinensis, Nothoscordum bivalve, and Anemone berlandieri.",,,,,,,,sterile,,0,,,,,,,"United States",Texas,Brazoria,,"Nash Ranch, 275 acre hay meadow W of CR 25, ca. 8.7 mi. N of its intersection with Hwy 35 in West Columbia.",,0,,,,,,,,,,,,,,,,,,,,,,"2015-08-10 21:32:04",TEX00441241,1,urn:uuid:47235dde-1a96-4bd0-bef9-092ced4243e8,https://prc-symbiota.tacc.utexas.edu:443/collections/individual/index.php?occid=1300823
1303781,PRC,TEX,PreservedSpecimen,urn:uuid:cac4a077-428b-4a9d-a2c2-2637b99e2e66,TEX00445232,,Plantae,Magnoliophyta,Magnoliopsida,Rosales,Saxifragaceae,"Lepuropetalon spathulatum",Ell.,Lepuropetalon,spathulatum,,,"B. L. Turner, 2007",,,,,,,"D. J. Rosen and Jason Singhurst",,,4002,2007-03-30,2007,3,30,89,,,,"Small, low-lying remnant prairie known locally as Edward Prairie. Infrequent with Paspalum plicatulum var. plicatulum, Symphyotrichum sp., Spartina spartinae, S. patens, Eragrostis sp., Muhlengerbia capillaris, Aglainis sp., and Rhynchospora sp.",,,,,,,,flowering=early,,0,,,,,,,"United States",Texas,Chambers,,"A few hundred metres SE of the jct. of St. Hwy 124 and FM 1985, between High Island and Winnie.",,0,,29.672806,-94.373722,,,,"29d 40m 22.1s N; 94d 22m 25.4s",,"1=present on sheet",,,,,,,,,,,,,"2015-08-10 21:42:45",TEX00445232,1,urn:uuid:cac4a077-428b-4a9d-a2c2-2637b99e2e66,https://prc-symbiota.tacc.utexas.edu:443/collections/individual/index.php?occid=1303781
1304337,PRC,TEX,PreservedSpecimen,urn:uuid:2bd154fc-506f-4922-82ec-406ae48debcb,TEX00445831,,Plantae,Magnoliophyta,Magnoliopsida,Rosales,Saxifragaceae,"Lepuropetalon spathulatum",Ell.,Lepuropetalon,spathulatum,,,"B. L. Turner, 2007",,,,,,,"W. R. Carr et al.",,,21770,2003-03-06,2003,3,6,65,,,,"Frequent on seep-moistened sandy loam among rocks, in openings in post oak woodland on hilltop underlain by sandstone of the Manning Formation (Eocene). Associates include Crassula aquatica and various bryophytes.",,,,,,,,flowering=early,,0,,,,,,,"United States",Texas,Burleson,,"1.8 airmiles S of jct. F. M. 1361 and Co. Rd. 434, 1.9-2.0 airmiles E of jct. F. M. 1361 and Co. Rd. 433. Sawdust Ranch. Snook Quadrangle. N30o23.523', W096o25.872' E to N30o23.488', W096o25.731'. [databaser's note: Lat/long given as a range.]. Elev. 280 - 295 ft.",,0,,30.39205,-96.4312,,,,"30d 23.523m N; 96d 25.872m",,"1=present on sheet",,,,,,,,,,,,,"2015-08-10 21:44:34",TEX00445831,1,urn:uuid:2bd154fc-506f-4922-82ec-406ae48debcb,https://prc-symbiota.tacc.utexas.edu:443/collections/individual/index.php?occid=1304337
1306144,PRC,TEX,PreservedSpecimen,urn:uuid:a0bd85a9-b282-44b7-afe4-0cd650b68734,TEX00167488,,Plantae,Magnoliophyta,Magnoliopsida,Rosales,Saxifragaceae,"Lepuropetalon spathulatum",Ell.,Lepuropetalon,spathulatum,,,"B. L. Turner, 2008",,,,,,,"W. R. Carr et al.",,,25528,2007-03-20,2007,3,20,79,,,,"Rare, local in moist tight fine sand or loamy sand in semi-open area on gentle slope along wet-weather drainageway on very gently undulating landscape of South Texas Sand Sheet. Associates include Agrostis hiemalis, Aphanostephus skirrhobasis, Chloris cucullata, Condalia hookeri, Coreopsis tinctoria, Drosera brevifolia, Dyssodia tenuiloba, Eleocharis sp., Lobelia berlandieri, Mecardonia procumbens, Plantago rhodosperma, Sabatia campestris, Tradescantia sp.",,,,,,,,sterile,,0,,,,,,,"United States",Texas,Brooks,,"SW side of Vargas Creek ca. 0.6 airmiles NW of culvert on R. M. 755, 1.1 airmiles SE of La Viznaga Windmill, at N26o49'55.4"", W098o20'55.9"". Encinitos Ranch. Santa Elena SE Quadrangle. Elev. 215 - 220 ft.",,0,,26.832056,-98.348861,,,,"26d 49m 55.4s N; 98d 20m 55.9s",,"1=present on sheet",,,,,,,,,,,,,"2015-08-10 21:51:06",TEX00167488,1,urn:uuid:a0bd85a9-b282-44b7-afe4-0cd650b68734,https://prc-symbiota.tacc.utexas.edu:443/collections/individual/index.php?occid=1306144
1311248,PRC,TEX,PreservedSpecimen,urn:uuid:3be201f4-e1e1-46b1-8cbc-34f1960f9b43,TEX00450140,,Plantae,Magnoliophyta,Magnoliopsida,Rosales,Saxifragaceae,"Lepuropetalon spathulatum",Ell.,Lepuropetalon,spathulatum,,,"B.L. Turner, 2010",,,,,,,"Beryl B. Simpson",,,14-III-2010-2,2010-03-14,2010,3,14,73,,,,"Growing in wet sandy soil with Phlox, Callirhoe, and Drosera. Tiny rosette plants.",,,,,,,,,,0,,,,,,,"United States",Texas,Brooks,,"16 miles SW of Rachal on RT 755 on the Encinitos Ranch. Elev. 222 m.",,0,,26.83397,-98.35099,,,,"26.83397d N; 98.35099d",,"1=present on sheet",,,,,,,,,,,,,"2015-08-10 22:10:28",TEX00450140,1,urn:uuid:3be201f4-e1e1-46b1-8cbc-34f1960f9b43,https://prc-symbiota.tacc.utexas.edu:443/collections/individual/index.php?occid=1311248
1314890,PRC,TEX,PreservedSpecimen,urn:uuid:d8940c80-37a0-4349-bb28-5e68bf745969,TEX00458016,,Plantae,Magnoliophyta,Magnoliopsida,Rosales,Saxifragaceae,"Lepuropetalon spathulatum",Ell.,Lepuropetalon,spathulatum,,,"B.L. Turner (TEX), 2012",,,,,,,"W.R. Carr, Lisa Williams & Debbie Benesh",,,25561,2007-03-21,2007,3,21,80,,,,"In moist tight fine sand or loamy sand open spots in young mesquite woodland on gentle slope along wet-weather drainageway on very gently undulating landscape of South Texas Sand Sheet. Associates included Agrostis hiemalis, Anagallis minimus, Bulbostylis capillaris, Dichanthelium sp., Drosera brevifolia, Eleocharis sp., Gamochaeta sp., Gaura brachycarpa, Isocoma drummondii, Lesquerella sp., Lindernia anagallidea, Sabatia campestris, Utricularia subulata. Rare, local.",,,,,,,,"flowering + fruiting=mid",,0,,,,,,,"United States",TEXAS,Brooks,,"SW side of Vargas Creek ca. 0.9-1.0 airmiles NW of culvert on R.M. 755, 0.7-0.8 airmiles SE of La Viznaga Windmill. Encinitos Ranch. Elev. 215-220ft.",,0,,26.834722,-98.352806,,,,"26d 50m 5s N; 98d 21m 10.1s",,,,,,,,,,,,,,,"2015-08-10 22:22:04",TEX00458016,1,urn:uuid:d8940c80-37a0-4349-bb28-5e68bf745969,https://prc-symbiota.tacc.utexas.edu:443/collections/individual/index.php?occid=1314890
1314935,PRC,TEX,PreservedSpecimen,urn:uuid:f138ad79-386f-477e-809b-4d9471743922,TEX00458061,,Plantae,Magnoliophyta,Magnoliopsida,Rosales,Saxifragaceae,"Lepuropetalon spathulatum",Ell.,Lepuropetalon,spathulatum,,,"B.L. Turner (TEX), 2012",,,,,,,"W.R. Carr",,,28783,2010-04-10,2010,4,10,100,,,,"In recently burned and heavily grazed pasture on +/- level upland on flat coastal prairie landscape dotted with low pimple mounds and underlain by Beaumont Formation, on soils mapped as poorly drained slightly saline loam of the Livia Series. Locally common.",,,,,,,,"flowering + fruiting=mid",,0,,,,,,,"United States",TEXAS,Matagorda,,"ca. 0.7 airmiles N of Mad Island Marsh Preserve HQ. Elev. 5-6ft.",,0,,28.654861,-96.104083,,,,"28d 39m 17.5s N; 96d 6m 14.7s",,,,,,,,,,,,,,,"2015-08-10 22:22:04",TEX00458061,1,urn:uuid:f138ad79-386f-477e-809b-4d9471743922,https://prc-symbiota.tacc.utexas.edu:443/collections/individual/index.php?occid=1314935
1316721,PRC,TEX,PreservedSpecimen,urn:uuid:0771d4d0-9235-4ac3-8ec6-36fd71616caa,TEX00459703,,Plantae,Magnoliophyta,Magnoliopsida,Rosales,Saxifragaceae,"Heuchera rubescens",Torr.,Heuchera,rubescens,,,"B. L. Turner (TEX), 2012",,,,,,,"Barton H. Warnock",,,1088,1937-07-28,1937,7,28,209,,,,,,,,,,,,"flowering + fruiting=mid",,0,,,,,,,"United States",TEXAS,Brewster,,"Casa Grande, Chisos Mtns.",,0,,,,,,,,,,,,,,,,,,,,,,"2015-08-10 22:28:13",TEX00459703,1,urn:uuid:0771d4d0-9235-4ac3-8ec6-36fd71616caa,https://prc-symbiota.tacc.utexas.edu:443/collections/individual/index.php?occid=1316721
1316722,PRC,TEX,PreservedSpecimen,urn:uuid:03cd54d4-ae28-4eec-9b7c-edd9322d78f7,TEX00459704,,Plantae,Magnoliophyta,Magnoliopsida,Rosales,Saxifragaceae,"Heuchera rubescens",Torr.,Heuchera,rubescens,,,"B. L. Turner (TEX), 2012",,,,,,,"E. G. Marsh, Jr.",,,102,1935-07-00,1935,7,0,,,"July, 1935",,"Label also indicates Ã's.n.Ã""",,,,,,,,"flowering + fruiting=mid",,0,,,,,,,"United States",TEXAS,Brewster,,"Chisos Mountains State Park.",,0,,,,,,,,,,,,,,,,,,,,,,"2015-08-10 22:28:13",TEX00459704,1,urn:uuid:03cd54d4-ae28-4eec-9b7c-edd9322d78f7,https://prc-symbiota.tacc.utexas.edu:443/collections/individual/index.php?occid=1316722
1316723,PRC,TEX,PreservedSpecimen,urn:uuid:b3982681-7a8e-46de-b96a-d7357585e8bb,TEX00459705,,Plantae,Magnoliophyta,Magnoliopsida,Rosales,Saxifragaceae,"Heuchera rubescens",Torr.,Heuchera,rubescens,,,"B. L. Turner (TEX), 2012",,,,,,,"Barton H. Warnock",,,1088,1937-07-28,1937,7,28,209,,,,,,,,,,,,flowering=early,,0,,,,,,,"United States",TEXAS,Brewster,,"East side of Cast Grande, Chisos Mtns.",,0,,,,,,,,,,,,,,,,,,,,,,"2015-08-10 22:28:13",TEX00459705,1,urn:uuid:b3982681-7a8e-46de-b96a-d7357585e8bb,https://prc-symbiota.tacc.utexas.edu:443/collections/individual/index.php?occid=1316723
1316724,PRC,TEX,PreservedSpecimen,urn:uuid:383ae8e0-b80b-4e07-be89-c76d1b107b34,TEX00459706,,Plantae,Magnoliophyta,Magnoliopsida,Rosales,Saxifragaceae,"Heuchera rubescens",Torr.,Heuchera,rubescens,,,"B. L. Turner (TEX), 2012",,,,,,,"Barton H. Warnock",,,1088,1937-07-28,1937,7,28,209,,,,,,,,,,,,"flowering + fruiting=mid",,0,,,,,,,"United States",TEXAS,Brewster,,"East side of Cast Grande, Chisos Mtns.",,0,,,,,,,,,,,,,,,,,,,,,,"2015-08-10 22:28:13",TEX00459706,1,urn:uuid:383ae8e0-b80b-4e07-be89-c76d1b107b34,https://prc-symbiota.tacc.utexas.edu:443/collections/individual/index.php?occid=1316724
1316725,PRC,TEX,PreservedSpecimen,urn:uuid:25947be9-e254-4d17-808b-f39ddf983d42,TEX00459708,,Plantae,Magnoliophyta,Magnoliopsida,Rosales,Saxifragaceae,"Heuchera rubescens",Torr.,Heuchera,rubescens,,,"B. L. Turner (TEX), 2012",,,,,,,"V. L. Cory",,,44911,1944-07-11,1944,7,11,193,,,,,,,,,,,,sterile,,0,,,,,,,"United States",TEXAS,Brewster,,"Boot Ravine, Chisos Mountains.",,0,,,,,,,,,,,,,,,,,,,,,,"2015-08-10 22:28:13",TEX00459708,1,urn:uuid:25947be9-e254-4d17-808b-f39ddf983d42,https://prc-symbiota.tacc.utexas.edu:443/collections/individual/index.php?occid=1316725
1316726,PRC,TEX,PreservedSpecimen,urn:uuid:55358732-8656-431b-887b-cb29f549d5c9,TEX00459709,,Plantae,Magnoliophyta,Magnoliopsida,Rosales,Saxifragaceae,"Heuchera rubescens",Torr.,Heuchera,rubescens,,,"B. L. Turner (TEX), 2012",,,,,,,"C. H. Muller",,,32005,1932-07-26,1932,7,26,208,,,,,,,,,,,,"flowering + fruiting=mid",,0,,,,,,,"United States",TEXAS,Brewster,,"Emory Peak, Chisos Mountains.",,0,,,,,,,,,,,,,,,,,,,,,,"2015-08-10 22:28:13",TEX00459709,1,urn:uuid:55358732-8656-431b-887b-cb29f549d5c9,https://prc-symbiota.tacc.utexas.edu:443/collections/individual/index.php?occid=1316726
1316932,PRC,TEX,PreservedSpecimen,urn:uuid:28d1b06a-7411-43d2-8356-43f29cf46621,TEX00459919,,Plantae,Magnoliophyta,Magnoliopsida,Rosales,Saxifragaceae,"Heuchera americana",L,Heuchera,americana,,,"B. L. Turner (TEX), 2012",,,,,,,"D. S. Correll",,,37142,1969-04-30,1969,4,30,120,,,,"On wooded bluff.",,,,,,,,"flowering + fruiting=mid",,0,,,,,,,"United States",TEXAS,Bowie,,"Along Route 559, 1 mile N of Wamba.",,0,,,,,,,,,,,,,,,,,,,,,,"2015-08-10 22:28:46",TEX00459919,1,urn:uuid:28d1b06a-7411-43d2-8356-43f29cf46621,https://prc-symbiota.tacc.utexas.edu:443/collections/individual/index.php?occid=1316932
1317321,PRC,TEX,PreservedSpecimen,urn:uuid:79b83fd4-1e61-463a-86e0-1ac9f7b8e8e6,TEX00460311,,Plantae,Magnoliophyta,Magnoliopsida,Rosales,Saxifragaceae,"Lepuropetalon spathulatum",Ell.,Lepuropetalon,spathulatum,,,"B. L. Turner (TEX), 2012",,,,,,,"D. J. Rosen",,,5573,2012-04-13,2012,4,13,104,,,,"In saline grassland community growing in small populations on bare, moist soils amongst clumps of Spartina patens and Spartina spartinae. Occasional. Tiny plants.",,,,,,,,"flowering + fruiting=mid",,0,,,,,,,"United States",TEXAS,Galveston,,"Galveston Island State Park. Near the SW boundary of the park, about 1 km W of the bay side entrance gate (Management Unit 4).",,0,,29.193833,-94.966972,,,,"29d 11m 37.8s N; 94d 58m 1.1s",,,,,,,,,,,,,,,"2015-08-10 22:30:05",TEX00460311,1,urn:uuid:79b83fd4-1e61-463a-86e0-1ac9f7b8e8e6,https://prc-symbiota.tacc.utexas.edu:443/collections/individual/index.php?occid=1317321
1323432,PRC,TEX,PreservedSpecimen,urn:uuid:74a4fcea-d813-47cf-a589-582a8b347442,TEX00467565,,Plantae,Magnoliophyta,Magnoliopsida,Rosales,Saxifragaceae,"Lepuropetalon spathulatum",Ell.,Lepuropetalon,spathulatum,,,"B. L. Turner (TEX), 2014",,,,,,,"D.J. Rosen, S. Zamirpour & A. Sipocz",,,6281,2014-03-21,2014,3,21,80,,,,"In sandy soils mostly in sparsely vegetated places of strand prairie with Spartina patens, Schizachyrium scoparium, Paspalum monostachyum, and Baptisia bracteata var. leucophaea. Frequent.",,,,,,,,flowering=early,,0,,,,,,,"United States",TEXAS,Brazoria,,"Follets Island; on and N of County Road 257 (Bluewater Highway), about 9.1 km W of the San Luis Pass Bridge.",,0,,29.02361,-95.19325,,,,"29.02361d N; 95.19325d",,"present on sheet",,,,,,,,,,,,,"2015-08-10 22:49:30",TEX00467565,1,urn:uuid:74a4fcea-d813-47cf-a589-582a8b347442,https://prc-symbiota.tacc.utexas.edu:443/collections/individual/index.php?occid=1323432
1323437,PRC,TEX,PreservedSpecimen,urn:uuid:58a5a2c0-7d7b-4cf3-a473-8951bb7fac7e,TEX00467570,,Plantae,Magnoliophyta,Magnoliopsida,Rosales,Saxifragaceae,"Lepuropetalon spathulatum",Ell.,Lepuropetalon,spathulatum,,,"B. L. Turner (TEX), 2014",,,,,,,"D.J. Rosen",,,6334,2014-03-29,2014,3,29,88,,,,"Growing in disturbed, sparsely vegetated species rich Ã'slick-spotsÃ"" scattered throughout drainage near the N boundary of the site. Occasional herbs.",,,,,,,,flowering=early,,0,,,,,,,"United States",TEXAS,Harris,,"Katy Prairie ConservancyÕs Jack Road prairie; on and S of Jack Road, 2 km W of its intersection with Katy-Hockley Road, 7 km S of the town of Hockley. Near the N boundary of the site.",,0,,29.963344,-95.829125,,,,"29d 57m 48.04s N; 95d 49m 44.85s",,,,,,,,,,,,,,,"2015-08-10 22:49:30",TEX00467570,1,urn:uuid:58a5a2c0-7d7b-4cf3-a473-8951bb7fac7e,https://prc-symbiota.tacc.utexas.edu:443/collections/individual/index.php?occid=1323437
1324168,PRC,TEX,PreservedSpecimen,urn:uuid:ba4c09f2-54bb-4814-88bb-320f6965aaed,TEX00469363,,Plantae,Magnoliophyta,Magnoliopsida,Rosales,Saxifragaceae,"Lepuropetalon spathulatum",Ell.,Lepuropetalon,spathulatum,,,"B. L. Turner (TEX), 2015",,,,,,,"Cate Bergman",,,482,2004-03-12,2004,3,12,72,,,,"Seepy bottomland below steep roadside. Loamy clay.",,,,,,,,,,0,,,,,,,"United States",TEXAS,LEE,,"Roadside off of Highway 290, 1.9 miles E of Bastrop Co line, 4.6 mi. W. of Giddings City Limits, south side of road 560 feet elev.",,0,,30.183167,-97.033667,,,,"30d 10.99m N; 97d 2.02m",,,,,,,,,,,,,,,"2015-08-10 22:52:14",TEX00469363,1,urn:uuid:ba4c09f2-54bb-4814-88bb-320f6965aaed,https://prc-symbiota.tacc.utexas.edu:443/collections/individual/index.php?occid=1324168
1324503,PRC,TEX,PreservedSpecimen,urn:uuid:00997640-f78e-42ff-831a-6e1274dfa4e7,TEX00469044,,Plantae,Magnoliophyta,Magnoliopsida,Rosales,Saxifragaceae,"Micranthes texana","(Buckl.) Small",Micranthes,texana,,,"B. L. Turner (TEX), 2015",,,,,,,"Cate Bergman",,,143,2003-02-28,2003,2,28,59,,,,"Partially seepy areas around trails, horse pens. Associates include Phacelia glabra, Poa annua, Ranunculus pusillus var. angustifolius, Cerastium glomeratum, Krigia occidentalis, Ophioglossum engelmannii, Bowlesia incana, Hypoxis hirsuta, Lepuropetalon spathulatum, Claytonia virginica.",,,,,,,,,,0,,,,,,,"United States",TEXAS,LEE,,"Lake Somerville State Park - Nails Creek Unit - by Cedar Creek camping signs 300 feet elev.",,0,,30.291667,-96.6635,,,,"30d 17.5m N; 96d 39.81m",,,,,,,,,,,,,,,"2015-08-10 22:53:15",TEX00469044,1,urn:uuid:00997640-f78e-42ff-831a-6e1274dfa4e7,https://prc-symbiota.tacc.utexas.edu:443/collections/individual/index.php?occid=1324503
1324505,PRC,TEX,PreservedSpecimen,urn:uuid:c42af704-96d7-4ac4-9324-10b0f3fcb6d9,TEX00469046,,Plantae,Magnoliophyta,Magnoliopsida,Rosales,Saxifragaceae,"Lepuropetalon spathulatum",Ell.,Lepuropetalon,spathulatum,,,"B. L. Turner (TEX), 2015",,,,,,,"Cate Bergman",,,145,2003-02-28,2003,2,28,59,,,,"Partially seepy areas around trails, horse pens. Associates include Phacelia glabra, Poa annua, Ranunculus pusillus var. angustifolius, Cerastium glomeratum, Krigia occidentalis, Ophioglossum engelmannii, Bowlesia incana, Saxifraga texana, Hypoxis hirsuta, Claytonia virginica. Tiny, easily overlooked. Cryptic flowers are yellowish green.",,,,,,,,,,0,,,,,,,"United States",TEXAS,LEE,,"Lake Somerville State Park - Nails Creek Unit - by Cedar Creek camping signs 300 feet elev.",,0,,30.291667,-96.6635,,,,"30d 17.5m N; 96d 39.81m",,,,,,,,,,,,,,,"2015-08-10 22:53:15",TEX00469046,1,urn:uuid:c42af704-96d7-4ac4-9324-10b0f3fcb6d9,https://prc-symbiota.tacc.utexas.edu:443/collections/individual/index.php?occid=1324505
1377038,PRC,LL,PreservedSpecimen,urn:uuid:4e514906-7542-41c3-a98b-3fa8c4f6892e,LL00283403,,Plantae,Magnoliophyta,Magnoliopsida,Rosales,Saxifragaceae,"Heuchera americana",L,Heuchera,americana,,,"B. L. Turner",,,,,,,"D. S. Correll",,,37142,1969-04-30,1969,4,30,120,,,,,,,,,,,,flowering=early,,0,,,,,,,"United States",Texas,Bowie,,"On wooded bluff along Rte. 559, 1 mile north of Wamba.",,0,,,,,,,,,,,,,,,,,,,,,,"2015-08-10 13:58:05",LL00283403,2,urn:uuid:4e514906-7542-41c3-a98b-3fa8c4f6892e,https://prc-symbiota.tacc.utexas.edu:443/collections/individual/index.php?occid=1377038
1377039,PRC,LL,PreservedSpecimen,urn:uuid:c409a1c7-6e57-4ce3-8e6c-fb6e375f73ef,LL00283407,,Plantae,Magnoliophyta,Magnoliopsida,Rosales,Saxifragaceae,"Heuchera rubescens",Torr.,Heuchera,rubescens,,,"B. L. Turner",,,,,,,"D. S. Correll",,,13515,1946-07-29,1946,7,29,210,,,,"Flowers white tinged with pink. In mats in rock crevices.",,,,,,,,flowering=early,,0,,,,,,,"United States",Texas,"JEFF DAVIS",,"North slope and summit of Mt. Livermore, Davis Mountains.",,0,,,,,,,,,,,,,,,,,,,,,,"2015-08-10 13:58:05",LL00283407,2,urn:uuid:c409a1c7-6e57-4ce3-8e6c-fb6e375f73ef,https://prc-symbiota.tacc.utexas.edu:443/collections/individual/index.php?occid=1377039
1377050,PRC,LL,PreservedSpecimen,urn:uuid:3914237f-37b5-4ea8-80d4-01a14c19db42,LL00283444,,Plantae,Magnoliophyta,Magnoliopsida,Rosales,Saxifragaceae,"Lepuropetalon spathulatum",Ell.,Lepuropetalon,spathulatum,,,"B. L. Turner",,,,,,,"Jimmy R. Massey",,,780,1965-03-21,1965,3,21,80,,,,"Flowers inconspicuous, plants less than 5 cm., appearing as clumps; sat. soil near standing water. Frequent; sand; with rushes and mosses.",,,,,,,,flowering=early,,0,,,,,,,"United States",Texas,Leon,,"Roadside ditch 8 mi N of Flynn.",,0,,,,,,,,,,,,,,,,,,,,,,"2015-08-10 13:58:25",LL00283444,2,urn:uuid:3914237f-37b5-4ea8-80d4-01a14c19db42,https://prc-symbiota.tacc.utexas.edu:443/collections/individual/index.php?occid=1377050
1377051,PRC,LL,PreservedSpecimen,urn:uuid:ffb8edb3-36e3-45ed-9458-71163ae8743d,LL00283447,,Plantae,Magnoliophyta,Magnoliopsida,Rosales,Saxifragaceae,"Lepuropetalon spathulatum",Ell.,Lepuropetalon,spathulatum,,,"B. L. Turner",,,,,,,"John R. Crutchfield",,,2433,1967-03-31,1967,3,31,90,,,,,,,,,,,,sterile,,0,,,,,,,"United States",Texas,"Van Zandt",,"Moist sand on bank of stock pond 2 miles southwest of Myrtle Springs.",,0,,,,,,,,,,,,,,,,,,,,,,"2015-08-10 13:58:25",LL00283447,2,urn:uuid:ffb8edb3-36e3-45ed-9458-71163ae8743d,https://prc-symbiota.tacc.utexas.edu:443/collections/individual/index.php?occid=1377051
1377052,PRC,LL,PreservedSpecimen,urn:uuid:e1704db1-314a-4db0-935b-a950e37bed24,LL00283448,,Plantae,Magnoliophyta,Magnoliopsida,Rosales,Saxifragaceae,"Parnassia asarifolia",Vent.,Parnassia,asarifolia,,,"B. L. Turner",,,,,,,"D. S. Correll & Helen B. Correll",,,29069,1964-04-08,1964,4,8,99,,,,"(First collection for Texas).",,,,,,,,"flowering + fruting=mid",,0,,,,,,,"United States",Texas,Nacogdoches,,"9 miles west of Garrison, evergreen shrub bog on FM 1087 (to Henderson-Nacogdoches Hwy.).",,0,,,,,,,,,,,,,,,,,,,,,,"2015-08-10 13:58:25",LL00283448,2,urn:uuid:e1704db1-314a-4db0-935b-a950e37bed24,https://prc-symbiota.tacc.utexas.edu:443/collections/individual/index.php?occid=1377052
1377066,PRC,LL,PreservedSpecimen,urn:uuid:a73f9801-529e-41c0-b7ee-a13d620978b4,LL00283495,,Plantae,Magnoliophyta,Magnoliopsida,Rosales,Saxifragaceae,"Micranthes texana","(Buckl.) Small",Micranthes,texana,,,"B. L. Turner, 2012",,,,,,,"D. S. Correll & Helen B. Correll",,,24818,1962-03-16,1962,3,16,75,,,,"Rock outcrop in pasture, seepage area. Flowers white.",,,,,,,,"flowering + fruting=mid",,0,,,,,,,"United States",Texas,"San Augustine",,"Just southeast of San Augustine.",,0,,,,,,,,,,,,,,,,,,,,,,"2015-08-10 13:58:26",LL00283495,2,urn:uuid:a73f9801-529e-41c0-b7ee-a13d620978b4,https://prc-symbiota.tacc.utexas.edu:443/collections/individual/index.php?occid=1377066
1396256,PRC,LL,PreservedSpecimen,urn:uuid:33d49d48-e97b-4210-acb4-899760fa3650,LL00352864,,Plantae,Magnoliophyta,Magnoliopsida,Rosales,Saxifragaceae,"Heuchera americana",L,Heuchera,americana,,,"B. L. Turner",,,,,,,"D. S. Correll",,,31281,1965-07-13,1965,7,13,194,,,,"Hardwood slopes.",,,,,,,,fruiting=late,,0,,,,,,,"United States",Texas,Bowie,,"Above Waterworks Lake, just NE of Wamba.",,0,,,,,,,,,,,,,,,,,,,,,,"2015-08-10 17:29:29",LL00352864,2,urn:uuid:33d49d48-e97b-4210-acb4-899760fa3650,https://prc-symbiota.tacc.utexas.edu:443/collections/individual/index.php?occid=1396256
1396257,PRC,LL,PreservedSpecimen,urn:uuid:d8858392-06d8-403b-afe3-a7ac9f40ce47,LL00352867,,Plantae,Magnoliophyta,Magnoliopsida,Rosales,Saxifragaceae,"Lepuropetalon spathulatum",Ell.,Lepuropetalon,spathulatum,,,"B. L. Turner",,,,,,,"Grady Webster, B. C. Tharp & Fred A. Barkley",,,4009,1944-03-11,1944,3,11,71,,,,"Sandy soil near temporary 'sink', not abundant.",,,,,,,,"flowering + fruiting=mid",,0,,,,,,,"United States",Texas,Bastrop,,"Bastrop County.",,0,,,,,,,,,,,,,,,,,,,,,,"2015-08-10 17:29:29",LL00352867,2,urn:uuid:d8858392-06d8-403b-afe3-a7ac9f40ce47,https://prc-symbiota.tacc.utexas.edu:443/collections/individual/index.php?occid=1396257
1396271,PRC,LL,PreservedSpecimen,urn:uuid:57077fce-d879-45e2-94e1-62197f5e808c,LL00352904,,Plantae,Magnoliophyta,Magnoliopsida,Rosales,Saxifragaceae,"Lepuropetalon spathulatum",Ell.,Lepuropetalon,spathulatum,,,"B. L. Turner",,,,,,,"D. S. Correll",,,36880,1969-03-24,1969,3,24,83,,,,"Pastureland. Prostrate on wet soil.",,,,,,,,"flowering + fruiting=mid",,0,,,,,,,"United States",Texas,Shelby,,"8.5 miles south of Tenaha, along Rte. 96.",,0,,,,,,,,,,,,,,,,,,,,,,"2015-08-10 17:29:30",LL00352904,2,urn:uuid:57077fce-d879-45e2-94e1-62197f5e808c,https://prc-symbiota.tacc.utexas.edu:443/collections/individual/index.php?occid=1396271
1396272,PRC,LL,PreservedSpecimen,urn:uuid:96fec7db-48d7-4fb5-afa0-25531f187509,LL00352905,,Plantae,Magnoliophyta,Magnoliopsida,Rosales,Saxifragaceae,"Parnassia asarifolia",Vent.,Parnassia,asarifolia,,,"B. L. Turner",,,,,,,"D. S. Correll & Helen B. Correll",,,31820,1965-10-03,1965,10,3,276,,,,"Woods, on mossy mounds in seepage. Flowers white.",,,,,,,,flowering=early,,0,,,,,,,"United States",Texas,Nacogdoches,,"Along Farm Route 1087, 3 miles east of Route 259.",,0,,,,,,,,,,,,,,,,,,,,,,"2015-08-10 17:29:30",LL00352905,2,urn:uuid:96fec7db-48d7-4fb5-afa0-25531f187509,https://prc-symbiota.tacc.utexas.edu:443/collections/individual/index.php?occid=1396272
1396305,PRC,LL,PreservedSpecimen,urn:uuid:505027b0-62d4-4df2-97b7-237bb3a0ef0f,LL00359013,,Plantae,Magnoliophyta,Magnoliopsida,Rosales,Saxifragaceae,"Micranthes texana","(Buckl.) Small",Micranthes,texana,,,"B. L. Turner, 2012",,,,,,,"D. S. Correll & Helen B. Correll",,,29090,1964-04-09,1964,4,9,100,,,,"Plant from a bulbous base.",,,,,,,,"flowering + fruiting=mid",,0,,,,,,,"United States",Texas,Sabine,,"Weches Formation about 4 miles west of Milam.",,0,,,,,,,,,,,,,,,,,,,,,,"2015-08-10 17:29:51",LL00359013,2,urn:uuid:505027b0-62d4-4df2-97b7-237bb3a0ef0f,https://prc-symbiota.tacc.utexas.edu:443/collections/individual/index.php?occid=1396305
1414726,PRC,LL,PreservedSpecimen,urn:uuid:3c298416-0bb2-4b40-8988-edc3ab7bc5d9,LL00459698,,Plantae,Magnoliophyta,Magnoliopsida,Rosales,Saxifragaceae,"Heuchera rubescens",Torr.,Heuchera,rubescens,,,"B. L. Turner (TEX), 2012",,,,,,,"D. S. Correll & I. M. Johnston",,,18299,1957-07-21,1957,7,21,202,,,,"On rock ledges along stream in oak-maple forest. Flowers white.",,,,,,,,"flowering + fruiting=mid",,0,,,,,,,"United States",TEXAS,Brewster,,"Just above Boot Spring, Chisos Mtns. Big Bend National Park.",,0,,,,,,,,,,,,,,,,,,,,,,"2015-08-10 22:27:55",LL00459698,2,urn:uuid:3c298416-0bb2-4b40-8988-edc3ab7bc5d9,https://prc-symbiota.tacc.utexas.edu:443/collections/individual/index.php?occid=1414726
1414727,PRC,LL,PreservedSpecimen,urn:uuid:89916d66-3e84-44bf-8478-dcd9d1ec6a18,LL00459699,,Plantae,Magnoliophyta,Magnoliopsida,Rosales,Saxifragaceae,"Heuchera rubescens",Torr.,Heuchera,rubescens,,,"B. L. Turner (TEX), 2012",,,,,,,"D. S. Correll & Craig Hanson",,,29819,1964-06-21,1964,6,21,173,,,,"On boulders in shade. Flowers pink-white.",,,,,,,,"flowering + fruiting=mid",,0,,,,,,,"United States",TEXAS,Culberson,,"South Fork of McKittrick Canyon. Guadalupe Mountains.",,0,,,,,,,,,,,,,,,,,,,,,,"2015-08-10 22:27:55",LL00459699,2,urn:uuid:89916d66-3e84-44bf-8478-dcd9d1ec6a18,https://prc-symbiota.tacc.utexas.edu:443/collections/individual/index.php?occid=1414727
1414728,PRC,LL,PreservedSpecimen,urn:uuid:b289ec73-7ae6-4e41-bedf-48a624b243a2,LL00459700,,Plantae,Magnoliophyta,Magnoliopsida,Rosales,Saxifragaceae,"Heuchera rubescens",Torr.,Heuchera,rubescens,,,"B. L. Turner (TEX), 2012",,,,,,,"Barton H. Warnock",,,12074,1954-09-05,1954,9,5,248,,,,"On limestone bluffs. Infrequent perennial.",,,,,,,,flowering=early,,0,,,,,,,"United States",TEXAS,Culberson,,"J.C. Hunter Ranch. South McKittrick Canyon top of Guadalupe Mountains.",,0,,,,,,,,,,,,,,,,,,,,,,"2015-08-10 22:27:55",LL00459700,2,urn:uuid:b289ec73-7ae6-4e41-bedf-48a624b243a2,https://prc-symbiota.tacc.utexas.edu:443/collections/individual/index.php?occid=1414728
1414729,PRC,LL,PreservedSpecimen,urn:uuid:e6866c2d-adf8-429a-a26d-6c98efb1347b,LL00459701,,Plantae,Magnoliophyta,Magnoliopsida,Rosales,Saxifragaceae,"Heuchera rubescens",Torr.,Heuchera,rubescens,,,"B. L. Turner (TEX), 2012",,,,,,,"D. S. Correll",,,13515,1946-07-29,1946,7,29,210,,,,"In matts in rock crevices. Flowers tinged with pink.",,,,,,,,"flowering + fruiting=mid",,0,,,,,,,"United States",TEXAS,"Jeff Davis",,"North slope and summit of Mount Livermore, Davis Mountains.",,0,,,,,,,,,,,,,,,,,,,,,,"2015-08-10 22:27:55",LL00459701,2,urn:uuid:e6866c2d-adf8-429a-a26d-6c98efb1347b,https://prc-symbiota.tacc.utexas.edu:443/collections/individual/index.php?occid=1414729
1414730,PRC,LL,PreservedSpecimen,urn:uuid:9d904ec1-263d-460b-9058-b93ea2e9eb03,LL00459702,,Plantae,Magnoliophyta,Magnoliopsida,Rosales,Saxifragaceae,"Heuchera rubescens",Torr.,Heuchera,rubescens,,,"B. L. Turner (TEX), 2012",,,,,,,"D. S. Correll",,,33750,1966-09-20,1966,9,20,263,,,,"On moist ledges among Selaginellas and mosses.",,,,,,,,fruiting=late,,0,,,,,,,"United States",TEXAS,"Jeff Davis",,"On north slope of Mt. Livermore.",,0,,,,,,,,,,,,,,,,,,,,,,"2015-08-10 22:27:55",LL00459702,2,urn:uuid:9d904ec1-263d-460b-9058-b93ea2e9eb03,https://prc-symbiota.tacc.utexas.edu:443/collections/individual/index.php?occid=1414730
1414731,PRC,LL,PreservedSpecimen,urn:uuid:ef35fcd0-a66c-4664-b4b6-3e7f8d037e71,LL00459707,,Plantae,Magnoliophyta,Magnoliopsida,Rosales,Saxifragaceae,"Heuchera rubescens",Torr.,Heuchera,rubescens,,,"B. L. Turner (TEX), 2012",,,,,,,"Barton H. Warnock",,,9710,1950-09-10,1950,9,10,253,,,,"Growing in igneous soil. Infrequent.",,,,,,,,"flowering + fruiting=mid",,0,,,,,,,"United States",TEXAS,Brewster,,"Collected on north upper slopes of Mt. Emory, Chisos Mountains. Elev. 7,500 ft.",,0,,,,,,,,,,,,,,,,,,,,,,"2015-08-10 22:28:13",LL00459707,2,urn:uuid:ef35fcd0-a66c-4664-b4b6-3e7f8d037e71,https://prc-symbiota.tacc.utexas.edu:443/collections/individual/index.php?occid=1414731
1414733,PRC,LL,PreservedSpecimen,urn:uuid:3dd89734-dc4a-4283-b693-7723cdcb265c,LL00459906,,Plantae,Magnoliophyta,Magnoliopsida,Rosales,Saxifragaceae,"Heuchera americana",L,Heuchera,americana,,,"B. L. Turner (TEX), 2012",,,,,,,"D. S. Correll",,,15271,1956-06-27,1956,6,27,179,,,,"Rare. Treated in 1967 with lauryl pentachlorphenate.",,,,,,,,fruiting=late,,0,,,,,,,"United States",TEXAS,Bowie,,"On west-facing slope of woods, north edge of Wamba.",,0,,,,,,,,,,,,,,,,,,,,,,"2015-08-10 22:28:46",LL00459906,2,urn:uuid:3dd89734-dc4a-4283-b693-7723cdcb265c,https://prc-symbiota.tacc.utexas.edu:443/collections/individual/index.php?occid=1414733
1414734,PRC,LL,PreservedSpecimen,urn:uuid:52f95849-4622-43a8-a6aa-1e82ec05c350,LL00459907,,Plantae,Magnoliophyta,Magnoliopsida,Rosales,Saxifragaceae,"Heuchera americana",L,Heuchera,americana,,,"B. L. Turner (TEX), 2012",,,,,,,"D. S. Correll",,,16148,1957-05-01,1957,5,1,121,,,,"Treated in 1967 with lauryl pentachlorphenate.",,,,,,,,flowering=early,,0,,,,,,,"United States",TEXAS,Marion,,"On steep bank of north-facing wooded ravine along Big Cypress Bayou near Jefferson.",,0,,,,,,,,,,,,,,,,,,,,,,"2015-08-10 22:28:46",LL00459907,2,urn:uuid:52f95849-4622-43a8-a6aa-1e82ec05c350,https://prc-symbiota.tacc.utexas.edu:443/collections/individual/index.php?occid=1414734
1414735,PRC,LL,PreservedSpecimen,urn:uuid:e909306a-badc-449a-bf81-2f9173845ef6,LL00459908,,Plantae,Magnoliophyta,Magnoliopsida,Rosales,Saxifragaceae,"Heuchera americana",L,Heuchera,americana,,,"B. L. Turner (TEX), 2012",,,,,,,"D. S. Correll & C. L. Lundell",,,18785,1958-05-23,1958,5,23,143,,,,"On rich wooded slope of ravine. Treated in 1967 with lauryl pentachlorphenate.",,,,,,,,"flowering + fruiting=mid",,0,,,,,,,"United States",TEXAS,Harrison,,"Along Cypress Bayou, below small roadside park near Jefferson.",,0,,,,,,,,,,,,,,,,,,,,,,"2015-08-10 22:28:46",LL00459908,2,urn:uuid:e909306a-badc-449a-bf81-2f9173845ef6,https://prc-symbiota.tacc.utexas.edu:443/collections/individual/index.php?occid=1414735
