coreid,identifiedBy,identifiedByID,dateIdentified,identificationQualifier,scientificName,identificationIsCurrent,scientificNameAuthorship,genus,specificEpithet,taxonRank,infraspecificEpithet,identificationReferences,identificationRemarks,recordId
1197993,Unknown,,Unknown,,"Apium leptophyllum",0,,,,,,,,urn:uuid:3b29c166-3f38-400a-9580-d64b5a6b08cf
1197994,Unknown,,Unknown,,"Apium leptophyllum",0,,,,,,,,urn:uuid:4ede59c2-0055-4c3f-b16d-7f0fff726805
1197995,Unknown,,Unknown,,"Apium leptophyllum",0,,,,,,,,urn:uuid:4961df00-0ea2-4b5c-a551-8049d5f19839
1197996,Unknown,,Unknown,,"Apium leptophyllum",0,,,,,,,,urn:uuid:d5ccd1ae-3aa9-4cb0-a79a-29e2f8fb594f
1197997,Unknown,,Unknown,,"Apium leptophyllum",0,,,,,,,,urn:uuid:1f46ae65-eaf8-4941-91aa-0898e6eb148b
1197998,Unknown,,Unknown,,"Apium leptophyllum",0,,,,,,,,urn:uuid:263eea9d-a0dc-436a-ac4d-0ba4b3aa0097
1197999,Unknown,,Unknown,,"Apium leptophyllum",0,,,,,,,,urn:uuid:d7e106eb-44f7-4bfe-b93a-a6ed8b60f7ad
1198000,Unknown,,Unknown,,"Apium leptophyllum",0,,,,,,,,urn:uuid:413b649f-9cf1-4c51-9755-52ffc109e544
1198001,Unknown,,Unknown,,"Apium leptophyllum",0,,,,,,,,urn:uuid:5c76c191-2a34-443a-9649-9a45fb71372a
1198002,Unknown,,Unknown,,"Apium leptophyllum",0,,,,,,,,urn:uuid:046c92b5-d257-4ea1-b14e-ab7d14eaa3ac
1198003,Unknown,,Unknown,,"Apium leptophyllum",0,,,,,,,,urn:uuid:4e896481-401d-4872-917a-2038ef7771fb
1198004,Unknown,,Unknown,,"Apium leptophyllum",0,,,,,,,,urn:uuid:73138b08-4a24-4ac3-afa3-3ac87aa139d7
1198005,Unknown,,Unknown,,"Apium leptophyllum",0,,,,,,,,urn:uuid:72ea6cd0-db4a-4101-9cd8-657799dc1f50
1198006,Unknown,,Unknown,,"Apium leptophyllum",0,,,,,,,,urn:uuid:8bf974f0-8d56-47c5-ac60-7c772fb4a4c6
1198007,Unknown,,Unknown,,"Apium leptophyllum",0,,,,,,,,urn:uuid:1d4299e5-a48a-4d80-b43d-ca2576626ef0
1198008,Unknown,,Unknown,,"Apium leptophyllum",0,,,,,,,,urn:uuid:6fb70f1e-6539-4271-b395-3fc319395ccb
1198009,Unknown,,Unknown,,"Apium leptophyllum",0,,,,,,,,urn:uuid:d083507d-e3cc-4eeb-8e9a-97ee265ec2e7
1198010,Unknown,,Unknown,,"Apium leptophyllum",0,,,,,,,,urn:uuid:ceb35322-c3b0-4a79-93b3-8928f3bff628
1198011,Unknown,,Unknown,,"Apium leptophyllum",0,,,,,,,,urn:uuid:98273711-121a-40ac-983c-82b5470fe696
1198012,Unknown,,Unknown,,"Apium leptophyllum",0,,,,,,,,urn:uuid:48c0375f-482b-4989-a132-b4b1ba16e3f0
1198013,Unknown,,Unknown,,"Apium leptophyllum",0,,,,,,,,urn:uuid:21f95715-dfd8-4ead-81b9-80f312ea31a0
1198014,Unknown,,Unknown,,"Apium leptophyllum",0,,,,,,,,urn:uuid:1bda8619-5d6e-4292-bda1-f0a378864d30
1198015,Unknown,,Unknown,,"Apium leptophyllum",0,,,,,,,,urn:uuid:ad60edd2-942f-4fe1-a874-e8f34adfb6f9
1198016,Unknown,,Unknown,,"Apium leptophyllum",0,,,,,,,,urn:uuid:e4e70422-8ac0-480e-9023-22f60fef33ec
1198017,Unknown,,Unknown,,"Apium leptophyllum",0,,,,,,,,urn:uuid:ddf87207-8dda-483d-968d-1410a3e03b86
1198018,Unknown,,Unknown,,"Apium leptophyllum",0,,,,,,,,urn:uuid:ddcde965-ac7d-460a-88b3-9676a7544c89
1201318,Unknown,,Unknown,,"Limnosciadium pinnatum",0,,,,,,,,urn:uuid:7bb41d49-2adc-4f4f-aab6-c10c9a9a1cba
1201319,Unknown,,Unknown,,"Limnosciadium pinnatum",0,,,,,,,,urn:uuid:c6589030-075c-4602-b442-7f61b9d0677d
1201320,Unknown,,Unknown,,"Limnosciadium pinnatum",0,,,,,,,,urn:uuid:11101066-4a56-4178-8d38-b0844c7f7915
1201328,Unknown,,Unknown,,"Limnosciadium pinnatum",0,,,,,,,,urn:uuid:e78f6a91-c37d-42cd-bb15-59e898fb4641
1201330,Unknown,,Unknown,,"Limnosciadium pinnatum",0,,,,,,,,urn:uuid:7115e805-799d-44ea-ae1b-c66d808d6977
1201332,Unknown,,Unknown,,"Limnosciadium pinnatum",0,,,,,,,,urn:uuid:71ff44a5-5ae8-4066-90f0-00f7b78de29c
1201334,Unknown,,Unknown,,"Limnosciadium pinnatum",0,,,,,,,,urn:uuid:0efd61f0-db2d-4ac0-840d-f0798efa1427
1201335,Unknown,,Unknown,,"Limnosciadium pinnatum",0,,,,,,,,urn:uuid:f7f8acd6-b3e6-4798-9b29-e180bcce5ddb
1201336,Unknown,,Unknown,,"Limnosciadium pinnatum",0,,,,,,,,urn:uuid:3937f569-4bdb-4090-85a5-61b9a96a8f41
1201361,Unknown,,Unknown,,"Limnosciadium pumilum",0,,,,,,,,urn:uuid:19908592-2db7-4327-aeb5-e4966cd847e2
1201375,Unknown,,Unknown,,"Polytaenia nuttallii",0,,,,,,,,urn:uuid:8fa54492-b57a-4dce-a6bc-0e7ef2e6a52d
1201376,Unknown,,Unknown,,"Polytaenia nuttallii",0,,,,,,,,urn:uuid:a11680af-de27-430c-b59d-cec69cf6f06b
1201377,Unknown,,Unknown,,"Polytaenia nuttallii",0,,,,,,,,urn:uuid:116b1476-edd9-48a2-9b96-b8ce857cc312
1201378,Unknown,,Unknown,,"Polytaenia nuttallii",0,,,,,,,,urn:uuid:42f98234-4d62-45b7-96fb-cc129d10def7
1201379,Unknown,,Unknown,,"Polytaenia nuttallii",0,,,,,,,,urn:uuid:8b06cbc3-0eb6-4301-a06f-8185afdd3d08
1201380,Unknown,,Unknown,,"Polytaenia nuttallii",0,,,,,,,,urn:uuid:9935bfde-2e4c-4717-9cb0-9803e4493d81
1201381,Unknown,,Unknown,,"Polytaenia nuttallii",0,,,,,,,,urn:uuid:915753a7-3334-4778-b600-3638ecd39ea6
1201382,Unknown,,Unknown,,"Polytaenia nuttallii",0,,,,,,,,urn:uuid:a54e052c-d509-4e52-9f96-7044e596280a
1201383,Unknown,,Unknown,,"Polytaenia nuttallii",0,,,,,,,,urn:uuid:3d682ca5-4aab-446e-a1ab-1878104e6f21
1201384,Unknown,,Unknown,,"Polytaenia nuttallii",0,,,,,,,,urn:uuid:622a0dd0-8305-4c7c-a68a-dc73ca311562
1201385,Unknown,,Unknown,,"Polytaenia nuttallii",0,,,,,,,,urn:uuid:d23cd87b-3565-4fb3-8320-9f368ec9f510
1201386,Unknown,,Unknown,,"Polytaenia nuttallii",0,,,,,,,,urn:uuid:d3fcf26c-dee0-4b63-9152-b3087eef4272
1201387,Unknown,,Unknown,,"Polytaenia nuttallii",0,,,,,,,,urn:uuid:f4ce386a-587f-4415-8bb6-e1a0f1e9eeb5
1201388,Unknown,,Unknown,,"Polytaenia nuttallii",0,,,,,,,,urn:uuid:7a12848a-dbd0-4722-bcb3-9c596c816a35
1201389,Unknown,,Unknown,,"Polytaenia nuttallii",0,,,,,,,,urn:uuid:526d9ebc-8212-466a-a665-d3a16f3257c0
1201390,Unknown,,Unknown,,"Polytaenia nuttallii",0,,,,,,,,urn:uuid:24c2e1f1-5622-4ea6-b614-d08123a9ccb8
1201391,Unknown,,Unknown,,"Polytaenia nuttallii",0,,,,,,,,urn:uuid:a74c08a4-8c25-4766-aa83-e56779674ac2
1201392,Unknown,,Unknown,,"Polytaenia nuttallii",0,,,,,,,,urn:uuid:4ae172e4-80ac-4ff9-8163-cde7800bb709
1201393,Unknown,,Unknown,,"Polytaenia nuttallii",0,,,,,,,,urn:uuid:d984b07e-e900-4624-bf4e-c5a5db81ed3d
1201394,Unknown,,Unknown,,"Polytaenia nuttallii",0,,,,,,,,urn:uuid:15b519d5-9f5f-4066-bd88-6b215e6b3cc9
1201395,Unknown,,Unknown,,"Polytaenia nuttallii",0,,,,,,,,urn:uuid:d2a2418f-2dfe-494d-9e4e-53d5f0511920
1201397,Unknown,,Unknown,,"Ptilimnium capillaceum",0,,,,,,,,urn:uuid:04dbb828-ab0e-4119-a94d-1bdbdd9c382f
1201399,Unknown,,Unknown,,"Ptilimnium capillaceum",0,,,,,,,,urn:uuid:1f9796e9-ec5e-43fb-81d7-27c6fc680507
1201401,Unknown,,Unknown,,"Ptilimnium capillaceum",0,,,,,,,,urn:uuid:4c9a038f-19a5-4b59-af84-63798fb5b384
1201406,Unknown,,Unknown,,"Ptilimnium capillaceum",0,,,,,,,,urn:uuid:264e8f2a-ea0e-4024-a453-dcb210f417a8
1201408,Unknown,,Unknown,,"Ptilimnium capillaceum",0,,,,,,,,urn:uuid:900f28b5-cb59-49fd-88c5-aef9c41315da
1201412,Unknown,,Unknown,,"Ptilimnium costatum",0,,,,,,,,urn:uuid:9261e78f-d737-4ea7-aeab-581f4318fc65
1201413,Unknown,,Unknown,,"Ptilimnium costatum",0,,,,,,,,urn:uuid:0014a900-ee44-4fef-a79c-a733f53de540
1201414,Unknown,,Unknown,,"Ptilimnium costatum",0,,,,,,,,urn:uuid:f081d48d-0125-4cc0-ab3b-23698d852c2b
1201415,Unknown,,Unknown,,"Ptilimnium costatum",0,,,,,,,,urn:uuid:22644828-1b40-4505-aea6-f01ad292402d
1201416,Unknown,,Unknown,,"Ptilimnium costatum",0,,,,,,,,urn:uuid:a2004990-7000-4be3-ad80-58cb04b50fb1
1201417,Unknown,,Unknown,,"Ptilimnium costatum",0,,,,,,,,urn:uuid:188618ec-f139-4df1-8ead-fa7a2f9a71e5
1201418,Unknown,,Unknown,,"Ptilimnium costatum",0,,,,,,,,urn:uuid:d802e84b-76e1-49f0-a097-f2b6aaafa2fa
1201419,Unknown,,Unknown,,"Ptilimnium costatum",0,,,,,,,,urn:uuid:5aee2a5d-286c-44aa-9c96-6c530bc51506
1201420,Unknown,,Unknown,,"Ptilimnium costatum",0,,,,,,,,urn:uuid:ec5e0827-cd6a-4d7d-be4b-49b158888b14
1201421,Unknown,,Unknown,,"Ptilimnium nuttallii",0,,,,,,,,urn:uuid:9c7d657a-e0b9-494d-be97-5b59b3edff9b
1205709,Unknown,,Unknown,,"Spermolepis inermis",0,,,,,,,,urn:uuid:e0c13832-a081-4acd-b0f5-8411ad0a06dd
1205725,Unknown,,Unknown,,"Spermolepis inermis",0,,,,,,,,urn:uuid:62fa1cd7-832f-43f6-9f78-6c25455789f9
1312107,Unknown,,Unknown,,"Chaerophyllum tainturieri var. tainturieri",0,,,,,,,,urn:uuid:e8ed78c5-e4ed-4d29-bcb5-724b57375565
1312175,Unknown,,Unknown,,"Chaerophyllum tainturieri var. tainturieri",0,,,,,,,,urn:uuid:33f68376-9162-402b-8d96-8fe8cfeb025b
1314596,Unknown,,Unknown,,"Polytaenia nuttallii",0,,,,,,,,urn:uuid:9d911803-ea7d-47e2-830c-943a4a8ed209
1315599,Unknown,,Unknown,,"Polytaenia nuttallii",0,,,,,,,,urn:uuid:6c5f4a9a-e59a-41e1-982d-92a87867f65a
1315930,Unknown,,Unknown,,"Polytaenia nuttallii",0,,,,,,,,urn:uuid:4284bd59-8341-40d4-8cba-d65f0840a44b
1315931,Unknown,,Unknown,,"Polytaenia nuttallii",0,,,,,,,,urn:uuid:85d9eb8d-1aa2-4618-a542-9d6f9bae5b8a
1316141,Unknown,,Unknown,,"Spermolepis divaricata",0,,,,,,,,urn:uuid:87efd027-11e3-4d24-afbf-3e61e0bcfe1d
1316142,Unknown,,Unknown,,"Spermolepis divaricata",0,,,,,,,,urn:uuid:01742bb4-b456-4c7c-bff4-393ca70e634a
1316143,Unknown,,Unknown,,"Spermolepis divaricata",0,,,,,,,,urn:uuid:cc7ce859-58d5-4263-a296-a4f8b1f2701e
1316144,Unknown,,Unknown,,"Spermolepis divaricata",0,,,,,,,,urn:uuid:1dcaf72a-4dd8-444b-9b34-60c859ce4340
1316145,Unknown,,Unknown,,"Spermolepis divaricata",0,,,,,,,,urn:uuid:9550cbf0-c943-431e-a5fa-d53206ed1198
1316146,Unknown,,Unknown,,"Spermolepis divaricata",0,,,,,,,,urn:uuid:1ac4c938-cec1-4fcb-a130-e07f543294d9
1316147,Unknown,,Unknown,,"Spermolepis divaricata",0,,,,,,,,urn:uuid:ca6ac576-5ad1-4caf-9423-5a0f19e3d4e8
1316148,Unknown,,Unknown,,"Spermolepis divaricata",0,,,,,,,,urn:uuid:6fb26553-0cf0-4cc6-8495-8b46274fd312
1316149,Unknown,,Unknown,,"Spermolepis divaricata",0,,,,,,,,urn:uuid:1ce2c273-e7e3-4a62-8f47-8bd965f3cc46
1316150,Unknown,,Unknown,,"Spermolepis divaricata",0,,,,,,,,urn:uuid:3c100bd5-b2b7-4802-9db5-bac2c40a2456
1316151,Unknown,,Unknown,,"Spermolepis divaricata",0,,,,,,,,urn:uuid:94641d57-d7a6-422c-b1ff-6a558d67de6b
1316152,Unknown,,Unknown,,"Spermolepis divaricata",0,,,,,,,,urn:uuid:30ec7c1e-53dc-45af-adc2-c598e7514fac
1316153,Unknown,,Unknown,,"Spermolepis divaricata",0,,,,,,,,urn:uuid:e665b24c-ce5a-444a-9841-024427a1ab3f
1316154,Unknown,,Unknown,,"Spermolepis divaricata",0,,,,,,,,urn:uuid:399cb90a-6b48-4448-aa24-d478cb8323bd
1316155,Unknown,,Unknown,,"Spermolepis divaricata",0,,,,,,,,urn:uuid:37b51df3-b3bf-4d97-84e1-a651faa98772
1316156,Unknown,,Unknown,,"Spermolepis divaricata",0,,,,,,,,urn:uuid:e4a49e99-de34-4b98-b94e-f7bee1a1daba
1316253,Unknown,,Unknown,,"Polytaenia nuttallii",0,,,,,,,,urn:uuid:e87dc2f0-4492-44c6-b0cc-b9bc34dfe9a2
1316254,Unknown,,Unknown,,"Polytaenia nuttallii",0,,,,,,,,urn:uuid:291eaad4-3400-408e-9fad-8eebb6ff95a6
1263295,Unknown,,Unknown,,"Limnosciadium pinnatum",0,,,,,,,,urn:uuid:5ed72794-1da5-4cfc-a5e5-b1fa856c83e8
1263296,Unknown,,Unknown,,"Limnosciadium pinnatum",0,,,,,,,,urn:uuid:2e5ab577-81fa-466d-af57-46fcece89926
1263304,Unknown,,Unknown,,"Limnosciadium pinnatum",0,,,,,,,,urn:uuid:203898fd-12c6-4c4d-b06d-ebd4e976b909
1263308,Unknown,,Unknown,,"Limnosciadium pinnatum",0,,,,,,,,urn:uuid:c0a7377a-3318-41ea-950b-93b46f6abcc9
1263310,Unknown,,Unknown,,"Limnosciadium pinnatum",0,,,,,,,,urn:uuid:b060d667-0a61-49c2-8194-883234f73786
1263311,Unknown,,Unknown,,"Limnosciadium pinnatum",0,,,,,,,,urn:uuid:5a97cb29-6ab3-4d11-a10b-a084b915f9e5
1263312,Unknown,,Unknown,,"Limnosciadium pinnatum",0,,,,,,,,urn:uuid:c70b4d5b-bc84-42a5-adc2-3aef0e0250dc
1263360,Unknown,,Unknown,,"Polytaenia nuttallii",0,,,,,,,,urn:uuid:da700beb-c921-4aa3-a7c4-8aa9f9e3f813
1263361,Unknown,,Unknown,,"Polytaenia nuttallii",0,,,,,,,,urn:uuid:eff8f791-2052-42aa-a8d7-eabd94fb165e
1263362,Unknown,,Unknown,,"Polytaenia nuttallii",0,,,,,,,,urn:uuid:8175e0f6-235d-4a81-a51d-d0a696b7eb91
1263363,Unknown,,Unknown,,"Polytaenia nuttallii",0,,,,,,,,urn:uuid:544bf1fd-936a-48d0-b211-b5b51c86724b
1263364,Unknown,,Unknown,,"Polytaenia nuttallii",0,,,,,,,,urn:uuid:1a9b3df0-290b-40f4-afee-25642290650d
1263365,Unknown,,Unknown,,"Polytaenia nuttallii",0,,,,,,,,urn:uuid:7697be18-898e-49c5-bd03-3f181b91f69a
1263366,Unknown,,Unknown,,"Polytaenia nuttallii",0,,,,,,,,urn:uuid:84d60658-ce67-46e2-8884-0a1af91cf6d1
1263367,Unknown,,Unknown,,"Polytaenia nuttallii",0,,,,,,,,urn:uuid:1178a88b-344e-4dd5-9574-f1b28b9dee73
1263368,Unknown,,Unknown,,"Polytaenia nuttallii",0,,,,,,,,urn:uuid:c82d2281-1ac0-4f1c-be3b-ae6c6b2d1ae6
1263369,Unknown,,Unknown,,"Polytaenia nuttallii",0,,,,,,,,urn:uuid:da96b5dc-4740-4c19-a238-e7ec35623b69
1263370,Unknown,,Unknown,,"Polytaenia nuttallii",0,,,,,,,,urn:uuid:178d3937-7e40-4268-969d-674bb6a4fd59
1263371,Unknown,,Unknown,,"Polytaenia nuttallii",0,,,,,,,,urn:uuid:bec79de1-0c31-467b-b46c-1a034e13a5da
1263372,Unknown,,Unknown,,"Polytaenia nuttallii",0,,,,,,,,urn:uuid:e50a321d-f3c1-41fe-9a35-99a142aa8aed
1263373,Unknown,,Unknown,,"Polytaenia nuttallii",0,,,,,,,,urn:uuid:68e5e8c8-c6ed-4b09-982a-f5b038ad2e55
1263374,Unknown,,Unknown,,"Polytaenia nuttallii",0,,,,,,,,urn:uuid:a1629a44-eb51-47b0-be94-c3640870265b
1263375,Unknown,,Unknown,,"Polytaenia nuttallii",0,,,,,,,,urn:uuid:e68b7578-bda7-4b08-a1d6-1c6d88577dec
1263376,Unknown,,Unknown,,"Polytaenia nuttallii",0,,,,,,,,urn:uuid:2d5bddbd-7417-4a87-8219-9b23760ea9b3
1263377,Unknown,,Unknown,,"Polytaenia nuttallii",0,,,,,,,,urn:uuid:e6bb7e30-6ad7-4e2d-8b6c-720fbf72c4b5
1263379,Unknown,,Unknown,,"Polytaenia nuttallii",0,,,,,,,,urn:uuid:2b913e7d-95a3-4adf-9fbf-3335f2fb064e
1263380,Unknown,,Unknown,,"Polytaenia nuttallii",0,,,,,,,,urn:uuid:4beb8ba3-6c3f-4c26-b67d-2288c2091f2b
1263381,Unknown,,Unknown,,"Polytaenia nuttallii",0,,,,,,,,urn:uuid:ef309a99-f3af-441a-9c95-b5126be4539e
1263382,Unknown,,Unknown,,"Polytaenia nuttallii",0,,,,,,,,urn:uuid:214101f9-87ca-4869-9661-7cd5a3a621d0
1263383,Unknown,,Unknown,,"Polytaenia nuttallii",0,,,,,,,,urn:uuid:88c48012-aeb5-4323-82cb-fae428908478
1263384,Unknown,,Unknown,,"Polytaenia nuttallii",0,,,,,,,,urn:uuid:adefc8cb-1be7-495d-a7d3-d35e59565f21
1263385,Unknown,,Unknown,,"Polytaenia nuttallii",0,,,,,,,,urn:uuid:072d241d-ac82-421e-bcb7-c92544e56a6e
1263386,Unknown,,Unknown,,"Polytaenia nuttallii",0,,,,,,,,urn:uuid:f5aac31a-be1c-48a6-8705-f1d4241acc6a
1263387,Unknown,,Unknown,,"Polytaenia nuttallii",0,,,,,,,,urn:uuid:ac792409-7839-4ebd-a12e-7639fe23d2bd
1263388,Unknown,,Unknown,,"Polytaenia nuttallii",0,,,,,,,,urn:uuid:566e0533-e5d0-40e9-a1a1-8b36b125cc44
1263389,Unknown,,Unknown,,"Polytaenia nuttallii",0,,,,,,,,urn:uuid:88ffa769-f6f5-432b-a2cb-87927acea068
1263390,Unknown,,Unknown,,"Polytaenia nuttallii",0,,,,,,,,urn:uuid:a10b1ce6-71e6-4061-a6c7-848691c03cd7
1263391,Unknown,,Unknown,,"Polytaenia nuttallii",0,,,,,,,,urn:uuid:4cb7fa9f-b8ef-4772-a449-4c36abe61907
1263392,Unknown,,Unknown,,"Polytaenia nuttallii",0,,,,,,,,urn:uuid:3c70ed91-ee86-4fa5-a5f7-448f55278395
1263393,Unknown,,Unknown,,"Polytaenia nuttallii",0,,,,,,,,urn:uuid:7156e22a-7840-4dd8-8275-03e392b7f788
1263394,Unknown,,Unknown,,"Polytaenia nuttallii",0,,,,,,,,urn:uuid:9c0a4b6d-f0a8-4ed8-9545-aad3ee9f4907
1263395,Unknown,,Unknown,,"Polytaenia nuttallii",0,,,,,,,,urn:uuid:e3a52772-b8c6-4965-a1f7-1982b1818d29
1263396,Unknown,,Unknown,,"Polytaenia nuttallii",0,,,,,,,,urn:uuid:0f912b1a-7187-4d51-b49a-2bfcbe0d6e7a
1263397,Unknown,,Unknown,,"Polytaenia nuttallii",0,,,,,,,,urn:uuid:b6ba0904-000c-47d0-93ad-18807f2bbfa1
1263398,Unknown,,Unknown,,"Polytaenia nuttallii",0,,,,,,,,urn:uuid:30abfa54-d968-4095-87f4-79d2edb295f9
1263399,Unknown,,Unknown,,"Polytaenia nuttallii",0,,,,,,,,urn:uuid:1fdc1f05-8d01-45e5-bec1-185f3417ded8
1263400,Unknown,,Unknown,,"Polytaenia nuttallii",0,,,,,,,,urn:uuid:969e6ecf-d92e-4e03-a5ae-b6f502e93406
1263401,Unknown,,Unknown,,"Polytaenia nuttallii",0,,,,,,,,urn:uuid:113f6c48-4927-4cbd-8c36-7b3d0806ac5b
1263402,Unknown,,Unknown,,"Polytaenia nuttallii",0,,,,,,,,urn:uuid:d53cf9f3-ef2c-48c7-85c9-650f90702374
1263403,Unknown,,Unknown,,"Polytaenia nuttallii",0,,,,,,,,urn:uuid:0a789b30-26e3-45c6-8afc-c065432b3d81
1263404,Unknown,,Unknown,,"Polytaenia nuttallii",0,,,,,,,,urn:uuid:3b579765-f19e-4bc5-ba31-84a9bf2f1773
1263405,Unknown,,Unknown,,"Polytaenia nuttallii",0,,,,,,,,urn:uuid:132b639e-2d54-4390-b720-8eed973e652e
1263406,Unknown,,Unknown,,"Polytaenia nuttallii",0,,,,,,,,urn:uuid:2b2bec7a-ce0e-4ebe-b43f-7d11e930bf88
1263407,Unknown,,Unknown,,"Polytaenia nuttallii",0,,,,,,,,urn:uuid:f9e3c081-0430-499d-ae43-c5e8acb8db98
1263408,Unknown,,Unknown,,"Polytaenia nuttallii",0,,,,,,,,urn:uuid:d24251d6-ba88-4360-874b-2ddbcfff7c3d
1263409,Unknown,,Unknown,,"Polytaenia nuttallii",0,,,,,,,,urn:uuid:a1b5e29c-89e9-4433-8aa2-0168331c7cd9
1263410,Unknown,,Unknown,,"Polytaenia nuttallii",0,,,,,,,,urn:uuid:3fd6f521-0051-4cc9-9918-708167b0d7cd
1263411,Unknown,,Unknown,,"Polytaenia nuttallii",0,,,,,,,,urn:uuid:da133868-959b-48a9-90ad-8ea5716ec796
1263412,Unknown,,Unknown,,"Polytaenia nuttallii",0,,,,,,,,urn:uuid:ef784c04-48f3-4610-bbe2-75157b9708c4
1263413,Unknown,,Unknown,,"Polytaenia nuttallii",0,,,,,,,,urn:uuid:abf0ef44-7ea9-4b13-90e1-36189e6d3453
1263414,Unknown,,Unknown,,"Polytaenia nuttallii",0,,,,,,,,urn:uuid:39b75778-111e-45c1-b291-631192356d12
1263415,Unknown,,Unknown,,"Polytaenia nuttallii",0,,,,,,,,urn:uuid:bf6833c1-9df0-4e8c-9ab5-33802833d57a
1263416,Unknown,,Unknown,,"Polytaenia nuttallii",0,,,,,,,,urn:uuid:384476e3-2587-4335-b66b-5a3c9b24b9dc
1263417,Unknown,,Unknown,,"Polytaenia nuttallii",0,,,,,,,,urn:uuid:97c4c660-f50b-40ce-841a-a6f665d0ddf1
1263418,Unknown,,Unknown,,"Ptilimnium costatum",0,,,,,,,,urn:uuid:16ebc3e4-8a6d-4c8c-8d65-b7a979b07934
1263419,Unknown,,Unknown,,"Ptilimnium costatum",0,,,,,,,,urn:uuid:fc12a84d-a657-4afe-94a0-a012717b19bc
1263420,Unknown,,Unknown,,"Ptilimnium costatum",0,,,,,,,,urn:uuid:0302ed22-6e44-4886-aa6e-d6f8a3c4fe11
1263422,Unknown,,Unknown,,"Ptilimnium costatum",0,,,,,,,,urn:uuid:d315ca2c-ae23-4986-a87e-2334e9637797
1263423,Unknown,,Unknown,,"Ptilimnium costatum",0,,,,,,,,urn:uuid:3c1a83aa-ba31-4cbb-9eed-3862ca014566
1263424,Unknown,,Unknown,,"Ptilimnium costatum",0,,,,,,,,urn:uuid:23f5c350-512d-430a-99d9-b9186f17f73d
1263426,Unknown,,Unknown,,"Ptilimnium capillaceum",0,,,,,,,,urn:uuid:6512b6ae-b9a7-4d5b-b743-e24155bdd5ab
1263427,Unknown,,Unknown,,"Ptilimnium capillaceum",0,,,,,,,,urn:uuid:b773d592-ddf8-46af-bf5f-da437e1277b6
1263428,Unknown,,Unknown,,"Ptilimnium capillaceum",0,,,,,,,,urn:uuid:eb3af6bf-57e4-4722-ba62-b28b413bdcab
1263448,Unknown,,Unknown,,"Sanicula gregaria",0,,,,,,,,urn:uuid:9e839956-3807-40cd-aea6-3a366ebcbda5
1263511,Unknown,,Unknown,,"Spermolepis echinata",0,,,,,,,,urn:uuid:6f5487b3-b651-417d-babb-b61f1cdaa912
1263515,Unknown,,Unknown,,"Spermolepis echinata",0,,,,,,,,urn:uuid:a04089db-9e92-4714-be25-65b011aa4748
1263543,Unknown,,Unknown,,"Spermolepis divaricata",0,,,,,,,,urn:uuid:6bc4beb5-974b-43fb-98ea-0112da15b43b
1263544,Unknown,,Unknown,,"Spermolepis divaricata",0,,,,,,,,urn:uuid:30a2deca-d5cc-4804-b44d-56fd2f473cac
1263545,Unknown,,Unknown,,"Spermolepis divaricata",0,,,,,,,,urn:uuid:d24a784f-4b59-4450-9b92-1f7bdbadb95b
1263546,Unknown,,Unknown,,"Spermolepis divaricata",0,,,,,,,,urn:uuid:3a47828d-1fed-42f9-be09-a6da6737412b
1263547,Unknown,,Unknown,,"Spermolepis divaricata",0,,,,,,,,urn:uuid:92a2edbe-0c98-4d0c-831a-6d83f76086ef
1263548,Unknown,,Unknown,,"Spermolepis divaricata",0,,,,,,,,urn:uuid:2bcdfcbc-f532-487d-80be-020352129ee1
1263549,Unknown,,Unknown,,"Spermolepis divaricata",0,,,,,,,,urn:uuid:9198c139-0902-4e67-82bc-43fd67e068ac
1263550,Unknown,,Unknown,,"Spermolepis divaricata",0,,,,,,,,urn:uuid:c9ee6dae-109c-4a1b-80be-5ffb2335c520
1263551,Unknown,,Unknown,,"Spermolepis divaricata",0,,,,,,,,urn:uuid:8873511f-af08-4a56-8183-ea0098270f52
1263552,Unknown,,Unknown,,"Spermolepis divaricata",0,,,,,,,,urn:uuid:d0cf7ceb-b775-4a20-b714-47de0543bfc4
1263585,Unknown,,Unknown,,"Apiaceae indet.",0,,,,,,,,urn:uuid:a8da8154-095e-4f31-b128-f7e9cb765435
1263586,Unknown,,Unknown,,"Apiaceae indet.",0,,,,,,,,urn:uuid:29ba1a70-6649-491c-b578-c210897b6100
1263587,Unknown,,Unknown,,"Apiaceae indet.",0,,,,,,,,urn:uuid:ba722a14-d89f-46ba-b755-62ab461e9619
1263588,Unknown,,Unknown,,"Apiaceae indet.",0,,,,,,,,urn:uuid:6143c915-aa3a-466f-9034-74e32704615a
1263589,Unknown,,Unknown,,"Apiaceae indet.",0,,,,,,,,urn:uuid:5537ef8f-3891-4756-9110-2f1234561c7a
1292160,Unknown,,Unknown,,"Spermolepis divaricata",0,,,,,,,,urn:uuid:72662415-b776-42dd-aea8-57b20d3244cc
1293181,Unknown,,Unknown,,"Ptilimnium capillaceum",0,,,,,,,,urn:uuid:6f4217d9-e7fd-4cb1-9b63-3957d0cf4cfa
1293373,Unknown,,Unknown,,"Spermolepis divaricata",0,,,,,,,,urn:uuid:248d16c0-3ff2-44da-aca0-86b084c3fe98
1293374,Unknown,,Unknown,,"Spermolepis divaricata",0,,,,,,,,urn:uuid:08cad9ed-b926-4c7c-b8dc-a6c5b3b15bc6
1294252,Unknown,,Unknown,,"Ptilimnium nuttallii",0,,,,,,,,urn:uuid:9f02c217-424e-4798-8c67-1bc4cf04d7b6
1294253,Unknown,,Unknown,,"Polytaenia nuttallii",0,,,,,,,,urn:uuid:b8b6d2db-c6a2-4e65-b1f8-2346634e7be4
1294254,Unknown,,Unknown,,"Polytaenia nuttallii",0,,,,,,,,urn:uuid:27b3f36a-7a19-4fdb-b46f-7208f214d9a0
1296459,Unknown,,Unknown,,"Ptilimnium nuttallii",0,,,,,,,,urn:uuid:e3363601-bd70-4167-9fa2-5efc006dd855
1296465,Unknown,,Unknown,,"Spermolepis divaricata",0,,,,,,,,urn:uuid:06a57b2b-62d6-46c9-99f0-0e20acc79b79
1296467,Unknown,,Unknown,,"Polytaenia nuttallii",0,,,,,,,,urn:uuid:43253254-dbd3-44bb-bd60-5942eee6c51d
1296468,Unknown,,Unknown,,"Spermolepis divaricata",0,,,,,,,,urn:uuid:cd321fcc-7692-4255-a985-f60038b573fa
1296492,Unknown,,Unknown,,"Limnosciadium pinnatum",0,,,,,,,,urn:uuid:987a7222-077d-480d-9d3d-64c15ec0344c
1297521,Unknown,,Unknown,,"Polytaenia nuttallii",0,,,,,,,,urn:uuid:af78da99-abc8-4d1c-af25-16fb46f2adaf
1297522,Unknown,,Unknown,,"Polytaenia nuttallii",0,,,,,,,,urn:uuid:a9434969-2e56-4476-a090-8c00df385183
1298280,Unknown,,Unknown,,"Ptilimnium capillaceum",0,,,,,,,,urn:uuid:75be9717-6bf1-44ef-8da3-d2d07800bbcc
1299635,Unknown,,Unknown,,"Ptilimnium costatum",0,,,,,,,,urn:uuid:84a24072-33bd-45f9-b1f3-58cdc408406d
1300828,Unknown,,Unknown,,"Limnosciadium pinnatum",0,,,,,,,,urn:uuid:3c2956e9-1630-459a-a863-966f1aa57854
1300832,Unknown,,Unknown,,"Limnosciadium pinnatum",0,,,,,,,,urn:uuid:2c46999d-6708-48fa-89c0-810ad9836b2a
1300840,Unknown,,Unknown,,"Polytaenia nuttallii",0,,,,,,,,urn:uuid:69bfbfd7-5382-4c90-9977-3ad5e4a70462
1300841,Unknown,,Unknown,,"Polytaenia nuttallii",0,,,,,,,,urn:uuid:50bdcf1d-335a-45c4-8164-ee0a84a890b4
1300849,Unknown,,Unknown,,"Limnosciadium pinnatum",0,,,,,,,,urn:uuid:62409b57-9dbb-40a6-940b-6e83ffe41ac1
1302091,Unknown,,Unknown,,"Spermolepis divaricata",0,,,,,,,,urn:uuid:4db5ea34-8bd9-45b1-a0a8-27f546148a11
1302829,Unknown,,Unknown,,"Polytaenia nuttallii",0,,,,,,,,urn:uuid:9a667e19-3263-491a-bb66-1bdac151d9c4
1303852,Unknown,,Unknown,,"Polytaenia nuttallii",0,,,,,,,,urn:uuid:0d5ba0c1-4493-4e34-9ff4-5ffc6c61e192
1304114,Unknown,,Unknown,,"Spermolepis inermis",0,,,,,,,,urn:uuid:aa7b4d20-84e0-43ef-87e9-b023e37ecd04
1304582,Unknown,,Unknown,,"Polytaenia nuttallii",0,,,,,,,,urn:uuid:3ea3327a-0314-44be-b660-e0f780aa70a6
1306552,Unknown,,Unknown,,"Spermolepis divaricata",0,,,,,,,,urn:uuid:e2049e7e-2ef0-4233-b29a-533203df2a90
1307154,Unknown,,Unknown,,"Spermolepis divaricata",0,,,,,,,,urn:uuid:99e21ae3-5c61-4f10-a9d0-05d5d5a4469a
1307919,Unknown,,Unknown,,"Spermolepis divaricata",0,,,,,,,,urn:uuid:9c3edf2f-0881-43dd-ab23-c163b47a4247
1308594,Unknown,,Unknown,,"Spermolepis divaricata",0,,,,,,,,urn:uuid:a627f718-5a2b-4f1d-a6f0-680f824556f0
1309750,Unknown,,Unknown,,"Spermolepis inermis",0,,,,,,,,urn:uuid:13d630cb-80cc-4d99-8b4b-b9ac5f7165d5
1205757,Unknown,,Unknown,,"Spermolepis inermis",0,,,,,,,,urn:uuid:fd6d40ad-a44d-40fc-ad37-45777e8d3a9b
1205759,Unknown,,Unknown,," Spermolepis divaricata",0,,,,,,,,urn:uuid:ba7fd98d-264e-4c79-9932-fb58fb22b5b2
1205759,Unknown,,Unknown,,"Spermolepis inermis",0,,,,,,,,urn:uuid:ecdb2977-24f1-47d5-9935-e2f4dde97ca0
1205764,Unknown,,Unknown,,"Spermolepis inermis",0,,,,,,,,urn:uuid:c32db85f-4d12-4a1d-96a7-48b55ddf49a0
1205783,Unknown,,Unknown,,"Spermolepis inermis",0,,,,,,,,urn:uuid:35406a60-2eeb-4dbf-a863-1b274ab0db03
1205784,Unknown,,Unknown,,"Spermolepis inermis",0,,,,,,,,urn:uuid:c90dee14-64ca-408a-8c52-107ef4e004fc
1210728,Unknown,,Unknown,,"Ammoselinum popei",0,,,,,,,,urn:uuid:0b4ceb5e-9c53-4a45-97eb-1640ba4488c6
1210742,Unknown,,Unknown,,"Ammoselinum popei",0,,,,,,,,urn:uuid:f4b3f1a4-1593-4e58-8e40-cb7b74b22f0b
1216730,Unknown,,Unknown,,"Polytaenia nuttallii",0,,,,,,,,urn:uuid:b3cdc40a-e4a9-431a-8037-c17d173dded9
1216733,Unknown,,Unknown,,"Polytaenia nuttallii",0,,,,,,,,urn:uuid:b2e34c96-02a7-4e74-b073-f4b7b8081e91
1262755,Unknown,,Unknown,,"Apium leptophyllum",0,,,,,,,,urn:uuid:a57f0eb0-ab96-42a4-bea0-c18607b0190d
1262756,Unknown,,Unknown,,"Apium leptophyllum",0,,,,,,,,urn:uuid:50551652-d5df-43b9-8a5a-bcaca5b06cd5
1262757,Unknown,,Unknown,,"Apium leptophyllum",0,,,,,,,,urn:uuid:37879861-3df8-4cdc-9f1a-625ef1ce10f9
1262758,Unknown,,Unknown,,"Apium leptophyllum",0,,,,,,,,urn:uuid:f1f72422-b03a-4ae1-ab94-f11b75bd7212
1262759,Unknown,,Unknown,,"Apium leptophyllum",0,,,,,,,,urn:uuid:e1870059-f022-4450-840e-eecc631025d6
1262760,Unknown,,Unknown,,"Apium leptophyllum",0,,,,,,,,urn:uuid:3314688f-aff6-4d5f-9449-e67010d797a6
1262761,Unknown,,Unknown,,"Apium leptophyllum",0,,,,,,,,urn:uuid:280c4cc9-084c-4e75-9373-baba7b5263e8
1262762,Unknown,,Unknown,,"Apium leptophyllum",0,,,,,,,,urn:uuid:3dcda35e-7361-453c-881d-f83fb73db76b
1262763,Unknown,,Unknown,,"Apium leptophyllum",0,,,,,,,,urn:uuid:9c3f87cf-19ad-4a1d-8bff-9e0f99f188d5
1262764,Unknown,,Unknown,,"Apium leptophyllum",0,,,,,,,,urn:uuid:62b84d45-a65e-40a6-8d31-0de46dd083a3
1262765,Unknown,,Unknown,,"Apium leptophyllum",0,,,,,,,,urn:uuid:91c681c4-9aff-4b10-bc4b-d9797a1bcf5f
1262766,Unknown,,Unknown,,"Apium leptophyllum",0,,,,,,,,urn:uuid:143517a0-288c-42b0-b1a9-415eca6cea78
1262767,Unknown,,Unknown,,"Apium leptophyllum",0,,,,,,,,urn:uuid:4ed64b52-d395-4948-821b-6e755ffe463c
1262768,Unknown,,Unknown,,"Apium leptophyllum",0,,,,,,,,urn:uuid:8c6e4a29-15e4-454d-be79-cf5a09407b05
1262769,Unknown,,Unknown,,"Apium leptophyllum",0,,,,,,,,urn:uuid:f3a75d8d-667b-4213-aadd-310b5f8aa675
1262770,Unknown,,Unknown,,"Apium leptophyllum",0,,,,,,,,urn:uuid:adbd2fed-3aea-46c5-86f6-b3393023a15c
1262771,Unknown,,Unknown,,"Apium leptophyllum",0,,,,,,,,urn:uuid:f0e8f98b-6058-4efb-bb67-887107c0eb3a
1262772,Unknown,,Unknown,,"Apium leptophyllum",0,,,,,,,,urn:uuid:322607ce-377e-490d-ad4a-9b11acf4b8df
1262773,Unknown,,Unknown,,"Apium leptophyllum",0,,,,,,,,urn:uuid:7616f386-6b3d-4ce9-888a-ef3dd23ee8ed
1262774,Unknown,,Unknown,,"Apium leptophyllum",0,,,,,,,,urn:uuid:bcb98dab-f7fa-4014-9938-dac24ead1ec5
1262775,Unknown,,Unknown,,"Apium leptophyllum",0,,,,,,,,urn:uuid:4e21ab70-6328-4bba-a884-15fba0db8360
1262776,Unknown,,Unknown,,"Apium leptophyllum",0,,,,,,,,urn:uuid:aec5ccca-e22c-41a6-bdfe-07e3673bc894
1262777,Unknown,,Unknown,,"Apium leptophyllum",0,,,,,,,,urn:uuid:ca2f77d3-c3ee-4a94-86b2-5b58004f60de
1262778,Unknown,,Unknown,,"Apium leptophyllum",0,,,,,,,,urn:uuid:d3e4b347-37e6-4092-8410-ccd4d85cb1c7
1262779,Unknown,,Unknown,,"Apium leptophyllum",0,,,,,,,,urn:uuid:e013998f-1e82-4971-84cb-a8cff897a7df
1262780,Unknown,,Unknown,,"Apium leptophyllum",0,,,,,,,,urn:uuid:09dd3716-76cb-452b-9d9b-7806c532b623
1262781,Unknown,,Unknown,,"Apium leptophyllum",0,,,,,,,,urn:uuid:da4d6e5e-8130-4e34-bc16-a2370185c8c8
1262782,Unknown,,Unknown,,"Apium leptophyllum",0,,,,,,,,urn:uuid:f7497268-7611-4179-b19e-37a8bef5aea4
1262783,Unknown,,Unknown,,"Apium leptophyllum",0,,,,,,,,urn:uuid:f65c5f94-5938-4a8b-9884-1c4f3dcaa245
1262784,Unknown,,Unknown,,"Apium leptophyllum",0,,,,,,,,urn:uuid:10b62191-aee7-4924-9bbc-516f712f0ee4
1262785,Unknown,,Unknown,,"Apium leptophyllum",0,,,,,,,,urn:uuid:139ec414-7522-4748-90a8-007b76f6ecb7
1262786,Unknown,,Unknown,,"Apium leptophyllum",0,,,,,,,,urn:uuid:b44b98f5-76f4-4472-b039-8c4105b1542a
1262787,Unknown,,Unknown,,"Apium leptophyllum",0,,,,,,,,urn:uuid:17051a04-1dd4-4644-8e16-eee62ecd8dc8
1262788,Unknown,,Unknown,,"Apium leptophyllum",0,,,,,,,,urn:uuid:0af12bbd-69bb-4c29-83c8-dcc79858a772
1262789,Unknown,,Unknown,,"Apium leptophyllum",0,,,,,,,,urn:uuid:a257e991-7fe7-4ba7-bc70-4328deac3257
1262790,Unknown,,Unknown,,"Apium leptophyllum",0,,,,,,,,urn:uuid:9bd903d9-f024-40d4-a917-32b6a74e6266
1262791,Unknown,,Unknown,,"Apium leptophyllum",0,,,,,,,,urn:uuid:2596a8b6-565d-4154-8408-57c1153171be
1262792,Unknown,,Unknown,,"Apium leptophyllum",0,,,,,,,,urn:uuid:a73e4d6b-7f63-4884-af53-64dc12cbeb6b
1262793,Unknown,,Unknown,,"Apium leptophyllum",0,,,,,,,,urn:uuid:24f7f331-89d2-48e1-bf75-720827746a07
1262794,Unknown,,Unknown,,"Apium leptophyllum",0,,,,,,,,urn:uuid:6cfcc85d-6d2f-4e16-9802-8d420c8bbfaf
1262795,Unknown,,Unknown,,"Apium leptophyllum",0,,,,,,,,urn:uuid:03ea72b7-e828-4ad7-86bd-22dd3790d961
1262796,Unknown,,Unknown,,"Apium leptophyllum",0,,,,,,,,urn:uuid:a3f2c9e3-5cf0-4608-a5f3-413cf1521755
1262797,Unknown,,Unknown,,"Apium leptophyllum",0,,,,,,,,urn:uuid:6984e3e0-1e5d-414e-9d6c-6be7dbfb7776
1262798,Unknown,,Unknown,,"Apium leptophyllum",0,,,,,,,,urn:uuid:4fce1aa5-06c5-43a7-a8eb-2f8afd3612aa
1262799,Unknown,,Unknown,,"Apium leptophyllum",0,,,,,,,,urn:uuid:e7c588ea-86bc-42d8-893e-52827d510f7c
1262800,Unknown,,Unknown,,"Apium leptophyllum",0,,,,,,,,urn:uuid:2fb96f87-b4c0-4a88-a4b7-24244bf2d76c
1262801,Unknown,,Unknown,,"Apium leptophyllum",0,,,,,,,,urn:uuid:d6e727fc-64a2-4f9a-946a-0a39d1ba729e
1262802,Unknown,,Unknown,,"Apium leptophyllum",0,,,,,,,,urn:uuid:98185ec6-5e60-41a1-b6a2-e649e18175da
1262803,Unknown,,Unknown,,"Apium leptophyllum",0,,,,,,,,urn:uuid:63c2529c-6026-4dd5-94d9-c42564567492
1262804,Unknown,,Unknown,,"Apium leptophyllum",0,,,,,,,,urn:uuid:4a850120-d7c4-4c80-b326-a0b31feeabd9
1262805,Unknown,,Unknown,,"Apium leptophyllum",0,,,,,,,,urn:uuid:5543da66-8ebc-45d8-8c2e-aecedf800f05
1262806,Unknown,,Unknown,,"Apium leptophyllum",0,,,,,,,,urn:uuid:7cad2927-c6d4-47f3-9936-185b338d5db8
1262807,Unknown,,Unknown,,"Apium leptophyllum",0,,,,,,,,urn:uuid:d9b59e91-0faf-4cda-9498-019b2ce4c8be
1262808,Unknown,,Unknown,,"Apium leptophyllum",0,,,,,,,,urn:uuid:94a2d195-5bc3-4f2c-903b-d860c5dde9d0
1403584,Unknown,,Unknown,,"Cynosciadium digitatum",0,,,,,,,,urn:uuid:a6d28705-d709-481c-983c-8fbd87c77508
1403705,Unknown,,Unknown,,"Polytaenia nuttallii",0,,,,,,,,urn:uuid:3fbbd2f8-1de0-4185-90f8-6447c98d66a4
1403706,Unknown,,Unknown,,"Polytaenia nuttallii",0,,,,,,,,urn:uuid:15019e54-6021-439a-8a82-d6ad67bf15cc
1403707,Unknown,,Unknown,,"Polytaenia nuttallii",0,,,,,,,,urn:uuid:b3b081e9-365f-4e54-ae5b-5adc25c90553
1403708,Unknown,,Unknown,,"Polytaenia nuttallii",0,,,,,,,,urn:uuid:7e4cff84-a898-4911-92e4-cdcfdf58aa2b
1403709,Unknown,,Unknown,,"Polytaenia nuttallii",0,,,,,,,,urn:uuid:7e99f7ba-f29d-4c7a-8444-6fa2456638c0
1403710,Unknown,,Unknown,,"Polytaenia nuttallii",0,,,,,,,,urn:uuid:063b0de5-b26e-4e0b-9993-6864df8996de
1403711,Unknown,,Unknown,,"Polytaenia nuttallii",0,,,,,,,,urn:uuid:55c11a2d-98ad-427d-bf45-b196e116a40b
1403712,Unknown,,Unknown,,"Polytaenia nuttallii",0,,,,,,,,urn:uuid:b4ec0cf6-4136-46f0-b35c-5ba48f38e2ab
1403713,Unknown,,Unknown,,"Polytaenia nuttallii",0,,,,,,,,urn:uuid:9a0e03e4-acc5-4f73-9279-d3dd637c32e2
1403714,Unknown,,Unknown,,"Polytaenia nuttallii",0,,,,,,,,urn:uuid:917fbadf-f44d-440b-abf2-359273fae889
1403715,Unknown,,Unknown,,"Polytaenia nuttallii",0,,,,,,,,urn:uuid:a0897928-ed08-428e-9286-3295cc8d14bd
1403716,Unknown,,Unknown,,"Polytaenia nuttallii",0,,,,,,,,urn:uuid:c50e23ad-6644-4550-bda5-1a91c48f67d0
1403717,Unknown,,Unknown,,"Polytaenia nuttallii",0,,,,,,,,urn:uuid:75cb21ec-2608-4644-8801-d76c984f0cc5
1403718,Unknown,,Unknown,,"Polytaenia nuttallii",0,,,,,,,,urn:uuid:c49172f2-c79b-4405-ba85-f5e73bf77f44
1403719,Unknown,,Unknown,,"Polytaenia nuttallii",0,,,,,,,,urn:uuid:ec05a1a2-f73e-4b00-9a37-bf3b823afe31
1403720,Unknown,,Unknown,,"Ptilimnium costatum",0,,,,,,,,urn:uuid:d848761a-2872-486a-b884-3009f09594b8
1403721,Unknown,,Unknown,,"Ptilimnium costatum",0,,,,,,,,urn:uuid:9fe4d2a8-22bb-4886-8688-805c72e9c01b
1403722,Unknown,,Unknown,,"Ptilimnium costatum",0,,,,,,,,urn:uuid:3d85d59f-1a0d-462f-9e4d-01193332be0b
1403723,Unknown,,Unknown,,"Ptilimnium costatum",0,,,,,,,,urn:uuid:2b09dbe4-c7a0-47ca-b204-16dc97c6cf6a
1403724,Unknown,,Unknown,,"Ptilimnium costatum",0,,,,,,,,urn:uuid:1404d3d5-0892-498c-81ca-63f783623f3d
1403725,Unknown,,Unknown,,"Ptilimnium costatum",0,,,,,,,,urn:uuid:229ba9e4-95d8-4043-9f02-674c96cbf7e0
1403726,Unknown,,Unknown,,"Ptilimnium costatum",0,,,,,,,,urn:uuid:9377b280-79a5-4860-a302-42eee6432dae
1403727,Unknown,,Unknown,,"Ptilimnium costatum",0,,,,,,,,urn:uuid:9e41fc2a-c63e-4456-aef6-8557dca1f493
1403728,Unknown,,Unknown,,"Ptilimnium costatum",0,,,,,,,,urn:uuid:a0e3d147-5989-41cf-8296-ceb282ab2ba4
1403729,Unknown,,Unknown,,"Ptilimnium costatum",0,,,,,,,,urn:uuid:4aea6332-a6fb-4541-a232-bb2e9c32c7f8
1403730,Unknown,,Unknown,,"Ptilimnium costatum",0,,,,,,,,urn:uuid:b386b79f-4dc3-4943-8947-2e2b9791eb66
1403737,Unknown,,Unknown,,"Sanicula gregaria",0,,,,,,,,urn:uuid:cfee178c-33c8-4ff9-b5e5-fbc850f0b1b7
1403759,Unknown,,Unknown,,"Spermolepis echinata",0,,,,,,,,urn:uuid:b3ddd5a6-dad8-438e-8d7b-5c78653f6ccc
1403762,Unknown,,Unknown,,"Spermolepis echinata",0,,,,,,,,urn:uuid:50c54409-cf80-4cca-a007-56b20d9720fb
1403763,Unknown,,Unknown,,"Spermolepis echinata",0,,,,,,,,urn:uuid:428481d6-f8bc-49e1-adb8-7b714f37ca36
1403770,Unknown,,Unknown,,"Spermolepis divaricata",0,,,,,,,,urn:uuid:116baca2-4859-4f91-9a89-1beb6ca3c165
1403771,Unknown,,Unknown,,"Spermolepis divaricata",0,,,,,,,,urn:uuid:1d8193ee-64aa-4931-9073-01316be1a578
1403772,Unknown,,Unknown,,"Spermolepis divaricata",0,,,,,,,,urn:uuid:1f5a9a3e-e13f-4cc6-8d18-a746827c6d9e
1403773,Unknown,,Unknown,,"Spermolepis divaricata",0,,,,,,,,urn:uuid:d2e2ce38-11fd-4155-9ad6-035fbbc34b2d
1403774,Unknown,,Unknown,,"Spermolepis divaricata",0,,,,,,,,urn:uuid:69e86be7-88ef-4d81-9256-a7c33c4c5548
1403775,Unknown,,Unknown,,"Spermolepis divaricata",0,,,,,,,,urn:uuid:1c73dfd0-293b-4178-9d21-c78161cf2f1b
1403776,Unknown,,Unknown,,"Spermolepis divaricata",0,,,,,,,,urn:uuid:8727a827-8807-42b2-9a5e-3c133b62453a
1403777,Unknown,,Unknown,,"Spermolepis divaricata",0,,,,,,,,urn:uuid:d3f06058-adb3-4094-aa16-74d5d43110f8
1403778,Unknown,,Unknown,,"Spermolepis divaricata",0,,,,,,,,urn:uuid:d97f9d32-81fe-4cea-aac7-beb342a48c82
1403779,Unknown,,Unknown,,"Spermolepis divaricata",0,,,,,,,,urn:uuid:cc2ca9fc-d904-46a1-83be-ca252b6c87e8
1414087,Unknown,,Unknown,,"Polytaenia nuttallii",0,,,,,,,,urn:uuid:ac8af147-3d2f-4440-8659-e5c52e01969a
1414088,Unknown,,Unknown,,"Polytaenia nuttallii",0,,,,,,,,urn:uuid:4d1c3c3a-28e3-4c7f-8c01-a701b34463fa
1414373,Unknown,,Unknown,,"Polytaenia nuttallii",0,,,,,,,,urn:uuid:8765616e-c8e9-4c75-bc97-1d29531d4333
1414374,Unknown,,Unknown,,"Polytaenia nuttallii",0,,,,,,,,urn:uuid:63b82c5c-6a3b-40c1-948a-732bece38684
1414715,Unknown,,Unknown,,"Spermolepis divaricata",0,,,,,,,,urn:uuid:4cff917e-f1ef-4dd5-ac0e-d26250947179
1414716,Unknown,,Unknown,,"Spermolepis divaricata",0,,,,,,,,urn:uuid:3e9d016d-006c-4ad3-884b-97f5b02840b3
1414717,Unknown,,Unknown,,"Spermolepis divaricata",0,,,,,,,,urn:uuid:7101edd6-0ccb-4d35-813a-5132d968f742
1414718,Unknown,,Unknown,,"Spermolepis divaricata",0,,,,,,,,urn:uuid:006ff9a8-93e0-4c47-b9ea-b0ff76d65269
1414719,Unknown,,Unknown,,"Spermolepis divaricata",0,,,,,,,,urn:uuid:dde43551-16b5-47e3-8906-e0ee5faa1153
1414720,Unknown,,Unknown,,"Spermolepis divaricata",0,,,,,,,,urn:uuid:c48d40c9-8a93-4da1-8f51-a34489c58816
1414721,Unknown,,Unknown,,"Spermolepis divaricata",0,,,,,,,,urn:uuid:4358e030-7a37-48fd-ab50-fd5310339daf
1414722,Unknown,,Unknown,,"Spermolepis divaricata",0,,,,,,,,urn:uuid:64dea242-f07f-4291-964a-b2d91c359144
1414723,Unknown,,Unknown,,"Spermolepis divaricata",0,,,,,,,,urn:uuid:30a90920-c729-4703-ad2d-3f5662f0c99d
1379177,Unknown,,Unknown,,"Limnosciadium pinnatum",0,,,,,,,,urn:uuid:5a1f44ff-7bf2-4f21-959d-c011cbfa02d5
1379184,Unknown,,Unknown,,"Limnosciadium pinnatum",0,,,,,,,,urn:uuid:6bc599ff-02b1-47a4-8692-2511d8a511bf
1379185,Unknown,,Unknown,,"Limnosciadium pinnatum",0,,,,,,,,urn:uuid:c8e50949-276f-46c5-aee4-e7e9626783af
1379186,Unknown,,Unknown,,"Limnosciadium pinnatum",0,,,,,,,,urn:uuid:66233b82-8ec0-43ec-b7eb-d3c5c7353d66
1379201,Unknown,,Unknown,,"Polytaenia nuttallii",0,,,,,,,,urn:uuid:8e61e0e5-eca4-4525-b6e5-8eb858e26141
1379203,Unknown,,Unknown,,"Polytaenia nuttallii",0,,,,,,,,urn:uuid:19cc0415-8b3a-43ca-b4a0-7780fbbb257b
1379204,Unknown,,Unknown,,"Polytaenia nuttallii",0,,,,,,,,urn:uuid:3101eafd-f9c1-4f56-a9ee-5b47bddf9f07
1379205,Unknown,,Unknown,,"Polytaenia nuttallii",0,,,,,,,,urn:uuid:fe506878-3279-472a-9ca2-4cf3a64fc863
1379206,Unknown,,Unknown,,"Polytaenia nuttallii",0,,,,,,,,urn:uuid:4fe30c1a-6e1f-4183-bf8b-14d783803d6b
1379207,Unknown,,Unknown,,"Polytaenia nuttallii",0,,,,,,,,urn:uuid:b441cb46-02c8-4152-afd2-974ac015a719
1379208,Unknown,,Unknown,,"Polytaenia nuttallii",0,,,,,,,,urn:uuid:09be9fea-0b41-472a-8391-57a1f8b3b02e
1379209,Unknown,,Unknown,,"Polytaenia nuttallii",0,,,,,,,,urn:uuid:b7833cca-e2fe-4fc8-b2b2-ddf0f2008a80
1379210,Unknown,,Unknown,,"Polytaenia nuttallii",0,,,,,,,,urn:uuid:45c53a6a-5630-43bd-a50d-821a55030efd
1379211,Unknown,,Unknown,,"Polytaenia nuttallii",0,,,,,,,,urn:uuid:5d3e2656-4987-4a32-a5d7-cfd8c4f01eee
1379212,Unknown,,Unknown,,"Polytaenia nuttallii",0,,,,,,,,urn:uuid:dbf3ed4f-07d4-4478-ba85-a05010026520
1379213,Unknown,,Unknown,,"Polytaenia nuttallii",0,,,,,,,,urn:uuid:762e2080-8d63-423c-825a-bb12156dc0dd
1379215,Unknown,,Unknown,,"Ptilimnium capillaceum",0,,,,,,,,urn:uuid:3df62b52-49a2-4971-bfde-ab146e28d094
1379219,Unknown,,Unknown,,"Ptilimnium costatum",0,,,,,,,,urn:uuid:1f5a9c15-1423-4d59-95d4-e21c456b278f
1379220,Unknown,,Unknown,,"Ptilimnium costatum",0,,,,,,,,urn:uuid:5ef13d93-8e08-4546-b56d-f0ea62faf623
1379221,Unknown,,Unknown,,"Ptilimnium costatum",0,,,,,,,,urn:uuid:d78279b3-293a-43bc-b246-4ac84b7b36e4
1379227,Unknown,,Unknown,,"Ptilimnium nuttallii",0,,,,,,,,urn:uuid:ead293af-1f77-436f-a250-d2f5529d7bfa
1403485,Unknown,,Unknown,,"Apium leptophyllum",0,,,,,,,,urn:uuid:38764433-8b09-43d2-bf2a-edb101ce9513
1403486,Unknown,,Unknown,,"Apium leptophyllum",0,,,,,,,,urn:uuid:5e88bffc-bdcb-446e-8e44-b1782952f287
1403487,Unknown,,Unknown,,"Apium leptophyllum",0,,,,,,,,urn:uuid:7096bf56-7c6a-4644-8cff-fdc0f2e72c55
1403488,Unknown,,Unknown,,"Apium leptophyllum",0,,,,,,,,urn:uuid:5d7c12ea-c124-4adc-b25e-a8b7e657444f
1403489,Unknown,,Unknown,,"Apium leptophyllum",0,,,,,,,,urn:uuid:ef0d4242-8ab0-4765-aa53-a4267f1143d3
1403490,Unknown,,Unknown,,"Apium leptophyllum",0,,,,,,,,urn:uuid:638d9c90-4a0c-4e5e-9a27-92182fbb88cd
1403491,Unknown,,Unknown,,"Apium leptophyllum",0,,,,,,,,urn:uuid:1656f719-4234-49f8-b516-d49f14bb6a90
1403492,Unknown,,Unknown,,"Apium leptophyllum",0,,,,,,,,urn:uuid:3eb89052-689f-4a54-8d53-609db8f1d79a
1403493,Unknown,,Unknown,,"Apium leptophyllum",0,,,,,,,,urn:uuid:d5f6a8a4-dd74-459d-90e3-e072c283b31c
1403494,Unknown,,Unknown,,"Apium leptophyllum",0,,,,,,,,urn:uuid:5b768c32-2e9a-4d87-bf37-8ec582ddbe0f
1403495,Unknown,,Unknown,,"Apium leptophyllum",0,,,,,,,,urn:uuid:f6607faf-d67b-4bf4-99d4-8750d029a92f
1403496,Unknown,,Unknown,,"Apium leptophyllum",0,,,,,,,,urn:uuid:1d495f11-bee5-42b3-92c6-17b2b7976275
1403497,Unknown,,Unknown,,"Apium leptophyllum",0,,,,,,,,urn:uuid:2e9ab495-0b89-4c94-85ac-4e16b3e3c9c5
1403498,Unknown,,Unknown,,"Apium leptophyllum",0,,,,,,,,urn:uuid:27deb8ed-9ed7-48fd-954e-8f19a757b0a3
1403499,Unknown,,Unknown,,"Apium leptophyllum",0,,,,,,,,urn:uuid:3491960a-93fc-4228-a089-341ae3e60a15
1403500,Unknown,,Unknown,,"Apium leptophyllum",0,,,,,,,,urn:uuid:a2425edc-3a60-4195-bd24-0e59b12ee033
1403501,Unknown,,Unknown,,"Apium leptophyllum",0,,,,,,,,urn:uuid:db1dee83-2ca3-460a-8fbf-e2c7c93e1290
1377757,Unknown,,Unknown,,"Apium leptophyllum",0,,,,,,,,urn:uuid:ff02982d-4cb4-46f4-9fb9-da2771a4f7ae
1377758,Unknown,,Unknown,,"Apium leptophyllum",0,,,,,,,,urn:uuid:45782f26-014f-4528-8b98-8300f4dbd39a
1377759,Unknown,,Unknown,,"Apium leptophyllum",0,,,,,,,,urn:uuid:d9e4b775-14cb-4202-bbbc-7b853b4cc067
1377760,Unknown,,Unknown,,"Apium leptophyllum",0,,,,,,,,urn:uuid:1b1137f3-0023-4724-8853-6a19b5a0637a
1377761,Unknown,,Unknown,,"Apium leptophyllum",0,,,,,,,,urn:uuid:00743689-9493-4e85-916e-814958315ff6
1377762,Unknown,,Unknown,,"Apium leptophyllum",0,,,,,,,,urn:uuid:8469513a-0036-45ef-aee5-860fb79ec548
1377763,Unknown,,Unknown,,"Apium leptophyllum",0,,,,,,,,urn:uuid:21d11792-fd52-4838-80e5-ee2d22619a89
1377764,Unknown,,Unknown,,"Apium leptophyllum",0,,,,,,,,urn:uuid:d5e54e14-fea6-4b84-9535-7ee3a47c6c40
1377765,Unknown,,Unknown,,"Apium leptophyllum",0,,,,,,,,urn:uuid:75f65e1c-6eb5-4d7a-9dd1-374699d0f1e1
1377766,Unknown,,Unknown,,"Apium leptophyllum",0,,,,,,,,urn:uuid:99bbb50f-877f-4841-ad6c-f8b4829ed652
1377767,Unknown,,Unknown,,"Apium leptophyllum",0,,,,,,,,urn:uuid:6c27def2-7085-4723-80a7-a9ae7d936d53
1377768,Unknown,,Unknown,,"Apium leptophyllum",0,,,,,,,,urn:uuid:81f35299-a1cf-4155-a2bc-61e9663c6096
1377769,Unknown,,Unknown,,"Apium leptophyllum",0,,,,,,,,urn:uuid:26edf5c0-b51a-489e-b413-6baff21dd4fa
