coreid,identifiedBy,identifiedByID,dateIdentified,identificationQualifier,scientificName,identificationIsCurrent,scientificNameAuthorship,genus,specificEpithet,taxonRank,infraspecificEpithet,identificationReferences,identificationRemarks,recordId
1180980,Unknown,,Unknown,,"Chamaesaracha  coronopus",0,,,,,,,,urn:uuid:d78252e2-8529-4269-9735-29c16b6b35ae
1180981,Unknown,,Unknown,,"Chamaesaracha  coronopus",0,,,,,,,,urn:uuid:0d2e5793-5adb-497f-9dfd-3e3e9f1e1317
1181011,Unknown,,Unknown,,"Chamaesaracha  edwardsiana",0,,,,,,,,urn:uuid:e0a75f2f-f470-4657-aebf-e6a39fcecb9d
1181182,Unknown,,Unknown,,"Nicotiana trigonophylla",0,,,,,,,,urn:uuid:a2dd66de-ca20-4a09-bb9b-5dc5c71c61cf
1181183,Unknown,,Unknown,,"Nicotiana trigonophylla",0,,,,,,,,urn:uuid:4ccc0423-5353-44fc-820b-70d749f326ec
1181184,Unknown,,Unknown,,"Nicotiana trigonophylla",0,,,,,,,,urn:uuid:cb1e56b6-639d-487c-b658-687e37f188c8
1181185,Unknown,,Unknown,,"Nicotiana trigonophylla",0,,,,,,,,urn:uuid:81801d12-9f65-4021-8c36-bfcfb18643ee
1181186,Unknown,,Unknown,,"Nicotiana trigonophylla",0,,,,,,,,urn:uuid:5cbed779-24a9-411c-939c-23eef9e3b6a0
1181187,Unknown,,Unknown,,"Nicotiana trigonophylla",0,,,,,,,,urn:uuid:9d12162e-cd4c-4d4a-aac6-892ae2f9ce79
1181188,Unknown,,Unknown,,"Nicotiana trigonophylla",0,,,,,,,,urn:uuid:8490b187-480a-4f5b-ade4-0b51aabc11f8
1181189,Unknown,,Unknown,,"Nicotiana trigonophylla",0,,,,,,,,urn:uuid:855da002-f7c1-457a-8f3f-a935bbcc5e5d
1181190,Unknown,,Unknown,,"Nicotiana trigonophylla",0,,,,,,,,urn:uuid:2135dbac-ade8-4751-bccd-86b93d0a13a3
1181191,Unknown,,Unknown,,"Nicotiana trigonophylla",0,,,,,,,,urn:uuid:5456ebca-4e77-4b7c-b70a-da623076bcc4
1181192,Unknown,,Unknown,,"Nicotiana trigonophylla",0,,,,,,,,urn:uuid:4f88cbfe-6b3d-4af9-b136-a52ac1991cdf
1181193,Unknown,,Unknown,,"Nicotiana trigonophylla",0,,,,,,,,urn:uuid:ad208f63-38cc-4fec-880c-34dbb4e6eda5
1181194,Unknown,,Unknown,,"Nicotiana trigonophylla",0,,,,,,,,urn:uuid:97919e78-17f2-4f75-b8aa-16c4385636aa
1181195,Unknown,,Unknown,,"Petunia parviflora",0,,,,,,,,urn:uuid:32ecb7d1-8d70-4765-b6c2-4b65f3af66c6
1181196,Unknown,,Unknown,,"Petunia parviflora",0,,,,,,,,urn:uuid:0db3e512-9a8c-4734-ad5f-62e193cec404
1181197,Unknown,,Unknown,,"Petunia parviflora",0,,,,,,,,urn:uuid:121fa2d5-8e66-406d-ae97-4a34bcc355f9
1181198,Unknown,,Unknown,,"Petunia parviflora",0,,,,,,,,urn:uuid:87aa6718-1592-478a-a88f-913e77997a1f
1181199,Unknown,,Unknown,,"Petunia parviflora",0,,,,,,,,urn:uuid:74eb6006-b430-4ab6-988a-add2a6932362
1181200,Unknown,,Unknown,,"Petunia parviflora",0,,,,,,,,urn:uuid:7c4086c1-3492-4670-a4f0-9f5b7fe11b6b
1181201,Unknown,,Unknown,,"Petunia parviflora",0,,,,,,,,urn:uuid:ab037e49-c8b2-435a-92e0-987a4c873322
1181202,Unknown,,Unknown,,"Petunia parviflora",0,,,,,,,,urn:uuid:9129bb91-4eb4-4e61-a00f-98ddd9952f0e
1181203,Unknown,,Unknown,,"Petunia parviflora",0,,,,,,,,urn:uuid:d9b2740b-8807-47ac-acf6-c81de3493405
1181204,Unknown,,Unknown,,"Petunia parviflora",0,,,,,,,,urn:uuid:be1a087b-e2c8-4211-9f14-154c225081a5
1181205,Unknown,,Unknown,,"Petunia parviflora",0,,,,,,,,urn:uuid:30ce8bee-640b-48b4-b019-bd42755a152e
1181206,Unknown,,Unknown,,"Petunia parviflora",0,,,,,,,,urn:uuid:eafc6ecb-39be-4bd4-ab65-2d26c53d1533
1181207,Unknown,,Unknown,,"Petunia parviflora",0,,,,,,,,urn:uuid:bc52a9f4-cace-4b09-9a3c-97ffc5a8522e
1181208,Unknown,,Unknown,,"Petunia parviflora",0,,,,,,,,urn:uuid:263db714-aefb-4dc8-a931-27fb4208a58b
1181209,Unknown,,Unknown,,"Petunia parviflora",0,,,,,,,,urn:uuid:c11a3e70-183f-49dd-adc1-9ec72730b9b4
1181210,Unknown,,Unknown,,"Petunia parviflora",0,,,,,,,,urn:uuid:7a98605a-2df2-4cdc-a18e-dfba52e41319
1181211,Unknown,,Unknown,,"Petunia parviflora",0,,,,,,,,urn:uuid:4dd37f59-fe74-4218-879f-8f601ed4f8c8
1181212,Unknown,,Unknown,,"Petunia parviflora",0,,,,,,,,urn:uuid:7f6a1697-62ad-448d-a01c-b131208f39a1
1181213,Unknown,,Unknown,,"Petunia parviflora",0,,,,,,,,urn:uuid:85c12d60-a575-4041-92e5-8b87ea15c48f
1181214,Unknown,,Unknown,,"Petunia parviflora",0,,,,,,,,urn:uuid:90fdf3a6-8202-4f0b-9fb9-fb119f047b0c
1181215,Unknown,,Unknown,,"Petunia parviflora",0,,,,,,,,urn:uuid:aee73ac2-ff50-4b3d-a866-cc29f10393a8
1181216,Unknown,,Unknown,,"Petunia parviflora",0,,,,,,,,urn:uuid:62c84dce-66f2-47e2-a035-b2e15e44d3fe
1181310,Unknown,,Unknown,,"Physalis cinerascens var. spathulifolia",0,,,,,,,,urn:uuid:6861e990-3ece-4132-8a48-6527fcc96e94
1181311,Unknown,,Unknown,,"Physalis cinerascens var. spathulifolia",0,,,,,,,,urn:uuid:a1e330a7-79ae-4489-b67a-aba9c21e68f5
1181312,Unknown,,Unknown,,"Physalis cinerascens var. spathulifolia",0,,,,,,,,urn:uuid:015354e0-d76f-4617-bade-5b5d6cc20045
1181313,Unknown,,Unknown,,"Physalis cinerascens var. spathulifolia",0,,,,,,,,urn:uuid:92a49bc8-604c-410f-b474-4095737a6ce2
1181314,Unknown,,Unknown,,"Physalis cinerascens var. spathulifolia",0,,,,,,,,urn:uuid:4a5dc4d7-c922-4915-8e12-bbaa0706ad35
1181315,Unknown,,Unknown,,"Physalis cinerascens var. spathulifolia",0,,,,,,,,urn:uuid:ee8f4fae-3d84-4553-86ba-86b3875e3539
1181333,Unknown,,Unknown,,"Physalis hederifolia",0,,,,,,,,urn:uuid:64302117-a6af-4423-9a13-e327e8bf2d02
1181356,Unknown,,Unknown,,"Physalis lobata",0,,,,,,,,urn:uuid:bb6839b6-ff51-470a-b6b5-da3b1c792c59
1181357,Unknown,,Unknown,,"Physalis lobata",0,,,,,,,,urn:uuid:99d6815c-b6c4-4567-a346-b3a7eebca7bf
1181358,Unknown,,Unknown,,"Physalis lobata",0,,,,,,,,urn:uuid:c4a0e542-de59-4584-a33e-af0b1b146214
1181359,Unknown,,Unknown,,"Physalis lobata",0,,,,,,,,urn:uuid:806ceb9a-8140-4a2e-815c-d81ed33ce87c
1181360,Unknown,,Unknown,,"Physalis lobata",0,,,,,,,,urn:uuid:ccff86d9-f8b2-46fe-992d-e0fea20cfd76
1181361,Unknown,,Unknown,,"Physalis lobata",0,,,,,,,,urn:uuid:b00a49d9-d73d-49c1-8d67-00a670bf6dbc
1181362,Unknown,,Unknown,,"Physalis lobata",0,,,,,,,,urn:uuid:8bc86e75-c515-4457-848f-301c8e88f794
1181363,Unknown,,Unknown,,"Physalis lobata",0,,,,,,,,urn:uuid:32f51724-5439-441f-92c3-26f211851696
1181364,Unknown,,Unknown,,"Physalis lobata",0,,,,,,,,urn:uuid:fe61b81c-90b5-4f6a-a46b-4cd09bf6275a
1181365,Unknown,,Unknown,,"Physalis lobata",0,,,,,,,,urn:uuid:0affff5f-496d-4a47-b2b5-d60788a6b408
1181366,Unknown,,Unknown,,"Physalis lobata",0,,,,,,,,urn:uuid:90977c1f-c80e-406c-97c3-463ee58828b6
1181367,Unknown,,Unknown,,"Physalis lobata",0,,,,,,,,urn:uuid:177df023-9a8e-441b-ab5c-28978fd20eb6
1181368,Unknown,,Unknown,,"Physalis lobata",0,,,,,,,,urn:uuid:ceb132a6-47e4-43f5-bb8a-45d6af4d22a8
1181369,Unknown,,Unknown,,"Physalis lobata",0,,,,,,,,urn:uuid:7547ba33-90cc-4be8-802d-1ca1df8829c3
1181370,Unknown,,Unknown,,"Physalis lobata",0,,,,,,,,urn:uuid:a3cba350-1bf5-4caf-bc70-df22f0d372fa
1181371,Unknown,,Unknown,,"Physalis lobata",0,,,,,,,,urn:uuid:8987e0a0-92bc-4319-a792-3b3aea0b3640
1181372,Unknown,,Unknown,,"Physalis lobata",0,,,,,,,,urn:uuid:f565f101-6064-432d-a229-58c3c4e6568d
1181373,Unknown,,Unknown,,"Physalis lobata",0,,,,,,,,urn:uuid:1e060c3b-1816-4619-badc-14d32f56c328
1181374,Unknown,,Unknown,,"Physalis lobata",0,,,,,,,,urn:uuid:147b7a4e-2ba9-487d-b5b4-27dc7924a807
1181375,Unknown,,Unknown,,"Physalis lobata",0,,,,,,,,urn:uuid:9c74545b-9a00-43f7-b145-de09b4499f5d
1181376,Unknown,,Unknown,,"Physalis lobata",0,,,,,,,,urn:uuid:0d52a845-699b-4588-8da7-70d7f41e0817
1181377,Unknown,,Unknown,,"Physalis lobata",0,,,,,,,,urn:uuid:da6545c8-289c-42ef-8a92-80a2a5ab8ede
1181378,Unknown,,Unknown,,"Physalis lobata",0,,,,,,,,urn:uuid:7d676d1a-37f7-42d6-bcd8-9d2295fd9f03
1181379,Unknown,,Unknown,,"Physalis lobata",0,,,,,,,,urn:uuid:60b59edd-28f0-4986-ab01-d5411448b1eb
1181380,Unknown,,Unknown,,"Physalis lobata",0,,,,,,,,urn:uuid:20ccdb40-bc6b-4eb7-b37e-e24d7906dd77
1181381,Unknown,,Unknown,,"Physalis lobata",0,,,,,,,,urn:uuid:aff27cc7-26d0-4a25-bb77-70538a753257
1181382,Unknown,,Unknown,,"Physalis lobata",0,,,,,,,,urn:uuid:d1460680-fe3f-48d2-97f2-60b75cc850ba
1181383,Unknown,,Unknown,,"Physalis lobata",0,,,,,,,,urn:uuid:8a56dc08-4772-4664-b57f-ef86e8268986
1181384,Unknown,,Unknown,,"Physalis lobata",0,,,,,,,,urn:uuid:5d2a7f42-dc83-4fe6-92fd-c7682368aced
1181385,Unknown,,Unknown,,"Physalis lobata",0,,,,,,,,urn:uuid:41877a62-9189-443b-9654-d7b559d1790a
1181386,Unknown,,Unknown,,"Physalis lobata",0,,,,,,,,urn:uuid:06ff5ace-75b2-486b-bcf4-3131a51eddb6
1181387,Unknown,,Unknown,,"Physalis lobata",0,,,,,,,,urn:uuid:177d97b1-69c0-4350-9196-a873a5764ca8
1181388,Unknown,,Unknown,,"Physalis lobata",0,,,,,,,,urn:uuid:9dfd73cd-932f-4c63-976e-5511cd936c78
1181389,Unknown,,Unknown,,"Physalis lobata",0,,,,,,,,urn:uuid:369cbaf9-81b3-4326-afcc-6edd1ae7cd6d
1181390,Unknown,,Unknown,,"Physalis lobata",0,,,,,,,,urn:uuid:ca8336b5-0f33-409c-8662-53bb9c4da8be
1181391,Unknown,,Unknown,,"Physalis lobata",0,,,,,,,,urn:uuid:1ab6463b-38ad-448f-9e3d-ec38628bea4b
1181392,Unknown,,Unknown,,"Physalis lobata",0,,,,,,,,urn:uuid:1e3646d0-a88d-4b53-a6da-f5789404df5b
1181393,Unknown,,Unknown,,"Physalis lobata",0,,,,,,,,urn:uuid:6c8c26be-1dbc-4a3c-afee-e2045235bfcf
1181394,Unknown,,Unknown,,"Physalis lobata",0,,,,,,,,urn:uuid:b85b8396-3f27-47de-8454-fcc9e65e20b3
1181395,Unknown,,Unknown,,"Physalis lobata",0,,,,,,,,urn:uuid:59df2c85-f71e-4051-9060-ad56ca1b781a
1181396,Unknown,,Unknown,,"Physalis lobata",0,,,,,,,,urn:uuid:78e40121-497e-41cc-a1de-2d063b8feb2d
1181397,Unknown,,Unknown,,"Physalis lobata",0,,,,,,,,urn:uuid:42437f36-ee1a-4aa4-91ee-a6cbd1d24384
1181398,Unknown,,Unknown,,"Physalis lobata",0,,,,,,,,urn:uuid:3a219e51-21bf-4cee-842c-d4008df798dd
1181399,Unknown,,Unknown,,"Physalis lobata",0,,,,,,,,urn:uuid:2b62ca1d-bad3-4d78-b172-34f57ce378ab
1181400,Unknown,,Unknown,,"Physalis lobata",0,,,,,,,,urn:uuid:ecac027e-1eef-4e63-8aad-a113d5bef48e
1181401,Unknown,,Unknown,,"Physalis lobata",0,,,,,,,,urn:uuid:e0cfc05f-89ef-416e-8714-bf197588458d
1181402,Unknown,,Unknown,,"Physalis lobata",0,,,,,,,,urn:uuid:4b90f3cc-f121-4383-8cec-53a82424bd85
1181403,Unknown,,Unknown,,"Physalis lobata",0,,,,,,,,urn:uuid:303bf8ec-b7b7-4cf7-a014-a90c96454302
1181404,Unknown,,Unknown,,"Physalis longifolia",0,,,,,,,,urn:uuid:acdda051-f647-4a16-bc5d-b4d1c66e3a29
1181405,Unknown,,Unknown,,"Physalis longifolia",0,,,,,,,,urn:uuid:460d53ed-12b5-4401-908a-187ef7034c4e
1181406,Unknown,,Unknown,,"Physalis longifolia",0,,,,,,,,urn:uuid:63751c3e-3a41-44e0-8d38-733567503b96
1181407,Unknown,,Unknown,,"Physalis longifolia",0,,,,,,,,urn:uuid:bedc5754-de18-412c-a5cb-70371006caff
1181408,Unknown,,Unknown,,"Physalis longifolia",0,,,,,,,,urn:uuid:925ec699-f541-4e14-ab34-95fb7756d32d
1181409,Unknown,,Unknown,,"Physalis longifolia",0,,,,,,,,urn:uuid:ab90b50e-08b6-4970-91ac-3de4c1478c68
1181410,Unknown,,Unknown,,"Physalis longifolia",0,,,,,,,,urn:uuid:eda7c1e7-abc0-4a76-b68d-1ec39e0c795b
1181411,Unknown,,Unknown,,"Physalis longifolia",0,,,,,,,,urn:uuid:eac51be0-073b-4af3-97eb-4cfafc0a618a
1181412,Unknown,,Unknown,,"Physalis longifolia",0,,,,,,,,urn:uuid:2bd76d58-6c06-409e-9bd1-3eaf5ac011a4
1181413,Unknown,,Unknown,,"Physalis longifolia",0,,,,,,,,urn:uuid:1c86214e-b6c9-413b-864d-3098ae1a6acb
1181414,Unknown,,Unknown,,"Physalis longifolia",0,,,,,,,,urn:uuid:73ea356b-049d-4b89-aa0e-34b5a5f7cc9e
1181415,Unknown,,Unknown,,"Physalis longifolia",0,,,,,,,,urn:uuid:a7d5d298-008e-4ac4-8380-52fb8d01d39d
1181416,Unknown,,Unknown,,"Physalis longifolia",0,,,,,,,,urn:uuid:014aa554-6c84-4115-bfb8-c732ce108f7a
1181417,Unknown,,Unknown,,"Physalis longifolia",0,,,,,,,,urn:uuid:749969e9-8cf2-485a-a43b-b512f6100110
1181418,Unknown,,Unknown,,"Physalis longifolia",0,,,,,,,,urn:uuid:7d4d1c34-8947-4891-8497-6125abaa9038
1181419,Unknown,,Unknown,,"Physalis longifolia",0,,,,,,,,urn:uuid:4db6f31f-92f3-4f51-b7dd-e3ddd240ff1d
1181420,Unknown,,Unknown,,"Physalis longifolia",0,,,,,,,,urn:uuid:734d2065-73fa-473d-96dd-ee7e4ed752a2
1181423,Unknown,,Unknown,,"Physalis mollis var. mollis",0,,,,,,,,urn:uuid:12401fb3-fd32-49d3-9673-c671d43168ff
1181430,Unknown,,Unknown,,"Physalis mollis var. mollis",0,,,,,,,,urn:uuid:cbba10b7-f2f6-432f-8a8b-fc3248796aaf
1181432,Unknown,,Unknown,,"Physalis mollis var. mollis",0,,,,,,,,urn:uuid:ec166629-3d91-434d-8daa-a521eedb7121
1181446,Unknown,,Unknown,,"Physalis mollis var. mollis",0,,,,,,,,urn:uuid:3ebd6ae7-ffc9-4ae6-b09c-b1bfa7714ab1
1181447,Unknown,,Unknown,,"Physalis mollis var. variovestita",0,,,,,,,,urn:uuid:9cfa279e-ae74-4b7e-85fb-9f4c6d214ae3
1181448,Unknown,,Unknown,,"Physalis mollis var. variovestita",0,,,,,,,,urn:uuid:2aba1911-1689-4310-8f37-e04460c11b19
1181449,Unknown,,Unknown,,"Physalis mollis var. variovestita",0,,,,,,,,urn:uuid:9c14229e-c3f3-4a1e-8646-95a8e85e6e3c
1181450,Unknown,,Unknown,,"Physalis mollis var. variovestita",0,,,,,,,,urn:uuid:c50bb5b2-d4a1-40b8-99eb-9f59a8fb927d
1181451,Unknown,,Unknown,,"Physalis mollis var. variovestita",0,,,,,,,,urn:uuid:ef695922-27cc-4d21-afbf-1b3009f6e4bc
1181495,Unknown,,Unknown,,"Solanum capsicastrum",0,,,,,,,,urn:uuid:e9fd342a-97f5-4414-b607-7b37be86e525
1181496,Unknown,,Unknown,,"Solanum capsicastrum",0,,,,,,,,urn:uuid:88a31348-dd42-4136-995e-d8f849c0f9a5
1181513,Unknown,,Unknown,,"Solanum citrullifolium var. citrullifolium",0,,,,,,,,urn:uuid:1add9c3e-b3fd-4143-9664-cd98eba09aae
1181514,Unknown,,Unknown,,"Solanum citrullifolium var. citrullifolium",0,,,,,,,,urn:uuid:e336dc24-d803-4189-946a-bffec396d79c
1181515,Unknown,,Unknown,,"Solanum citrullifolium var. citrullifolium",0,,,,,,,,urn:uuid:89c81a93-6105-4c29-9850-4ebcb719bef9
1181516,Unknown,,Unknown,,"Solanum citrullifolium var. citrullifolium",0,,,,,,,,urn:uuid:7312bb66-c880-4461-8988-8a8dc2d433ce
1181517,Unknown,,Unknown,,"Solanum citrullifolium var. setigerum",0,,,,,,,,urn:uuid:a5149588-fb76-44fd-a7e7-52578ba587ff
1181518,Unknown,,Unknown,,"Solanum citrullifolium var. setigerum",0,,,,,,,,urn:uuid:74e33c5c-952d-4d5f-82ff-380206363463
1264339,Unknown,,Unknown,,"Chamaesaracha edwardsiana var. edwardsiana",0,,,,,,,,urn:uuid:148838b2-f1a3-43e5-b302-d1097066368a
1264340,Unknown,,Unknown,,"Chamaesaracha edwardsiana var. edwardsiana",0,,,,,,,,urn:uuid:ccc3e258-d0f1-4224-b89a-dc77f90e0d04
1264341,Unknown,,Unknown,,"Chamaesaracha edwardsiana var. edwardsiana",0,,,,,,,,urn:uuid:6fe171e0-55a4-4e2a-bc81-c31f14754a85
1264342,Unknown,,Unknown,,"Chamaesaracha edwardsiana var. edwardsiana",0,,,,,,,,urn:uuid:a3c84193-7d9f-4d5d-8190-b4c15fe38d96
1264343,Unknown,,Unknown,,"Chamaesaracha edwardsiana var. edwardsiana",0,,,,,,,,urn:uuid:9f288b2a-51e4-4537-a732-d05e29e6de43
1264344,Unknown,,Unknown,,"Chamaesaracha edwardsiana var. edwardsiana",0,,,,,,,,urn:uuid:dec419f2-1b41-4951-b270-6d3c081ea908
1264345,Unknown,,Unknown,,"Chamaesaracha edwardsiana var. edwardsiana",0,,,,,,,,urn:uuid:a7640a26-75f0-4518-b9be-045e17ae0c35
1264346,Unknown,,Unknown,,"Chamaesaracha edwardsiana var. edwardsiana",0,,,,,,,,urn:uuid:a5f221bb-8ba1-4e2c-85fd-bca2a5b89a06
1264347,Unknown,,Unknown,,"Chamaesaracha edwardsiana var. edwardsiana",0,,,,,,,,urn:uuid:2704eaf8-f160-4f2c-adfc-f6fe67ac5d41
1264348,Unknown,,Unknown,,"Chamaesaracha edwardsiana var. edwardsiana",0,,,,,,,,urn:uuid:7a15f68f-01e8-43db-b063-52d9571ef5fd
1264349,Unknown,,Unknown,,"Chamaesaracha edwardsiana var. edwardsiana",0,,,,,,,,urn:uuid:5a9a5e51-1c3b-4490-99a6-f2d27c2cf262
1264350,Unknown,,Unknown,,"Chamaesaracha edwardsiana var. edwardsiana",0,,,,,,,,urn:uuid:5aec72b8-061f-45ff-a9d2-5a84d12551cf
1264351,Unknown,,Unknown,,"Chamaesaracha edwardsiana var. edwardsiana",0,,,,,,,,urn:uuid:cd5971da-687d-427b-bc93-4612d1db9987
1264352,Unknown,,Unknown,,"Chamaesaracha edwardsiana var. edwardsiana",0,,,,,,,,urn:uuid:e5a8afd9-c7e0-4137-a7d6-f84ee9a8e4c4
1264353,Unknown,,Unknown,,"Chamaesaracha edwardsiana var. edwardsiana",0,,,,,,,,urn:uuid:70a14ca8-c2c2-4954-a56d-3eed2032326e
1264354,Unknown,,Unknown,,"Chamaesaracha edwardsiana var. edwardsiana",0,,,,,,,,urn:uuid:4b3f00af-dc99-466c-badd-b135e6071165
1264355,Unknown,,Unknown,,"Chamaesaracha edwardsiana var. edwardsiana",0,,,,,,,,urn:uuid:5a8d15d1-8133-483e-b1c7-02a4eb178ab6
1264356,Unknown,,Unknown,,"Chamaesaracha edwardsiana var. edwardsiana",0,,,,,,,,urn:uuid:0efa0bff-2a6b-419a-9a06-d067e23af171
1264357,Unknown,,Unknown,,"Chamaesaracha edwardsiana var. edwardsiana",0,,,,,,,,urn:uuid:9f825077-0efb-4ef8-aeb9-370ef0e757d7
1264358,Unknown,,Unknown,,"Chamaesaracha edwardsiana var. edwardsiana",0,,,,,,,,urn:uuid:fc27af3e-3aee-4bd6-940f-9c458a887d9a
1264359,Unknown,,Unknown,,"Chamaesaracha edwardsiana var. edwardsiana",0,,,,,,,,urn:uuid:a789b58a-26fd-4f37-9131-52aae3171df2
1264360,Unknown,,Unknown,,"Chamaesaracha edwardsiana var. edwardsiana",0,,,,,,,,urn:uuid:d8c18131-2c3d-4770-a5f7-4fd6c2a9da12
1264361,Unknown,,Unknown,,"Chamaesaracha edwardsiana var. edwardsiana",0,,,,,,,,urn:uuid:7d0fd032-ca25-45e9-a8df-3e788706c295
1264362,Unknown,,Unknown,,"Chamaesaracha edwardsiana var. edwardsiana",0,,,,,,,,urn:uuid:5af0a0dc-6eea-4a9f-b9fc-adab3d2da0e0
1264363,Unknown,,Unknown,,"Chamaesaracha edwardsiana var. edwardsiana",0,,,,,,,,urn:uuid:32188ecc-546b-4469-8b7e-068f291b90e1
1264364,Unknown,,Unknown,,"Chamaesaracha edwardsiana var. edwardsiana",0,,,,,,,,urn:uuid:42731afa-5c56-4413-b55c-798ce1325819
1264365,Unknown,,Unknown,,"Chamaesaracha edwardsiana var. edwardsiana",0,,,,,,,,urn:uuid:daead0dd-ef02-4072-9841-54da5b8e524a
1264366,Unknown,,Unknown,,"Chamaesaracha edwardsiana var. edwardsiana",0,,,,,,,,urn:uuid:165521ad-e15a-4314-9ccc-fb9a8e6378bf
1264367,Unknown,,Unknown,,"Chamaesaracha edwardsiana var. edwardsiana",0,,,,,,,,urn:uuid:6b4c9eba-d17e-4049-95a2-2b1fb07c6356
1264368,Unknown,,Unknown,,"Chamaesaracha edwardsiana var. edwardsiana",0,,,,,,,,urn:uuid:f8418c4f-1fae-4d89-bd34-54a9ca138c22
1264369,Unknown,,Unknown,,"Chamaesaracha edwardsiana var. pallida",0,,,,,,,,urn:uuid:3d150c44-329c-4507-9d2b-a5c6cf6f46c1
1264370,Unknown,,Unknown,,"Chamaesaracha edwardsiana var. edwardsiana",0,,,,,,,,urn:uuid:c73aed01-b44b-4e45-96eb-58c5ec2e599e
1264371,Unknown,,Unknown,,"Chamaesaracha edwardsiana var. edwardsiana",0,,,,,,,,urn:uuid:11353812-59f8-4e25-9a4b-0caa8cf70628
1264372,Unknown,,Unknown,,"Chamaesaracha edwardsiana var. edwardsiana",0,,,,,,,,urn:uuid:f9e3b890-cebb-4a81-9fd7-2cdf661d385c
1264373,Unknown,,Unknown,,"Chamaesaracha edwardsiana var. edwardsiana",0,,,,,,,,urn:uuid:c3ec7b2a-14f4-41b1-bd6d-7f9f84850b2b
1264374,Unknown,,Unknown,,"Chamaesaracha edwardsiana var. edwardsiana",0,,,,,,,,urn:uuid:747930a6-ccd8-468e-95bc-47480d346c4e
1264375,Unknown,,Unknown,,"Chamaesaracha edwardsiana var. edwardsiana",0,,,,,,,,urn:uuid:051f9059-a05a-4f97-93ad-70dddc29bf16
1264376,Unknown,,Unknown,,"Chamaesaracha edwardsiana var. edwardsiana",0,,,,,,,,urn:uuid:2f443109-87b5-4c2f-a974-7d9c0a95c52f
1264377,Unknown,,Unknown,,"Chamaesaracha edwardsiana var. edwardsiana",0,,,,,,,,urn:uuid:dbd85367-9142-4839-8385-f9fc5239611d
1264378,Unknown,,Unknown,,"Chamaesaracha edwardsiana var. edwardsiana",0,,,,,,,,urn:uuid:adc88970-8d15-4bd7-a8ca-1f509ef55cac
1264379,Unknown,,Unknown,,"Chamaesaracha edwardsiana var. edwardsiana",0,,,,,,,,urn:uuid:3567971b-db85-45d1-8462-d77006cf21c7
1264380,Unknown,,Unknown,,"Chamaesaracha edwardsiana var. edwardsiana",0,,,,,,,,urn:uuid:907e5c16-0103-41c6-a100-9df438516744
1264381,Unknown,,Unknown,,"Chamaesaracha edwardsiana var. edwardsiana",0,,,,,,,,urn:uuid:1cf1ffdb-822e-44bf-923e-c824f885c7ce
1264424,Unknown,,Unknown,,"Chamaesaracha edwardsiana var. pallida",0,,,,,,,,urn:uuid:f18dcdb3-4f98-4b06-87be-5fb69fa27096
1264425,Unknown,,Unknown,,"Chamaesaracha edwardsiana var. pallida",0,,,,,,,,urn:uuid:d9f19b6d-d017-4ba2-ac85-d51701bac5df
1264426,Unknown,,Unknown,,"Chamaesaracha edwardsiana var. pallida",0,,,,,,,,urn:uuid:1a603731-9654-4dd5-87c7-71e99cc4bba0
1264427,Unknown,,Unknown,,"Chamaesaracha edwardsiana var. pallida",0,,,,,,,,urn:uuid:5d990fd8-15c4-428d-89a9-ff2be83cc31e
1264428,Unknown,,Unknown,,"Chamaesaracha edwardsiana var. pallida",0,,,,,,,,urn:uuid:dd07be49-8353-4142-8665-af016136f46e
1264429,Unknown,,Unknown,,"Chamaesaracha edwardsiana var. pallida",0,,,,,,,,urn:uuid:fbb8d8f4-a8ef-45d7-8a9e-aa9f3dd87cb6
1264430,Unknown,,Unknown,,"Chamaesaracha edwardsiana var. pallida",0,,,,,,,,urn:uuid:ea3fb2e2-3be4-42a7-a757-5f1a4fe35682
1264431,Unknown,,Unknown,,"Chamaesaracha edwardsiana var. pallida",0,,,,,,,,urn:uuid:52c6ea57-06e6-458b-95b3-a109059bd365
1264432,Unknown,,Unknown,,"Chamaesaracha edwardsiana var. pallida",0,,,,,,,,urn:uuid:a0da0fa6-1feb-42f3-a1b1-76ea0c3b58a8
1264433,Unknown,,Unknown,,"Chamaesaracha edwardsiana var. pallida",0,,,,,,,,urn:uuid:5ff3f328-bf84-40e3-9031-59f96815196f
1264434,Unknown,,Unknown,,"Chamaesaracha edwardsiana var. pallida",0,,,,,,,,urn:uuid:3a65a2ba-15ff-4aac-8f5e-4181b35e910e
1294972,Unknown,,Unknown,,"Solanum capsicastrum",0,,,,,,,,urn:uuid:7a6a587c-8b97-49e3-b255-3381d3e724e0
1296137,Unknown,,Unknown,,"Solanum capsicastrum",0,,,,,,,,urn:uuid:4efbfdf4-58a5-4452-963e-5f62d1e956b2
1296764,Unknown,,Unknown,,"Solanum capsicastrum",0,,,,,,,,urn:uuid:086d8e8e-2837-4673-b12d-fb8296e4dcd9
1298584,Unknown,,Unknown,,"Nicotiana trigonophylla",0,,,,,,,,urn:uuid:d3cad831-edf0-4db5-980f-4af41fe3eab8
1299553,Unknown,,Unknown,,"Physalis cinerascens var. cinerascens",0,,,,,,,,urn:uuid:b6abe6cc-ec54-4810-b5ea-12d730a3d495
1299555,Unknown,,Unknown,,"Physalis cinerascens var. cinerascens",0,,,,,,,,urn:uuid:d9252c5a-85fe-4a6b-aeae-aab7aac5f8d1
1300677,Unknown,,Unknown,,"Physalis cinerascens var. cinerascens",0,,,,,,,,urn:uuid:ba2082c9-25f8-4a8f-916b-300da702b1f3
1300752,Unknown,,Unknown,,"Physalis cinerascens var. cinerascens",0,,,,,,,,urn:uuid:6779494c-e5fb-4fef-90ac-f5e249af8eac
1301060,Unknown,,Unknown,,"Nicotiana trigonophylla",0,,,,,,,,urn:uuid:af711553-7f27-4d1d-882f-45eb6a5ed6f2
1301683,Unknown,,Unknown,,"Physalis longifolia",0,,,,,,,,urn:uuid:917b53a1-94f9-4cac-bfc3-0c0a4901804d
1301888,Unknown,,Unknown,,"Physalis mollis var. mollis",0,,,,,,,,urn:uuid:bbab1402-925e-4f7b-8478-4b523f8e7b77
1301889,Unknown,,Unknown,,"Physalis mollis var. mollis",0,,,,,,,,urn:uuid:ea094254-cb3d-4efa-919e-6ba4f905fe97
1301890,Unknown,,Unknown,,"Physalis mollis var. mollis",0,,,,,,,,urn:uuid:8509007b-0d80-4a52-8e2b-7c7f62ae663b
1302614,Unknown,,Unknown,,"Solanum capsicastrum",0,,,,,,,,urn:uuid:3731911c-141c-484b-99b9-f2583311db82
1302615,Unknown,,Unknown,,"Solanum capsicastrum",0,,,,,,,,urn:uuid:fe4a3d95-a3f8-4692-8b59-d05df422a646
1304970,Unknown,,Unknown,,"Physalis cinerascens",0,,,,,,,,urn:uuid:5d9fdff8-ce52-4ce0-a6f8-9c382012686c
1304977,Unknown,,Unknown,,"Physalis virginiana",0,,,,,,,,urn:uuid:0e967ffb-c694-4d70-8100-0c2db0c81b53
1305330,Unknown,,Unknown,,"Physalis sp.",0,,,,,,,,urn:uuid:c65680e7-d487-4d64-a61f-c50dc7d0304a
1307337,Unknown,,Unknown,,"Physalis texana",0,,,,,,,,urn:uuid:12413476-da55-4696-8a4a-c432a0c51bf9
1308578,Unknown,,Unknown,,"Physalis mollis var. variovestita",0,,,,,,,,urn:uuid:571b54b3-29b5-4231-ac24-8481177afb51
1308639,Unknown,,Unknown,,"Physalis sp.",0,,,,,,,,urn:uuid:b0304290-0587-4722-83a3-478f9a65cfa0
1308928,Unknown,,Unknown,,"Evolvulus sericeus",0,,,,,,,,urn:uuid:668b22f5-71d0-4e48-88b1-a5e2b64aa86c
1309251,Unknown,,Unknown,,"Physalis mollis var. variovestita",0,,,,,,,,urn:uuid:efa3f9c6-a630-423a-a04a-3c55504c7225
1309960,Unknown,,Unknown,,"Solanum capsicastrum",0,,,,,,,,urn:uuid:a3b46ee7-9f39-4e83-8ef5-96c4bd530373
1312127,"W. R. Carr",,2002,,"Physalis cinerascens",0,,,,,,,,urn:uuid:aed8fec4-9191-4981-ab57-ff2ab81315e6
1315093,Unknown,,Unknown,,"Physalis longifolia",0,,,,,,,,urn:uuid:18dec65e-0039-4905-b10c-88a9007f3076
1315918,Unknown,,Unknown,,"Physalis longifolia",0,,,,,,,,urn:uuid:2a8205b8-cf32-4da9-9e34-29e61ac1cb7e
1264712,Unknown,,Unknown,,"Nicotiana trigonophylla",0,,,,,,,,urn:uuid:b893947e-2074-4b6e-90dc-eb129cf7f1ab
1264713,Unknown,,Unknown,,"Nicotiana trigonophylla",0,,,,,,,,urn:uuid:ff260a6a-8d2d-4cc5-923f-933a060efea8
1264714,Unknown,,Unknown,,"Nicotiana trigonophylla",0,,,,,,,,urn:uuid:a77a00a7-3704-477b-b44d-c66f7a9c6ee9
1264715,Unknown,,Unknown,,"Nicotiana trigonophylla",0,,,,,,,,urn:uuid:cb4f2cca-7a96-4878-9fa0-d7d1b5f0a272
1264716,Unknown,,Unknown,,"Nicotiana trigonophylla",0,,,,,,,,urn:uuid:1b447b5f-8fd8-4652-bbeb-2d2eed42e068
1264717,Unknown,,Unknown,,"Nicotiana trigonophylla",0,,,,,,,,urn:uuid:d1338595-7f2a-4f96-87a8-021646435a49
1264718,Unknown,,Unknown,,"Nicotiana trigonophylla",0,,,,,,,,urn:uuid:42af9b92-80fd-49cf-8fa2-7266123a41f2
1264719,Unknown,,Unknown,,"Nicotiana trigonophylla",0,,,,,,,,urn:uuid:ac0ef464-82c7-47fb-b44b-20a2b10a3cd9
1264720,Unknown,,Unknown,,"Nicotiana trigonophylla",0,,,,,,,,urn:uuid:900bba19-fca9-495f-8ab4-1276f4d9e32a
1264721,Unknown,,Unknown,,"Nicotiana trigonophylla",0,,,,,,,,urn:uuid:01fe775f-c960-4140-9b43-f1c3951595d2
1264722,Unknown,,Unknown,,"Nicotiana trigonophylla",0,,,,,,,,urn:uuid:c2c66a0d-6c7c-4eea-9654-2c4079c162e3
1264723,Unknown,,Unknown,,"Nicotiana trigonophylla",0,,,,,,,,urn:uuid:c3513679-5b00-4b17-9294-bdb5104c50c0
1264724,Unknown,,Unknown,,"Nicotiana trigonophylla",0,,,,,,,,urn:uuid:7fc6aa52-fe33-434b-a418-a3273441e960
1264725,Unknown,,Unknown,,"Nicotiana trigonophylla",0,,,,,,,,urn:uuid:773ce177-2869-44d8-af19-afbca39a1e7c
1264726,Unknown,,Unknown,,"Nicotiana trigonophylla",0,,,,,,,,urn:uuid:5aa98d3e-4070-43c2-a974-a3092085b9fe
1264727,Unknown,,Unknown,,"Nicotiana trigonophylla",0,,,,,,,,urn:uuid:45b341e5-546d-4b19-ad27-07dea7de5fcc
1264728,Unknown,,Unknown,,"Nicotiana trigonophylla",0,,,,,,,,urn:uuid:1021f36c-3a58-4bee-a544-a12ddc451b0f
1264729,Unknown,,Unknown,,"Nicotiana trigonophylla",0,,,,,,,,urn:uuid:efaff13c-561b-497d-be05-7b94e050c2bc
1264730,Unknown,,Unknown,,"Nicotiana trigonophylla",0,,,,,,,,urn:uuid:23c54c84-b040-46d1-97ba-1b62c4b59ee0
1264731,Unknown,,Unknown,,"Nicotiana trigonophylla",0,,,,,,,,urn:uuid:84f175d9-c230-476a-a12f-26172aac69cb
1264732,Unknown,,Unknown,,"Nicotiana trigonophylla",0,,,,,,,,urn:uuid:94f1ff95-1d30-4e93-9185-f337d404f6a8
1264733,Unknown,,Unknown,,"Nicotiana trigonophylla",0,,,,,,,,urn:uuid:165a99d0-54de-488c-a68d-d0ec7db7b99d
1264734,Unknown,,Unknown,,"Nicotiana trigonophylla",0,,,,,,,,urn:uuid:cab90b68-42ea-4f0c-8f33-b297942dcaac
1264735,Unknown,,Unknown,,"Nicotiana trigonophylla",0,,,,,,,,urn:uuid:88c8cbbb-84fe-4c91-952f-2c86a30b93e2
1264736,Unknown,,Unknown,,"Nicotiana trigonophylla",0,,,,,,,,urn:uuid:2007a2b6-46bf-408c-b73e-312e42612ae7
1264737,Unknown,,Unknown,,"Nicotiana trigonophylla",0,,,,,,,,urn:uuid:24c795ae-95e7-46d3-a624-7a7d9fb2c6de
1264789,Unknown,,Unknown,,"Nicotiana trigonophylla",0,,,,,,,,urn:uuid:7d88f363-9789-46c7-9359-077f84e66a64
1264790,Unknown,,Unknown,,"Nicotiana trigonophylla",0,,,,,,,,urn:uuid:e716ce2d-e52e-4be1-86df-c31519bb0d5e
1264791,Unknown,,Unknown,,"Nicotiana trigonophylla",0,,,,,,,,urn:uuid:9c077038-4c46-4329-9535-a5271fc28d9d
1264792,Unknown,,Unknown,,"Nicotiana trigonophylla",0,,,,,,,,urn:uuid:a27f19ff-4e7a-474b-ba23-911bc2e81691
1264793,Unknown,,Unknown,,"Nicotiana trigonophylla",0,,,,,,,,urn:uuid:ef98cab8-fcd2-4d5d-9892-b2e60bc26f8b
1264794,Unknown,,Unknown,,"Nicotiana trigonophylla",0,,,,,,,,urn:uuid:3e2abf8d-496e-4eb5-9b28-7dfa1bbb4f99
1264795,Unknown,,Unknown,,"Nicotiana trigonophylla",0,,,,,,,,urn:uuid:b2cbfab7-a016-48c5-a6de-62147ce39f56
1264796,Unknown,,Unknown,,"Nicotiana trigonophylla",0,,,,,,,,urn:uuid:fe54536e-3ae2-49c0-bf88-bf2ce8b41f6d
1264797,Unknown,,Unknown,,"Nicotiana trigonophylla",0,,,,,,,,urn:uuid:9f6263fa-2ce2-44ce-93f8-15ea00daec97
1264798,Unknown,,Unknown,,"Nicotiana trigonophylla",0,,,,,,,,urn:uuid:cda57ae6-f47f-43dd-ad64-0fb678ea00c4
1264799,Unknown,,Unknown,,"Nicotiana trigonophylla",0,,,,,,,,urn:uuid:628c3ee8-0b7e-4673-bb41-8cde505a80f8
1264800,Unknown,,Unknown,,"Nicotiana trigonophylla",0,,,,,,,,urn:uuid:8d4811aa-ca63-49bb-b77a-2c1db05f9c74
1264801,Unknown,,Unknown,,"Nicotiana trigonophylla",0,,,,,,,,urn:uuid:66e138cb-8903-4e25-9f01-f801779b0d3c
1264802,Unknown,,Unknown,,"Nicotiana trigonophylla",0,,,,,,,,urn:uuid:b30d7d08-d89b-4aca-a41a-f695542e85f5
1264803,Unknown,,Unknown,,"Nicotiana trigonophylla ",0,,,,,,,,urn:uuid:f794e210-3a38-4fc7-94f8-9ec8d7351553
1264804,Unknown,,Unknown,,"Nicotiana trigonophylla",0,,,,,,,,urn:uuid:27542258-168a-408b-b6da-537e1ad0e3da
1264805,Unknown,,Unknown,,"Nicotiana trigonophylla",0,,,,,,,,urn:uuid:e941df1b-2819-457c-ac8a-742ded9499cc
1264806,Unknown,,Unknown,,"Nicotiana trigonophylla",0,,,,,,,,urn:uuid:d498abb8-7536-4dfc-a288-977a6fcdcec7
1264807,Unknown,,Unknown,,"Nicotiana trigonophylla",0,,,,,,,,urn:uuid:56a046bd-7043-4bc7-afc6-4c754dc01ba4
1264808,Unknown,,Unknown,,"Nicotiana trigonophylla",0,,,,,,,,urn:uuid:a0a42306-4a74-469f-8b4d-a18ffbaea781
1264809,Unknown,,Unknown,,"Nicotiana trigonophylla",0,,,,,,,,urn:uuid:847ac4af-74c4-4fc9-85ce-979e4374cd6a
1264810,Unknown,,Unknown,,"Nicotiana trigonophylla",0,,,,,,,,urn:uuid:ac528e75-4c56-4393-be86-b59b2926a8a6
1264811,Unknown,,Unknown,,"Nicotiana trigonophylla",0,,,,,,,,urn:uuid:b367b41d-74e2-44a4-a1ed-8ddebc855048
1264812,Unknown,,Unknown,,"Nicotiana trigonophylla",0,,,,,,,,urn:uuid:63996383-5726-4372-afd3-61635d78d091
1264813,Unknown,,Unknown,,"Nicotiana trigonophylla",0,,,,,,,,urn:uuid:8227340a-800d-4b83-8f26-20ecc0d9cc7b
1264814,Unknown,,Unknown,,"Nicotiana trigonophylla",0,,,,,,,,urn:uuid:0da9641f-281e-46ff-8464-79b5f62d81d6
1264815,Unknown,,Unknown,,"Nicotiana trigonophylla",0,,,,,,,,urn:uuid:457c028e-9aec-408e-8b6d-56c74513d5f6
1264816,Unknown,,Unknown,,"Nicotiana trigonophylla",0,,,,,,,,urn:uuid:1c977fee-9b18-47f5-ad3f-85140732489d
1264817,Unknown,,Unknown,,"Nicotiana trigonophylla",0,,,,,,,,urn:uuid:e268dd84-d42d-40d5-9d3d-0bbdffed12ee
1264818,Unknown,,Unknown,,"Nicotiana trigonophylla",0,,,,,,,,urn:uuid:568e75f4-2307-49a9-a495-6d832d6d485a
1264819,Unknown,,Unknown,,"Nicotiana trigonophylla",0,,,,,,,,urn:uuid:f1f56f6f-0f96-4b1e-8425-60c6075d746a
1264820,Unknown,,Unknown,,"Nicotiana trigonophylla",0,,,,,,,,urn:uuid:d81182d0-c085-4898-a180-9c25fca8d8b2
1264821,Unknown,,Unknown,,"Nicotiana trigonophylla",0,,,,,,,,urn:uuid:73b9a92b-ad05-4207-a134-8f4a82d78145
1264822,Unknown,,Unknown,,"Nicotiana trigonophylla",0,,,,,,,,urn:uuid:05822ea8-3127-4b3f-a4c1-2a1b4ca70e76
1264918,Unknown,,Unknown,,"Physalis cinerascens var. cinerascens",0,,,,,,,,urn:uuid:ae7a991f-5196-4836-84c0-f9e5fb6f69e3
1290835,Unknown,,Unknown,,"Solanum capsicastrum",0,,,,,,,,urn:uuid:882ba466-bcfb-4678-b219-eb01cab375b5
1291379,Unknown,,Unknown,,"Physalis cinerascens var. spathulifolia",0,,,,,,,,urn:uuid:4da58d68-93f0-4cb4-b4a7-2b5bca0938ae
1291380,Unknown,,Unknown,,"Physalis cinerascens var. spathulifolia",0,,,,,,,,urn:uuid:ecd7029b-1eab-489e-af77-4c418a9ba142
1293254,Unknown,,Unknown,,"Nicotiana trigonophylla",0,,,,,,,,urn:uuid:46dada64-4b08-4b30-878d-503949d50421
1293255,Unknown,,Unknown,,"Solanum capsicastrum",0,,,,,,,,urn:uuid:61e0d45f-25c7-4ba3-bafd-4d0ff6dd243f
1293862,Unknown,,Unknown,,"Nicotiana trigonophylla",0,,,,,,,,urn:uuid:8766b0ae-f433-4401-8554-cff7aabef770
1294572,Unknown,,Unknown,,"Solanum citrullifolium var. setigerum",0,,,,,,,,urn:uuid:537ab0cc-054c-46ba-aa6d-ea2dbe9cc44d
1264980,Unknown,,Unknown,,"Physalis cinerascens var. cinerascens",0,,,,,,,,urn:uuid:b3514cae-7a4c-4737-8c34-3a6337cd1609
1264981,Unknown,,Unknown,,"Physalis cinerascens var. cinerascens",0,,,,,,,,urn:uuid:0d950556-2523-4316-a595-baa95d0e8b30
1264990,Unknown,,Unknown,,"Physalis cinerascens var. spathulifolia",0,,,,,,,,urn:uuid:5b48cbe7-d5db-4479-a9a8-d4a26a2501a7
1264991,Unknown,,Unknown,,"Physalis cinerascens var. spathulifolia",0,,,,,,,,urn:uuid:8235b98d-7bea-4fb9-b64e-fa6c42f6a886
1264992,Unknown,,Unknown,,"Physalis cinerascens var. spathulifolia",0,,,,,,,,urn:uuid:9ec17140-9212-4093-928b-3c0d9d507db3
1264993,Unknown,,Unknown,,"Physalis cinerascens var. spathulifolia",0,,,,,,,,urn:uuid:e739ecec-bf3f-4f5e-9bc5-1d0c4b730f08
1264994,Unknown,,Unknown,,"Physalis cinerascens var. spathulifolia",0,,,,,,,,urn:uuid:661f26b0-0470-4418-9bee-5a032c8eac08
1264995,Unknown,,Unknown,,"Physalis cinerascens var. spathulifolia",0,,,,,,,,urn:uuid:3cdd9131-6785-4da4-8252-85669269c27b
1264996,Unknown,,Unknown,,"Physalis cinerascens var. spathulifolia",0,,,,,,,,urn:uuid:24ae6bed-68d4-4efc-a3bf-3cc74980cbaa
1264997,Unknown,,Unknown,,"Physalis cinerascens var. spathulifolia",0,,,,,,,,urn:uuid:fa49d373-3dd4-4c48-9f96-3268f7fea7c9
1264998,Unknown,,Unknown,,"Physalis cinerascens var. spathulifolia",0,,,,,,,,urn:uuid:c71973b7-70b6-4615-868a-a645df978227
1264999,Unknown,,Unknown,,"Physalis cinerascens var. spathulifolia",0,,,,,,,,urn:uuid:c22a4c87-725f-4aab-8e1b-02452e82eabd
1265000,Unknown,,Unknown,,"Physalis cinerascens var. spathulifolia",0,,,,,,,,urn:uuid:3cebc4d1-0796-4f5a-8170-a9eaf0fda229
1265001,Unknown,,Unknown,,"Physalis cinerascens var. spathulifolia",0,,,,,,,,urn:uuid:fbda88d0-ebab-4cd9-8d97-62d3b77235c9
1265002,Unknown,,Unknown,,"Physalis cinerascens var. spathulifolia",0,,,,,,,,urn:uuid:898e680b-5e9e-461b-ab3b-d5a77c356b7c
1265003,Unknown,,Unknown,,"Physalis cinerascens var. spathulifolia",0,,,,,,,,urn:uuid:d9adb392-ecba-400d-a124-bf359091ef35
1265004,Unknown,,Unknown,,"Physalis cinerascens var. spathulifolia",0,,,,,,,,urn:uuid:d27e6536-3b35-4ccd-842c-4e68c1a3d99b
1265005,Unknown,,Unknown,,"Physalis cinerascens var. spathulifolia",0,,,,,,,,urn:uuid:c1ac08f5-f00a-43b2-acf0-8c9ff37ca450
1265006,Unknown,,Unknown,,"Physalis cinerascens var. spathulifolia",0,,,,,,,,urn:uuid:4925997b-8571-4cc2-84bc-0b7322f69b9c
1265007,Unknown,,Unknown,,"Physalis cinerascens var. spathulifolia",0,,,,,,,,urn:uuid:f3039f52-a26e-493b-aa86-9ed4f7a5be95
1265008,Unknown,,Unknown,,"Physalis cinerascens var. spathulifolia",0,,,,,,,,urn:uuid:c3cb587e-342f-4ee3-a4fa-42ce749991d4
1265009,Unknown,,Unknown,,"Physalis cinerascens var. spathulifolia",0,,,,,,,,urn:uuid:08668cd0-ed32-4721-9461-d6ffdda13f61
1265010,Unknown,,Unknown,,"Physalis cinerascens var. spathulifolia",0,,,,,,,,urn:uuid:ea883698-1880-4975-a934-d3dfdf3e8491
1265011,Unknown,,Unknown,,"Physalis cinerascens var. spathulifolia",0,,,,,,,,urn:uuid:8b6e7bb3-090c-4fe2-8be8-84681e25955e
1265012,Unknown,,Unknown,,"Physalis cinerascens var. spathulifolia",0,,,,,,,,urn:uuid:4b3e69a1-8225-42b0-96f1-a3c3d087e90a
1265013,Unknown,,Unknown,,"Physalis cinerascens var. spathulifolia",0,,,,,,,,urn:uuid:fa46a59d-1b1b-4a85-ac5b-d80da0d5033f
1265014,Unknown,,Unknown,,"Physalis cinerascens var. spathulifolia",0,,,,,,,,urn:uuid:d1be1970-91fd-4fe2-b27f-de018d1d0497
1265015,Unknown,,Unknown,,"Physalis cinerascens var. spathulifolia",0,,,,,,,,urn:uuid:22279f12-00d1-41bc-8197-fde1f5eb52d6
1265016,Unknown,,Unknown,,"Physalis cinerascens var. spathulifolia",0,,,,,,,,urn:uuid:38bac093-795a-4995-b589-3ca3e92578e8
1265017,Unknown,,Unknown,,"Physalis cinerascens var. spathulifolia",0,,,,,,,,urn:uuid:277f2946-a124-41f6-a566-287d4118198d
1265018,Unknown,,Unknown,,"Physalis cinerascens var. spathulifolia",0,,,,,,,,urn:uuid:a7036d25-cf7a-4731-ae1f-44f800a14ef9
1265019,Unknown,,Unknown,,"Physalis cinerascens var. spathulifolia",0,,,,,,,,urn:uuid:dedb65f0-164e-470e-ae2b-1898097bf1af
1265078,Unknown,,Unknown,,"Physalis longifolia",0,,,,,,,,urn:uuid:5970cb4e-5ba9-4847-b021-09c24fb92526
1265079,Unknown,,Unknown,,"Physalis longifolia",0,,,,,,,,urn:uuid:37e04a42-4d55-4d85-905c-c56776701167
1265080,Unknown,,Unknown,,"Physalis longifolia",0,,,,,,,,urn:uuid:45f6a805-7e21-44dc-8d40-6b28acb37628
1265081,Unknown,,Unknown,,"Physalis longifolia",0,,,,,,,,urn:uuid:c01fcea6-8e6a-46f6-bb36-369026468e4a
1265082,Unknown,,Unknown,,"Physalis longifolia",0,,,,,,,,urn:uuid:2db53f01-2caf-419e-9507-67628689ff2b
1265083,Unknown,,Unknown,,"Physalis longifolia",0,,,,,,,,urn:uuid:a469ceea-8532-4107-b115-5f55e74d1c1c
1265084,Unknown,,Unknown,,"Physalis longifolia",0,,,,,,,,urn:uuid:a7a5f00b-0221-452d-9d9c-a373cc994999
1265085,Unknown,,Unknown,,"Physalis longifolia",0,,,,,,,,urn:uuid:e17b1624-9ffc-485f-b856-5dcafcbd3b56
1265086,Unknown,,Unknown,,"Physalis longifolia",0,,,,,,,,urn:uuid:fa361abf-190c-4419-a07f-be39ad3679c2
1265087,Unknown,,Unknown,,"Physalis longifolia",0,,,,,,,,urn:uuid:1d3dde82-3d14-4cbf-81de-7f843195b847
1265088,Unknown,,Unknown,,"Physalis longifolia",0,,,,,,,,urn:uuid:89c8230c-8181-4652-baba-dc1447c56374
1265089,Unknown,,Unknown,,"Physalis longifolia",0,,,,,,,,urn:uuid:0ae47a03-9911-47fa-bfee-e9ebf2a754df
1265090,Unknown,,Unknown,,"Physalis longifolia",0,,,,,,,,urn:uuid:abd8c8b8-27bc-4714-8659-e176108f07a0
1265093,Unknown,,Unknown,,"Physalis mollis var. variovestita",0,,,,,,,,urn:uuid:7e21f5b6-897b-4606-bd06-66ccdae19a71
1265094,Unknown,,Unknown,,"Physalis mollis var. variovestita",0,,,,,,,,urn:uuid:b20281c8-c1db-4064-9b6e-4f29ee4d56da
1265110,Unknown,,Unknown,,"Physalis sp.",0,,,,,,,,urn:uuid:b458bfd6-0914-4757-98ac-9a34e16dcdc0
1265209,Unknown,,Unknown,,"Solanum citrullifolium var. setigerum",0,,,,,,,,urn:uuid:f910d897-494c-48d9-b9e2-50968b4bcbb9
1265210,Unknown,,Unknown,,"Solanum citrullifolium var. citrullifolium",0,,,,,,,,urn:uuid:1f429ee1-b73c-42ec-9bdb-f043ff3c58a2
1265211,Unknown,,Unknown,,"Solanum citrullifolium var. citrullifolium",0,,,,,,,,urn:uuid:642e1453-7b9c-4800-9bd2-56fbd5ed8d19
1265212,Unknown,,Unknown,,"Solanum davisense",0,,,,,,,,urn:uuid:3d2c0fb6-cefe-420c-8919-dcee4344cdd5
1265225,Unknown,,Unknown,,"Solanum davisense",0,,,,,,,,urn:uuid:eeb1a357-635c-4ecd-83bf-243a223be753
1181644,Unknown,,Unknown,,"Solanum fendleri",0,,,,,,,,urn:uuid:4ff4a315-5d6e-4738-8d3e-e860cf371d63
1181649,Unknown,,Unknown,,"Solanum fendleri",0,,,,,,,,urn:uuid:56747041-ecc2-4277-8bfd-c7872a85fb34
1181657,Unknown,,Unknown,,"Solanum leptosepalum",0,,,,,,,,urn:uuid:8d0f15c5-9df2-45c8-a7a0-f7b34d0a401d
1190262,Unknown,,Unknown,,"Chamaesaracha  coronopus",0,,,,,,,,urn:uuid:9a6a3a78-e928-4f92-973e-8e1515691789
1190406,Unknown,,Unknown,,"Chamaesaracha  coronopus",0,,,,,,,,urn:uuid:577e7aec-e1d9-4b8e-b797-544e1adbe345
1190861,Unknown,,Unknown,,"Physalis hederifolia",0,,,,,,,,urn:uuid:0aab5a49-2947-4220-af15-608091b8e2f0
1210699,Unknown,,Unknown,,"Nicotiana trigonophylla",0,,,,,,,,urn:uuid:c6eb6fea-b5ef-4652-88f8-ec5263b6cbd9
1370001,Unknown,,Unknown,,"Physalis lobata",0,,,,,,,,urn:uuid:b62f3d5c-6d27-4176-be8f-d0095f7d9e07
1370002,Unknown,,Unknown,,"Physalis lobata",0,,,,,,,,urn:uuid:4a315143-a375-4753-855e-57c1fc8b1cb6
1370003,Unknown,,Unknown,,"Physalis lobata",0,,,,,,,,urn:uuid:e0c1ac24-c29d-4001-811b-f1827864c112
1370004,Unknown,,Unknown,,"Physalis lobata",0,,,,,,,,urn:uuid:8f03a0f7-696a-4ae1-b8ca-492ba42003a6
1370005,Unknown,,Unknown,,"Physalis lobata",0,,,,,,,,urn:uuid:82d85987-870d-435e-b9f8-06403a4840a5
1370006,Unknown,,Unknown,,"Physalis lobata",0,,,,,,,,urn:uuid:c59a93ec-b1c7-4ff4-98e0-c8752f73984d
1370007,Unknown,,Unknown,,"Physalis lobata",0,,,,,,,,urn:uuid:88147719-2dbb-42c9-98c0-5917007f7527
1370008,Unknown,,Unknown,,"Physalis lobata",0,,,,,,,,urn:uuid:8c7b2cb7-fd17-40d7-8a7c-db50bbf287f8
1370009,Unknown,,Unknown,,"Physalis lobata",0,,,,,,,,urn:uuid:71daa232-83a1-4840-a09d-4e406d95d009
1370010,Unknown,,Unknown,,"Physalis lobata",0,,,,,,,,urn:uuid:6cf369c9-cd3e-4039-be88-8702b94cced4
1370011,Unknown,,Unknown,,"Physalis lobata",0,,,,,,,,urn:uuid:baa83b22-d68a-4de9-9f10-4e547cf1a15a
1370012,Unknown,,Unknown,,"Physalis lobata",0,,,,,,,,urn:uuid:9c9ebcb5-3e84-4c2c-8111-6f7961f70f2c
1370013,Unknown,,Unknown,,"Physalis lobata",0,,,,,,,,urn:uuid:77b3e3ef-82ab-4587-b21a-9e8a6368c0ec
1370014,Unknown,,Unknown,,"Physalis lobata",0,,,,,,,,urn:uuid:84dfe29a-5a65-4a55-bfea-e6413f145b92
1370015,Unknown,,Unknown,,"Physalis lobata",0,,,,,,,,urn:uuid:e89359bd-5fe5-4f1c-bd57-8324990862c1
1370016,Unknown,,Unknown,,"Physalis lobata",0,,,,,,,,urn:uuid:ec984e5a-bfde-4891-b5aa-047ed288bc6b
1370017,Unknown,,Unknown,,"Physalis lobata",0,,,,,,,,urn:uuid:87202bff-e10d-4d08-a0c5-1fec9e43abe9
1370018,Unknown,,Unknown,,"Physalis lobata",0,,,,,,,,urn:uuid:71d3a62b-f8af-4637-a18b-eedde6050972
1370019,Unknown,,Unknown,,"Physalis lobata",0,,,,,,,,urn:uuid:911ab850-678e-4dac-b161-422184beacdc
1370020,Unknown,,Unknown,,"Physalis lobata",0,,,,,,,,urn:uuid:dc2aa732-23b6-44de-a398-4e4f733bd5fc
1370021,Unknown,,Unknown,,"Physalis lobata",0,,,,,,,,urn:uuid:3147d26b-8ab3-4c8f-8295-c15bb0687cfb
1370022,Unknown,,Unknown,,"Physalis lobata",0,,,,,,,,urn:uuid:d7e7a42f-e35c-4757-992d-5a7286515924
1370023,Unknown,,Unknown,,"Physalis lobata",0,,,,,,,,urn:uuid:705aab61-f6c4-4ba5-8328-4bc8d4c2c216
1370024,Unknown,,Unknown,,"Physalis lobata",0,,,,,,,,urn:uuid:8886c53b-9e17-4fdf-b8b6-c9265b13f49b
1370025,Unknown,,Unknown,,"Physalis lobata",0,,,,,,,,urn:uuid:70545720-d6ca-47da-b70a-0955a9b7939c
1370026,Unknown,,Unknown,,"Physalis longifolia",0,,,,,,,,urn:uuid:ce73560c-4d5d-4e3b-b6e1-a4b5902b8b57
1370027,Unknown,,Unknown,,"Physalis longifolia",0,,,,,,,,urn:uuid:09166fe7-e9ef-4fa8-892b-05d00793a182
1370028,Unknown,,Unknown,,"Physalis longifolia",0,,,,,,,,urn:uuid:83af8ea0-ce87-4263-9bc8-2837dbc0e3d2
1370029,Unknown,,Unknown,,"Physalis longifolia",0,,,,,,,,urn:uuid:50aceadf-d728-4ac5-aef3-df59fbd4fe29
1370030,Unknown,,Unknown,,"Physalis longifolia",0,,,,,,,,urn:uuid:9bf90db6-fad6-4d92-8454-de29beaf9c20
1370031,Unknown,,Unknown,,"Physalis longifolia",0,,,,,,,,urn:uuid:01bfeeef-06c9-4b9e-aac6-1db589deb367
1370035,Unknown,,Unknown,,"Physalis macrosperma",0,,,,,,,,urn:uuid:67ad398b-ed58-4522-b420-d8bc14e6ddea
1370039,Unknown,,Unknown,," Physalis mollis var. variovestita",0,,,,,,,,urn:uuid:4115bc98-ee65-4552-b1ff-d01dc6c43809
1370039,Unknown,,Unknown,,"Physalis mollis var. mollis",0,,,,,,,,urn:uuid:e241e7f5-2b2d-458c-b35b-f53c419223ab
1370041,Unknown,,Unknown,,"Physalis mollis var. variovestita",0,,,,,,,,urn:uuid:2289d154-5b8d-45e6-a5ce-322f9d303d3f
1370068,Unknown,,Unknown,,"Solanum citrullifolium var. citrullifolium",0,,,,,,,,urn:uuid:8095292a-1c29-40ff-b679-33bf536572c5
1370069,Unknown,,Unknown,,"Solanum citrullifolium var. citrullifolium",0,,,,,,,,urn:uuid:e0a32d8c-19d6-44cd-b220-2df2da0094b8
1370113,Unknown,,Unknown,,"Solanum fendleri",0,,,,,,,,urn:uuid:add99b52-2cdb-40a2-ab2e-03b58d602764
1376201,Unknown,,Unknown,,"Physalis lobata",0,,,,,,,,urn:uuid:d75b0688-37a3-46f0-bd17-c6bf3130a2c5
1376212,Unknown,,Unknown,,"Physalis lobata",0,,,,,,,,urn:uuid:b4a4a534-77b6-4a12-9818-08e9a4d0b3e8
1404149,Unknown,,Unknown,,"Chamaesaracha edwardsiana var. edwardsiana",0,,,,,,,,urn:uuid:f3738b8f-09b2-4f0b-834b-49713246ca67
1404150,Unknown,,Unknown,,"Chamaesaracha edwardsiana var. edwardsiana",0,,,,,,,,urn:uuid:3181a665-c8bc-4620-bf2d-9c40d6b4571a
1404151,Unknown,,Unknown,,"Chamaesaracha edwardsiana var. edwardsiana",0,,,,,,,,urn:uuid:3445a557-16c3-406c-9fce-eae9a913b863
1404160,Unknown,,Unknown,,"Chamaesaracha edwardsiana var. pallida",0,,,,,,,,urn:uuid:7ba7be47-8a62-4737-9356-8b2dec072a4b
1404161,Unknown,,Unknown,,"Chamaesaracha edwardsiana var. pallida",0,,,,,,,,urn:uuid:6e5c8edd-466d-45e5-8f4d-87fbb281b4c8
1404162,Unknown,,Unknown,,"Chamaesaracha edwardsiana var. pallida",0,,,,,,,,urn:uuid:a58626bf-f2cf-4510-b25b-2925bb11ef71
1404163,Unknown,,Unknown,,"Chamaesaracha edwardsiana var. pallida",0,,,,,,,,urn:uuid:d1ec3d2c-b28c-458d-8a9a-6b23eb8de80f
1404164,Unknown,,Unknown,,"Chamaesaracha edwardsiana var. pallida",0,,,,,,,,urn:uuid:24fe379c-345e-4384-8744-0e44c4a2a13a
1404248,Unknown,,Unknown,,"Nicotiana trigonophylla",0,,,,,,,,urn:uuid:28b5afeb-00d0-44d4-8b61-d3f90247b24c
1404249,Unknown,,Unknown,,"Nicotiana trigonophylla",0,,,,,,,,urn:uuid:cf950eb2-14e7-4bd6-a6e3-63783d329c4a
1404250,Unknown,,Unknown,,"Nicotiana trigonophylla",0,,,,,,,,urn:uuid:56356f3c-78d8-4db5-bd5b-7e1c3faf65af
1404251,Unknown,,Unknown,,"Nicotiana trigonophylla",0,,,,,,,,urn:uuid:cbdf28b0-8b04-407d-b872-6d246fbc2972
1404252,Unknown,,Unknown,,"Nicotiana trigonophylla",0,,,,,,,,urn:uuid:8016572f-d6f4-4902-ab0d-9485ee1bde9d
1404271,Unknown,,Unknown,,"Nicotiana trigonophylla",0,,,,,,,,urn:uuid:b493a984-923b-4c60-b4fb-a56f0cdda961
1404272,Unknown,,Unknown,,"Nicotiana trigonophylla",0,,,,,,,,urn:uuid:1a75cd7d-1dc5-49c6-877d-005eebc304f6
1404273,Unknown,,Unknown,,"Nicotiana trigonophylla",0,,,,,,,,urn:uuid:a0490ca6-2be8-4d3e-b26d-cf2c8cabd324
1404321,Unknown,,Unknown,,"Physalis cinerascens var. spathulifolia",0,,,,,,,,urn:uuid:2e7bfd56-3158-4609-b47d-af7b5051bce5
1404322,Unknown,,Unknown,,"Physalis cinerascens var. spathulifolia",0,,,,,,,,urn:uuid:f8a338f9-d6bf-48ef-9383-e0fff6f19657
1404323,Unknown,,Unknown,,"Physalis cinerascens var. spathulifolia",0,,,,,,,,urn:uuid:230a6181-da02-4cec-aca7-b7cbc0072afd
1404324,Unknown,,Unknown,,"Physalis cinerascens var. spathulifolia",0,,,,,,,,urn:uuid:9da41cd2-58b6-42bb-9917-acfb4f7f85b3
1404325,Unknown,,Unknown,,"Physalis cinerascens var. spathulifolia",0,,,,,,,,urn:uuid:1d536293-c70f-4754-a437-e7ea4ae9c37a
1404326,Unknown,,Unknown,,"Physalis cinerascens var. spathulifolia",0,,,,,,,,urn:uuid:33bc0d15-33d5-41fd-a459-2b6d54014f77
1404327,Unknown,,Unknown,,"Physalis cinerascens var. spathulifolia",0,,,,,,,,urn:uuid:487e38b4-038c-439d-a835-84d775095c91
1404357,Unknown,,Unknown,,"Physalis longifolia",0,,,,,,,,urn:uuid:b7bc73f1-c168-457c-af7c-9fa0d75942d9
1404358,Unknown,,Unknown,,"Physalis mollis var. variovestita",0,,,,,,,,urn:uuid:91b74a05-e24b-4fa3-bac6-a8babe95ec0a
1404394,Unknown,,Unknown,,"Solanum citrullifolium var. citrullifolium",0,,,,,,,,urn:uuid:da7f7769-0716-4477-8fb3-976457dfc9af
1404395,Unknown,,Unknown,,"Solanum citrullifolium var. citrullifolium",0,,,,,,,,urn:uuid:ff09166e-257d-4570-8300-82469b71a8f6
1404396,Unknown,,Unknown,,"Solanum citrullifolium var. citrullifolium",0,,,,,,,,urn:uuid:3668c432-5a8c-4bd7-9c45-a5784271e3f7
1404397,Unknown,,Unknown,,"Solanum citrullifolium var. citrullifolium",0,,,,,,,,urn:uuid:3d7dae4a-bf6d-4d0f-b413-0a0932e63bf8
1414044,Unknown,,Unknown,,"Physalis mollis var. mollis",0,,,,,,,,urn:uuid:62348241-e710-4d71-8eef-dbc0114dc3d8
1414047,Unknown,,Unknown,,"Physalis longifolia",0,,,,,,,,urn:uuid:16014181-5c95-4ec9-be4a-09853a2315bf
1414443,Unknown,,Unknown,,"Physalis longifolia",0,,,,,,,,urn:uuid:4bf50cd5-c994-46bb-8604-6f46696682b9
1369890,Unknown,,Unknown,,"Lycopersicon esculentum var. cerastiforme",0,,,,,,,,urn:uuid:1286d1a9-b51f-43f4-b8fe-01278fa8e0ac
1369891,Unknown,,Unknown,,"Lycopersicon esculentum var. cerastiforme",0,,,,,,,,urn:uuid:af2f3c1d-9da1-40d1-9af2-c7b7f9b898f2
1369907,Unknown,,Unknown,,"Nicotiana trigonophylla",0,,,,,,,,urn:uuid:45e6eb70-9df8-4688-9bfc-8e9a5cec5fbd
1369908,Unknown,,Unknown,,"Nicotiana trigonophylla",0,,,,,,,,urn:uuid:d66f180e-a06e-495b-a06a-6b30c4df9385
1369909,Unknown,,Unknown,,"Nicotiana trigonophylla",0,,,,,,,,urn:uuid:eab52aa8-d854-445e-ada9-8b60acb5e5ef
1369910,Unknown,,Unknown,,"Nicotiana trigonophylla",0,,,,,,,,urn:uuid:4d427357-faad-49ea-b94c-066095b851cf
1369911,Unknown,,Unknown,,"Nicotiana trigonophylla",0,,,,,,,,urn:uuid:82c2b2e5-640d-4bfa-b20c-921601813fdd
1369912,Unknown,,Unknown,,"Nicotiana trigonophylla",0,,,,,,,,urn:uuid:78020e48-5322-47ec-bc29-d2bb45767385
1369913,Unknown,,Unknown,,"Nicotiana trigonophylla",0,,,,,,,,urn:uuid:4ecafb0e-0b35-4c7f-a975-5741045e5a40
1369914,Unknown,,Unknown,,"Nicotiana trigonophylla",0,,,,,,,,urn:uuid:afbd2615-efba-44c7-8519-e2d2d75b6fa9
1369915,Unknown,,Unknown,,"Nicotiana trigonophylla",0,,,,,,,,urn:uuid:f3b0f0b9-c6fa-4c52-a946-6fa7c4ebdbda
1369918,Unknown,,Unknown,,"Petunia parviflora",0,,,,,,,,urn:uuid:e8670733-c3ec-483f-b344-3d5cc4c0ac27
1369919,Unknown,,Unknown,,"Petunia parviflora",0,,,,,,,,urn:uuid:9ce86a04-158f-4c24-82a7-ef0312ef5f3b
1369920,Unknown,,Unknown,,"Petunia parviflora",0,,,,,,,,urn:uuid:1a01314d-8ab9-452d-9c22-e7637fb771cd
1369921,Unknown,,Unknown,,"Petunia parviflora",0,,,,,,,,urn:uuid:a5dd8ae7-6595-459a-991f-b8931b40e6d7
1369922,Unknown,,Unknown,,"Petunia parviflora",0,,,,,,,,urn:uuid:b86767c1-7185-45fa-ab9b-cfbdb448bc00
1369923,Unknown,,Unknown,,"Petunia parviflora",0,,,,,,,,urn:uuid:b5347953-6b66-4f34-a3bf-7ec0625e3c29
1369924,Unknown,,Unknown,,"Petunia parviflora",0,,,,,,,,urn:uuid:140cb972-23fa-42f4-8cf9-ae74f23bad8d
1369925,Unknown,,Unknown,,"Petunia parviflora",0,,,,,,,,urn:uuid:51366631-abea-4e29-bed8-f4be2d517953
1369926,Unknown,,Unknown,,"Petunia parviflora",0,,,,,,,,urn:uuid:f01b1197-9267-4af9-9f43-e93358da5086
1369927,Unknown,,Unknown,,"Petunia parviflora",0,,,,,,,,urn:uuid:20f04c69-998d-4009-ba60-87249424d452
1369928,Unknown,,Unknown,,"Petunia parviflora",0,,,,,,,,urn:uuid:4780ed9e-bf6f-4320-8a9d-f8e70822dcb2
1369929,Unknown,,Unknown,,"Petunia parviflora",0,,,,,,,,urn:uuid:382a3139-04bb-4786-a72a-ccb742a7f076
1369930,Unknown,,Unknown,,"Petunia parviflora",0,,,,,,,,urn:uuid:3ffafad5-6396-4a7f-ba4f-74ad7cfe6c99
1369967,Unknown,,Unknown,,"Physalis cinerascens var. spathulifolia",0,,,,,,,,urn:uuid:f636accc-8056-4528-bc1e-316792f6fa57
1369968,Unknown,,Unknown,,"Physalis cinerascens var. spathulifolia",0,,,,,,,,urn:uuid:9f83edd8-c445-43e5-88ca-5031f0fe110b
1369969,Unknown,,Unknown,,"Physalis cinerascens var. spathulifolia",0,,,,,,,,urn:uuid:10866871-649d-4b95-8e21-41cfd6f413aa
1369970,Unknown,,Unknown,,"Physalis cinerascens var. spathulifolia",0,,,,,,,,urn:uuid:c582813a-50ee-4fd9-8fde-ec79a3a10a36
1369971,Unknown,,Unknown,,"Physalis cinerascens var. spathulifolia",0,,,,,,,,urn:uuid:7d462629-c106-474b-a7fe-73d96b35b121
1369972,Unknown,,Unknown,,"Physalis cinerascens var. spathulifolia",0,,,,,,,,urn:uuid:9de88619-a3f1-4a28-8411-dbe481a5f3d0
1369973,Unknown,,Unknown,,"Physalis cinerascens var. spathulifolia",0,,,,,,,,urn:uuid:2a5dd58c-f97e-4bb3-9850-175a78fd7e02
