coreid,identifiedBy,identifiedByID,dateIdentified,identificationQualifier,scientificName,identificationIsCurrent,scientificNameAuthorship,genus,specificEpithet,taxonRank,infraspecificEpithet,identificationReferences,identificationRemarks,recordId
1199382,Unknown,,Unknown,,"Condalia warnockii",0,,,,,,,,urn:uuid:2a124bfb-a730-4477-8192-41f7ffa2b4a7
1199436,Unknown,,Unknown,,"Ziziphus jujuba",0,,,,,,,,urn:uuid:b705a7ba-ed75-4b23-8885-e325ec59f689
1199437,Unknown,,Unknown,,"Ziziphus jujuba",0,,,,,,,,urn:uuid:8859f07c-140a-46fc-b0fd-1ed6739bb302
1199438,Unknown,,Unknown,,"Ziziphus jujuba",0,,,,,,,,urn:uuid:f0db1bb1-868a-4892-a3ee-eac64c44b71d
1199439,Unknown,,Unknown,,"Ziziphus jujuba",0,,,,,,,,urn:uuid:8294adf2-fdbf-4b70-98a7-0a046959027d
1217352,Unknown,,Unknown,,"Ziziphus  zizyphus",0,,,,,,,,urn:uuid:e1d5030d-be88-441f-a3f2-1c83482c9666
1217363,Unknown,,Unknown,,"Ziziphus  zizyphus",0,,,,,,,,urn:uuid:672643c1-5609-4434-8be6-09bf9f4f27d4
1225354,Unknown,,Unknown,,"Ceanothus greggii",0,,,,,,,,urn:uuid:3d608a79-b798-43e5-9139-cc35f37ed890
1225356,Unknown,,Unknown,,"Ceanothus greggii",0,,,,,,,,urn:uuid:7fda4b91-2b45-479b-982e-b5b1f235c104
1225561,Unknown,,Unknown,,"Condalia warnockii",0,,,,,,,,urn:uuid:54bacf98-46aa-4445-bfb4-80a696aecfaf
1283692,Unknown,,Unknown,,"Ceanothus greggii",0,,,,,,,,urn:uuid:3c072ee7-443e-4e03-b2ca-e7864e0ac0ac
1294098,Unknown,,Unknown,,"Purshia ericifolia",0,,,,,,,,urn:uuid:6f4161a1-6b0b-477a-8cbd-cb664feb5f56
1378326,Unknown,,Unknown,,"Condalia warnockii",0,,,,,,,,urn:uuid:047f45c5-4a82-47bc-933d-6c78ad4afa74
1378328,Unknown,,Unknown,,"Condalia warnockii",0,,,,,,,,urn:uuid:32f90c28-16f1-47de-a162-9e5db0b23ef0
1390140,Unknown,,Unknown,,"Ceanothus greggii",0,,,,,,,,urn:uuid:84ea3adc-c5a8-4712-bd33-86c3c8420631
1390142,Unknown,,Unknown,,"Ceanothus greggii",0,,,,,,,,urn:uuid:22e040c0-cb47-40f7-8f5c-8d739d4d5dbd
1390144,Unknown,,Unknown,,"Ceanothus greggii",0,,,,,,,,urn:uuid:810e9272-86ba-49db-9371-9851b7b1961d
1390146,Unknown,,Unknown,,"Ceanothus greggii",0,,,,,,,,urn:uuid:2a1596ec-621e-4f39-be9a-72d49a19f7dd
1390211,Unknown,,Unknown,,"Condalia warnockii",0,,,,,,,,urn:uuid:99731c6c-203d-4811-9519-8a008dfe199d
