coreid,identifier,accessURI,thumbnailAccessURI,goodQualityAccessURI,rights,Owner,UsageTerms,WebStatement,caption,comments,providerManagedID,MetadataDate,associatedSpecimenReference,type,subtype,format,metadataLanguage
1197054,https://prc-symbiota.tacc.utexas.edu:443/symbiota/prc/images/_TEX/TEX00285012_lg.jpg,https://prc-symbiota.tacc.utexas.edu:443/symbiota/prc/images/_TEX/TEX00285012_lg.jpg,https://prc-symbiota.tacc.utexas.edu:443/symbiota/prc/images/_TEX/TEX00285012_tn.jpg,https://prc-symbiota.tacc.utexas.edu:443/symbiota/prc/images/_TEX/TEX00285012.jpg,,"University of Texas Herbarium (PRC-TEX)","CC0 1.0 (Public-domain)",http://creativecommons.org/publicdomain/zero/1.0/,,,urn:uuid:d429484e-c67d-4c6d-9a0e-919b97849f0d,"2015-08-26 03:26:54",https://prc-symbiota.tacc.utexas.edu:443/collections/individual/index.php?occid=1197054,StillImage,Photograph,image/jpeg,en
1197055,https://prc-symbiota.tacc.utexas.edu:443/symbiota/prc/images/_TEX/TEX00285013_lg.jpg,https://prc-symbiota.tacc.utexas.edu:443/symbiota/prc/images/_TEX/TEX00285013_lg.jpg,https://prc-symbiota.tacc.utexas.edu:443/symbiota/prc/images/_TEX/TEX00285013_tn.jpg,https://prc-symbiota.tacc.utexas.edu:443/symbiota/prc/images/_TEX/TEX00285013.jpg,,"University of Texas Herbarium (PRC-TEX)","CC0 1.0 (Public-domain)",http://creativecommons.org/publicdomain/zero/1.0/,,,urn:uuid:1c764a6c-03ba-4df8-83d3-e047ff8d7aca,"2015-08-24 12:39:48",https://prc-symbiota.tacc.utexas.edu:443/collections/individual/index.php?occid=1197055,StillImage,Photograph,image/jpeg,en
1197056,https://prc-symbiota.tacc.utexas.edu:443/symbiota/prc/images/_TEX/TEX00285014_lg.jpg,https://prc-symbiota.tacc.utexas.edu:443/symbiota/prc/images/_TEX/TEX00285014_lg.jpg,https://prc-symbiota.tacc.utexas.edu:443/symbiota/prc/images/_TEX/TEX00285014_tn.jpg,https://prc-symbiota.tacc.utexas.edu:443/symbiota/prc/images/_TEX/TEX00285014.jpg,,"University of Texas Herbarium (PRC-TEX)","CC0 1.0 (Public-domain)",http://creativecommons.org/publicdomain/zero/1.0/,,,urn:uuid:6fda3fb4-69c3-4ab9-b0bc-f0394bd1aab6,"2015-08-22 14:20:56",https://prc-symbiota.tacc.utexas.edu:443/collections/individual/index.php?occid=1197056,StillImage,Photograph,image/jpeg,en
1197057,https://prc-symbiota.tacc.utexas.edu:443/symbiota/prc/images/_TEX/TEX00285017_lg.jpg,https://prc-symbiota.tacc.utexas.edu:443/symbiota/prc/images/_TEX/TEX00285017_lg.jpg,https://prc-symbiota.tacc.utexas.edu:443/symbiota/prc/images/_TEX/TEX00285017_tn.jpg,https://prc-symbiota.tacc.utexas.edu:443/symbiota/prc/images/_TEX/TEX00285017.jpg,,"University of Texas Herbarium (PRC-TEX)","CC0 1.0 (Public-domain)",http://creativecommons.org/publicdomain/zero/1.0/,,,urn:uuid:82416243-e197-4ca2-878f-7a43104d182e,"2015-08-24 06:24:46",https://prc-symbiota.tacc.utexas.edu:443/collections/individual/index.php?occid=1197057,StillImage,Photograph,image/jpeg,en
1197058,https://prc-symbiota.tacc.utexas.edu:443/symbiota/prc/images/_TEX/TEX00285018_lg.jpg,https://prc-symbiota.tacc.utexas.edu:443/symbiota/prc/images/_TEX/TEX00285018_lg.jpg,https://prc-symbiota.tacc.utexas.edu:443/symbiota/prc/images/_TEX/TEX00285018_tn.jpg,https://prc-symbiota.tacc.utexas.edu:443/symbiota/prc/images/_TEX/TEX00285018.jpg,,"University of Texas Herbarium (PRC-TEX)","CC0 1.0 (Public-domain)",http://creativecommons.org/publicdomain/zero/1.0/,,,urn:uuid:902dbc96-57f8-4f9d-a398-abf041a23111,"2015-08-26 18:34:53",https://prc-symbiota.tacc.utexas.edu:443/collections/individual/index.php?occid=1197058,StillImage,Photograph,image/jpeg,en
1197059,https://prc-symbiota.tacc.utexas.edu:443/symbiota/prc/images/_TEX/TEX00285019_lg.jpg,https://prc-symbiota.tacc.utexas.edu:443/symbiota/prc/images/_TEX/TEX00285019_lg.jpg,https://prc-symbiota.tacc.utexas.edu:443/symbiota/prc/images/_TEX/TEX00285019_tn.jpg,https://prc-symbiota.tacc.utexas.edu:443/symbiota/prc/images/_TEX/TEX00285019.jpg,,"University of Texas Herbarium (PRC-TEX)","CC0 1.0 (Public-domain)",http://creativecommons.org/publicdomain/zero/1.0/,,,urn:uuid:e17e7335-730f-4152-a4bf-b952fba86bba,"2015-08-26 16:23:50",https://prc-symbiota.tacc.utexas.edu:443/collections/individual/index.php?occid=1197059,StillImage,Photograph,image/jpeg,en
1197060,https://prc-symbiota.tacc.utexas.edu:443/symbiota/prc/images/_TEX/TEX00285020_lg.jpg,https://prc-symbiota.tacc.utexas.edu:443/symbiota/prc/images/_TEX/TEX00285020_lg.jpg,https://prc-symbiota.tacc.utexas.edu:443/symbiota/prc/images/_TEX/TEX00285020_tn.jpg,https://prc-symbiota.tacc.utexas.edu:443/symbiota/prc/images/_TEX/TEX00285020.jpg,,"University of Texas Herbarium (PRC-TEX)","CC0 1.0 (Public-domain)",http://creativecommons.org/publicdomain/zero/1.0/,,,urn:uuid:fd428cc3-e314-415c-ae93-96a86126d5a6,"2015-08-22 13:44:38",https://prc-symbiota.tacc.utexas.edu:443/collections/individual/index.php?occid=1197060,StillImage,Photograph,image/jpeg,en
1197061,https://prc-symbiota.tacc.utexas.edu:443/symbiota/prc/images/_TEX/TEX00285021_lg.jpg,https://prc-symbiota.tacc.utexas.edu:443/symbiota/prc/images/_TEX/TEX00285021_lg.jpg,https://prc-symbiota.tacc.utexas.edu:443/symbiota/prc/images/_TEX/TEX00285021_tn.jpg,https://prc-symbiota.tacc.utexas.edu:443/symbiota/prc/images/_TEX/TEX00285021.jpg,,"University of Texas Herbarium (PRC-TEX)","CC0 1.0 (Public-domain)",http://creativecommons.org/publicdomain/zero/1.0/,,,urn:uuid:bde42d87-763c-4442-b294-ba7aca4e0a19,"2015-08-23 17:11:50",https://prc-symbiota.tacc.utexas.edu:443/collections/individual/index.php?occid=1197061,StillImage,Photograph,image/jpeg,en
1197062,https://prc-symbiota.tacc.utexas.edu:443/symbiota/prc/images/_TEX/TEX00285022_lg.jpg,https://prc-symbiota.tacc.utexas.edu:443/symbiota/prc/images/_TEX/TEX00285022_lg.jpg,https://prc-symbiota.tacc.utexas.edu:443/symbiota/prc/images/_TEX/TEX00285022_tn.jpg,https://prc-symbiota.tacc.utexas.edu:443/symbiota/prc/images/_TEX/TEX00285022.jpg,,"University of Texas Herbarium (PRC-TEX)","CC0 1.0 (Public-domain)",http://creativecommons.org/publicdomain/zero/1.0/,,,urn:uuid:d921b0b9-9fd7-454b-9c72-93bbac1d626c,"2015-08-21 14:14:42",https://prc-symbiota.tacc.utexas.edu:443/collections/individual/index.php?occid=1197062,StillImage,Photograph,image/jpeg,en
1197063,https://prc-symbiota.tacc.utexas.edu:443/symbiota/prc/images/_TEX/TEX00285023_lg.jpg,https://prc-symbiota.tacc.utexas.edu:443/symbiota/prc/images/_TEX/TEX00285023_lg.jpg,https://prc-symbiota.tacc.utexas.edu:443/symbiota/prc/images/_TEX/TEX00285023_tn.jpg,https://prc-symbiota.tacc.utexas.edu:443/symbiota/prc/images/_TEX/TEX00285023.jpg,,"University of Texas Herbarium (PRC-TEX)","CC0 1.0 (Public-domain)",http://creativecommons.org/publicdomain/zero/1.0/,,,urn:uuid:e295f717-948e-4e24-905a-bc9cb79ae3cb,"2015-08-22 14:32:32",https://prc-symbiota.tacc.utexas.edu:443/collections/individual/index.php?occid=1197063,StillImage,Photograph,image/jpeg,en
1197064,https://prc-symbiota.tacc.utexas.edu:443/symbiota/prc/images/_TEX/TEX00285024_lg.jpg,https://prc-symbiota.tacc.utexas.edu:443/symbiota/prc/images/_TEX/TEX00285024_lg.jpg,https://prc-symbiota.tacc.utexas.edu:443/symbiota/prc/images/_TEX/TEX00285024_tn.jpg,https://prc-symbiota.tacc.utexas.edu:443/symbiota/prc/images/_TEX/TEX00285024.jpg,,"University of Texas Herbarium (PRC-TEX)","CC0 1.0 (Public-domain)",http://creativecommons.org/publicdomain/zero/1.0/,,,urn:uuid:f7bb8823-b365-4c02-97d4-57618aed2d0b,"2015-08-24 12:05:12",https://prc-symbiota.tacc.utexas.edu:443/collections/individual/index.php?occid=1197064,StillImage,Photograph,image/jpeg,en
1242213,https://prc-symbiota.tacc.utexas.edu:443/symbiota/prc/images/_TEX/TEX00352558_lg.jpg,https://prc-symbiota.tacc.utexas.edu:443/symbiota/prc/images/_TEX/TEX00352558_lg.jpg,https://prc-symbiota.tacc.utexas.edu:443/symbiota/prc/images/_TEX/TEX00352558_tn.jpg,https://prc-symbiota.tacc.utexas.edu:443/symbiota/prc/images/_TEX/TEX00352558.jpg,,"University of Texas Herbarium (PRC-TEX)","CC0 1.0 (Public-domain)",http://creativecommons.org/publicdomain/zero/1.0/,,,urn:uuid:d8b1dc94-13e8-4530-8a5c-93fd097ea42d,"2015-08-21 22:55:16",https://prc-symbiota.tacc.utexas.edu:443/collections/individual/index.php?occid=1242213,StillImage,Photograph,image/jpeg,en
1242214,https://prc-symbiota.tacc.utexas.edu:443/symbiota/prc/images/_TEX/TEX00352559_lg.jpg,https://prc-symbiota.tacc.utexas.edu:443/symbiota/prc/images/_TEX/TEX00352559_lg.jpg,https://prc-symbiota.tacc.utexas.edu:443/symbiota/prc/images/_TEX/TEX00352559_tn.jpg,https://prc-symbiota.tacc.utexas.edu:443/symbiota/prc/images/_TEX/TEX00352559.jpg,,"University of Texas Herbarium (PRC-TEX)","CC0 1.0 (Public-domain)",http://creativecommons.org/publicdomain/zero/1.0/,,,urn:uuid:e70db249-b9ac-434d-8fba-28e045671d20,"2015-08-23 11:35:47",https://prc-symbiota.tacc.utexas.edu:443/collections/individual/index.php?occid=1242214,StillImage,Photograph,image/jpeg,en
1242215,https://prc-symbiota.tacc.utexas.edu:443/symbiota/prc/images/_TEX/TEX00352560_lg.jpg,https://prc-symbiota.tacc.utexas.edu:443/symbiota/prc/images/_TEX/TEX00352560_lg.jpg,https://prc-symbiota.tacc.utexas.edu:443/symbiota/prc/images/_TEX/TEX00352560_tn.jpg,https://prc-symbiota.tacc.utexas.edu:443/symbiota/prc/images/_TEX/TEX00352560.jpg,,"University of Texas Herbarium (PRC-TEX)","CC0 1.0 (Public-domain)",http://creativecommons.org/publicdomain/zero/1.0/,,,urn:uuid:1e9edb29-27d0-406e-90a6-aad9a18ad1dd,"2015-08-23 00:15:45",https://prc-symbiota.tacc.utexas.edu:443/collections/individual/index.php?occid=1242215,StillImage,Photograph,image/jpeg,en
1242216,https://prc-symbiota.tacc.utexas.edu:443/symbiota/prc/images/_TEX/TEX00352561_lg.jpg,https://prc-symbiota.tacc.utexas.edu:443/symbiota/prc/images/_TEX/TEX00352561_lg.jpg,https://prc-symbiota.tacc.utexas.edu:443/symbiota/prc/images/_TEX/TEX00352561_tn.jpg,https://prc-symbiota.tacc.utexas.edu:443/symbiota/prc/images/_TEX/TEX00352561.jpg,,"University of Texas Herbarium (PRC-TEX)","CC0 1.0 (Public-domain)",http://creativecommons.org/publicdomain/zero/1.0/,,,urn:uuid:e3284eb0-3298-4bbc-9ea9-73184462b958,"2015-08-23 09:08:52",https://prc-symbiota.tacc.utexas.edu:443/collections/individual/index.php?occid=1242216,StillImage,Photograph,image/jpeg,en
1242217,https://prc-symbiota.tacc.utexas.edu:443/symbiota/prc/images/_TEX/TEX00352567_lg.jpg,https://prc-symbiota.tacc.utexas.edu:443/symbiota/prc/images/_TEX/TEX00352567_lg.jpg,https://prc-symbiota.tacc.utexas.edu:443/symbiota/prc/images/_TEX/TEX00352567_tn.jpg,https://prc-symbiota.tacc.utexas.edu:443/symbiota/prc/images/_TEX/TEX00352567.jpg,,"University of Texas Herbarium (PRC-TEX)","CC0 1.0 (Public-domain)",http://creativecommons.org/publicdomain/zero/1.0/,,,urn:uuid:2a9d670c-9b1f-4c8b-8e77-cfa0be0214df,"2015-08-20 05:27:19",https://prc-symbiota.tacc.utexas.edu:443/collections/individual/index.php?occid=1242217,StillImage,Photograph,image/jpeg,en
1242218,https://prc-symbiota.tacc.utexas.edu:443/symbiota/prc/images/_TEX/TEX00352568_lg.jpg,https://prc-symbiota.tacc.utexas.edu:443/symbiota/prc/images/_TEX/TEX00352568_lg.jpg,https://prc-symbiota.tacc.utexas.edu:443/symbiota/prc/images/_TEX/TEX00352568_tn.jpg,https://prc-symbiota.tacc.utexas.edu:443/symbiota/prc/images/_TEX/TEX00352568.jpg,,"University of Texas Herbarium (PRC-TEX)","CC0 1.0 (Public-domain)",http://creativecommons.org/publicdomain/zero/1.0/,,,urn:uuid:919343bd-cc4c-4f33-8828-e50e5630edbb,"2015-08-25 00:31:56",https://prc-symbiota.tacc.utexas.edu:443/collections/individual/index.php?occid=1242218,StillImage,Photograph,image/jpeg,en
1242219,https://prc-symbiota.tacc.utexas.edu:443/symbiota/prc/images/_TEX/TEX00352569_lg.jpg,https://prc-symbiota.tacc.utexas.edu:443/symbiota/prc/images/_TEX/TEX00352569_lg.jpg,https://prc-symbiota.tacc.utexas.edu:443/symbiota/prc/images/_TEX/TEX00352569_tn.jpg,https://prc-symbiota.tacc.utexas.edu:443/symbiota/prc/images/_TEX/TEX00352569.jpg,,"University of Texas Herbarium (PRC-TEX)","CC0 1.0 (Public-domain)",http://creativecommons.org/publicdomain/zero/1.0/,,,urn:uuid:32396521-cf27-4cd8-8860-5b3643fff57b,"2015-08-25 14:23:20",https://prc-symbiota.tacc.utexas.edu:443/collections/individual/index.php?occid=1242219,StillImage,Photograph,image/jpeg,en
1242220,https://prc-symbiota.tacc.utexas.edu:443/symbiota/prc/images/_TEX/TEX00352570_lg.jpg,https://prc-symbiota.tacc.utexas.edu:443/symbiota/prc/images/_TEX/TEX00352570_lg.jpg,https://prc-symbiota.tacc.utexas.edu:443/symbiota/prc/images/_TEX/TEX00352570_tn.jpg,https://prc-symbiota.tacc.utexas.edu:443/symbiota/prc/images/_TEX/TEX00352570.jpg,,"University of Texas Herbarium (PRC-TEX)","CC0 1.0 (Public-domain)",http://creativecommons.org/publicdomain/zero/1.0/,,,urn:uuid:cd307d05-5009-48c8-833c-115d69d5b98a,"2015-08-24 07:39:29",https://prc-symbiota.tacc.utexas.edu:443/collections/individual/index.php?occid=1242220,StillImage,Photograph,image/jpeg,en
1242221,https://prc-symbiota.tacc.utexas.edu:443/symbiota/prc/images/_TEX/TEX00352571_lg.jpg,https://prc-symbiota.tacc.utexas.edu:443/symbiota/prc/images/_TEX/TEX00352571_lg.jpg,https://prc-symbiota.tacc.utexas.edu:443/symbiota/prc/images/_TEX/TEX00352571_tn.jpg,https://prc-symbiota.tacc.utexas.edu:443/symbiota/prc/images/_TEX/TEX00352571.jpg,,"University of Texas Herbarium (PRC-TEX)","CC0 1.0 (Public-domain)",http://creativecommons.org/publicdomain/zero/1.0/,,,urn:uuid:04ab50d6-3641-40c8-80a6-620716b06d9f,"2015-09-01 15:00:31",https://prc-symbiota.tacc.utexas.edu:443/collections/individual/index.php?occid=1242221,StillImage,Photograph,image/jpeg,en
1242222,https://prc-symbiota.tacc.utexas.edu:443/symbiota/prc/images/_TEX/TEX00352572_lg.jpg,https://prc-symbiota.tacc.utexas.edu:443/symbiota/prc/images/_TEX/TEX00352572_lg.jpg,https://prc-symbiota.tacc.utexas.edu:443/symbiota/prc/images/_TEX/TEX00352572_tn.jpg,https://prc-symbiota.tacc.utexas.edu:443/symbiota/prc/images/_TEX/TEX00352572.jpg,,"University of Texas Herbarium (PRC-TEX)","CC0 1.0 (Public-domain)",http://creativecommons.org/publicdomain/zero/1.0/,,,urn:uuid:60fd6d0c-a2ed-464a-8bd8-f5c9523eb893,"2015-08-22 11:46:41",https://prc-symbiota.tacc.utexas.edu:443/collections/individual/index.php?occid=1242222,StillImage,Photograph,image/jpeg,en
1242223,https://prc-symbiota.tacc.utexas.edu:443/symbiota/prc/images/_TEX/TEX00352573_lg.jpg,https://prc-symbiota.tacc.utexas.edu:443/symbiota/prc/images/_TEX/TEX00352573_lg.jpg,https://prc-symbiota.tacc.utexas.edu:443/symbiota/prc/images/_TEX/TEX00352573_tn.jpg,https://prc-symbiota.tacc.utexas.edu:443/symbiota/prc/images/_TEX/TEX00352573.jpg,,"University of Texas Herbarium (PRC-TEX)","CC0 1.0 (Public-domain)",http://creativecommons.org/publicdomain/zero/1.0/,,,urn:uuid:2398021c-1dc4-4f78-95fd-83e32f98199e,"2015-08-23 06:34:18",https://prc-symbiota.tacc.utexas.edu:443/collections/individual/index.php?occid=1242223,StillImage,Photograph,image/jpeg,en
1242224,https://prc-symbiota.tacc.utexas.edu:443/symbiota/prc/images/_TEX/TEX00352574_lg.jpg,https://prc-symbiota.tacc.utexas.edu:443/symbiota/prc/images/_TEX/TEX00352574_lg.jpg,https://prc-symbiota.tacc.utexas.edu:443/symbiota/prc/images/_TEX/TEX00352574_tn.jpg,https://prc-symbiota.tacc.utexas.edu:443/symbiota/prc/images/_TEX/TEX00352574.jpg,,"University of Texas Herbarium (PRC-TEX)","CC0 1.0 (Public-domain)",http://creativecommons.org/publicdomain/zero/1.0/,,,urn:uuid:497f2d4e-e3dc-40ee-b776-3fd6b7d97ffd,"2015-08-24 01:18:52",https://prc-symbiota.tacc.utexas.edu:443/collections/individual/index.php?occid=1242224,StillImage,Photograph,image/jpeg,en
1242225,https://prc-symbiota.tacc.utexas.edu:443/symbiota/prc/images/_TEX/TEX00352575_lg.jpg,https://prc-symbiota.tacc.utexas.edu:443/symbiota/prc/images/_TEX/TEX00352575_lg.jpg,https://prc-symbiota.tacc.utexas.edu:443/symbiota/prc/images/_TEX/TEX00352575_tn.jpg,https://prc-symbiota.tacc.utexas.edu:443/symbiota/prc/images/_TEX/TEX00352575.jpg,,"University of Texas Herbarium (PRC-TEX)","CC0 1.0 (Public-domain)",http://creativecommons.org/publicdomain/zero/1.0/,,,urn:uuid:54d68b0c-42dd-40f6-a919-a3e4408722c5,"2015-08-20 01:47:31",https://prc-symbiota.tacc.utexas.edu:443/collections/individual/index.php?occid=1242225,StillImage,Photograph,image/jpeg,en
1242226,https://prc-symbiota.tacc.utexas.edu:443/symbiota/prc/images/_TEX/TEX00352576_lg.jpg,https://prc-symbiota.tacc.utexas.edu:443/symbiota/prc/images/_TEX/TEX00352576_lg.jpg,https://prc-symbiota.tacc.utexas.edu:443/symbiota/prc/images/_TEX/TEX00352576_tn.jpg,https://prc-symbiota.tacc.utexas.edu:443/symbiota/prc/images/_TEX/TEX00352576.jpg,,"University of Texas Herbarium (PRC-TEX)","CC0 1.0 (Public-domain)",http://creativecommons.org/publicdomain/zero/1.0/,,,urn:uuid:b0bf20df-3096-49d1-ada9-a0708e84a827,"2015-08-26 15:21:24",https://prc-symbiota.tacc.utexas.edu:443/collections/individual/index.php?occid=1242226,StillImage,Photograph,image/jpeg,en
1242227,https://prc-symbiota.tacc.utexas.edu:443/symbiota/prc/images/_TEX/TEX00352577_lg.jpg,https://prc-symbiota.tacc.utexas.edu:443/symbiota/prc/images/_TEX/TEX00352577_lg.jpg,https://prc-symbiota.tacc.utexas.edu:443/symbiota/prc/images/_TEX/TEX00352577_tn.jpg,https://prc-symbiota.tacc.utexas.edu:443/symbiota/prc/images/_TEX/TEX00352577.jpg,,"University of Texas Herbarium (PRC-TEX)","CC0 1.0 (Public-domain)",http://creativecommons.org/publicdomain/zero/1.0/,,,urn:uuid:784e1c17-35dd-465d-86e1-bb780778749f,"2015-08-22 15:45:26",https://prc-symbiota.tacc.utexas.edu:443/collections/individual/index.php?occid=1242227,StillImage,Photograph,image/jpeg,en
1242228,https://prc-symbiota.tacc.utexas.edu:443/symbiota/prc/images/_TEX/TEX00352578_lg.jpg,https://prc-symbiota.tacc.utexas.edu:443/symbiota/prc/images/_TEX/TEX00352578_lg.jpg,https://prc-symbiota.tacc.utexas.edu:443/symbiota/prc/images/_TEX/TEX00352578_tn.jpg,https://prc-symbiota.tacc.utexas.edu:443/symbiota/prc/images/_TEX/TEX00352578.jpg,,"University of Texas Herbarium (PRC-TEX)","CC0 1.0 (Public-domain)",http://creativecommons.org/publicdomain/zero/1.0/,,,urn:uuid:a659cc38-8489-4fb1-b1b0-74809b235f24,"2015-08-22 14:32:39",https://prc-symbiota.tacc.utexas.edu:443/collections/individual/index.php?occid=1242228,StillImage,Photograph,image/jpeg,en
1242229,https://prc-symbiota.tacc.utexas.edu:443/symbiota/prc/images/_TEX/TEX00352579_lg.jpg,https://prc-symbiota.tacc.utexas.edu:443/symbiota/prc/images/_TEX/TEX00352579_lg.jpg,https://prc-symbiota.tacc.utexas.edu:443/symbiota/prc/images/_TEX/TEX00352579_tn.jpg,https://prc-symbiota.tacc.utexas.edu:443/symbiota/prc/images/_TEX/TEX00352579.jpg,,"University of Texas Herbarium (PRC-TEX)","CC0 1.0 (Public-domain)",http://creativecommons.org/publicdomain/zero/1.0/,,,urn:uuid:4a56fa21-c14e-4b52-a6fc-2cf94c7ab755,"2015-08-24 17:35:52",https://prc-symbiota.tacc.utexas.edu:443/collections/individual/index.php?occid=1242229,StillImage,Photograph,image/jpeg,en
1242230,https://prc-symbiota.tacc.utexas.edu:443/symbiota/prc/images/_TEX/TEX00352580_lg.jpg,https://prc-symbiota.tacc.utexas.edu:443/symbiota/prc/images/_TEX/TEX00352580_lg.jpg,https://prc-symbiota.tacc.utexas.edu:443/symbiota/prc/images/_TEX/TEX00352580_tn.jpg,https://prc-symbiota.tacc.utexas.edu:443/symbiota/prc/images/_TEX/TEX00352580.jpg,,"University of Texas Herbarium (PRC-TEX)","CC0 1.0 (Public-domain)",http://creativecommons.org/publicdomain/zero/1.0/,,,urn:uuid:3aaac577-1ae8-430d-bd3c-610ccc385cc6,"2015-08-21 10:24:18",https://prc-symbiota.tacc.utexas.edu:443/collections/individual/index.php?occid=1242230,StillImage,Photograph,image/jpeg,en
1242231,https://prc-symbiota.tacc.utexas.edu:443/symbiota/prc/images/_TEX/TEX00352581_lg.jpg,https://prc-symbiota.tacc.utexas.edu:443/symbiota/prc/images/_TEX/TEX00352581_lg.jpg,https://prc-symbiota.tacc.utexas.edu:443/symbiota/prc/images/_TEX/TEX00352581_tn.jpg,https://prc-symbiota.tacc.utexas.edu:443/symbiota/prc/images/_TEX/TEX00352581.jpg,,"University of Texas Herbarium (PRC-TEX)","CC0 1.0 (Public-domain)",http://creativecommons.org/publicdomain/zero/1.0/,,,urn:uuid:2901daeb-fe22-4a43-93c2-195105dc73e0,"2015-08-26 10:45:46",https://prc-symbiota.tacc.utexas.edu:443/collections/individual/index.php?occid=1242231,StillImage,Photograph,image/jpeg,en
1242232,https://prc-symbiota.tacc.utexas.edu:443/symbiota/prc/images/_TEX/TEX00352582_lg.jpg,https://prc-symbiota.tacc.utexas.edu:443/symbiota/prc/images/_TEX/TEX00352582_lg.jpg,https://prc-symbiota.tacc.utexas.edu:443/symbiota/prc/images/_TEX/TEX00352582_tn.jpg,https://prc-symbiota.tacc.utexas.edu:443/symbiota/prc/images/_TEX/TEX00352582.jpg,,"University of Texas Herbarium (PRC-TEX)","CC0 1.0 (Public-domain)",http://creativecommons.org/publicdomain/zero/1.0/,,,urn:uuid:f3c51dfc-3e20-4a41-b4ca-68c4ab830ecf,"2015-08-24 03:05:48",https://prc-symbiota.tacc.utexas.edu:443/collections/individual/index.php?occid=1242232,StillImage,Photograph,image/jpeg,en
1242233,https://prc-symbiota.tacc.utexas.edu:443/symbiota/prc/images/_TEX/TEX00352583_lg.jpg,https://prc-symbiota.tacc.utexas.edu:443/symbiota/prc/images/_TEX/TEX00352583_lg.jpg,https://prc-symbiota.tacc.utexas.edu:443/symbiota/prc/images/_TEX/TEX00352583_tn.jpg,https://prc-symbiota.tacc.utexas.edu:443/symbiota/prc/images/_TEX/TEX00352583.jpg,,"University of Texas Herbarium (PRC-TEX)","CC0 1.0 (Public-domain)",http://creativecommons.org/publicdomain/zero/1.0/,,,urn:uuid:80575582-9410-45a8-9884-d689c4079ace,"2015-08-23 20:21:16",https://prc-symbiota.tacc.utexas.edu:443/collections/individual/index.php?occid=1242233,StillImage,Photograph,image/jpeg,en
1242234,https://prc-symbiota.tacc.utexas.edu:443/symbiota/prc/images/_TEX/TEX00352584_lg.jpg,https://prc-symbiota.tacc.utexas.edu:443/symbiota/prc/images/_TEX/TEX00352584_lg.jpg,https://prc-symbiota.tacc.utexas.edu:443/symbiota/prc/images/_TEX/TEX00352584_tn.jpg,https://prc-symbiota.tacc.utexas.edu:443/symbiota/prc/images/_TEX/TEX00352584.jpg,,"University of Texas Herbarium (PRC-TEX)","CC0 1.0 (Public-domain)",http://creativecommons.org/publicdomain/zero/1.0/,,,urn:uuid:c408c6a0-9bee-4fad-8f03-1822be8f846a,"2015-08-21 19:44:31",https://prc-symbiota.tacc.utexas.edu:443/collections/individual/index.php?occid=1242234,StillImage,Photograph,image/jpeg,en
1242235,https://prc-symbiota.tacc.utexas.edu:443/symbiota/prc/images/_TEX/TEX00352585_lg.jpg,https://prc-symbiota.tacc.utexas.edu:443/symbiota/prc/images/_TEX/TEX00352585_lg.jpg,https://prc-symbiota.tacc.utexas.edu:443/symbiota/prc/images/_TEX/TEX00352585_tn.jpg,https://prc-symbiota.tacc.utexas.edu:443/symbiota/prc/images/_TEX/TEX00352585.jpg,,"University of Texas Herbarium (PRC-TEX)","CC0 1.0 (Public-domain)",http://creativecommons.org/publicdomain/zero/1.0/,,,urn:uuid:c833c140-306a-4b60-bb30-ae8b122158e3,"2015-08-22 18:06:30",https://prc-symbiota.tacc.utexas.edu:443/collections/individual/index.php?occid=1242235,StillImage,Photograph,image/jpeg,en
1242236,https://prc-symbiota.tacc.utexas.edu:443/symbiota/prc/images/_TEX/TEX00352586_lg.jpg,https://prc-symbiota.tacc.utexas.edu:443/symbiota/prc/images/_TEX/TEX00352586_lg.jpg,https://prc-symbiota.tacc.utexas.edu:443/symbiota/prc/images/_TEX/TEX00352586_tn.jpg,https://prc-symbiota.tacc.utexas.edu:443/symbiota/prc/images/_TEX/TEX00352586.jpg,,"University of Texas Herbarium (PRC-TEX)","CC0 1.0 (Public-domain)",http://creativecommons.org/publicdomain/zero/1.0/,,,urn:uuid:c0f05237-80ef-4c13-91f2-a5f2de0b3774,"2015-08-24 15:07:00",https://prc-symbiota.tacc.utexas.edu:443/collections/individual/index.php?occid=1242236,StillImage,Photograph,image/jpeg,en
1242237,https://prc-symbiota.tacc.utexas.edu:443/symbiota/prc/images/_TEX/TEX00352587_lg.jpg,https://prc-symbiota.tacc.utexas.edu:443/symbiota/prc/images/_TEX/TEX00352587_lg.jpg,https://prc-symbiota.tacc.utexas.edu:443/symbiota/prc/images/_TEX/TEX00352587_tn.jpg,https://prc-symbiota.tacc.utexas.edu:443/symbiota/prc/images/_TEX/TEX00352587.jpg,,"University of Texas Herbarium (PRC-TEX)","CC0 1.0 (Public-domain)",http://creativecommons.org/publicdomain/zero/1.0/,,,urn:uuid:d8a358bb-9657-48cb-8042-40e3271ccc27,"2015-08-24 03:20:31",https://prc-symbiota.tacc.utexas.edu:443/collections/individual/index.php?occid=1242237,StillImage,Photograph,image/jpeg,en
1242238,https://prc-symbiota.tacc.utexas.edu:443/symbiota/prc/images/_TEX/TEX00352588_lg.jpg,https://prc-symbiota.tacc.utexas.edu:443/symbiota/prc/images/_TEX/TEX00352588_lg.jpg,https://prc-symbiota.tacc.utexas.edu:443/symbiota/prc/images/_TEX/TEX00352588_tn.jpg,https://prc-symbiota.tacc.utexas.edu:443/symbiota/prc/images/_TEX/TEX00352588.jpg,,"University of Texas Herbarium (PRC-TEX)","CC0 1.0 (Public-domain)",http://creativecommons.org/publicdomain/zero/1.0/,,,urn:uuid:6f0bee32-0a6b-4b2f-8949-69163cea4897,"2015-08-26 17:11:45",https://prc-symbiota.tacc.utexas.edu:443/collections/individual/index.php?occid=1242238,StillImage,Photograph,image/jpeg,en
1242239,https://prc-symbiota.tacc.utexas.edu:443/symbiota/prc/images/_TEX/TEX00352589_lg.jpg,https://prc-symbiota.tacc.utexas.edu:443/symbiota/prc/images/_TEX/TEX00352589_lg.jpg,https://prc-symbiota.tacc.utexas.edu:443/symbiota/prc/images/_TEX/TEX00352589_tn.jpg,https://prc-symbiota.tacc.utexas.edu:443/symbiota/prc/images/_TEX/TEX00352589.jpg,,"University of Texas Herbarium (PRC-TEX)","CC0 1.0 (Public-domain)",http://creativecommons.org/publicdomain/zero/1.0/,,,urn:uuid:2db2c68d-5ba7-47c6-a3ab-58bb6f35ff36,"2015-08-25 18:35:49",https://prc-symbiota.tacc.utexas.edu:443/collections/individual/index.php?occid=1242239,StillImage,Photograph,image/jpeg,en
1242240,https://prc-symbiota.tacc.utexas.edu:443/symbiota/prc/images/_TEX/TEX00352590_lg.jpg,https://prc-symbiota.tacc.utexas.edu:443/symbiota/prc/images/_TEX/TEX00352590_lg.jpg,https://prc-symbiota.tacc.utexas.edu:443/symbiota/prc/images/_TEX/TEX00352590_tn.jpg,https://prc-symbiota.tacc.utexas.edu:443/symbiota/prc/images/_TEX/TEX00352590.jpg,,"University of Texas Herbarium (PRC-TEX)","CC0 1.0 (Public-domain)",http://creativecommons.org/publicdomain/zero/1.0/,,,urn:uuid:21fcdec7-d57f-4dad-a069-cd845e8168cf,"2015-08-26 04:40:10",https://prc-symbiota.tacc.utexas.edu:443/collections/individual/index.php?occid=1242240,StillImage,Photograph,image/jpeg,en
1242241,https://prc-symbiota.tacc.utexas.edu:443/symbiota/prc/images/_TEX/TEX00352591_lg.jpg,https://prc-symbiota.tacc.utexas.edu:443/symbiota/prc/images/_TEX/TEX00352591_lg.jpg,https://prc-symbiota.tacc.utexas.edu:443/symbiota/prc/images/_TEX/TEX00352591_tn.jpg,https://prc-symbiota.tacc.utexas.edu:443/symbiota/prc/images/_TEX/TEX00352591.jpg,,"University of Texas Herbarium (PRC-TEX)","CC0 1.0 (Public-domain)",http://creativecommons.org/publicdomain/zero/1.0/,,,urn:uuid:1e750c12-aa4b-4036-b280-4b2e52095c3e,"2015-08-25 02:17:32",https://prc-symbiota.tacc.utexas.edu:443/collections/individual/index.php?occid=1242241,StillImage,Photograph,image/jpeg,en
1242242,https://prc-symbiota.tacc.utexas.edu:443/symbiota/prc/images/_TEX/TEX00352592_lg.jpg,https://prc-symbiota.tacc.utexas.edu:443/symbiota/prc/images/_TEX/TEX00352592_lg.jpg,https://prc-symbiota.tacc.utexas.edu:443/symbiota/prc/images/_TEX/TEX00352592_tn.jpg,https://prc-symbiota.tacc.utexas.edu:443/symbiota/prc/images/_TEX/TEX00352592.jpg,,"University of Texas Herbarium (PRC-TEX)","CC0 1.0 (Public-domain)",http://creativecommons.org/publicdomain/zero/1.0/,,,urn:uuid:7dce5c92-d4c6-44aa-b6e4-cc2dccd5f432,"2015-08-20 09:14:57",https://prc-symbiota.tacc.utexas.edu:443/collections/individual/index.php?occid=1242242,StillImage,Photograph,image/jpeg,en
1242243,https://prc-symbiota.tacc.utexas.edu:443/symbiota/prc/images/_TEX/TEX00352593_lg.jpg,https://prc-symbiota.tacc.utexas.edu:443/symbiota/prc/images/_TEX/TEX00352593_lg.jpg,https://prc-symbiota.tacc.utexas.edu:443/symbiota/prc/images/_TEX/TEX00352593_tn.jpg,https://prc-symbiota.tacc.utexas.edu:443/symbiota/prc/images/_TEX/TEX00352593.jpg,,"University of Texas Herbarium (PRC-TEX)","CC0 1.0 (Public-domain)",http://creativecommons.org/publicdomain/zero/1.0/,,,urn:uuid:e347bb6e-afde-4085-b04c-eb866474ab37,"2015-08-23 00:04:31",https://prc-symbiota.tacc.utexas.edu:443/collections/individual/index.php?occid=1242243,StillImage,Photograph,image/jpeg,en
1242244,https://prc-symbiota.tacc.utexas.edu:443/symbiota/prc/images/_TEX/TEX00352594_lg.jpg,https://prc-symbiota.tacc.utexas.edu:443/symbiota/prc/images/_TEX/TEX00352594_lg.jpg,https://prc-symbiota.tacc.utexas.edu:443/symbiota/prc/images/_TEX/TEX00352594_tn.jpg,https://prc-symbiota.tacc.utexas.edu:443/symbiota/prc/images/_TEX/TEX00352594.jpg,,"University of Texas Herbarium (PRC-TEX)","CC0 1.0 (Public-domain)",http://creativecommons.org/publicdomain/zero/1.0/,,,urn:uuid:e74da879-cb64-4486-b186-c6e3058ea1b4,"2015-08-26 07:49:04",https://prc-symbiota.tacc.utexas.edu:443/collections/individual/index.php?occid=1242244,StillImage,Photograph,image/jpeg,en
1242245,https://prc-symbiota.tacc.utexas.edu:443/symbiota/prc/images/_TEX/TEX00352595_lg.jpg,https://prc-symbiota.tacc.utexas.edu:443/symbiota/prc/images/_TEX/TEX00352595_lg.jpg,https://prc-symbiota.tacc.utexas.edu:443/symbiota/prc/images/_TEX/TEX00352595_tn.jpg,https://prc-symbiota.tacc.utexas.edu:443/symbiota/prc/images/_TEX/TEX00352595.jpg,,"University of Texas Herbarium (PRC-TEX)","CC0 1.0 (Public-domain)",http://creativecommons.org/publicdomain/zero/1.0/,,,urn:uuid:53178965-9125-481e-9b52-eab43f05085a,"2015-08-24 20:09:31",https://prc-symbiota.tacc.utexas.edu:443/collections/individual/index.php?occid=1242245,StillImage,Photograph,image/jpeg,en
1242246,https://prc-symbiota.tacc.utexas.edu:443/symbiota/prc/images/_TEX/TEX00352596_lg.jpg,https://prc-symbiota.tacc.utexas.edu:443/symbiota/prc/images/_TEX/TEX00352596_lg.jpg,https://prc-symbiota.tacc.utexas.edu:443/symbiota/prc/images/_TEX/TEX00352596_tn.jpg,https://prc-symbiota.tacc.utexas.edu:443/symbiota/prc/images/_TEX/TEX00352596.jpg,,"University of Texas Herbarium (PRC-TEX)","CC0 1.0 (Public-domain)",http://creativecommons.org/publicdomain/zero/1.0/,,,urn:uuid:9f8239bc-2eca-4315-8b18-c24ca7dd300e,"2015-08-22 11:53:54",https://prc-symbiota.tacc.utexas.edu:443/collections/individual/index.php?occid=1242246,StillImage,Photograph,image/jpeg,en
1242247,https://prc-symbiota.tacc.utexas.edu:443/symbiota/prc/images/_TEX/TEX00352597_lg.jpg,https://prc-symbiota.tacc.utexas.edu:443/symbiota/prc/images/_TEX/TEX00352597_lg.jpg,https://prc-symbiota.tacc.utexas.edu:443/symbiota/prc/images/_TEX/TEX00352597_tn.jpg,https://prc-symbiota.tacc.utexas.edu:443/symbiota/prc/images/_TEX/TEX00352597.jpg,,"University of Texas Herbarium (PRC-TEX)","CC0 1.0 (Public-domain)",http://creativecommons.org/publicdomain/zero/1.0/,,,urn:uuid:15d96f88-a0d4-4672-8a8a-d70c3371d24b,"2015-08-23 05:44:38",https://prc-symbiota.tacc.utexas.edu:443/collections/individual/index.php?occid=1242247,StillImage,Photograph,image/jpeg,en
1242248,https://prc-symbiota.tacc.utexas.edu:443/symbiota/prc/images/_TEX/TEX00352598_lg.jpg,https://prc-symbiota.tacc.utexas.edu:443/symbiota/prc/images/_TEX/TEX00352598_lg.jpg,https://prc-symbiota.tacc.utexas.edu:443/symbiota/prc/images/_TEX/TEX00352598_tn.jpg,https://prc-symbiota.tacc.utexas.edu:443/symbiota/prc/images/_TEX/TEX00352598.jpg,,"University of Texas Herbarium (PRC-TEX)","CC0 1.0 (Public-domain)",http://creativecommons.org/publicdomain/zero/1.0/,,,urn:uuid:5eb6ee40-5364-4c5a-bf45-2e4858439ad4,"2015-08-23 13:38:22",https://prc-symbiota.tacc.utexas.edu:443/collections/individual/index.php?occid=1242248,StillImage,Photograph,image/jpeg,en
1242250,https://prc-symbiota.tacc.utexas.edu:443/symbiota/prc/images/_TEX/TEX00352600_lg.jpg,https://prc-symbiota.tacc.utexas.edu:443/symbiota/prc/images/_TEX/TEX00352600_lg.jpg,https://prc-symbiota.tacc.utexas.edu:443/symbiota/prc/images/_TEX/TEX00352600_tn.jpg,https://prc-symbiota.tacc.utexas.edu:443/symbiota/prc/images/_TEX/TEX00352600.jpg,,"University of Texas Herbarium (PRC-TEX)","CC0 1.0 (Public-domain)",http://creativecommons.org/publicdomain/zero/1.0/,,,urn:uuid:704a6924-1f5d-4002-9fc9-f0d68fb88763,"2015-08-23 14:10:17",https://prc-symbiota.tacc.utexas.edu:443/collections/individual/index.php?occid=1242250,StillImage,Photograph,image/jpeg,en
1242251,https://prc-symbiota.tacc.utexas.edu:443/symbiota/prc/images/_TEX/TEX00352601_lg.jpg,https://prc-symbiota.tacc.utexas.edu:443/symbiota/prc/images/_TEX/TEX00352601_lg.jpg,https://prc-symbiota.tacc.utexas.edu:443/symbiota/prc/images/_TEX/TEX00352601_tn.jpg,https://prc-symbiota.tacc.utexas.edu:443/symbiota/prc/images/_TEX/TEX00352601.jpg,,"University of Texas Herbarium (PRC-TEX)","CC0 1.0 (Public-domain)",http://creativecommons.org/publicdomain/zero/1.0/,,,urn:uuid:4392bab6-1acd-4316-ac32-61f86f9dcd52,"2015-08-19 17:01:23",https://prc-symbiota.tacc.utexas.edu:443/collections/individual/index.php?occid=1242251,StillImage,Photograph,image/jpeg,en
1242252,https://prc-symbiota.tacc.utexas.edu:443/symbiota/prc/images/_TEX/TEX00352603_lg.jpg,https://prc-symbiota.tacc.utexas.edu:443/symbiota/prc/images/_TEX/TEX00352603_lg.jpg,https://prc-symbiota.tacc.utexas.edu:443/symbiota/prc/images/_TEX/TEX00352603_tn.jpg,https://prc-symbiota.tacc.utexas.edu:443/symbiota/prc/images/_TEX/TEX00352603.jpg,,"University of Texas Herbarium (PRC-TEX)","CC0 1.0 (Public-domain)",http://creativecommons.org/publicdomain/zero/1.0/,,,urn:uuid:34f149a6-9b7a-43af-8a5f-e040d444d8b4,"2015-08-22 13:44:44",https://prc-symbiota.tacc.utexas.edu:443/collections/individual/index.php?occid=1242252,StillImage,Photograph,image/jpeg,en
1242253,https://prc-symbiota.tacc.utexas.edu:443/symbiota/prc/images/_TEX/TEX00352604_lg.jpg,https://prc-symbiota.tacc.utexas.edu:443/symbiota/prc/images/_TEX/TEX00352604_lg.jpg,https://prc-symbiota.tacc.utexas.edu:443/symbiota/prc/images/_TEX/TEX00352604_tn.jpg,https://prc-symbiota.tacc.utexas.edu:443/symbiota/prc/images/_TEX/TEX00352604.jpg,,"University of Texas Herbarium (PRC-TEX)","CC0 1.0 (Public-domain)",http://creativecommons.org/publicdomain/zero/1.0/,,,urn:uuid:83f6f303-47a8-4d8c-8bbb-7f48f278f7e2,"2015-08-24 16:21:35",https://prc-symbiota.tacc.utexas.edu:443/collections/individual/index.php?occid=1242253,StillImage,Photograph,image/jpeg,en
1242254,https://prc-symbiota.tacc.utexas.edu:443/symbiota/prc/images/_TEX/TEX00352605_lg.jpg,https://prc-symbiota.tacc.utexas.edu:443/symbiota/prc/images/_TEX/TEX00352605_lg.jpg,https://prc-symbiota.tacc.utexas.edu:443/symbiota/prc/images/_TEX/TEX00352605_tn.jpg,https://prc-symbiota.tacc.utexas.edu:443/symbiota/prc/images/_TEX/TEX00352605.jpg,,"University of Texas Herbarium (PRC-TEX)","CC0 1.0 (Public-domain)",http://creativecommons.org/publicdomain/zero/1.0/,,,urn:uuid:a299ed82-2fc9-4caa-9d99-10decc1b0591,"2015-08-26 15:21:30",https://prc-symbiota.tacc.utexas.edu:443/collections/individual/index.php?occid=1242254,StillImage,Photograph,image/jpeg,en
1242255,https://prc-symbiota.tacc.utexas.edu:443/symbiota/prc/images/_TEX/TEX00352606_lg.jpg,https://prc-symbiota.tacc.utexas.edu:443/symbiota/prc/images/_TEX/TEX00352606_lg.jpg,https://prc-symbiota.tacc.utexas.edu:443/symbiota/prc/images/_TEX/TEX00352606_tn.jpg,https://prc-symbiota.tacc.utexas.edu:443/symbiota/prc/images/_TEX/TEX00352606.jpg,,"University of Texas Herbarium (PRC-TEX)","CC0 1.0 (Public-domain)",http://creativecommons.org/publicdomain/zero/1.0/,,,urn:uuid:abd1f12f-70c4-4765-b74d-4afce5d62b95,"2015-08-21 06:31:50",https://prc-symbiota.tacc.utexas.edu:443/collections/individual/index.php?occid=1242255,StillImage,Photograph,image/jpeg,en
1242256,https://prc-symbiota.tacc.utexas.edu:443/symbiota/prc/images/_TEX/TEX00352607_lg.jpg,https://prc-symbiota.tacc.utexas.edu:443/symbiota/prc/images/_TEX/TEX00352607_lg.jpg,https://prc-symbiota.tacc.utexas.edu:443/symbiota/prc/images/_TEX/TEX00352607_tn.jpg,https://prc-symbiota.tacc.utexas.edu:443/symbiota/prc/images/_TEX/TEX00352607.jpg,,"University of Texas Herbarium (PRC-TEX)","CC0 1.0 (Public-domain)",http://creativecommons.org/publicdomain/zero/1.0/,,,urn:uuid:f4dbb503-f419-44b6-9d10-1c5cb948402a,"2015-08-26 16:23:38",https://prc-symbiota.tacc.utexas.edu:443/collections/individual/index.php?occid=1242256,StillImage,Photograph,image/jpeg,en
1242257,https://prc-symbiota.tacc.utexas.edu:443/symbiota/prc/images/_TEX/TEX00352608_lg.jpg,https://prc-symbiota.tacc.utexas.edu:443/symbiota/prc/images/_TEX/TEX00352608_lg.jpg,https://prc-symbiota.tacc.utexas.edu:443/symbiota/prc/images/_TEX/TEX00352608_tn.jpg,https://prc-symbiota.tacc.utexas.edu:443/symbiota/prc/images/_TEX/TEX00352608.jpg,,"University of Texas Herbarium (PRC-TEX)","CC0 1.0 (Public-domain)",http://creativecommons.org/publicdomain/zero/1.0/,,,urn:uuid:ca95f8a0-ca4b-4fed-9cff-4e0d68b6e9c2,"2015-08-26 15:21:36",https://prc-symbiota.tacc.utexas.edu:443/collections/individual/index.php?occid=1242257,StillImage,Photograph,image/jpeg,en
1242258,https://prc-symbiota.tacc.utexas.edu:443/symbiota/prc/images/_TEX/TEX00352609_lg.jpg,https://prc-symbiota.tacc.utexas.edu:443/symbiota/prc/images/_TEX/TEX00352609_lg.jpg,https://prc-symbiota.tacc.utexas.edu:443/symbiota/prc/images/_TEX/TEX00352609_tn.jpg,https://prc-symbiota.tacc.utexas.edu:443/symbiota/prc/images/_TEX/TEX00352609.jpg,,"University of Texas Herbarium (PRC-TEX)","CC0 1.0 (Public-domain)",http://creativecommons.org/publicdomain/zero/1.0/,,,urn:uuid:c057c236-1bf4-442e-b9cb-1f40b4ce1ef3,"2015-08-24 08:19:34",https://prc-symbiota.tacc.utexas.edu:443/collections/individual/index.php?occid=1242258,StillImage,Photograph,image/jpeg,en
1242259,https://prc-symbiota.tacc.utexas.edu:443/symbiota/prc/images/_TEX/TEX00352610_lg.jpg,https://prc-symbiota.tacc.utexas.edu:443/symbiota/prc/images/_TEX/TEX00352610_lg.jpg,https://prc-symbiota.tacc.utexas.edu:443/symbiota/prc/images/_TEX/TEX00352610_tn.jpg,https://prc-symbiota.tacc.utexas.edu:443/symbiota/prc/images/_TEX/TEX00352610.jpg,,"University of Texas Herbarium (PRC-TEX)","CC0 1.0 (Public-domain)",http://creativecommons.org/publicdomain/zero/1.0/,,,urn:uuid:5a3a9b25-7949-4e1d-a383-b7a50d97d342,"2015-08-20 09:14:46",https://prc-symbiota.tacc.utexas.edu:443/collections/individual/index.php?occid=1242259,StillImage,Photograph,image/jpeg,en
1242260,https://prc-symbiota.tacc.utexas.edu:443/symbiota/prc/images/_TEX/TEX00352611_lg.jpg,https://prc-symbiota.tacc.utexas.edu:443/symbiota/prc/images/_TEX/TEX00352611_lg.jpg,https://prc-symbiota.tacc.utexas.edu:443/symbiota/prc/images/_TEX/TEX00352611_tn.jpg,https://prc-symbiota.tacc.utexas.edu:443/symbiota/prc/images/_TEX/TEX00352611.jpg,,"University of Texas Herbarium (PRC-TEX)","CC0 1.0 (Public-domain)",http://creativecommons.org/publicdomain/zero/1.0/,,,urn:uuid:9796ac01-4fcd-4e89-a0e8-26dec4bb1660,"2015-08-23 10:20:23",https://prc-symbiota.tacc.utexas.edu:443/collections/individual/index.php?occid=1242260,StillImage,Photograph,image/jpeg,en
1242261,https://prc-symbiota.tacc.utexas.edu:443/symbiota/prc/images/_TEX/TEX00352612_lg.jpg,https://prc-symbiota.tacc.utexas.edu:443/symbiota/prc/images/_TEX/TEX00352612_lg.jpg,https://prc-symbiota.tacc.utexas.edu:443/symbiota/prc/images/_TEX/TEX00352612_tn.jpg,https://prc-symbiota.tacc.utexas.edu:443/symbiota/prc/images/_TEX/TEX00352612.jpg,,"University of Texas Herbarium (PRC-TEX)","CC0 1.0 (Public-domain)",http://creativecommons.org/publicdomain/zero/1.0/,,,urn:uuid:a229ef02-e02b-4c75-a19a-21d3f12cd6af,"2015-08-20 21:17:14",https://prc-symbiota.tacc.utexas.edu:443/collections/individual/index.php?occid=1242261,StillImage,Photograph,image/jpeg,en
1242262,https://prc-symbiota.tacc.utexas.edu:443/symbiota/prc/images/_TEX/TEX00352613_lg.jpg,https://prc-symbiota.tacc.utexas.edu:443/symbiota/prc/images/_TEX/TEX00352613_lg.jpg,https://prc-symbiota.tacc.utexas.edu:443/symbiota/prc/images/_TEX/TEX00352613_tn.jpg,https://prc-symbiota.tacc.utexas.edu:443/symbiota/prc/images/_TEX/TEX00352613.jpg,,"University of Texas Herbarium (PRC-TEX)","CC0 1.0 (Public-domain)",http://creativecommons.org/publicdomain/zero/1.0/,,,urn:uuid:c57b0866-672a-463e-b8ce-b09374e15b1d,"2015-08-23 00:15:28",https://prc-symbiota.tacc.utexas.edu:443/collections/individual/index.php?occid=1242262,StillImage,Photograph,image/jpeg,en
1242263,https://prc-symbiota.tacc.utexas.edu:443/symbiota/prc/images/_TEX/TEX00352614_lg.jpg,https://prc-symbiota.tacc.utexas.edu:443/symbiota/prc/images/_TEX/TEX00352614_lg.jpg,https://prc-symbiota.tacc.utexas.edu:443/symbiota/prc/images/_TEX/TEX00352614_tn.jpg,https://prc-symbiota.tacc.utexas.edu:443/symbiota/prc/images/_TEX/TEX00352614.jpg,,"University of Texas Herbarium (PRC-TEX)","CC0 1.0 (Public-domain)",http://creativecommons.org/publicdomain/zero/1.0/,,,urn:uuid:92c1db20-085c-472d-83a4-f5904d59f2e4,"2015-08-23 14:50:07",https://prc-symbiota.tacc.utexas.edu:443/collections/individual/index.php?occid=1242263,StillImage,Photograph,image/jpeg,en
1242264,https://prc-symbiota.tacc.utexas.edu:443/symbiota/prc/images/_TEX/TEX00352615_lg.jpg,https://prc-symbiota.tacc.utexas.edu:443/symbiota/prc/images/_TEX/TEX00352615_lg.jpg,https://prc-symbiota.tacc.utexas.edu:443/symbiota/prc/images/_TEX/TEX00352615_tn.jpg,https://prc-symbiota.tacc.utexas.edu:443/symbiota/prc/images/_TEX/TEX00352615.jpg,,"University of Texas Herbarium (PRC-TEX)","CC0 1.0 (Public-domain)",http://creativecommons.org/publicdomain/zero/1.0/,,,urn:uuid:db2e7566-fd71-459f-810a-d40a383eafe9,"2015-08-25 22:21:25",https://prc-symbiota.tacc.utexas.edu:443/collections/individual/index.php?occid=1242264,StillImage,Photograph,image/jpeg,en
1242265,https://prc-symbiota.tacc.utexas.edu:443/symbiota/prc/images/_TEX/TEX00352616_lg.jpg,https://prc-symbiota.tacc.utexas.edu:443/symbiota/prc/images/_TEX/TEX00352616_lg.jpg,https://prc-symbiota.tacc.utexas.edu:443/symbiota/prc/images/_TEX/TEX00352616_tn.jpg,https://prc-symbiota.tacc.utexas.edu:443/symbiota/prc/images/_TEX/TEX00352616.jpg,,"University of Texas Herbarium (PRC-TEX)","CC0 1.0 (Public-domain)",http://creativecommons.org/publicdomain/zero/1.0/,,,urn:uuid:2f3141b1-0ae0-4d2f-999d-426fa915d64e,"2015-08-26 08:31:39",https://prc-symbiota.tacc.utexas.edu:443/collections/individual/index.php?occid=1242265,StillImage,Photograph,image/jpeg,en
1242266,https://prc-symbiota.tacc.utexas.edu:443/symbiota/prc/images/_TEX/TEX00352617_lg.jpg,https://prc-symbiota.tacc.utexas.edu:443/symbiota/prc/images/_TEX/TEX00352617_lg.jpg,https://prc-symbiota.tacc.utexas.edu:443/symbiota/prc/images/_TEX/TEX00352617_tn.jpg,https://prc-symbiota.tacc.utexas.edu:443/symbiota/prc/images/_TEX/TEX00352617.jpg,,"University of Texas Herbarium (PRC-TEX)","CC0 1.0 (Public-domain)",http://creativecommons.org/publicdomain/zero/1.0/,,,urn:uuid:6b8c4bf2-aab0-4add-9e41-38e2be630a3b,"2015-08-19 20:10:42",https://prc-symbiota.tacc.utexas.edu:443/collections/individual/index.php?occid=1242266,StillImage,Photograph,image/jpeg,en
1242267,https://prc-symbiota.tacc.utexas.edu:443/symbiota/prc/images/_TEX/TEX00352618_lg.jpg,https://prc-symbiota.tacc.utexas.edu:443/symbiota/prc/images/_TEX/TEX00352618_lg.jpg,https://prc-symbiota.tacc.utexas.edu:443/symbiota/prc/images/_TEX/TEX00352618_tn.jpg,https://prc-symbiota.tacc.utexas.edu:443/symbiota/prc/images/_TEX/TEX00352618.jpg,,"University of Texas Herbarium (PRC-TEX)","CC0 1.0 (Public-domain)",http://creativecommons.org/publicdomain/zero/1.0/,,,urn:uuid:2a739225-adba-4cf6-9e51-b0c3edde2abd,"2015-08-26 02:53:06",https://prc-symbiota.tacc.utexas.edu:443/collections/individual/index.php?occid=1242267,StillImage,Photograph,image/jpeg,en
1242268,https://prc-symbiota.tacc.utexas.edu:443/symbiota/prc/images/_TEX/TEX00352619_lg.jpg,https://prc-symbiota.tacc.utexas.edu:443/symbiota/prc/images/_TEX/TEX00352619_lg.jpg,https://prc-symbiota.tacc.utexas.edu:443/symbiota/prc/images/_TEX/TEX00352619_tn.jpg,https://prc-symbiota.tacc.utexas.edu:443/symbiota/prc/images/_TEX/TEX00352619.jpg,,"University of Texas Herbarium (PRC-TEX)","CC0 1.0 (Public-domain)",http://creativecommons.org/publicdomain/zero/1.0/,,,urn:uuid:f9119c8c-6376-4363-b797-09ec734de210,"2015-08-25 12:20:41",https://prc-symbiota.tacc.utexas.edu:443/collections/individual/index.php?occid=1242268,StillImage,Photograph,image/jpeg,en
1242269,https://prc-symbiota.tacc.utexas.edu:443/symbiota/prc/images/_TEX/TEX00352620_lg.jpg,https://prc-symbiota.tacc.utexas.edu:443/symbiota/prc/images/_TEX/TEX00352620_lg.jpg,https://prc-symbiota.tacc.utexas.edu:443/symbiota/prc/images/_TEX/TEX00352620_tn.jpg,https://prc-symbiota.tacc.utexas.edu:443/symbiota/prc/images/_TEX/TEX00352620.jpg,,"University of Texas Herbarium (PRC-TEX)","CC0 1.0 (Public-domain)",http://creativecommons.org/publicdomain/zero/1.0/,,,urn:uuid:bf8822e4-3a66-4007-bd67-ea1588f07975,"2015-08-24 12:39:42",https://prc-symbiota.tacc.utexas.edu:443/collections/individual/index.php?occid=1242269,StillImage,Photograph,image/jpeg,en
1242270,https://prc-symbiota.tacc.utexas.edu:443/symbiota/prc/images/_TEX/TEX00352621_lg.jpg,https://prc-symbiota.tacc.utexas.edu:443/symbiota/prc/images/_TEX/TEX00352621_lg.jpg,https://prc-symbiota.tacc.utexas.edu:443/symbiota/prc/images/_TEX/TEX00352621_tn.jpg,https://prc-symbiota.tacc.utexas.edu:443/symbiota/prc/images/_TEX/TEX00352621.jpg,,"University of Texas Herbarium (PRC-TEX)","CC0 1.0 (Public-domain)",http://creativecommons.org/publicdomain/zero/1.0/,,,urn:uuid:8f07c34c-361d-457e-8dd7-54a07a443fa2,"2015-08-23 11:46:07",https://prc-symbiota.tacc.utexas.edu:443/collections/individual/index.php?occid=1242270,StillImage,Photograph,image/jpeg,en
1242271,https://prc-symbiota.tacc.utexas.edu:443/symbiota/prc/images/_TEX/TEX00352622_lg.jpg,https://prc-symbiota.tacc.utexas.edu:443/symbiota/prc/images/_TEX/TEX00352622_lg.jpg,https://prc-symbiota.tacc.utexas.edu:443/symbiota/prc/images/_TEX/TEX00352622_tn.jpg,https://prc-symbiota.tacc.utexas.edu:443/symbiota/prc/images/_TEX/TEX00352622.jpg,,"University of Texas Herbarium (PRC-TEX)","CC0 1.0 (Public-domain)",http://creativecommons.org/publicdomain/zero/1.0/,,,urn:uuid:13a35aff-8d20-45c2-905a-d1f31bb9a0bf,"2015-08-25 06:04:39",https://prc-symbiota.tacc.utexas.edu:443/collections/individual/index.php?occid=1242271,StillImage,Photograph,image/jpeg,en
1242272,https://prc-symbiota.tacc.utexas.edu:443/symbiota/prc/images/_TEX/TEX00352623_lg.jpg,https://prc-symbiota.tacc.utexas.edu:443/symbiota/prc/images/_TEX/TEX00352623_lg.jpg,https://prc-symbiota.tacc.utexas.edu:443/symbiota/prc/images/_TEX/TEX00352623_tn.jpg,https://prc-symbiota.tacc.utexas.edu:443/symbiota/prc/images/_TEX/TEX00352623.jpg,,"University of Texas Herbarium (PRC-TEX)","CC0 1.0 (Public-domain)",http://creativecommons.org/publicdomain/zero/1.0/,,,urn:uuid:740caf10-c79b-4fed-b7b2-464511972f65,"2015-08-25 10:31:21",https://prc-symbiota.tacc.utexas.edu:443/collections/individual/index.php?occid=1242272,StillImage,Photograph,image/jpeg,en
1286628,https://prc-symbiota.tacc.utexas.edu:443/symbiota/prc/images/_TEX/TEX00422579_lg.jpg,https://prc-symbiota.tacc.utexas.edu:443/symbiota/prc/images/_TEX/TEX00422579_lg.jpg,https://prc-symbiota.tacc.utexas.edu:443/symbiota/prc/images/_TEX/TEX00422579_tn.jpg,https://prc-symbiota.tacc.utexas.edu:443/symbiota/prc/images/_TEX/TEX00422579.jpg,,"University of Texas Herbarium (PRC-TEX)","CC0 1.0 (Public-domain)",http://creativecommons.org/publicdomain/zero/1.0/,,,urn:uuid:adff3137-ae92-4924-aa1d-eb3309eab40b,"2015-08-26 12:48:45",https://prc-symbiota.tacc.utexas.edu:443/collections/individual/index.php?occid=1286628,StillImage,Photograph,image/jpeg,en
1292262,https://prc-symbiota.tacc.utexas.edu:443/symbiota/prc/images/_TEX/TEX00198304_lg.jpg,https://prc-symbiota.tacc.utexas.edu:443/symbiota/prc/images/_TEX/TEX00198304_lg.jpg,https://prc-symbiota.tacc.utexas.edu:443/symbiota/prc/images/_TEX/TEX00198304_tn.jpg,https://prc-symbiota.tacc.utexas.edu:443/symbiota/prc/images/_TEX/TEX00198304.jpg,,"University of Texas Herbarium (PRC-TEX)","CC0 1.0 (Public-domain)",http://creativecommons.org/publicdomain/zero/1.0/,,,urn:uuid:fa59492f-997b-4dea-9cb7-136d45972578,"2015-08-21 22:55:50",https://prc-symbiota.tacc.utexas.edu:443/collections/individual/index.php?occid=1292262,StillImage,Photograph,image/jpeg,en
1292263,https://prc-symbiota.tacc.utexas.edu:443/symbiota/prc/images/_TEX/TEX00198305_lg.jpg,https://prc-symbiota.tacc.utexas.edu:443/symbiota/prc/images/_TEX/TEX00198305_lg.jpg,https://prc-symbiota.tacc.utexas.edu:443/symbiota/prc/images/_TEX/TEX00198305_tn.jpg,https://prc-symbiota.tacc.utexas.edu:443/symbiota/prc/images/_TEX/TEX00198305.jpg,,"University of Texas Herbarium (PRC-TEX)","CC0 1.0 (Public-domain)",http://creativecommons.org/publicdomain/zero/1.0/,,,urn:uuid:f582d94d-173d-4f2e-926c-f21b366e7bc8,"2015-08-24 16:21:47",https://prc-symbiota.tacc.utexas.edu:443/collections/individual/index.php?occid=1292263,StillImage,Photograph,image/jpeg,en
1292264,https://prc-symbiota.tacc.utexas.edu:443/symbiota/prc/images/_TEX/TEX00198306_lg.jpg,https://prc-symbiota.tacc.utexas.edu:443/symbiota/prc/images/_TEX/TEX00198306_lg.jpg,https://prc-symbiota.tacc.utexas.edu:443/symbiota/prc/images/_TEX/TEX00198306_tn.jpg,https://prc-symbiota.tacc.utexas.edu:443/symbiota/prc/images/_TEX/TEX00198306.jpg,,"University of Texas Herbarium (PRC-TEX)","CC0 1.0 (Public-domain)",http://creativecommons.org/publicdomain/zero/1.0/,,,urn:uuid:7af33eeb-2f88-4669-b3f9-3a3a4549911d,"2015-09-01 15:00:25",https://prc-symbiota.tacc.utexas.edu:443/collections/individual/index.php?occid=1292264,StillImage,Photograph,image/jpeg,en
1292265,https://prc-symbiota.tacc.utexas.edu:443/symbiota/prc/images/_TEX/TEX00198307_lg.jpg,https://prc-symbiota.tacc.utexas.edu:443/symbiota/prc/images/_TEX/TEX00198307_lg.jpg,https://prc-symbiota.tacc.utexas.edu:443/symbiota/prc/images/_TEX/TEX00198307_tn.jpg,https://prc-symbiota.tacc.utexas.edu:443/symbiota/prc/images/_TEX/TEX00198307.jpg,,"University of Texas Herbarium (PRC-TEX)","CC0 1.0 (Public-domain)",http://creativecommons.org/publicdomain/zero/1.0/,,,urn:uuid:ed9b87ff-25fe-4eb1-a4ca-56000f216e18,"2015-08-24 09:33:06",https://prc-symbiota.tacc.utexas.edu:443/collections/individual/index.php?occid=1292265,StillImage,Photograph,image/jpeg,en
1300227,https://prc-symbiota.tacc.utexas.edu:443/symbiota/prc/images/_TEX/TEX00440645_lg.jpg,https://prc-symbiota.tacc.utexas.edu:443/symbiota/prc/images/_TEX/TEX00440645_lg.jpg,https://prc-symbiota.tacc.utexas.edu:443/symbiota/prc/images/_TEX/TEX00440645_tn.jpg,https://prc-symbiota.tacc.utexas.edu:443/symbiota/prc/images/_TEX/TEX00440645.jpg,,"University of Texas Herbarium (PRC-TEX)","CC0 1.0 (Public-domain)",http://creativecommons.org/publicdomain/zero/1.0/,,,urn:uuid:9ce03a7c-3bc0-446b-bf33-130a78a2f2f4,"2015-08-24 13:50:17",https://prc-symbiota.tacc.utexas.edu:443/collections/individual/index.php?occid=1300227,StillImage,Photograph,image/jpeg,en
1313767,https://prc-symbiota.tacc.utexas.edu:443/symbiota/prc/images/_TEX/TEX00455319_lg.jpg,https://prc-symbiota.tacc.utexas.edu:443/symbiota/prc/images/_TEX/TEX00455319_lg.jpg,https://prc-symbiota.tacc.utexas.edu:443/symbiota/prc/images/_TEX/TEX00455319_tn.jpg,https://prc-symbiota.tacc.utexas.edu:443/symbiota/prc/images/_TEX/TEX00455319.jpg,,"University of Texas Herbarium (PRC-TEX)","CC0 1.0 (Public-domain)",http://creativecommons.org/publicdomain/zero/1.0/,,,urn:uuid:b195ab89-46c1-4355-93f5-1f49f244a639,"2015-08-26 01:03:42",https://prc-symbiota.tacc.utexas.edu:443/collections/individual/index.php?occid=1313767,StillImage,Photograph,image/jpeg,en
1316095,https://prc-symbiota.tacc.utexas.edu:443/symbiota/prc/images/_TEX/TEX00459024_lg.jpg,https://prc-symbiota.tacc.utexas.edu:443/symbiota/prc/images/_TEX/TEX00459024_lg.jpg,https://prc-symbiota.tacc.utexas.edu:443/symbiota/prc/images/_TEX/TEX00459024_tn.jpg,https://prc-symbiota.tacc.utexas.edu:443/symbiota/prc/images/_TEX/TEX00459024.jpg,,"University of Texas Herbarium (PRC-TEX)","CC0 1.0 (Public-domain)",http://creativecommons.org/publicdomain/zero/1.0/,,,urn:uuid:54b8a6fb-7ccc-41eb-9ed9-0fba5b6f3deb,"2015-08-25 09:17:43",https://prc-symbiota.tacc.utexas.edu:443/collections/individual/index.php?occid=1316095,StillImage,Photograph,image/jpeg,en
1377266,https://prc-symbiota.tacc.utexas.edu:443/symbiota/prc/images/_LL/LL00285010_lg.jpg,https://prc-symbiota.tacc.utexas.edu:443/symbiota/prc/images/_LL/LL00285010_lg.jpg,https://prc-symbiota.tacc.utexas.edu:443/symbiota/prc/images/_LL/LL00285010_tn.jpg,https://prc-symbiota.tacc.utexas.edu:443/symbiota/prc/images/_LL/LL00285010.jpg,,"Lundell Herbarium (PRC-LL)","CC0 1.0 (Public-domain)",http://creativecommons.org/publicdomain/zero/1.0/,,,urn:uuid:5832b2df-449b-4539-8819-81f6344e6fb9,"2015-08-29 02:47:42",https://prc-symbiota.tacc.utexas.edu:443/collections/individual/index.php?occid=1377266,StillImage,Photograph,image/jpeg,en
1377267,https://prc-symbiota.tacc.utexas.edu:443/symbiota/prc/images/_LL/LL00285011_lg.jpg,https://prc-symbiota.tacc.utexas.edu:443/symbiota/prc/images/_LL/LL00285011_lg.jpg,https://prc-symbiota.tacc.utexas.edu:443/symbiota/prc/images/_LL/LL00285011_tn.jpg,https://prc-symbiota.tacc.utexas.edu:443/symbiota/prc/images/_LL/LL00285011.jpg,,"Lundell Herbarium (PRC-LL)","CC0 1.0 (Public-domain)",http://creativecommons.org/publicdomain/zero/1.0/,,,urn:uuid:b8770ed8-fbef-480a-bb28-e9289dd9761c,"2015-08-28 21:15:28",https://prc-symbiota.tacc.utexas.edu:443/collections/individual/index.php?occid=1377267,StillImage,Photograph,image/jpeg,en
1377268,https://prc-symbiota.tacc.utexas.edu:443/symbiota/prc/images/_LL/LL00285015_lg.jpg,https://prc-symbiota.tacc.utexas.edu:443/symbiota/prc/images/_LL/LL00285015_lg.jpg,https://prc-symbiota.tacc.utexas.edu:443/symbiota/prc/images/_LL/LL00285015_tn.jpg,https://prc-symbiota.tacc.utexas.edu:443/symbiota/prc/images/_LL/LL00285015.jpg,,"Lundell Herbarium (PRC-LL)","CC0 1.0 (Public-domain)",http://creativecommons.org/publicdomain/zero/1.0/,,,urn:uuid:5ea900fb-442e-4103-a6a1-7d2011b3da03,"2015-08-27 08:22:22",https://prc-symbiota.tacc.utexas.edu:443/collections/individual/index.php?occid=1377268,StillImage,Photograph,image/jpeg,en
1377269,https://prc-symbiota.tacc.utexas.edu:443/symbiota/prc/images/_LL/LL00285016_lg.jpg,https://prc-symbiota.tacc.utexas.edu:443/symbiota/prc/images/_LL/LL00285016_lg.jpg,https://prc-symbiota.tacc.utexas.edu:443/symbiota/prc/images/_LL/LL00285016_tn.jpg,https://prc-symbiota.tacc.utexas.edu:443/symbiota/prc/images/_LL/LL00285016.jpg,,"Lundell Herbarium (PRC-LL)","CC0 1.0 (Public-domain)",http://creativecommons.org/publicdomain/zero/1.0/,,,urn:uuid:79408d2a-fbe7-4d45-a6f2-72be0470d1aa,"2015-08-27 23:32:21",https://prc-symbiota.tacc.utexas.edu:443/collections/individual/index.php?occid=1377269,StillImage,Photograph,image/jpeg,en
1377270,https://prc-symbiota.tacc.utexas.edu:443/symbiota/prc/images/_LL/LL00285025_lg.jpg,https://prc-symbiota.tacc.utexas.edu:443/symbiota/prc/images/_LL/LL00285025_lg.jpg,https://prc-symbiota.tacc.utexas.edu:443/symbiota/prc/images/_LL/LL00285025_tn.jpg,https://prc-symbiota.tacc.utexas.edu:443/symbiota/prc/images/_LL/LL00285025.jpg,,"Lundell Herbarium (PRC-LL)","CC0 1.0 (Public-domain)",http://creativecommons.org/publicdomain/zero/1.0/,,,urn:uuid:f22e0e5f-746e-412e-a704-260bc39c4b54,"2015-08-27 22:05:08",https://prc-symbiota.tacc.utexas.edu:443/collections/individual/index.php?occid=1377270,StillImage,Photograph,image/jpeg,en
1396177,https://prc-symbiota.tacc.utexas.edu:443/symbiota/prc/images/_LL/LL00352556_lg.jpg,https://prc-symbiota.tacc.utexas.edu:443/symbiota/prc/images/_LL/LL00352556_lg.jpg,https://prc-symbiota.tacc.utexas.edu:443/symbiota/prc/images/_LL/LL00352556_tn.jpg,https://prc-symbiota.tacc.utexas.edu:443/symbiota/prc/images/_LL/LL00352556.jpg,,"Lundell Herbarium (PRC-LL)","CC0 1.0 (Public-domain)",http://creativecommons.org/publicdomain/zero/1.0/,,,urn:uuid:0a0de25d-03e6-42ce-9930-5520430c3542,"2015-08-27 20:40:12",https://prc-symbiota.tacc.utexas.edu:443/collections/individual/index.php?occid=1396177,StillImage,Photograph,image/jpeg,en
1396178,https://prc-symbiota.tacc.utexas.edu:443/symbiota/prc/images/_LL/LL00352557_lg.jpg,https://prc-symbiota.tacc.utexas.edu:443/symbiota/prc/images/_LL/LL00352557_lg.jpg,https://prc-symbiota.tacc.utexas.edu:443/symbiota/prc/images/_LL/LL00352557_tn.jpg,https://prc-symbiota.tacc.utexas.edu:443/symbiota/prc/images/_LL/LL00352557.jpg,,"Lundell Herbarium (PRC-LL)","CC0 1.0 (Public-domain)",http://creativecommons.org/publicdomain/zero/1.0/,,,urn:uuid:41446737-4691-45a0-9249-4262a0929a5b,"2015-08-27 19:21:25",https://prc-symbiota.tacc.utexas.edu:443/collections/individual/index.php?occid=1396178,StillImage,Photograph,image/jpeg,en
1396179,https://prc-symbiota.tacc.utexas.edu:443/symbiota/prc/images/_LL/LL00352562_lg.jpg,https://prc-symbiota.tacc.utexas.edu:443/symbiota/prc/images/_LL/LL00352562_lg.jpg,https://prc-symbiota.tacc.utexas.edu:443/symbiota/prc/images/_LL/LL00352562_tn.jpg,https://prc-symbiota.tacc.utexas.edu:443/symbiota/prc/images/_LL/LL00352562.jpg,,"Lundell Herbarium (PRC-LL)","CC0 1.0 (Public-domain)",http://creativecommons.org/publicdomain/zero/1.0/,,,urn:uuid:f13d654b-fdc1-43f2-9505-8ae557ddf1c7,"2015-08-27 00:39:57",https://prc-symbiota.tacc.utexas.edu:443/collections/individual/index.php?occid=1396179,StillImage,Photograph,image/jpeg,en
1396180,https://prc-symbiota.tacc.utexas.edu:443/symbiota/prc/images/_LL/LL00352563_lg.jpg,https://prc-symbiota.tacc.utexas.edu:443/symbiota/prc/images/_LL/LL00352563_lg.jpg,https://prc-symbiota.tacc.utexas.edu:443/symbiota/prc/images/_LL/LL00352563_tn.jpg,https://prc-symbiota.tacc.utexas.edu:443/symbiota/prc/images/_LL/LL00352563.jpg,,"Lundell Herbarium (PRC-LL)","CC0 1.0 (Public-domain)",http://creativecommons.org/publicdomain/zero/1.0/,,,urn:uuid:679a25ef-14ea-402b-8eef-66d1eaeaebee,"2015-08-27 10:02:03",https://prc-symbiota.tacc.utexas.edu:443/collections/individual/index.php?occid=1396180,StillImage,Photograph,image/jpeg,en
1396181,https://prc-symbiota.tacc.utexas.edu:443/symbiota/prc/images/_LL/LL00352564_lg.jpg,https://prc-symbiota.tacc.utexas.edu:443/symbiota/prc/images/_LL/LL00352564_lg.jpg,https://prc-symbiota.tacc.utexas.edu:443/symbiota/prc/images/_LL/LL00352564_tn.jpg,https://prc-symbiota.tacc.utexas.edu:443/symbiota/prc/images/_LL/LL00352564.jpg,,"Lundell Herbarium (PRC-LL)","CC0 1.0 (Public-domain)",http://creativecommons.org/publicdomain/zero/1.0/,,,urn:uuid:cd0c9f54-c0ef-4d49-8b62-bd6fb418b6f2,"2015-08-29 01:05:44",https://prc-symbiota.tacc.utexas.edu:443/collections/individual/index.php?occid=1396181,StillImage,Photograph,image/jpeg,en
1396182,https://prc-symbiota.tacc.utexas.edu:443/symbiota/prc/images/_LL/LL00352565_lg.jpg,https://prc-symbiota.tacc.utexas.edu:443/symbiota/prc/images/_LL/LL00352565_lg.jpg,https://prc-symbiota.tacc.utexas.edu:443/symbiota/prc/images/_LL/LL00352565_tn.jpg,https://prc-symbiota.tacc.utexas.edu:443/symbiota/prc/images/_LL/LL00352565.jpg,,"Lundell Herbarium (PRC-LL)","CC0 1.0 (Public-domain)",http://creativecommons.org/publicdomain/zero/1.0/,,,urn:uuid:df78dbbc-9c3a-45d8-a445-567cc6ab8874,"2015-08-28 06:38:15",https://prc-symbiota.tacc.utexas.edu:443/collections/individual/index.php?occid=1396182,StillImage,Photograph,image/jpeg,en
1396183,https://prc-symbiota.tacc.utexas.edu:443/symbiota/prc/images/_LL/LL00352566_lg.jpg,https://prc-symbiota.tacc.utexas.edu:443/symbiota/prc/images/_LL/LL00352566_lg.jpg,https://prc-symbiota.tacc.utexas.edu:443/symbiota/prc/images/_LL/LL00352566_tn.jpg,https://prc-symbiota.tacc.utexas.edu:443/symbiota/prc/images/_LL/LL00352566.jpg,,"Lundell Herbarium (PRC-LL)","CC0 1.0 (Public-domain)",http://creativecommons.org/publicdomain/zero/1.0/,,,urn:uuid:52324280-881e-4c02-8761-6972215a2dbf,"2015-08-27 05:53:03",https://prc-symbiota.tacc.utexas.edu:443/collections/individual/index.php?occid=1396183,StillImage,Photograph,image/jpeg,en
1396184,https://prc-symbiota.tacc.utexas.edu:443/symbiota/prc/images/_LL/LL00352602_lg.jpg,https://prc-symbiota.tacc.utexas.edu:443/symbiota/prc/images/_LL/LL00352602_lg.jpg,https://prc-symbiota.tacc.utexas.edu:443/symbiota/prc/images/_LL/LL00352602_tn.jpg,https://prc-symbiota.tacc.utexas.edu:443/symbiota/prc/images/_LL/LL00352602.jpg,,"Lundell Herbarium (PRC-LL)","CC0 1.0 (Public-domain)",http://creativecommons.org/publicdomain/zero/1.0/,,,urn:uuid:e057873a-3ee5-4795-be50-008ec82730a2,"2015-08-27 14:21:58",https://prc-symbiota.tacc.utexas.edu:443/collections/individual/index.php?occid=1396184,StillImage,Photograph,image/jpeg,en
