id,institutionCode,collectionCode,basisOfRecord,occurrenceID,catalogNumber,otherCatalogNumbers,kingdom,phylum,class,order,family,scientificName,scientificNameAuthorship,genus,specificEpithet,taxonRank,infraspecificEpithet,identifiedBy,dateIdentified,identificationReferences,identificationRemarks,taxonRemarks,identificationQualifier,typeStatus,recordedBy,recordedByID,associatedCollectors,recordNumber,eventDate,year,month,day,startDayOfYear,endDayOfYear,verbatimEventDate,occurrenceRemarks,habitat,substrate,verbatimAttributes,fieldNumber,informationWithheld,dataGeneralizations,dynamicProperties,associatedTaxa,reproductiveCondition,establishmentMeans,cultivationStatus,lifeStage,sex,individualCount,samplingProtocol,samplingEffort,preparations,country,stateProvince,county,municipality,locality,locationRemarks,localitySecurity,localitySecurityReason,decimalLatitude,decimalLongitude,geodeticDatum,coordinateUncertaintyInMeters,footprintWKT,verbatimCoordinates,georeferencedBy,georeferenceProtocol,georeferenceSources,georeferenceVerificationStatus,georeferenceRemarks,minimumElevationInMeters,maximumElevationInMeters,minimumDepthInMeters,maximumDepthInMeters,verbatimDepth,verbatimElevation,disposition,language,recordEnteredBy,modified,sourcePrimaryKey,collId,recordId,references
1197054,PRC,TEX,PreservedSpecimen,urn:uuid:fe99dc29-cd8b-4401-834c-fe9b6de2a8a9,TEX00285012,,Plantae,Magnoliophyta,Magnoliopsida,Nepenthales,Sarraceniaceae,"Sarracenia alata",Wood,Sarracenia,alata,,,"B. L. Turner",,,,,,,"Steve L. Orzell et al.",,,7154,1988-06-07,1988,6,7,159,,,,"Sparta Sand (Eocene). Community dominated by Myrcia cerifera/ Sarracenia alata.",,,,,,,,sterile,,0,,,,,,,"United States",Texas,Robertson,,"Stream valley mucky peat seepage bog, in upper reaches of Mill Creek, upstream from Busby Hollow, ca. 1 mi S of Co Rd 333 on sand road, from a point 3.0 mi W of TX 1940, 5.5 mi N of int. OSR, Camp Creek Lake 7.5' Quad., Mill Creek Bog. Elev. 380 - 400 ft.",,0,,31.013889,-96.350833,,,,"31d 50s N; 96d 21m 3s",,"1=present on sheet",,,,,,,,,,,,,"2015-08-10 14:00:48",TEX00285012,1,urn:uuid:fe99dc29-cd8b-4401-834c-fe9b6de2a8a9,https://prc-symbiota.tacc.utexas.edu:443/collections/individual/index.php?occid=1197054
1197055,PRC,TEX,PreservedSpecimen,urn:uuid:72ea8c54-3a52-4b22-ac0f-888c6bda2a89,TEX00285013,,Plantae,Magnoliophyta,Magnoliopsida,Nepenthales,Sarraceniaceae,"Sarracenia alata",Wood,Sarracenia,alata,,,"B. L. Turner",,,,,,,"Steven L. Orzell and Edwin L. Bridges",,,6487,1988-05-03,1988,5,3,124,,,,"Queen City Sand (Eocene).",,,,,,,,flowering=early,,0,,,,,,,"United States",Texas,Leon,,"Hillside seepage bog, on S side of US 79, 2.8 mi NE of int. FM 832, 5.2 mi SW of int. FM 542 in Oakwood, Keechi 7.5' Quad., Ivey Bog. Elev. 350 - 360 ft.",,0,,31.551667,-95.923611,,,,"31d 33m 6s N; 95d 55m 25s",,"1=present on sheet",,,,,,,,,,,,,"2015-08-10 14:00:48",TEX00285013,1,urn:uuid:72ea8c54-3a52-4b22-ac0f-888c6bda2a89,https://prc-symbiota.tacc.utexas.edu:443/collections/individual/index.php?occid=1197055
1197056,PRC,TEX,PreservedSpecimen,urn:uuid:b1c15cde-3a0a-47c2-9625-4243883e9cae,TEX00285014,,Plantae,Magnoliophyta,Magnoliopsida,Nepenthales,Sarraceniaceae,"Sarracenia alata",Wood,Sarracenia,alata,,,"B. L. Turner",,,,,,,"C. W. Morden",,,504,1981-05-20,1981,5,20,140,,,,,,,,,,,,fruiting=late,,0,,,,,,,"United States",Texas,Robertson,,"Ca. 3 miles W of FM 1940 on Lempcreek Rd. S to Bog near mill and Busby Creek.",,0,,,,,,,,,,,,,,,,,,,,,,"2015-08-10 14:00:48",TEX00285014,1,urn:uuid:b1c15cde-3a0a-47c2-9625-4243883e9cae,https://prc-symbiota.tacc.utexas.edu:443/collections/individual/index.php?occid=1197056
1197057,PRC,TEX,PreservedSpecimen,urn:uuid:b900a5bf-b37a-4eb7-81b4-738fd69364dc,TEX00285017,,Plantae,Magnoliophyta,Magnoliopsida,Nepenthales,Sarraceniaceae,"Sarracenia alata",Wood,Sarracenia,alata,,,"B. L. Turner",,,,,,,"Steven L. Orzell and Edwin L. Bridges",,,17196,1991-06-29,1991,6,29,180,,,,"Sparta Sand / Weches formation (Eocene).",,,,,,,,sterile,,0,,,,,,,"United States",Texas,Smith,,"Streamhead valley seepage bog in deep sandhills, ca. 0.5 mi W of Loop 323 at point ca. 0.5 mi N of CR 1159 and 1.2 mi S of int TX 31, north of Indian Creek and NE of Bellwood Lake, on SW side of Tyler; Tyler South 7.5' Quad. Elev. 440 ft.",,0,,32.328333,-95.35,,,,"32d 19m 42s N; 95d 21m",,"1=present on sheet",,,,,,,,,,,,,"2015-08-10 14:00:48",TEX00285017,1,urn:uuid:b900a5bf-b37a-4eb7-81b4-738fd69364dc,https://prc-symbiota.tacc.utexas.edu:443/collections/individual/index.php?occid=1197057
1197058,PRC,TEX,PreservedSpecimen,urn:uuid:450ea8c4-1375-48ef-9998-b9819d3be0cb,TEX00285018,,Plantae,Magnoliophyta,Magnoliopsida,Nepenthales,Sarraceniaceae,"Sarracenia alata",Wood,Sarracenia,alata,,,"B. L. Turner",,,,,,,"Steven L. Orzell and Edwin L. Bridges",,,6589,1988-05-05,1988,5,5,126,,,,"Quaternary terrace below Queen City Sand. Soils - Pelham (Arenic Paleaquults).",,,,,,,,flowering=early,,0,,,,,,,"United States",Texas,Anderson,,"Lower slope seepage peat bog ca. 1 mi due S of FM 2961, and 0.5 mi E of main road through Engeling WMA, Cayuga 7.5' Quad., Andrews Bog, Engeling Wildlife Management Area. Elev. 270 - 290 ft.",,0,,31.976667,-95.879444,,,,"31d 58m 36s N; 95d 52m 46s",,"1=present on sheet",,,,,,,,,,,,,"2015-08-10 14:00:48",TEX00285018,1,urn:uuid:450ea8c4-1375-48ef-9998-b9819d3be0cb,https://prc-symbiota.tacc.utexas.edu:443/collections/individual/index.php?occid=1197058
1197059,PRC,TEX,PreservedSpecimen,urn:uuid:1993e4f0-9938-48ad-b736-f043fe260f9a,TEX00285019,,Plantae,Magnoliophyta,Magnoliopsida,Nepenthales,Sarraceniaceae,"Sarracenia alata",Wood,Sarracenia,alata,,,"B. L. Turner",,,,,,,"LeSueur & Smith",,,s.n.,1935-07-07,1935,7,7,188,,,,,,,,,,,,flowering=early,,0,,,,,,,"United States",Texas,Houston,,"East end Grapeland bog.",,0,,,,,,,,,,,,,,,,,,,,,,"2015-08-10 14:00:48",TEX00285019,1,urn:uuid:1993e4f0-9938-48ad-b736-f043fe260f9a,https://prc-symbiota.tacc.utexas.edu:443/collections/individual/index.php?occid=1197059
1197060,PRC,TEX,PreservedSpecimen,urn:uuid:23af3ab8-65fb-429b-8479-aac980f23b02,TEX00285020,,Plantae,Magnoliophyta,Magnoliopsida,Nepenthales,Sarraceniaceae,"Sarracenia alata",Wood,Sarracenia,alata,,,"B. L. Turner",,,,,,,"Steve L. Orzell and Edwin L. Bridges",,,5653,1987-08-12,1987,8,12,224,,,,"Catahoula Formation.",,,,,,,,fruiting=late,,0,,,,,,,"United States",Texas,Sabine,,"Lower slope hillside seepage bog, east of Fox Hunters Hill, in valley of Shingle Branch, 0.5 mi N of FS Rd 113, 0.5 mi E of TX 87, Fairmount 7.5' Quad., Shingle Branch Bog, Sabine NF. Elev. 270 ft.",,0,,31.189444,-93.720556,,,,"31d 11m 22s N; 93d 43m 14s",,"1=present on sheet",,,,,,,,,,,,,"2015-08-10 14:00:48",TEX00285020,1,urn:uuid:23af3ab8-65fb-429b-8479-aac980f23b02,https://prc-symbiota.tacc.utexas.edu:443/collections/individual/index.php?occid=1197060
1197061,PRC,TEX,PreservedSpecimen,urn:uuid:6d3732ba-719a-4ea5-8b49-2e124357ede5,TEX00285021,,Plantae,Magnoliophyta,Magnoliopsida,Nepenthales,Sarraceniaceae,"Sarracenia alata",Wood,Sarracenia,alata,,,"B. L. Turner",,,,,,,"Steve L. Orzell and Edwin L. Bridges",,,8430,1988-09-22,1988,9,22,266,,,,"Willis Formation near Fleming Formation contact. Soils Doucette (arenic Plinthic Paleudults).",,,,,,,,fruiting=late,,0,,,,,,,"United States",Texas,Polk,,"Lower slope sandy seepage area, 0.2 mi E of end of W.D. Boyce Rd, 0.5 mi S of FM 1316 at a point 3.1 mi E of int. US 190 in Livingston, on E-NE facing slope above tributary to Choates Creek, Livingston 7.5' Quad., Brough Seep. Elev. 290 - 300 ft.",,0,,30.731667,-94.894444,,,,"30d 43m 54s N; 94d 53m 40s",,"1=present on sheet",,,,,,,,,,,,,"2015-08-10 14:00:48",TEX00285021,1,urn:uuid:6d3732ba-719a-4ea5-8b49-2e124357ede5,https://prc-symbiota.tacc.utexas.edu:443/collections/individual/index.php?occid=1197061
1197062,PRC,TEX,PreservedSpecimen,urn:uuid:bd9f2e47-e997-490b-8f39-c2af5ef94205,TEX00285022,,Plantae,Magnoliophyta,Magnoliopsida,Nepenthales,Sarraceniaceae,"Sarracenia alata",Wood,Sarracenia,alata,,,"B. L. Turner",,,,,,,"Steve L. Orzell and Edwin L. Bridges",,,8177,1988-08-23,1988,8,23,236,,,,,,,,,,,,fruiting=late,,0,,,,,,,"United States",Texas,Tyler,,"Seepage swale in wetland pine savannah, ca. 0.3 mi W of US 69-287, 1.8 mi N of FM 2827, on small tributary to Black Creek, ca. 2.5 mi S of Warren, Warren 7.5' Quad. Kirby State Forest.",,0,,30.580556,-94.406667,,,,"30d 34m 50s N; 94d 24m 24s",,"1=present on sheet",,,,,,,,,,,,,"2015-08-10 14:00:48",TEX00285022,1,urn:uuid:bd9f2e47-e997-490b-8f39-c2af5ef94205,https://prc-symbiota.tacc.utexas.edu:443/collections/individual/index.php?occid=1197062
1197063,PRC,TEX,PreservedSpecimen,urn:uuid:985df4a3-6e04-4c90-a2a5-4e51a8cac9e2,TEX00285023,,Plantae,Magnoliophyta,Magnoliopsida,Nepenthales,Sarraceniaceae,"Sarracenia alata",Wood,Sarracenia,alata,,,"B. L. Turner",,,,,,,"Steve L. Orzell and Edwin L. Bridges",,,11059,1989-07-19,1989,7,19,200,,,,"Geology - Catahoula Formation (Miocene). Soils - Doucette (Arenic Plinthic Paleudults).",,,,,,,,fruiting=late,,0,,,,,,,"United States",Texas,Jasper,,"Lower slope hillside seepage bog, on N side of R255, ca. 0.2 mi W of int FS Rd 335, ca. 1.2 mi E of Ebenezer, ca. 2.4 mi E of int TX 63; Angelina NF, Ebenezer 7.5' Quad. Elev. 140 - 150 ft.",,0,,31.051389,-94.1425,,,,"31d 3m 5s N; 94d 8m 33s",,"1=present on sheet",,,,,,,,,,,,,"2015-08-10 14:00:48",TEX00285023,1,urn:uuid:985df4a3-6e04-4c90-a2a5-4e51a8cac9e2,https://prc-symbiota.tacc.utexas.edu:443/collections/individual/index.php?occid=1197063
1197064,PRC,TEX,PreservedSpecimen,urn:uuid:0f7c6098-30a8-4903-8b6f-aaa13303513f,TEX00285024,,Plantae,Magnoliophyta,Magnoliopsida,Nepenthales,Sarraceniaceae,"Sarracenia alata",Wood,Sarracenia,alata,,,"B. L. Turner",,,,,,,"Steve L. Orzell and Edwin L. Bridges",,,8162,1988-08-23,1988,8,23,236,,,,"Disturbed, grazed, former hillside seepage bog. Geology: Willis and Bentley Formations contact (Quaternary). Soils: Stringtown-Bonwier. Community dominated by Sarracenia alata-pasture grass.",,,,,,,,flowering=early,,0,,,,,,,"United States",Texas,Newton,,"On W side of TX 87, ca. 6 mi S of US 190 at Newton, 0.4 mi N of Pine Grove and 0.9 mi S of Walkers Lake, Newton West 7.5' Quad. Elev. 158 - 160 ft.",,0,,30.777778,-93.806667,,,,"30d 46m 40s N; 93d 48m 24s",,"1=present on sheet",,,,,,,,,,,,,"2015-08-10 14:00:48",TEX00285024,1,urn:uuid:0f7c6098-30a8-4903-8b6f-aaa13303513f,https://prc-symbiota.tacc.utexas.edu:443/collections/individual/index.php?occid=1197064
1242213,PRC,TEX,PreservedSpecimen,urn:uuid:117ba610-d46a-4d7a-86f2-61625636537a,TEX00352558,,Plantae,Magnoliophyta,Magnoliopsida,Nepenthales,Sarraceniaceae,"Sarracenia alata",Wood,Sarracenia,alata,,,"B. L. Turner",,,,,,,"C. A. McLeod",,,s.n.,1960-05-12,1960,5,12,133,,,,"Sphagnum bog; tight, moist hammock soils.",,,,,,,,"flowering + fruiting=mid",,0,,,,,,,"United States",Texas,Tyler,,"Near Warren.",,0,,,,,,,,,,,,,,,,,,,,,,"2015-08-10 17:28:31",TEX00352558,1,urn:uuid:117ba610-d46a-4d7a-86f2-61625636537a,https://prc-symbiota.tacc.utexas.edu:443/collections/individual/index.php?occid=1242213
1242214,PRC,TEX,PreservedSpecimen,urn:uuid:45efb37a-5c45-496e-a271-bd01f930bb7c,TEX00352559,,Plantae,Magnoliophyta,Magnoliopsida,Nepenthales,Sarraceniaceae,"Sarracenia alata",Wood,Sarracenia,alata,,,"B. L. Turner",,,,,,,"Steve L. Orzell, Edwin L. Bridges, and Phil Sheridan",,,7230,1988-06-10,1988,6,10,162,,,,"Seasonally wet swales in flatland longleaf pine savannah, geology: Bentley Formation. Introduced and naturalizing, numerous clumps, spreading.",,,,,,,,fruiting=late,,0,,,,,,,"United States",Texas,Tyler,,"W of gravel road 0.5 mile south of FR 2827, 0.5 miles west of US 69, Warren 7.5' Quad., Hickory Creek Savannah, Big Thicket National preserve. Elev. 125 - 130 ft.",,0,,30.544444,-94.416667,,,,"30d 32m 40s N; 94d 25m",,"1=present on sheet",,,,,,,,,,,,,"2015-08-10 17:28:31",TEX00352559,1,urn:uuid:45efb37a-5c45-496e-a271-bd01f930bb7c,https://prc-symbiota.tacc.utexas.edu:443/collections/individual/index.php?occid=1242214
1242215,PRC,TEX,PreservedSpecimen,urn:uuid:2393fe52-6759-48e1-a85c-dbf312d442de,TEX00352560,,Plantae,Magnoliophyta,Magnoliopsida,Nepenthales,Sarraceniaceae,"Sarracenia alata",Wood,Sarracenia,alata,,,"B. L. Turner",,,,,,,"W. R. Carr with M. Gallyoun",,,17354,1998-04-10,1998,4,10,100,,,,"Sheet 1 of 2. Locally abundant in open wetland pine savanna on Plank silt loam over Lissie Formation, nearly level ""upland"". Herbaceous associates include Aletris aurea, Anthaenatia rufa, Aristida affinis, Dichanthelium lanuginosum, Drosera brevifolia, Helenium drummondii, Hypericum fasciculatum, Hyptis alata, Lycopodium appressum, Marshallia tenuifolia, Pinguicula pumila, Rhynchospora plumosa, Schoenolirion croceum, Utricularia subulata, Viola lanceolata, Xyris spp.",,,,,,,,fruiting=late,,0,,,,,,,"United States",Texas,Tyler,,"Big Thicket National Preserve, Lance Rosier Unit. On south side of Fire Tower Road, 0.9 road miles NE of its jct. with Church House Rd., ca. 2.4 air miles SW of jct. St. Rt. 326 and FM 770 at Old Hardin. Kountze South Quadrangle. Elev. 80 ft.",,0,,30.318056,-94.373056,,,,"30d 19m 5s N; 94d 22m 23s",,"1=present on sheet",,,,,,,,,,,,,"2015-08-10 17:28:31",TEX00352560,1,urn:uuid:2393fe52-6759-48e1-a85c-dbf312d442de,https://prc-symbiota.tacc.utexas.edu:443/collections/individual/index.php?occid=1242215
1242216,PRC,TEX,PreservedSpecimen,urn:uuid:398368c6-b89c-40de-8d3a-5b11efdf3303,TEX00352561,,Plantae,Magnoliophyta,Magnoliopsida,Nepenthales,Sarraceniaceae,"Sarracenia alata",Wood,Sarracenia,alata,,,"B. L. Turner",,,,,,,"W. R. Carr with M. Gallyoun",,,17354,1998-04-10,1998,4,10,100,,,,"Sheet 2 of 2. Locally abundant in open wetland pine savanna on Plank silt loam over Lissie Formation, nearly level ""upland"". Herbaceous associates include Aletris aurea, Anthaenatia rufa, Aristida affinis, Dichanthelium lanuginosum, Drosera brevifolia, Helenium drummondii, Hypericum fasciculatum, Hyptis alata, Lycopodium appressum, Marshallia tenuifolia, Pinguicula pumila, Rhynchospora plumosa, Schoenolirion croceum, Utricularia subulata, Viola lanceolata, Xyris spp.",,,,,,,,"flowering + fruiting=mid",,0,,,,,,,"United States",Texas,Tyler,,"Big Thicket National Preserve, Lance Rosier Unit. On south side of Fire Tower Road, 0.9 road miles NE of its jct. with Church House Rd., ca. 2.4 air miles SW of jct. St. Rt. 326 and FM 770 at Old Hardin. Kountze South Quadrangle. Elev. 80 ft.",,0,,30.318056,-94.373056,,,,"30d 19m 5s N; 94d 22m 23s",,"1=present on sheet",,,,,,,,,,,,,"2015-08-10 17:28:31",TEX00352561,1,urn:uuid:398368c6-b89c-40de-8d3a-5b11efdf3303,https://prc-symbiota.tacc.utexas.edu:443/collections/individual/index.php?occid=1242216
1242217,PRC,TEX,PreservedSpecimen,urn:uuid:a220578b-cb89-400d-a6dd-2caf8089311f,TEX00352567,,Plantae,Magnoliophyta,Magnoliopsida,Nepenthales,Sarraceniaceae,"Sarracenia alata",Wood,Sarracenia,alata,,,"B. L. Turner",,,,,,,"Steve L. Orzell and Edwin L. Bridges",,,8297,1988-08-26,1988,8,26,239,,,,"Lower-slope seepage area, geology: Catahoula Formation (Miocene). Soils: included in Stringtown (Typic Hapludults). Associates include Eryngium integrifolia, Eupatorium rotundifolium, Fuirena squarrosa, Liatris pycnostachya, Mitreola sessilifolia, Myrica heterophylla, Ptilimnium costatum, Rhexia petiolata, Rhynchospora gracilenta, R. chalarocephala, Rudbeckia scabrifolia, Xyris scabrifolia, and X. ambigua.",,,,,,,,sterile,,0,,,,,,,"United States",Texas,Angelina,,"Ca. 0.3 mile west of FS Rd. 313A from FS Rd. 313, above headwaters of unnamed tributary draining south to Boykin Spring Lake, ca. 9.7 air miles SE of Zavalla, Boykin Spring 7.5' Quad, Boykin Spring Longleaf, Angelina NF. Elev. 310 - 320 ft.",,0,,31.078056,-94.273333,,,,"31d 4m 41s N; 94d 16m 24s",,"1=present on sheet",,,,,,,,,,,,,"2015-08-10 17:28:31",TEX00352567,1,urn:uuid:a220578b-cb89-400d-a6dd-2caf8089311f,https://prc-symbiota.tacc.utexas.edu:443/collections/individual/index.php?occid=1242217
1242218,PRC,TEX,PreservedSpecimen,urn:uuid:5e23e224-274e-4f53-bc45-b84ee495a42f,TEX00352568,,Plantae,Magnoliophyta,Magnoliopsida,Nepenthales,Sarraceniaceae,"Sarracenia alata",Wood,Sarracenia,alata,,,"B. L. Turner",,,,,,,"Steve L. Orzell and Edwin L. Bridges",,,8301,1988-08-26,1988,8,26,239,,,,"Mid-slope hillside seepage-bog, geology: Catahoula Formation (Miocene). Soils: included in Stringtown (Typic Hapludults). Associates include Burmannia capitata, Asclepias rubra, Drosera capillaris, Eryngium integrifolia, Eupatorium rotundifolium, Fuirena squarrosa, Liatris pycnostachya, Mitreola sessilifolia, Myrica heterophylla, Ptilimnium costatum, Rhexia petiolata, Rhynchospora gracilenta, R. glomerata, R. chalarocephala, R. plumosa, Rudbeckia scabrifolia, Sarracenia alata, Scleria reticularis, Xyris ambigua, X. scabrifolia, and X. baldwiniana.",,,,,,,,sterile,,0,,,,,,,"United States",Texas,Angelina,,"Ca. 0.8 mile west of FS Rd. 313A from FS Rd. 313, vicinity of headwaters of unnamed tributary to Boykin Spring Lake, ca. 9.7 air miles SE of Zavalla, Boykin Spring 7.5' Quad, Boykin Spring Longleaf, Angelina NF. Elev. 290 - 320 ft.",,0,,31.076944,-94.277778,,,,"31d 4m 37s N; 94d 16m 40s",,"1=present on sheet",,,,,,,,,,,,,"2015-08-10 17:28:31",TEX00352568,1,urn:uuid:5e23e224-274e-4f53-bc45-b84ee495a42f,https://prc-symbiota.tacc.utexas.edu:443/collections/individual/index.php?occid=1242218
1242219,PRC,TEX,PreservedSpecimen,urn:uuid:52f70359-547d-4039-9255-a12f06225fc2,TEX00352569,,Plantae,Magnoliophyta,Magnoliopsida,Nepenthales,Sarraceniaceae,"Sarracenia alata",Wood,Sarracenia,alata,,,"B. L. Turner",,,,,,,"Steve L. Orzell and Edwin L. Bridges",,,8311,1988-08-26,1988,8,26,239,,,,"Upper slope hillside seepage bog, geology: Catahoula Formation (Miocene). Soils: Melhomes (Humaqueptic Psammaquents). Associates include Burmannia capitata, Asclepias rubra, Drosera capillaris, Eupatorium rotundifolium, Liatris pycnostachya, Myrica heterophylla, Ptilimnium costatum, Rhexia petiolata, Rhynchospora chalarocephala, R. oligantha, Rudbeckia scabrifolia, Platanthera ciliaris, Xyris difformis var. curtissii, and X. scabrifolia.",,,,,,,,sterile,,0,,,,,,,"United States",Texas,Angelina,,"Ca. 1.6 miles south of FS Rd. 313 & TX 63, near FS Rd. 313 & FS Rd. 327, then 0.3 air mile west, on west side of trib. draining south to Boykin Spring Lake, 9.7 air miles SE of Zavalla, Boykin Spring 7.5' Quad, Boykin Spring Longleaf, Angelina NF. Elev. 250 - 270 ft.",,0,,31.073056,-94.273056,,,,"31d 4m 23s N; 94d 16m 23s",,"1=present on sheet",,,,,,,,,,,,,"2015-08-10 17:28:31",TEX00352569,1,urn:uuid:52f70359-547d-4039-9255-a12f06225fc2,https://prc-symbiota.tacc.utexas.edu:443/collections/individual/index.php?occid=1242219
1242220,PRC,TEX,PreservedSpecimen,urn:uuid:0b6269b9-7943-491f-960d-cadfbe4585df,TEX00352570,,Plantae,Magnoliophyta,Magnoliopsida,Nepenthales,Sarraceniaceae,"Sarracenia alata",Wood,Sarracenia,alata,,,"B. L. Turner",,,,,,,"Steve L. Orzell and Edwin L. Bridges",,,8319,1988-08-26,1988,8,26,239,,,,"Upper slope hillside seepage bog, geology: Catahoula Formation (Miocene). Soils: mapped as Rayburn (Vertic Hapludalfs). Associates include Burmannia capitata, Asclepias rubra, Drosera capillaris, Eupatorium rotundifolium, Liatris pycnostachya, Myrica heterophylla, Rhexia petiolata, Rhynchospora chalarocephala, R. gracilenta, R. oligantha, Rudbeckia scabrifolia, Scleria reticularis, Coreopsis linifolia, Xyris ambigua, and X. scabrifolia.",,,,,,,,sterile,,0,,,,,,,"United States",Texas,Angelina,,"Ca. 1.9 miles south on FS Rd. 313 from TX 63, then 0.2 air mile west to west-facing slope above tributary draining south to Boykin Spring Lake, 9.7 air miles SE of Zavalla, Boykin Spring 7.5' Quad, Boykin Spring Longleaf, Angelina NF. Elev. 250 - 260 ft.",,0,,31.071389,-94.273333,,,,"31d 4m 17s N; 94d 16m 24s",,"1=present on sheet",,,,,,,,,,,,,"2015-08-10 17:28:31",TEX00352570,1,urn:uuid:0b6269b9-7943-491f-960d-cadfbe4585df,https://prc-symbiota.tacc.utexas.edu:443/collections/individual/index.php?occid=1242220
1242221,PRC,TEX,PreservedSpecimen,urn:uuid:bc385b4e-77d1-4b7b-bdd1-ea6819314aab,TEX00352571,,Plantae,Magnoliophyta,Magnoliopsida,Nepenthales,Sarraceniaceae,"Sarracenia alata",Wood,Sarracenia,alata,,,"B. L. Turner",,,,,,,"Steve L. Orzell and Edwin L. Bridges",,,8327,1988-08-26,1988,8,26,239,,,,"Upper slope hillside seepage bog, geology: Catahoula Formation (Miocene). Soils: Stringtown (Typic Hapludults). Associates include Burmannia capitata, Coreopsis linifolia, Drosera capillaris, Eriocaulon decangulare, E. texense, Lycopodium appressum, Liatris pycnostachya, Magnolia virginiana, Marshallia tenuifolia, Mitreola sessilifolia, Myrica heterophylla, Rhynchospora macra, R. chalarocephala, Rudbeckia scabrifolia, Scleria reticularis, Xyris ambigua, and X. scabrifolia.",,,,,,,,flowering=early,,0,,,,,,,"United States",Texas,Angelina,,"0.4 air miles west of FS Rd 302A at a point ca. 1.3 miles south of FS Rd. 302, ca. 0.6 air mile north of Jasper Co. line, on slope north of tributary to Big Creek, ca. 10 air miles SE of Zavalla, Boykin Spring 7.5' Quad, Angelina NF. Elev. 210 - 240 ft.",,0,,31.072222,-94.295833,,,,"31d 4m 20s N; 94d 17m 45s",,"1=present on sheet",,,,,,,,,,,,,"2015-08-10 17:28:31",TEX00352571,1,urn:uuid:bc385b4e-77d1-4b7b-bdd1-ea6819314aab,https://prc-symbiota.tacc.utexas.edu:443/collections/individual/index.php?occid=1242221
1242222,PRC,TEX,PreservedSpecimen,urn:uuid:6e6c8d97-c25d-4c98-8b53-85f21aee770a,TEX00352572,,Plantae,Magnoliophyta,Magnoliopsida,Nepenthales,Sarraceniaceae,"Sarracenia alata",Wood,Sarracenia,alata,,,"B. L. Turner",,,,,,,"Steve L. Orzell and Edwin L. Bridges",,,8334,1988-09-20,1988,9,20,264,,,,"Mid-slope hillside seepage bog, geology: Catahoula Formation (Miocene). Soils: included in Stringtown (Typic Hapludults). Associates include Coreopsis linifolia, Drosera capillaris, Eriocaulon decangulare, E. texense, Lycopodium appressum, Liatris pycnostachya, Magnolia virginiana, Marshallia tenuifolia, Mitreola sessilifolia, Myrica heterophylla, Rhynchospora macra, R. oligantha, R. gracilenta, R. chalarocephala, Rudbeckia scabrifolia, Xyris ambigua, and X. scabrifolia.",,,,,,,,flowering=early,,0,,,,,,,"United States",Texas,Angelina,,"Ca. 1.1 miles south on FS Rd 302A from FS Rd. 302, then 0.3 air mile west, on SW-facing slope of tributary to Big Creek, ca. 9.5 air miles SE of Zavalla, Boykin Spring 7.5' Quad, Angelina NF. Elev. 220 - 250 ft.",,0,,31.076944,-94.295556,,,,"31d 4m 37s N; 94d 17m 44s",,"1=present on sheet",,,,,,,,,,,,,"2015-08-10 17:28:31",TEX00352572,1,urn:uuid:6e6c8d97-c25d-4c98-8b53-85f21aee770a,https://prc-symbiota.tacc.utexas.edu:443/collections/individual/index.php?occid=1242222
1242223,PRC,TEX,PreservedSpecimen,urn:uuid:7834bab1-701f-4e90-8c55-6f1130898122,TEX00352573,,Plantae,Magnoliophyta,Magnoliopsida,Nepenthales,Sarraceniaceae,"Sarracenia alata",Wood,Sarracenia,alata,,,"B. L. Turner",,,,,,,"Steve L. Orzell and Edwin L. Bridges",,,8349,1988-09-20,1988,9,20,264,,,,"Mid-slope hillside seepage bog, geology: Catahoula Formation (Miocene). Soils: included in Stringtown (Typic Hapludults). Associates include Burmannia capitata, Coreopsis linifolia, Drosera capillaris, Eriocaulon decangulare, E. texense, Liatris pycnostachya, Marshallia tenuifolia, Myrica heterophylla, Ptilimnium costatum, Polygala ramosa, Rhynchospora chalarocephala, R. gracilenta, R. macra, R. oligantha, Rudbeckia scabrifolia, Xyris ambigua, X. scabrifolia, X. drummondii, and X. baldwiniana.",,,,,,,,sterile,,0,,,,,,,"United States",Texas,Angelina,,"0.4 miles west of FS Rd 302A, ca. 1.2 mile south of FS Rd. 302, on SW-facing slope of tributary to Big Creek, ca. 9.5 air miles SE of Zavalla, Boykin Spring 7.5' Quad, Angelina NF. Elev. 200 - 220 ft.",,0,,31.075556,-94.295833,,,,"31d 4m 32s N; 94d 17m 45s",,"1=present on sheet",,,,,,,,,,,,,"2015-08-10 17:28:31",TEX00352573,1,urn:uuid:7834bab1-701f-4e90-8c55-6f1130898122,https://prc-symbiota.tacc.utexas.edu:443/collections/individual/index.php?occid=1242223
1242224,PRC,TEX,PreservedSpecimen,urn:uuid:819190ef-6caf-48c2-a8fc-fb7d31d934c5,TEX00352574,,Plantae,Magnoliophyta,Magnoliopsida,Nepenthales,Sarraceniaceae,"Sarracenia alata",Wood,Sarracenia,alata,,,"B. L. Turner",,,,,,,"Steve L. Orzell and Edwin L. Bridges",,,8355,1988-09-20,1988,9,20,264,,,,"Upper slope hillside seepage bog, geology: Catahoula Formation (Miocene). Soils: Melhomes (Humaqueptic Psammaquents). Associates include Burmannia capitata, Drosera capillaris, Eriocaulon decangulare, E. texense, Lycopodium carolinianum, Marshallia tenuifolia, Rhynchospora oligantha, R. macra, R. chalarocephala, R. gracilenta, Rudbeckia scabrifolia, and Xyris ambigua.",,,,,,,,sterile,,0,,,,,,,"United States",Texas,Angelina,,"West of FS Rd 302A, ca. 1.5 miles south of FS Rd. 302, ca. 9.5 air miles SE of Zavalla, Boykin Spring 7.5' Quad, Angelina NF. Elev. 210 - 220 ft.",,0,,31.07,-94.291667,,,,"31d 4m 12s N; 94d 17m 30s",,"1=present on sheet",,,,,,,,,,,,,"2015-08-10 17:28:31",TEX00352574,1,urn:uuid:819190ef-6caf-48c2-a8fc-fb7d31d934c5,https://prc-symbiota.tacc.utexas.edu:443/collections/individual/index.php?occid=1242224
1242225,PRC,TEX,PreservedSpecimen,urn:uuid:ba30a375-ae82-4135-a10d-0bd2b993448c,TEX00352575,,Plantae,Magnoliophyta,Magnoliopsida,Nepenthales,Sarraceniaceae,"Sarracenia alata",Wood,Sarracenia,alata,,,"B. L. Turner",,,,,,,"Steve L. Orzell and Edwin L. Bridges",,,10587,1989-06-13,1989,6,13,164,,,,"High hillside seepage bog, geology: Catahoula Formation (Miocene). Soils: Melhomes (Humaqueptic Psammaquents).",,,,,,,,fruiting=late,,0,,,,,,,"United States",Texas,Angelina,,"Ca. 1.1 air miles SSE of jct. FS Rd. 313 & TX 63, near dead end of FS Rd. 324A, 0.2 mile south of pipeline, 0.3 mile north of Jasper Co. line, ca. 12 miles SE of Zavalla, Boykin Spring 7.5' Quad, Angelina NF. Elev. 280 ft.",,0,,31.077778,-94.2575,,,,"31d 4m 40s N; 94d 15m 27s",,"1=present on sheet",,,,,,,,,,,,,"2015-08-10 17:28:31",TEX00352575,1,urn:uuid:ba30a375-ae82-4135-a10d-0bd2b993448c,https://prc-symbiota.tacc.utexas.edu:443/collections/individual/index.php?occid=1242225
1242226,PRC,TEX,PreservedSpecimen,urn:uuid:5a87744b-b42d-4a36-b614-01e53397a401,TEX00352576,,Plantae,Magnoliophyta,Magnoliopsida,Nepenthales,Sarraceniaceae,"Sarracenia alata",Wood,Sarracenia,alata,,,"B. L. Turner",,,,,,,"Steve L. Orzell and Edwin L. Bridges",,,10613,1989-06-13,1989,6,13,164,,,,"Upper-slope seepage area, geology: Catahoula Formation (Miocene). Soils: inclusions in Stringtown (Typic Hapludults).",,,,,,,,sterile,,0,,,,,,,"United States",Texas,Angelina,,"SE of FS Rd. 313A, 1.2 miles west of jct. FS Rd. 313, on upper slopes of tributary draining south to Boykin Spring Recreation Area, ca. 9.7 air miles SE of Zavalla, Boykin Spring Longleaf, Boykin Spring 7.5' Quad, Angelina NF. Elev. 250 - 270 ft.",,0,,31.071111,-94.279444,,,,"31d 4m 16s N; 94d 16m 46s",,"1=present on sheet",,,,,,,,,,,,,"2015-08-10 17:28:31",TEX00352576,1,urn:uuid:5a87744b-b42d-4a36-b614-01e53397a401,https://prc-symbiota.tacc.utexas.edu:443/collections/individual/index.php?occid=1242226
1242227,PRC,TEX,PreservedSpecimen,urn:uuid:16725d27-ee4b-403d-ba55-704101f35ddf,TEX00352577,,Plantae,Magnoliophyta,Magnoliopsida,Nepenthales,Sarraceniaceae,"Sarracenia alata",Wood,Sarracenia,alata,,,"B. L. Turner",,,,,,,"Steve L. Orzell, Edwin L. Bridges and Phil Sheridan",,,7215,1988-06-09,1988,6,9,161,,,,"Mid-slope seepage herb bog, geology: Catahoula Formation (Miocene).",,,,,,,,sterile,,0,,,,,,,"United States",Texas,Angelina,,"SW of FS Rd. 313 & 313A, N of Boykin Spring Lake and Recreation Area, Boykin Spring Bog, Boykin Spring 7.5' Quad, Angelina NF. Elev. 270 ft.",,0,,31.07,-94.277778,,,,"31d 4m 12s N; 94d 16m 40s",,"1=present on sheet",,,,,,,,,,,,,"2015-08-10 17:28:31",TEX00352577,1,urn:uuid:16725d27-ee4b-403d-ba55-704101f35ddf,https://prc-symbiota.tacc.utexas.edu:443/collections/individual/index.php?occid=1242227
1242228,PRC,TEX,PreservedSpecimen,urn:uuid:aa53e08e-f68f-4d52-a7ea-90b2faa54acf,TEX00352578,,Plantae,Magnoliophyta,Magnoliopsida,Nepenthales,Sarraceniaceae,"Sarracenia alata",Wood,Sarracenia,alata,,,"B. L. Turner",,,,,,,"J. A. & D. A. Mears",,,977,1966-09-17,1966,9,17,260,,,,"Common in drainage on a sandy slope, with Berlandiera, Rhamnus.",,,,,,,,fruiting=late,,0,,,,,,,"United States",Texas,Angelina,,"On the north side of the Bouton Lake Rd. 5.2 miles east of TX 69 intersection, in Angelina Park.",,0,,,,,,,,,,,,,,,,,,,,,,"2015-08-10 17:28:31",TEX00352578,1,urn:uuid:aa53e08e-f68f-4d52-a7ea-90b2faa54acf,https://prc-symbiota.tacc.utexas.edu:443/collections/individual/index.php?occid=1242228
1242229,PRC,TEX,PreservedSpecimen,urn:uuid:65ec7d4a-0e5c-472b-9cd3-f6d8a2c5a663,TEX00352579,,Plantae,Magnoliophyta,Magnoliopsida,Nepenthales,Sarraceniaceae,"Sarracenia alata",Wood,Sarracenia,alata,,,"B. L. Turner",,,,,,,"F. W. Gould & C. Leinweber",,,6521,1952-09-19,1952,9,19,263,,,,"In sphagnum bog on hillside in pine forest.",,,,,,,,sterile,,0,,,,,,,"United States",Texas,Angelina,,"Near Boykin Spring Camp, Angelina national Forest.",,0,,,,,,,,,,,,,,,,,,,,,,"2015-08-10 17:28:31",TEX00352579,1,urn:uuid:65ec7d4a-0e5c-472b-9cd3-f6d8a2c5a663,https://prc-symbiota.tacc.utexas.edu:443/collections/individual/index.php?occid=1242229
1242230,PRC,TEX,PreservedSpecimen,urn:uuid:c0ac26d0-7a78-4ed0-a462-35a898bfdae4,TEX00352580,,Plantae,Magnoliophyta,Magnoliopsida,Nepenthales,Sarraceniaceae,"Sarracenia alata",Wood,Sarracenia,alata,,,"B. L. Turner",,,,,,,"J. Singhurst, Kay Fleming, Ricky Maxey and Jeff Sparks",,,6940,1998-09-18,1998,9,18,261,,,,"Hillside bog.",,,,,,,,sterile,,0,,,,,,,"United States",Texas,Henderson,,"0.9 miles east of jct. of St. Rt. 753 and Hwy. 59 on St. Rt. 753, south on Rome Church Road to Rome Church and Cemetery 0.2 miles. At south gate between church and cemetery 175 m SSE to hillside bog.",,0,,,,,,,,,,,,,,,,,,,,,,"2015-08-10 17:28:31",TEX00352580,1,urn:uuid:c0ac26d0-7a78-4ed0-a462-35a898bfdae4,https://prc-symbiota.tacc.utexas.edu:443/collections/individual/index.php?occid=1242230
1242231,PRC,TEX,PreservedSpecimen,urn:uuid:f4d874b8-e7a1-44fc-a0f4-d36ca37c1ae3,TEX00352581,,Plantae,Magnoliophyta,Magnoliopsida,Nepenthales,Sarraceniaceae,"Sarracenia alata",Wood,Sarracenia,alata,,,"B. L. Turner",,,,,,,"School #7",,,5732,1929-00-00,1929,0,0,,,1929,,,,,,,,,,flowering=early,,0,,,,,,,"United States",Texas,Henderson,,"Henderson, Rusk Co.",,0,,,,,,,,,,,,,,,,,,,,,,"2015-08-10 17:28:31",TEX00352581,1,urn:uuid:f4d874b8-e7a1-44fc-a0f4-d36ca37c1ae3,https://prc-symbiota.tacc.utexas.edu:443/collections/individual/index.php?occid=1242231
1242232,PRC,TEX,PreservedSpecimen,urn:uuid:da44b1c3-ae1a-4f91-aa91-dde9cbb01171,TEX00352582,,Plantae,Magnoliophyta,Magnoliopsida,Nepenthales,Sarraceniaceae,"Sarracenia alata",Wood,Sarracenia,alata,,,"B. L. Turner",,,,,,,"Steve L. Orzell and Edwin L. Bridges",,,6554,1988-05-04,1988,5,4,125,,,,"Hillside seepage shrub bog with mucky peat substrate, geology: Queen City Sand (Eocene). Soils: Pickton (Grossarenic Paleudalfs). Community dominated by Myrica cerifera mixed cyperoids/Sarracenia alata.",,,,,,,,flowering=early,,0,,,,,,,"United States",Texas,Henderson,,"On west side of small tributary to S of Slaughter Lakes, ca. 0.1 mile south of power line r-o-w on private property of Koon Creek Hunting Club, Coon Creek Lake 7.5' Quad., Slaughter Lakes Bog. Elev. 370 ft.",,0,,32.090833,-95.864167,,,,"32d 5m 27s N; 95d 51m 51s",,"1=present on sheet",,,,,,,,,,,,,"2015-08-10 17:28:31",TEX00352582,1,urn:uuid:da44b1c3-ae1a-4f91-aa91-dde9cbb01171,https://prc-symbiota.tacc.utexas.edu:443/collections/individual/index.php?occid=1242232
1242233,PRC,TEX,PreservedSpecimen,urn:uuid:2aea8e7e-49e0-44d9-ab79-34a116e9f44e,TEX00352583,,Plantae,Magnoliophyta,Magnoliopsida,Nepenthales,Sarraceniaceae,"Sarracenia alata",Wood,Sarracenia,alata,,,"B. L. Turner",,,,,,,"[not given]",,,s.n.,1929-05-01,1929,5,1,121,,,,"[Collector listed as ""Sent in.""].",,,,,,,,fruiting=late,,0,,,,,,,"United States",Texas,Smith,,Tyler.,,0,,,,,,,,,,,,,,,,,,,,,,"2015-08-10 17:28:31",TEX00352583,1,urn:uuid:2aea8e7e-49e0-44d9-ab79-34a116e9f44e,https://prc-symbiota.tacc.utexas.edu:443/collections/individual/index.php?occid=1242233
1242234,PRC,TEX,PreservedSpecimen,urn:uuid:4aa03072-2163-499f-92a5-67aa46f122a7,TEX00352584,,Plantae,Magnoliophyta,Magnoliopsida,Nepenthales,Sarraceniaceae,"Sarracenia alata",Wood,Sarracenia,alata,,,"B. L. Turner",,,,,,,"Steve L. Orzell and Edwin L. Bridges",,,6596,1988-05-05,1988,5,5,126,,,,"Overgrown hillside seepage bog, geology: Queen City Sand (Eocene). Soils: Pelham (Arenic Paleaquults).",,,,,,,,flowering=early,,0,,,,,,,"United States",Texas,Anderson,,"Ca. 1.1 miles due west of TX 19 at a point 4.4 miles north of Montalba, along Siren Creek (trib. of Beaver Creek), Blackfoot 7.5' Quad., Siren Creek Bog, Camp Bette Perot. Elev. 390 - 410 ft.",,0,,,,,,,,,,,,,,,,,,,,,,"2015-08-10 17:28:31",TEX00352584,1,urn:uuid:4aa03072-2163-499f-92a5-67aa46f122a7,https://prc-symbiota.tacc.utexas.edu:443/collections/individual/index.php?occid=1242234
1242235,PRC,TEX,PreservedSpecimen,urn:uuid:66495004-0095-4a7f-9c6c-8e34e0fe1651,TEX00352585,,Plantae,Magnoliophyta,Magnoliopsida,Nepenthales,Sarraceniaceae,"Sarracenia alata",Wood,Sarracenia,alata,,,"B. L. Turner",,,,,,,"E. G. Marsh, Jr.",,,54-2,1954-04-14,1954,4,14,104,,,,,,,,,,,,flowering=early,,0,,,,,,,"United States",Texas,Anderson,,"Engeling Area.",,0,,,,,,,,,,,,,,,,,,,,,,"2015-08-10 17:28:31",TEX00352585,1,urn:uuid:66495004-0095-4a7f-9c6c-8e34e0fe1651,https://prc-symbiota.tacc.utexas.edu:443/collections/individual/index.php?occid=1242235
1242236,PRC,TEX,PreservedSpecimen,urn:uuid:06fd34f1-c9e1-4c1e-99b6-4618719e92e5,TEX00352586,,Plantae,Magnoliophyta,Magnoliopsida,Nepenthales,Sarraceniaceae,"Sarracenia alata",Wood,Sarracenia,alata,,,"B. L. Turner",,,,,,,"Edwin L. Bridges and Kelly Kindscher",,,13714,1990-05-21,1990,5,21,141,,,,"Small stream valley seepage bog, geology: Queen City Sand (Eocene). Soils: Pelham (Arenic Paleaquults).",,,,,,,,fruiting=late,,0,,,,,,,"United States",Texas,Anderson,,"Along Gibson Branch, ca. 0.4 miles south of FM 2961 and 0.2 mile west of main road through Engeling WMA; Lake #2 Bog, Engeling WMA, Cayuga 7.5' Quad. Elev. 310 ft.",,0,,,,,,,,,,,,,,,,,,,,,,"2015-08-10 17:28:31",TEX00352586,1,urn:uuid:06fd34f1-c9e1-4c1e-99b6-4618719e92e5,https://prc-symbiota.tacc.utexas.edu:443/collections/individual/index.php?occid=1242236
1242237,PRC,TEX,PreservedSpecimen,urn:uuid:19f26085-2c54-409d-9064-2f4f70f60c67,TEX00352587,,Plantae,Magnoliophyta,Magnoliopsida,Nepenthales,Sarraceniaceae,"Sarracenia alata",Wood,Sarracenia,alata,,,"B. L. Turner",,,,,,,"Tharp & Graham",,,57-5,1957-06-07,1957,6,7,158,,,,,,,,,,,,fruiting=late,,0,,,,,,,"United States",Texas,Anderson,,"Engeling Wild Life Area.",,0,,,,,,,,,,,,,,,,,,,,,,"2015-08-10 17:28:31",TEX00352587,1,urn:uuid:19f26085-2c54-409d-9064-2f4f70f60c67,https://prc-symbiota.tacc.utexas.edu:443/collections/individual/index.php?occid=1242237
1242238,PRC,TEX,PreservedSpecimen,urn:uuid:56d9173b-9944-4a66-ad50-bcefbeeca4f4,TEX00352588,,Plantae,Magnoliophyta,Magnoliopsida,Nepenthales,Sarraceniaceae,"Sarracenia alata",Wood,Sarracenia,alata,,,"B. L. Turner",,,,,,,"E. G. Marsh, Jr.",,,100,1951-00-00,1951,0,0,,,1951,,,,,,,,,,fruiting=late,,0,,,,,,,"United States",Texas,Anderson,,"Gus Engeling Wildlife Management Area, 6 miles NW Tennessee Colony.",,0,,,,,,,,,,,,,,,,,,,,,,"2015-08-10 17:28:31",TEX00352588,1,urn:uuid:56d9173b-9944-4a66-ad50-bcefbeeca4f4,https://prc-symbiota.tacc.utexas.edu:443/collections/individual/index.php?occid=1242238
1242239,PRC,TEX,PreservedSpecimen,urn:uuid:4cddb017-4085-48f8-a96a-db83e4423e8e,TEX00352589,,Plantae,Magnoliophyta,Magnoliopsida,Nepenthales,Sarraceniaceae,"Sarracenia alata",Wood,Sarracenia,alata,,,"B. L. Turner",,,,,,,"Fred A. Barkley",,,13652,1943-08-05,1943,8,5,217,,,,Bog.,,,,,,,,"flowering + fruiting=mid",,0,,,,,,,"United States",Texas,Robertson,,"Robertson County.",,0,,,,,,,,,,,,,,,,,,,,,,"2015-08-10 17:28:31",TEX00352589,1,urn:uuid:4cddb017-4085-48f8-a96a-db83e4423e8e,https://prc-symbiota.tacc.utexas.edu:443/collections/individual/index.php?occid=1242239
1242240,PRC,TEX,PreservedSpecimen,urn:uuid:9f1b1080-26b7-4a15-b6b7-989d1d1633e4,TEX00352590,,Plantae,Magnoliophyta,Magnoliopsida,Nepenthales,Sarraceniaceae,"Sarracenia alata",Wood,Sarracenia,alata,,,"B. L. Turner",,,,,,,"B. C. Tharp, J. J. Brady & Fred A. Barkley",,,13725,1943-10-30,1943,10,30,303,,,,Bog.,,,,,,,,sterile,,0,,,,,,,"United States",Texas,Robertson,,"Near Newbaden.",,0,,,,,,,,,,,,,,,,,,,,,,"2015-08-10 17:28:31",TEX00352590,1,urn:uuid:9f1b1080-26b7-4a15-b6b7-989d1d1633e4,https://prc-symbiota.tacc.utexas.edu:443/collections/individual/index.php?occid=1242240
1242241,PRC,TEX,PreservedSpecimen,urn:uuid:73cf6d38-3545-4967-aa93-fe222656ec2e,TEX00352591,,Plantae,Magnoliophyta,Magnoliopsida,Nepenthales,Sarraceniaceae,"Sarracenia alata",Wood,Sarracenia,alata,,,"B. L. Turner",,,,,,,"Fred A. Barkley",,,13006,1943-06-16,1943,6,16,167,,,,Bog.,,,,,,,,fruiting=late,,0,,,,,,,"United States",Texas,Robertson,,"Near Newbaden.",,0,,,,,,,,,,,,,,,,,,,,,,"2015-08-10 17:28:31",TEX00352591,1,urn:uuid:73cf6d38-3545-4967-aa93-fe222656ec2e,https://prc-symbiota.tacc.utexas.edu:443/collections/individual/index.php?occid=1242241
1242242,PRC,TEX,PreservedSpecimen,urn:uuid:852abe2d-1d5c-4475-97b9-3ab8d5d91eda,TEX00352592,,Plantae,Magnoliophyta,Magnoliopsida,Nepenthales,Sarraceniaceae,"Sarracenia alata",Wood,Sarracenia,alata,,,"B. L. Turner",,,,,,,"O. K. Bailey & Fred A. Barkley",,,17T124,1947-04-26,1947,4,26,116,,,,"In peat of Sphagnum bog.",,,,,,,,flowering=early,,0,,,,,,,"United States",Texas,Robertson,,"About 7 miles southeast of New Baden.",,0,,,,,,,,,,,,,,,,,,,,,,"2015-08-10 17:28:31",TEX00352592,1,urn:uuid:852abe2d-1d5c-4475-97b9-3ab8d5d91eda,https://prc-symbiota.tacc.utexas.edu:443/collections/individual/index.php?occid=1242242
1242243,PRC,TEX,PreservedSpecimen,urn:uuid:67178357-7663-4102-8136-31aa5b3bea0d,TEX00352593,,Plantae,Magnoliophyta,Magnoliopsida,Nepenthales,Sarraceniaceae,"Sarracenia alata",Wood,Sarracenia,alata,,,"B. L. Turner",,,,,,,"Frank B. Stroud",,,S-131,1954-05-06,1954,5,6,126,,,,"Growing in a Sphagnum bog, extremely wet-partial sunlight. Associated with various aquatics. In bog.",,,,,,,,fruiting=late,,0,,,,,,,"United States",Texas,Robertson,,"Near New Baden.",,0,,,,,,,,,,,,,,,,,,,,,,"2015-08-10 17:28:31",TEX00352593,1,urn:uuid:67178357-7663-4102-8136-31aa5b3bea0d,https://prc-symbiota.tacc.utexas.edu:443/collections/individual/index.php?occid=1242243
1242244,PRC,TEX,PreservedSpecimen,urn:uuid:f33fe0cb-5ac3-45cb-b9b6-c4f8f7faf935,TEX00352594,,Plantae,Magnoliophyta,Magnoliopsida,Nepenthales,Sarraceniaceae,"Sarracenia alata",Wood,Sarracenia,alata,,,"B. L. Turner",,,,,,,"R. Irving & J. Mears",,,(JM)1448,1967-04-07,1967,4,7,97,,,,"With Utricularia, Saururus.",,,,,,,,flowering=early,,0,,,,,,,"United States",Texas,Robertson,,"In Southworth Bog on Smith farm about 0.8 miles north of Meadows Grocery which is about 7.8 miles ESE of New Baden.",,0,,,,,,,,,,,,,,,,,,,,,,"2015-08-10 17:28:31",TEX00352594,1,urn:uuid:f33fe0cb-5ac3-45cb-b9b6-c4f8f7faf935,https://prc-symbiota.tacc.utexas.edu:443/collections/individual/index.php?occid=1242244
1242245,PRC,TEX,PreservedSpecimen,urn:uuid:c61ee758-907b-4d73-9454-a43604d2c644,TEX00352595,,Plantae,Magnoliophyta,Magnoliopsida,Nepenthales,Sarraceniaceae,"Sarracenia alata",Wood,Sarracenia,alata,,,"B. L. Turner",,,,,,,"B. M. Waddle",,,300,1952-05-07,1952,5,7,128,,,,"In peat bog surrounded by hardwood and tupelo gum woodland, sundew, Carex, Juncus and pipewort abundant.",,,,,,,,flowering=early,,0,,,,,,,"United States",Texas,Robertson,,"18 miles south of New Baden.",,0,,,,,,,,,,,,,,,,,,,,,,"2015-08-10 17:28:31",TEX00352595,1,urn:uuid:c61ee758-907b-4d73-9454-a43604d2c644,https://prc-symbiota.tacc.utexas.edu:443/collections/individual/index.php?occid=1242245
1242246,PRC,TEX,PreservedSpecimen,urn:uuid:7614ae34-16bb-466b-897b-efb8c403b09f,TEX00352596,,Plantae,Magnoliophyta,Magnoliopsida,Nepenthales,Sarraceniaceae,"Sarracenia alata",Wood,Sarracenia,alata,,,"B. L. Turner",,,,,,,"Steve L. Orzell and Edwin L. Bridges",,,17227,1991-06-29,1991,6,29,180,,,,"Stream valley seepage bog in shallow drainage through sandhill woodland, geology: Queen City Sand (Eocene).",,,,,,,,sterile,,0,,,,,,,"United States",Texas,Freestone,,"Ca. 0.9 miles SE of poor county rd., ca. 3 miles NE from int. with county rd. from FR 1848 to FR 2628 (at Concord), at a point ca. 4 miles north of Buffalo and 5.5 miles south of Lanely, Lanely 7.5' Quad. Elev. 320 - 390 ft.",,0,,31.529722,-96.0125,,,,"31d 31m 47s N; 96d 45s",,"1=present on sheet",,,,,,,,,,,,,"2015-08-10 17:28:31",TEX00352596,1,urn:uuid:7614ae34-16bb-466b-897b-efb8c403b09f,https://prc-symbiota.tacc.utexas.edu:443/collections/individual/index.php?occid=1242246
1242247,PRC,TEX,PreservedSpecimen,urn:uuid:1bb1f9e0-c5fa-4134-b4a7-ef53b698e7b4,TEX00352597,,Plantae,Magnoliophyta,Magnoliopsida,Nepenthales,Sarraceniaceae,"Sarracenia alata",Wood,Sarracenia,alata,,,"B. L. Turner",,,,,,,"Frank W. Gould",,,10439,1963-04-25,1963,4,25,115,,,,"In small bog at base of gentle slope in open pasture, associated with Eriocaulon and Utricularia.",,,,,,,,"flowering + fruiting=mid",,0,,,,,,,"United States",Texas,Leon,,"6 miles northeast of Buffalo.",,0,,,,,,,,,,,,,,,,,,,,,,"2015-08-10 17:28:31",TEX00352597,1,urn:uuid:1bb1f9e0-c5fa-4134-b4a7-ef53b698e7b4,https://prc-symbiota.tacc.utexas.edu:443/collections/individual/index.php?occid=1242247
1242248,PRC,TEX,PreservedSpecimen,urn:uuid:fd745e28-df88-450b-ab67-b4bebfb9a981,TEX00352598,,Plantae,Magnoliophyta,Magnoliopsida,Nepenthales,Sarraceniaceae,"Sarracenia alata",Wood,Sarracenia,alata,,,"B. L. Turner",,,,,,,"Fred A. Barkley",,,13633,1943-08-01,1943,8,1,213,,,,Bog.,,,,,,,,fruiting=late,,0,,,,,,,"United States",Texas,Leon,,"Keechi Creek and Keechi.",,0,,,,,,,,,,,,,,,,,,,,,,"2015-08-10 17:28:31",TEX00352598,1,urn:uuid:fd745e28-df88-450b-ab67-b4bebfb9a981,https://prc-symbiota.tacc.utexas.edu:443/collections/individual/index.php?occid=1242248
1242249,PRC,TEX,PreservedSpecimen,urn:uuid:5f54d4fd-d1ad-42b8-bc2b-465d852691ab,TEX00352599,,Plantae,Magnoliophyta,Magnoliopsida,Nepenthales,Sarraceniaceae,"Sarracenia alata",Wood,Sarracenia,alata,,,"B. L. Turner",,,,,,,"Steve L. Orzell and Edwin L. Bridges",,,6478,1988-05-02,1988,5,2,123,,,,"Shallow muck peat bog in large flat depression, geology: Sparta Sand (Eocene). Community dominated by Rhynchospora oligantha-Eleocharis sp.-Sarracenia alata.",,,,,,,,flowering=early,,0,,,,,,,"United States",Texas,Leon,,"Ca. 0.4 miles NW of Cherokee Lake (in Hilltop Lakes Resort), and 0.3 miles SW of headwaters of Hines Branch, ca. 1.4 miles NE of FM 3, Hilltop Lakes 7.5' Quad. Elev. 425 ft.",,0,,31.083333,-96.198611,,,,"31d 5m N; 96d 11m 55s",,"1=present on sheet",,,,,,,,,,,,,"2015-08-10 17:28:31",TEX00352599,1,urn:uuid:5f54d4fd-d1ad-42b8-bc2b-465d852691ab,https://prc-symbiota.tacc.utexas.edu:443/collections/individual/index.php?occid=1242249
1242250,PRC,TEX,PreservedSpecimen,urn:uuid:132dc2be-de86-4292-ad96-f018649b4569,TEX00352600,,Plantae,Magnoliophyta,Magnoliopsida,Nepenthales,Sarraceniaceae,"Sarracenia alata",Wood,Sarracenia,alata,,,"B. L. Turner",,,,,,,"Steve L. Orzell and Edwin L. Bridges",,,10316,1989-06-05,1989,6,5,156,,,,"Stream head seepage bog, geology: Sparta Sand/Weches Formation contact (Eocene).",,,,,,,,fruiting=late,,0,,,,,,,"United States",Texas,Leon,,"Just west of power line r-o-w, ca. 1.1 air miles west of Margie, ca. 2.9 air miles SE of jct. TX 7 and FM 1147, ca. 2.6 air miles SW of jct. TX 39 and TX 7 at Robbins, Margie 7.5' Quad. Elev. 540 - 550 ft.",,0,,31.225,-96.148611,,,,"31d 13m 30s N; 96d 8m 55s",,"1=present on sheet",,,,,,,,,,,,,"2015-08-10 17:28:31",TEX00352600,1,urn:uuid:132dc2be-de86-4292-ad96-f018649b4569,https://prc-symbiota.tacc.utexas.edu:443/collections/individual/index.php?occid=1242250
1242251,PRC,TEX,PreservedSpecimen,urn:uuid:0edfd872-fd9c-4204-b6a7-a9993b9634a6,TEX00352601,,Plantae,Magnoliophyta,Magnoliopsida,Nepenthales,Sarraceniaceae,"Sarracenia alata",Wood,Sarracenia,alata,,,"B. L. Turner",,,,,,,"Steve L. Orzell, Edwin L. Bridges and Phil Sheridan",,,7148,1988-06-07,1988,6,7,159,,,,"Shallow muck peat bog in large flat depression, geology: Sparta Sand (Eocene). Community dominated by Rhynchospora oligantha-Eleocharis sp.-Sarracenia alata. Many plants with reddish pitchers.",,,,,,,,fruiting=late,,0,,,,,,,"United States",Texas,Leon,,"Ca. 0.4 miles NW of Cherokee Lake (in Hilltop Lakes Resort), and 0.3 mile SW of headwaters of Hines Branch, ca. 1.4 miles NE of FM 3, Hilltop Lakes 7.5' Quad., Hilltop Lakes Resort. Elev. 425 ft.",,0,,31.083333,-96.198611,,,,"31d 5m N; 96d 11m 55s",,"1=present on sheet",,,,,,,,,,,,,"2015-08-10 17:28:31",TEX00352601,1,urn:uuid:0edfd872-fd9c-4204-b6a7-a9993b9634a6,https://prc-symbiota.tacc.utexas.edu:443/collections/individual/index.php?occid=1242251
1242252,PRC,TEX,PreservedSpecimen,urn:uuid:92215ff8-e5d4-4602-a5eb-ec862d634aea,TEX00352603,,Plantae,Magnoliophyta,Magnoliopsida,Nepenthales,Sarraceniaceae,"Sarracenia alata",Wood,Sarracenia,alata,,,"B. L. Turner",,,,,,,"Steve L. Orzell and Edwin L. Bridges",,,8239,1988-08-25,1988,8,25,238,,,,"Hillside seepage bog, mostly shrub invaded, geology: near Willis and Catahoula Formations contact. Soils: Tehran-Letney (Grossarenic Paleudults). Associates include: Asclepias rubra, Cynoctonum sessilifolium, Eriocaulon decangulare, Liatris pycnostachya, Magnolia virginiana, Myrica heterophylla, Persea palustris, Ptilimnium costatum, Acer rubrum, Rhexia mariana, R. petiolata, Rhynchospora chalarocephala, R. gracilenta, R. oligantha, Rudbeckia scabrifolia, Scleria reticularis, Xyris scabrifolia, X. ambigua, and X. baldwiniana.",,,,,,,,sterile,,0,,,,,,,"United States",Texas,Newton,,"Ca. 0.4 mile SE of TX 87 at a point 0.3 mile south of Sabine Co. line, on north side of tributary north of Mill Creek and just east of pipeline r-o-w, Fairmount 7.5' Quad. Elev. 370 - 380 ft.",,0,,31.157222,-93.729167,,,,"31d 9m 26s N; 93d 43m 45s",,"1=present on sheet",,,,,,,,,,,,,"2015-08-10 17:28:31",TEX00352603,1,urn:uuid:92215ff8-e5d4-4602-a5eb-ec862d634aea,https://prc-symbiota.tacc.utexas.edu:443/collections/individual/index.php?occid=1242252
1242253,PRC,TEX,PreservedSpecimen,urn:uuid:344bed74-b827-464c-96ca-1303699652b5,TEX00352604,,Plantae,Magnoliophyta,Magnoliopsida,Nepenthales,Sarraceniaceae,"Sarracenia alata",Wood,Sarracenia,alata,,,"B. L. Turner",,,,,,,"Steve L. Orzell and Edwin L. Bridges",,,8254,1988-08-25,1988,8,25,238,,,,"Acid seep forest and high hillside seepage bog, geology: near Willis and Catahoula Formations contact. Soils: Tehran-Letney (Grossarenic Paleudults). Associates include: Aletris aurea, Cynoctonum sessilifolium, Drosera capillaris, Eriocaulon decangulare, Magnolia virginiana, Myrica heterophylla, Persea palustris, Acer rubrum, Rhexia petiolata, Rhynchospora chalarocephala, R. gracilenta, R. oligantha, R. plumosa, Rudbeckia scabrifolia, Scleria reticularis, Xyris scabrifolia, X. ambigua, X. difformis var. curtissii, and X. baldwiniana.",,,,,,,,fruiting=late,,0,,,,,,,"United States",Texas,Newton,,"Ca. 2 miles E of TX 87 at a point 0.3 mile south of Sabine Co. line, on west side of valley of tributary north of Mill Creek, Fairmount 7.5' Quad. Elev. 330 - 350 ft.",,0,,31.163056,-93.700833,,,,"31d 9m 47s N; 93d 42m 3s",,"1=present on sheet",,,,,,,,,,,,,"2015-08-10 17:28:31",TEX00352604,1,urn:uuid:344bed74-b827-464c-96ca-1303699652b5,https://prc-symbiota.tacc.utexas.edu:443/collections/individual/index.php?occid=1242253
1242254,PRC,TEX,PreservedSpecimen,urn:uuid:cc619462-8107-4a1c-8fd6-c049978a0b0c,TEX00352605,,Plantae,Magnoliophyta,Magnoliopsida,Nepenthales,Sarraceniaceae,"Sarracenia alata",Wood,Sarracenia,alata,,,"B. L. Turner",,,,,,,"Steve L. Orzell, Edwin L. Bridges and Phil Sheridan",,,7233,1988-06-10,1988,6,10,162,,,,"Extensive high hillside seepage bog, frequently burned, geology: Catahoula Formation (Miocene).",,,,,,,,sterile,,0,,,,,,,"United States",Texas,Newton,,"Along SW-facing slope above tributary to Wet Hurricane Creek, Hurricane Creek 7.5' Quad., Scrappin' Valley. Elev. 300 - 350 ft.",,0,,31.1375,-93.801944,,,,"31d 8m 15s N; 93d 48m 7s",,"1=present on sheet",,,,,,,,,,,,,"2015-08-10 17:28:31",TEX00352605,1,urn:uuid:cc619462-8107-4a1c-8fd6-c049978a0b0c,https://prc-symbiota.tacc.utexas.edu:443/collections/individual/index.php?occid=1242254
1242255,PRC,TEX,PreservedSpecimen,urn:uuid:fcff300b-1a50-406d-91ca-f7de4d21eacf,TEX00352606,,Plantae,Magnoliophyta,Magnoliopsida,Nepenthales,Sarraceniaceae,"Sarracenia alata",Wood,Sarracenia,alata,,,"B. L. Turner",,,,,,,"Steve L. Orzell, Edwin L. Bridges and Phil Sheridan",,,7236,1988-06-10,1988,6,10,162,,,,"Extensive mid to upper slope hillside seepage bog, geology: Catahoula Formation (Miocene).",,,,,,,,sterile,,0,,,,,,,"United States",Texas,Newton,,"In upper reaches of tributary to Wet Hurricane Creek, Hurricane Creek 7.5' Quad., Scrappin' Valley. Elev. 320 - 350 ft.",,0,,31.143056,-93.796111,,,,"31d 8m 35s N; 93d 47m 46s",,"1=present on sheet",,,,,,,,,,,,,"2015-08-10 17:28:31",TEX00352606,1,urn:uuid:fcff300b-1a50-406d-91ca-f7de4d21eacf,https://prc-symbiota.tacc.utexas.edu:443/collections/individual/index.php?occid=1242255
1242256,PRC,TEX,PreservedSpecimen,urn:uuid:3dcefdc3-26ec-4260-8895-9e1e77438947,TEX00352607,,Plantae,Magnoliophyta,Magnoliopsida,Nepenthales,Sarraceniaceae,"Sarracenia alata",Wood,Sarracenia,alata,,,"B. L. Turner",,,,,,,"B. C. Tharp",,,s.n.,1939-07-23,1939,7,23,204,,,,,,,,,,,,fruiting=late,,0,,,,,,,"United States",Texas,Newton,,"Newton County.",,0,,,,,,,,,,,,,,,,,,,,,,"2015-08-10 17:28:31",TEX00352607,1,urn:uuid:3dcefdc3-26ec-4260-8895-9e1e77438947,https://prc-symbiota.tacc.utexas.edu:443/collections/individual/index.php?occid=1242256
1242257,PRC,TEX,PreservedSpecimen,urn:uuid:1521ca98-d494-412f-bc1a-41b7afecc354,TEX00352608,,Plantae,Magnoliophyta,Magnoliopsida,Nepenthales,Sarraceniaceae,"Sarracenia alata",Wood,Sarracenia,alata,,,"B. L. Turner",,,,,,,"Steve L. Orzell and Edwin L. Bridges",,,8163,1988-08-23,1988,8,23,236,,,,"Small roadside seepage bog and baygall, geology: Willis Formation (Pleistocene). Prominent areoles on one specimen.",,,,,,,,sterile,,0,,,,,,,"United States",Texas,Jasper,,"On west side of US 96, 1.2 miles south of R255, Harrisburg 7.5' Quad., Brookeland Bogs. Elev. 370 ft.",,0,,31.0375,-93.979722,,,,"31d 2m 15s N; 93d 58m 47s",,"1=present on sheet",,,,,,,,,,,,,"2015-08-10 17:28:31",TEX00352608,1,urn:uuid:1521ca98-d494-412f-bc1a-41b7afecc354,https://prc-symbiota.tacc.utexas.edu:443/collections/individual/index.php?occid=1242257
1242258,PRC,TEX,PreservedSpecimen,urn:uuid:2c04a8d2-dcc1-44b2-ad44-a7c03433f75d,TEX00352609,,Plantae,Magnoliophyta,Magnoliopsida,Nepenthales,Sarraceniaceae,"Sarracenia alata",Wood,Sarracenia,alata,,,"B. L. Turner",,,,,,,"Steve L. Orzell and Edwin L. Bridges",,,8275,1988-08-26,1988,8,26,239,,,,"Upper slope hillside seepage bog, geology: Catahoula Formation (Miocene). Soils: included in Stringtown (Typic Hapludults). Associates include: Drosera capillaris, Eriocaulon texense, Eryngium integrifolium, Liatris pycnostachya, Marshallia tenuifolia, Polygala ramosa, Ptilimnium costatum, Rhynchospora oligantha, R. chalarocephala, R. macra, Scleria reticularis, Platanthera integra, Xyris drummondii, X. scabrifolia, X. difformis var. curtissii, and X. baldwiniana.",,,,,,,,flowering=early,,0,,,,,,,"United States",Texas,Jasper,,"Ca. 1.4 miles on FS Rd. 313A from FS Rd. 313, ESE of FS Rd. 313A, on sloes above unnamed tributary draining south to Boykin Spring Lake, ca. 9.7 air miles SE of Zavalla, Boykin Spring 7.5' Quad, Boykin Spring Longleaf, Angelina NF. Elev. 230 - 250 ft.",,0,,31.069167,-94.280278,,,,"31d 4m 9s N; 94d 16m 49s",,"1=present on sheet",,,,,,,,,,,,,"2015-08-10 17:28:31",TEX00352609,1,urn:uuid:2c04a8d2-dcc1-44b2-ad44-a7c03433f75d,https://prc-symbiota.tacc.utexas.edu:443/collections/individual/index.php?occid=1242258
1242259,PRC,TEX,PreservedSpecimen,urn:uuid:16f6eab4-149c-4a37-9ab1-9ee54b24beab,TEX00352610,,Plantae,Magnoliophyta,Magnoliopsida,Nepenthales,Sarraceniaceae,"Sarracenia alata",Wood,Sarracenia,alata,,,"B. L. Turner",,,,,,,"Steve L. Orzell and Edwin L. Bridges",,,8357,1988-09-20,1988,9,20,264,,,,"Recently burned but overgrown seepage slope, geology: Catahoula Formation (Miocene). Soils: Rayburn, Kisatchie.",,,,,,,,sterile,,0,,,,,,,"United States",Texas,Jasper,,"Ca. 0.3 mile south of FS Rod. 326 and 313 jct., E of 313, along tributary to Boykin Creek, ca. 0.7 air mile north of Boykin Spring Recreation Area, Boykin Spring 7.5' Quad, Angelina NF. Elev. 250 - 280 ft.",,0,,31.068611,-94.269444,,,,"31d 4m 7s N; 94d 16m 10s",,"1=present on sheet",,,,,,,,,,,,,"2015-08-10 17:28:31",TEX00352610,1,urn:uuid:16f6eab4-149c-4a37-9ab1-9ee54b24beab,https://prc-symbiota.tacc.utexas.edu:443/collections/individual/index.php?occid=1242259
1242260,PRC,TEX,PreservedSpecimen,urn:uuid:9cdcf72e-6003-4da8-8072-7ba295af8364,TEX00352611,,Plantae,Magnoliophyta,Magnoliopsida,Nepenthales,Sarraceniaceae,"Sarracenia alata",Wood,Sarracenia,alata,,,"B. L. Turner",,,,,,,"Steve L. Orzell and Edwin L. Bridges",,,8362,1988-09-20,1988,9,20,264,,,,"Seepage area in dry upland longleaf pine savanna, geology: Catahoula Formation (Miocene). Soils: Rayburn, Kisatchie.",,,,,,,,sterile,,0,,,,,,,"United States",Texas,Jasper,,"Ca. 0.5 air mile NE of Boykin Spring Recreation Area, ca. 0.7 air mile south of FS Rd. 313 & 326 jct., Boykin Spring 7.5' Quad, Angelina NF. Elev. 200 - 250 ft.",,0,,31.065278,-94.269444,,,,"31d 3m 55s N; 94d 16m 10s",,"1=present on sheet",,,,,,,,,,,,,"2015-08-10 17:28:31",TEX00352611,1,urn:uuid:9cdcf72e-6003-4da8-8072-7ba295af8364,https://prc-symbiota.tacc.utexas.edu:443/collections/individual/index.php?occid=1242260
1242261,PRC,TEX,PreservedSpecimen,urn:uuid:e4bea92b-0769-4ae7-9455-be316597d929,TEX00352612,,Plantae,Magnoliophyta,Magnoliopsida,Nepenthales,Sarraceniaceae,"Sarracenia alata",Wood,Sarracenia,alata,,,"B. L. Turner",,,,,,,"Steve L. Orzell and Edwin L. Bridges",,,8573,1988-09-20,1988,9,20,264,,,,"Open hillside seepage bog, geology: contact of Whitsett and Catahoula Formations. Associates include Burmannia capitata, Coreopsis linifolia, Drosera capillaris, Eriocaulon decangulare, Eryngium integrifolium, Liatris pycnostachya, Marshallia tenuifolia, Magnolia virginiana, Myrica heterophylla, Ptilimnium costatum, Polygala ramosa, Rhynchospora gracilenta, R. chalarocephala, R. macra, R. oligantha, Sarracenia alata, Xyris ambigua, X. scabrifolia, X. drummondii, and X. baldwiniana.",,,,,,,,flowering=early,,0,,,,,,,"United States",Texas,Jasper,,"On north side of FS Rd. 314, 3.9 miles east of US 69, 0.2 mile west of int. FS Rd. 330, Boykin Spring 7.5' Quad, Angelina NF. Elev. 150 - 180 ft.",,0,,31.046667,-94.341944,,,,"31d 2m 48s N; 94d 20m 31s",,"1=present on sheet",,,,,,,,,,,,,"2015-08-10 17:28:31",TEX00352612,1,urn:uuid:e4bea92b-0769-4ae7-9455-be316597d929,https://prc-symbiota.tacc.utexas.edu:443/collections/individual/index.php?occid=1242261
1242262,PRC,TEX,PreservedSpecimen,urn:uuid:dfa46d37-2ee5-4e4a-ac9c-aa0d74488862,TEX00352613,,Plantae,Magnoliophyta,Magnoliopsida,Nepenthales,Sarraceniaceae,"Sarracenia alata",Wood,Sarracenia,alata,,,"B. L. Turner",,,,,,,"Steve L. Orzell and Edwin L. Bridges",,,8729,1988-11-08,1988,11,8,313,,,,"Seepage slope in dry upland longleaf pine savannah, geology: Catahoula Formation (Miocene). Soils: Melhomes (Humaqueptic Psammaquents).",,,,,,,,sterile,,0,,,,,,,"United States",Texas,Jasper,,"Ca. 0.9 air mile SE of FS Rd. 335, ca. 1.0 air mile north of FS Rd. 335 and R255 jct., ca. 2 air miles WNW of Ebenezer, along unnamed tributary to Ward Branch, Ebenezer 7.5' Quad, Angelina NF. Elev. 160 - 170 ft.",,0,,31.066667,-94.139722,,,,"31d 4m N; 94d 8m 23s",,"1=present on sheet",,,,,,,,,,,,,"2015-08-10 17:28:31",TEX00352613,1,urn:uuid:dfa46d37-2ee5-4e4a-ac9c-aa0d74488862,https://prc-symbiota.tacc.utexas.edu:443/collections/individual/index.php?occid=1242262
1242263,PRC,TEX,PreservedSpecimen,urn:uuid:078a8c2b-0055-4f7b-afb6-c34e239e49bc,TEX00352614,,Plantae,Magnoliophyta,Magnoliopsida,Nepenthales,Sarraceniaceae,"Sarracenia alata",Wood,Sarracenia,alata,,,"B. L. Turner",,,,,,,"Steve L. Orzell, Edwin L. Bridges and Phil Sheridan",,,7218,1988-06-09,1988,6,9,161,,,,"Lower slope hillside seepage bog, geology: Catahoula Formation (Miocene).",,,,,,,,fruiting=late,,0,,,,,,,"United States",Texas,Jasper,,"Ca. 1.5 miles SW of Harveytown (Letney), ca. 2 miles NNW of Ebenezer, Dan Lay Bog, Ebenezer 7.5' Quad, Angelina NF. Elev. 200 - 210 ft.",,0,,31.065,-94.168333,,,,"31d 3m 54s N; 94d 10m 6s",,"1=present on sheet",,,,,,,,,,,,,"2015-08-10 17:28:31",TEX00352614,1,urn:uuid:078a8c2b-0055-4f7b-afb6-c34e239e49bc,https://prc-symbiota.tacc.utexas.edu:443/collections/individual/index.php?occid=1242263
1242264,PRC,TEX,PreservedSpecimen,urn:uuid:084eff32-da16-4ef1-9280-40a15dfbbdf0,TEX00352615,,Plantae,Magnoliophyta,Magnoliopsida,Nepenthales,Sarraceniaceae,"Sarracenia alata",Wood,Sarracenia,alata,,,"B. L. Turner",,,,,,,"Steve L. Orzell, Edwin L. Bridges and Phil Sheridan",,,7219,1988-06-09,1988,6,9,161,,,,"Hillside seepage bog, geology: Catahoula Formation (Miocene).",,,,,,,,sterile,,0,,,,,,,"United States",Texas,Jasper,,"SW along pipeline r-o-w from jct. R255, 1.7 miles E of FM 1007, Mc Gee Bend 7.5' Quad., Rayburn Country Pipeline Bogs. Elev. 350 - 360 ft.",,0,,31.056667,-94.009722,,,,"31d 3m 24s N; 94d 35s",,"1=present on sheet",,,,,,,,,,,,,"2015-08-10 17:28:31",TEX00352615,1,urn:uuid:084eff32-da16-4ef1-9280-40a15dfbbdf0,https://prc-symbiota.tacc.utexas.edu:443/collections/individual/index.php?occid=1242264
1242265,PRC,TEX,PreservedSpecimen,urn:uuid:59dbf576-17eb-47f4-9de9-17da088d14af,TEX00352616,,Plantae,Magnoliophyta,Magnoliopsida,Nepenthales,Sarraceniaceae,"Sarracenia alata",Wood,Sarracenia,alata,,,"B. L. Turner",,,,,,,"Steve L. Orzell and Edwin L. Bridges",,,8060,1988-08-18,1988,8,18,231,,,,"Stream head seepage bog, mostly shrub invaded, geology: Queen City Sand (Eocene). Community dominated by Myrica cerifera, Acer rubrum, Liquidambar styraciflua, Rhynchospora.",,,,,,,,sterile,,0,,,,,,,"United States",Texas,Wood,,"0.1 mile north of Co. Rd. 3245 at a point 0.5 mile east of int. Co. Rd. 3235, ca. 0.4 mile upstream from end of SE arm of Lake Lydia, ca. 5 air miles SE of Quitman, Quitman 7.5' Quad. Elev. 390 - 400 ft.",,0,,32.774167,-95.3825,,,,"32d 46m 27s N; 95d 22m 57s",,"1=present on sheet",,,,,,,,,,,,,"2015-08-10 17:28:32",TEX00352616,1,urn:uuid:59dbf576-17eb-47f4-9de9-17da088d14af,https://prc-symbiota.tacc.utexas.edu:443/collections/individual/index.php?occid=1242265
1242266,PRC,TEX,PreservedSpecimen,urn:uuid:6310f1ac-8aaa-4598-9b9c-0d54127bf6c3,TEX00352617,,Plantae,Magnoliophyta,Magnoliopsida,Nepenthales,Sarraceniaceae,"Sarracenia alata",Wood,Sarracenia,alata,,,"B. L. Turner",,,,,,,"Steve L. Orzell and Edwin L. Bridges",,,8071,1988-08-18,1988,8,18,231,,,,"Peaty hillside seepage bog, geology: Queen City Sand (Eocene).",,,,,,,,sterile,,0,,,,,,,"United States",Texas,Wood,,"On W side of Co. Rd.. 3235, 0.5 mile north of Co. Rd. 3245, at head of Se arm of Lake Lydia, 0.1 mile S of dam of Quitman Club Lake, ca. 4.5 air miles SE of Quitman, Quitman 7.5' Quad. Elev. 380 ft.",,0,,32.775833,-95.386667,,,,"32d 46m 33s N; 95d 23m 12s",,"1=present on sheet",,,,,,,,,,,,,"2015-08-10 17:28:32",TEX00352617,1,urn:uuid:6310f1ac-8aaa-4598-9b9c-0d54127bf6c3,https://prc-symbiota.tacc.utexas.edu:443/collections/individual/index.php?occid=1242266
1242267,PRC,TEX,PreservedSpecimen,urn:uuid:68e1991c-83c5-46c4-9aa9-e1963706dcc5,TEX00352618,,Plantae,Magnoliophyta,Magnoliopsida,Nepenthales,Sarraceniaceae,Sarracenia,,Sarracenia,,,,"B. L. Turner",,,,,,,"Steve L. Orzell, Edwin L. Bridges and Phil Sheridan",,,7228,1988-06-10,1988,6,10,162,,,,"Mostly shrubby seepage swale in longleaf pine savannah, geology: Bentley Formation (Quaternary). Introduced population, eradication attempted.",,,,,,,,sterile,,0,,,,,,,"United States",Texas,Tyler,,"On south side of road to Lake Hyatt, 0.5 mile E of US 69-287, 2.8 miles S of int. FM 1943 in Warren, in Hyatt Lake Estates, Warren 7.5' Quad., Big Thicket Bogs and Pineland. Elev. 110 - 130 ft.",,0,,30.576944,-94.391667,,,,"30d 34m 37s N; 94d 23m 30s",,"1=present on sheet",,,,,,,,,,,,,"2015-08-10 17:28:32",TEX00352618,1,urn:uuid:68e1991c-83c5-46c4-9aa9-e1963706dcc5,https://prc-symbiota.tacc.utexas.edu:443/collections/individual/index.php?occid=1242267
1242268,PRC,TEX,PreservedSpecimen,urn:uuid:42bc581e-4436-4345-903e-76d64fd48be8,TEX00352619,,Plantae,Magnoliophyta,Magnoliopsida,Nepenthales,Sarraceniaceae,Sarracenia,,Sarracenia,,,,"B. L. Turner",,,,,,,"Steve L. Orzell, Edwin L. Bridges and Phil Sheridan",,,7223,1988-06-10,1988,6,10,162,,,,"Mostly shrubby seepage swale in longleaf pine savannah, geology: Bentley Formation (Quaternary). Introduced population, eradication attempted.",,,,,,,,fruiting=late,,0,,,,,,,"United States",Texas,Tyler,,"On south side of road to Lake Hyatt, 0.5 mile E of US 69-287, 2.8 miles S of int. FM 1943 in Warren, in Hyatt Lake Estates, Warren 7.5' Quad., Big Thicket Bogs and Pineland. Elev. 110 - 130 ft.",,0,,30.576944,-94.391667,,,,"30d 34m 37s N; 94d 23m 30s",,"1=present on sheet",,,,,,,,,,,,,"2015-08-10 17:28:32",TEX00352619,1,urn:uuid:42bc581e-4436-4345-903e-76d64fd48be8,https://prc-symbiota.tacc.utexas.edu:443/collections/individual/index.php?occid=1242268
1242269,PRC,TEX,PreservedSpecimen,urn:uuid:83ecf0b1-d471-4126-833a-484ad6ae92a8,TEX00352620,,Plantae,Magnoliophyta,Magnoliopsida,Nepenthales,Sarraceniaceae,Sarracenia,,Sarracenia,,,,"B. L. Turner",,,,,,,"Steve L. Orzell, Edwin L. Bridges and Phil Sheridan",,,7222,1988-06-10,1988,6,10,162,,,,"Mostly shrubby seepage swale in longleaf pine savannah, geology: Bentley Formation (Quaternary). Introduced population, eradication attempted.",,,,,,,,fruiting=late,,0,,,,,,,"United States",Texas,Tyler,,"On south side of road to Lake Hyatt, 0.5 mile E of US 69-287, 2.8 miles S of int. FM 1943 in Warren, in Hyatt Lake Estates, Warren 7.5' Quad., Big Thicket Bogs and Pineland. Elev. 110 - 130 ft.",,0,,30.576944,-94.391667,,,,"30d 34m 37s N; 94d 23m 30s",,"1=present on sheet",,,,,,,,,,,,,"2015-08-10 17:28:32",TEX00352620,1,urn:uuid:83ecf0b1-d471-4126-833a-484ad6ae92a8,https://prc-symbiota.tacc.utexas.edu:443/collections/individual/index.php?occid=1242269
1242270,PRC,TEX,PreservedSpecimen,urn:uuid:71ca2c5b-eaeb-45c2-b36c-3be1bd8ba5a6,TEX00352621,,Plantae,Magnoliophyta,Magnoliopsida,Nepenthales,Sarraceniaceae,Sarracenia,,Sarracenia,,,,"B. L. Turner",,,,,,,"Steve L. Orzell, Edwin L. Bridges and Phil Sheridan",,,7225,1988-06-10,1988,6,10,162,,,,"Mostly shrubby seepage swale in longleaf pine savannah, geology: Bentley Formation (Quaternary). Introduced population, eradication attempted.",,,,,,,,sterile,,0,,,,,,,"United States",Texas,Tyler,,"On south side of road to Lake Hyatt, 0.5 mile E of US 69-287, 2.8 miles S of int. FM 1943 in Warren, in Hyatt Lake Estates, Warren 7.5' Quad., Big Thicket Bogs and Pineland. Elev. 110 - 130 ft.",,0,,30.576944,-94.391667,,,,"30d 34m 37s N; 94d 23m 30s",,"1=present on sheet",,,,,,,,,,,,,"2015-08-10 17:28:32",TEX00352621,1,urn:uuid:71ca2c5b-eaeb-45c2-b36c-3be1bd8ba5a6,https://prc-symbiota.tacc.utexas.edu:443/collections/individual/index.php?occid=1242270
1242271,PRC,TEX,PreservedSpecimen,urn:uuid:d32947f5-6030-415f-bcb0-ab24fc006145,TEX00352622,,Plantae,Magnoliophyta,Magnoliopsida,Nepenthales,Sarraceniaceae,Sarracenia,,Sarracenia,,,,"B. L. Turner",,,,,,,"Steve L. Orzell, Edwin L. Bridges and Phil Sheridan",,,7227,1988-06-10,1988,6,10,162,,,,"Mostly shrubby seepage swale in longleaf pine savannah, geology: Bentley Formation (Quaternary). Introduced population, eradication attempted. (S. rubra x. S. leucophylla).",,,,,,,,fruiting=late,,0,,,,,,,"United States",Texas,Tyler,,"On south side of road to Lake Hyatt, 0.5 mile E of US 69-287, 2.8 miles S of int. FM 1943 in Warren, in Hyatt Lake Estates, Warren 7.5' Quad., Big Thicket Bogs and Pineland. Elev. 110 - 130 ft.",,0,,30.576944,-94.391667,,,,"30d 34m 37s N; 94d 23m 30s",,"1=present on sheet",,,,,,,,,,,,,"2015-08-10 17:28:51",TEX00352622,1,urn:uuid:d32947f5-6030-415f-bcb0-ab24fc006145,https://prc-symbiota.tacc.utexas.edu:443/collections/individual/index.php?occid=1242271
1242272,PRC,TEX,PreservedSpecimen,urn:uuid:aeff4450-9df3-4755-a2de-1f3996d386c0,TEX00352623,,Plantae,Magnoliophyta,Magnoliopsida,Nepenthales,Sarraceniaceae,Sarracenia,,Sarracenia,,,,"B. L. Turner",,,,,,,"Steve L. Orzell, Edwin L. Bridges and Phil Sheridan",,,7224,1988-06-10,1988,6,10,162,,,,"Mostly shrubby seepage swale in longleaf pine savannah, geology: Bentley Formation (Quaternary). Introduced population of S. leucophylla forming hybrids with native S. alata, eradication attempted. (S. alta x. S. leucophylla).",,,,,,,,sterile,,0,,,,,,,"United States",Texas,Tyler,,"On south side of road to Lake Hyatt, 0.5 mile E of US 69-287, 2.8 miles S of int. FM 1943 in Warren, in Hyatt Lake Estates, Warren 7.5' Quad., Big Thicket Bogs and Pineland. Elev. 110 - 130 ft.",,0,,30.576944,-94.391667,,,,"30d 34m 37s N; 94d 23m 30s",,"1=present on sheet",,,,,,,,,,,,,"2015-08-10 17:28:51",TEX00352623,1,urn:uuid:aeff4450-9df3-4755-a2de-1f3996d386c0,https://prc-symbiota.tacc.utexas.edu:443/collections/individual/index.php?occid=1242272
1286628,PRC,TEX,PreservedSpecimen,urn:uuid:593464a2-f7ce-4ae2-bb71-5fd13c3b42c6,TEX00422579,,Plantae,Magnoliophyta,Magnoliopsida,Nepenthales,Sarraceniaceae,"Sarracenia alata",Wood,Sarracenia,alata,,,"B. L. Turner, 2004",,,,,,,"B. R. & M. H. MacRoberts",,,6590,2003-06-21,2003,6,21,172,,,,"Pitcher plant bog on pipeline right of way.",,,,,,,,flowering=early,,0,,,,,,,"United States",Texas,Polk,,"Big Sandy Creek Unit, Big Thicket Nat'l Preserve.",,0,,,,,,,,,,,,,,,,,,,,,,"2015-08-10 20:42:47",TEX00422579,1,urn:uuid:593464a2-f7ce-4ae2-bb71-5fd13c3b42c6,https://prc-symbiota.tacc.utexas.edu:443/collections/individual/index.php?occid=1286628
1292262,PRC,TEX,PreservedSpecimen,urn:uuid:aad30f3f-8079-4039-9db1-1a6e73386167,TEX00198304,,Plantae,Magnoliophyta,Magnoliopsida,Nepenthales,Sarraceniaceae,"Sarracenia alata",Wood,Sarracenia,alata,,,"B. L. Turner, 2004",,,,,,,"B. R. MacRoberts and M. H. MacRoberts",,,4880,2001-04-17,2001,4,17,107,,,,,,,,,,,,sterile,,0,,,,,,,"United States",Texas,Anderson,,"Baygall. Betty Perot Girl Scout Camp. Beaver Creek Ranch. Between Bois D'Arc and Montalba.",,0,,,,,,,,,,,,,,,,,,,,,,"2015-08-10 21:03:53",TEX00198304,1,urn:uuid:aad30f3f-8079-4039-9db1-1a6e73386167,https://prc-symbiota.tacc.utexas.edu:443/collections/individual/index.php?occid=1292262
1292263,PRC,TEX,PreservedSpecimen,urn:uuid:a220aa73-078e-466a-a87c-8cc8a301f8d1,TEX00198305,,Plantae,Magnoliophyta,Magnoliopsida,Nepenthales,Sarraceniaceae,"Sarracenia alata",Wood,Sarracenia,alata,,,"B. L. Turner, 2004",,,,,,,"B. R. MacRoberts and M. H. MacRoberts",,,4951,2001-05-29,2001,5,29,149,,,,"Drosera, Eriocaulon decangulare, E. koernickianum, Urticularia, and other bog species.",,,,,,,,"flowering + fruiting=mid",,0,,,,,,,"United States",Texas,Henderson,,"Tindel Pitcher Plant Bog. Dunn Creek, S and W of CR 4330, ca. 2 mi. NE of New York.",,0,,,,,,,,,,,,,,,,,,,,,,"2015-08-10 21:03:53",TEX00198305,1,urn:uuid:a220aa73-078e-466a-a87c-8cc8a301f8d1,https://prc-symbiota.tacc.utexas.edu:443/collections/individual/index.php?occid=1292263
1292264,PRC,TEX,PreservedSpecimen,urn:uuid:50be7d6b-0f19-47fc-8d5e-31b70b2628ad,TEX00198306,,Plantae,Magnoliophyta,Magnoliopsida,Nepenthales,Sarraceniaceae,"Sarracenia alata",Wood,Sarracenia,alata,,,"B. L. Turner, 2004",,,,,,,"B. R. MacRoberts and M. H. MacRoberts",,,4955,2001-06-12,2001,6,12,163,,,,Bog.,,,,,,,,"flowering + fruiting=mid",,0,,,,,,,"United States",Texas,Leon,,"Hilltop Lake Estates. Near sandylands.",,0,,,,,,,,,,,,,,,,,,,,,,"2015-08-10 21:03:53",TEX00198306,1,urn:uuid:50be7d6b-0f19-47fc-8d5e-31b70b2628ad,https://prc-symbiota.tacc.utexas.edu:443/collections/individual/index.php?occid=1292264
1292265,PRC,TEX,PreservedSpecimen,urn:uuid:7933c220-cd1f-4c6e-9cdb-721dc1043570,TEX00198307,,Plantae,Magnoliophyta,Magnoliopsida,Nepenthales,Sarraceniaceae,"Sarracenia alata",Wood,Sarracenia,alata,,,"B. L. Turner, 2004",,,,,,,"B. R. MacRoberts and M. H. MacRoberts",,,4929,2001-05-17,2001,5,17,137,,,,"In hillside seepage bog/marsh. With Drosera and Eriocaulon decangulare.",,,,,,,,sterile,,0,,,,,,,"United States",Texas,Wood,,"W side of road 3235, SE of Lake Lydia.",,0,,,,,,,,,,,,,,,,,,,,,,"2015-08-10 21:03:53",TEX00198307,1,urn:uuid:7933c220-cd1f-4c6e-9cdb-721dc1043570,https://prc-symbiota.tacc.utexas.edu:443/collections/individual/index.php?occid=1292265
1300227,PRC,TEX,PreservedSpecimen,urn:uuid:a620ad6b-7559-4a9b-9193-56378b1aa2ec,TEX00440645,,Plantae,Magnoliophyta,Magnoliopsida,Nepenthales,Sarraceniaceae,"Sarracenia alata",Wood,Sarracenia,alata,,,"B. L. Turner, 2006",,,,,,,"W. C. Holmes et al.",,,10811,2000-03-05,2000,3,5,65,,,,,,,,,,,,flowering=early,,0,,,,,,,"United States",Texas,Tyler,,"Pinelands Preserve on US 69 just S of Warren.",,0,,,,,,,,,,,,,,,,,,,,,,"2015-08-10 21:30:05",TEX00440645,1,urn:uuid:a620ad6b-7559-4a9b-9193-56378b1aa2ec,https://prc-symbiota.tacc.utexas.edu:443/collections/individual/index.php?occid=1300227
1313767,PRC,TEX,PreservedSpecimen,urn:uuid:c4af29f0-07e9-40ba-9c11-00d84c321357,TEX00455319,,Plantae,Magnoliophyta,Magnoliopsida,Nepenthales,Sarraceniaceae,"Sarracenia alata",Wood,Sarracenia,alata,,,"B.L. Turner (TEX), 2011",,,,,,,"G. Gust & J. Stone",,,329,2004-04-17,2004,4,17,108,,,,"Bog. Herb 70cm tall. Flower green, solitary. Growing in bog. Very abundant.",,,,,,,,flowering=early,,0,,,,,,,"United States",TEXAS,Tyler,,"Big Thicket National Preserve, Turkey Creek Unit at Pitcher Plant Trail. Elev. 28m.",,0,,30.584167,-94.335278,,,,"30d 35m 3s N; 94d 20m 7s",,,,,,,,,,,,,,,"2015-08-10 22:18:38",TEX00455319,1,urn:uuid:c4af29f0-07e9-40ba-9c11-00d84c321357,https://prc-symbiota.tacc.utexas.edu:443/collections/individual/index.php?occid=1313767
1316095,PRC,TEX,PreservedSpecimen,urn:uuid:69ffec68-1ceb-475f-aa6f-59c84abd313e,TEX00459024,,Plantae,Magnoliophyta,Magnoliopsida,Nepenthales,Sarraceniaceae,"Sarracenia alata",Wood,Sarracenia,alata,,,"B.L. Turner (TEX), 2012",,,,,,,"Patricia Lewis & David Lewis",,,137,2011-04-18,2011,4,18,108,,,,"No data given. No data given.",,,,,,,,flowering=early,,0,,,,,,,"United States",TEXAS,Newton,,"Scrappin Valley ca. 12 miles north of Burkeville.",,0,,31.214444,-93.838611,,,,"31d 8m 292s N; 93d 48m 139s",,,,,,,,,,,,,,,"2015-08-10 22:25:52",TEX00459024,1,urn:uuid:69ffec68-1ceb-475f-aa6f-59c84abd313e,https://prc-symbiota.tacc.utexas.edu:443/collections/individual/index.php?occid=1316095
1377266,PRC,LL,PreservedSpecimen,urn:uuid:77ce439d-85c1-45d4-b149-f5c2d852899d,LL00285010,,Plantae,Magnoliophyta,Magnoliopsida,Nepenthales,Sarraceniaceae,"Sarracenia alata",Wood,Sarracenia,alata,,,"B. L. Turner",,,,,,,"D. S. Correll",,,35024,1967-09-29,1967,9,29,272,,,,,,,,,,,,sterile,,0,,,,,,,"United States",Texas,Wood,,"In bog below dam of a small lake about 2 mi. north of Mineola, Rte #37.",,0,,,,,,,,,,,,,,,,,,,,,,"2015-08-10 14:00:48",LL00285010,2,urn:uuid:77ce439d-85c1-45d4-b149-f5c2d852899d,https://prc-symbiota.tacc.utexas.edu:443/collections/individual/index.php?occid=1377266
1377267,PRC,LL,PreservedSpecimen,urn:uuid:ad9f494c-b321-49f7-b170-4122ca34667b,LL00285011,,Plantae,Magnoliophyta,Magnoliopsida,Nepenthales,Sarraceniaceae,"Sarracenia alata",Wood,Sarracenia,alata,,,"B. L. Turner",,,,,,,"D. S. Correll",,,32882B,,,,,,,"[no date]",,,,,,,,,,sterile,,0,,,,,,,"United States",Texas,Freestone,,"In boggy area in low place in sandy post oak savannahs midway between Buffalo and Dew, Rte 75.",,0,,,,,,,,,,,,,,,,,,,,,,"2015-08-10 14:00:48",LL00285011,2,urn:uuid:ad9f494c-b321-49f7-b170-4122ca34667b,https://prc-symbiota.tacc.utexas.edu:443/collections/individual/index.php?occid=1377267
1377268,PRC,LL,PreservedSpecimen,urn:uuid:27d82d34-8aac-4f17-854f-46bf058a87c3,LL00285015,,Plantae,Magnoliophyta,Magnoliopsida,Nepenthales,Sarraceniaceae,"Sarracenia alata",Wood,Sarracenia,alata,,,"B. L. Turner",,,,,,,"D. S. Correll & Helen B. Correll",,,27220,1963-04-13,1963,4,13,103,,,,,,,,,,,,flowering=early,,0,,,,,,,"United States",Texas,Angelina,,"Angelina Forest, about 2 miles west of Bouton Lake; seepage slope in pine woods.",,0,,,,,,,,,,,,,,,,,,,,,,"2015-08-10 14:00:48",LL00285015,2,urn:uuid:27d82d34-8aac-4f17-854f-46bf058a87c3,https://prc-symbiota.tacc.utexas.edu:443/collections/individual/index.php?occid=1377268
1377269,PRC,LL,PreservedSpecimen,urn:uuid:be6f64bc-2bca-4812-a2c4-2d5f7d920244,LL00285016,,Plantae,Magnoliophyta,Magnoliopsida,Nepenthales,Sarraceniaceae,"Sarracenia alata",Wood,Sarracenia,alata,,,"B. L. Turner",,,,,,,"D. S. Correll",,,26194,1962-10-12,1962,10,12,285,,,,"Sandy soils; in seepage. Large clumps.",,,,,,,,fruiting=late,,0,,,,,,,"United States",Texas,Henderson,,"Seepage slopes and hardwoods about 2 miles southeast of Athens.",,0,,,,,,,,,,,,,,,,,,,,,,"2015-08-10 14:00:48",LL00285016,2,urn:uuid:be6f64bc-2bca-4812-a2c4-2d5f7d920244,https://prc-symbiota.tacc.utexas.edu:443/collections/individual/index.php?occid=1377269
1377270,PRC,LL,PreservedSpecimen,urn:uuid:8e8e9a0d-c71b-4292-a082-aad7e3fe967e,LL00285025,,Plantae,Magnoliophyta,Magnoliopsida,Nepenthales,Sarraceniaceae,"Sarracenia alata",Wood,Sarracenia,alata,,,"B. L. Turner",,,,,,,"Robert L. Crockett",,,340,1940-04-16,1940,4,16,107,,,,,,,,,,,,flowering=early,,0,,,,,,,"United States",Texas,Hardin,,"Hardin county.",,0,,,,,,,,,,,,,,,,,,,,,,"2015-08-10 14:00:48",LL00285025,2,urn:uuid:8e8e9a0d-c71b-4292-a082-aad7e3fe967e,https://prc-symbiota.tacc.utexas.edu:443/collections/individual/index.php?occid=1377270
1396177,PRC,LL,PreservedSpecimen,urn:uuid:25b44b62-ebf8-4789-a8d5-c7930daa47e0,LL00352556,,Plantae,Magnoliophyta,Magnoliopsida,Nepenthales,Sarraceniaceae,"Sarracenia alata",Wood,Sarracenia,alata,,,"B. L. Turner",,,,,,,"D. S. Correll",,,34234,1967-06-25,1967,6,25,176,,,,"Pitcher plant bog.",,,,,,,,fruiting=late,,0,,,,,,,"United States",Texas,Tyler,,"About 1/2 mile east of Warren, Rte. #1943.",,0,,,,,,,,,,,,,,,,,,,,,,"2015-08-10 17:28:31",LL00352556,2,urn:uuid:25b44b62-ebf8-4789-a8d5-c7930daa47e0,https://prc-symbiota.tacc.utexas.edu:443/collections/individual/index.php?occid=1396177
1396178,PRC,LL,PreservedSpecimen,urn:uuid:3dbd5335-3a59-4485-8628-bd561ad42019,LL00352557,,Plantae,Magnoliophyta,Magnoliopsida,Nepenthales,Sarraceniaceae,"Sarracenia alata",Wood,Sarracenia,alata,,,"B. L. Turner",,,,,,,"Robert L. Crockett",,,6713,1944-03-29,1944,3,29,89,,,,,,,,,,,,flowering=early,,0,,,,,,,"United States",Texas,Tyler,,Hyatt.,,0,,,,,,,,,,,,,,,,,,,,,,"2015-08-10 17:28:31",LL00352557,2,urn:uuid:3dbd5335-3a59-4485-8628-bd561ad42019,https://prc-symbiota.tacc.utexas.edu:443/collections/individual/index.php?occid=1396178
1396179,PRC,LL,PreservedSpecimen,urn:uuid:242b9644-1b5f-4470-abd1-b78f238dd1ff,LL00352562,,Plantae,Magnoliophyta,Magnoliopsida,Nepenthales,Sarraceniaceae,"Sarracenia alata",Wood,Sarracenia,alata,,,"B. L. Turner",,,,,,,"D. S. Correll",,,13303,1946-07-17,1946,7,17,198,,,,"Boggy and sandy soil.",,,,,,,,fruiting=late,,0,,,,,,,"United States",Texas,Angelina,,"Angelina National Forest east of Rockland.",,0,,,,,,,,,,,,,,,,,,,,,,"2015-08-10 17:28:31",LL00352562,2,urn:uuid:242b9644-1b5f-4470-abd1-b78f238dd1ff,https://prc-symbiota.tacc.utexas.edu:443/collections/individual/index.php?occid=1396179
1396180,PRC,LL,PreservedSpecimen,urn:uuid:fdebec8d-e510-4eee-8f77-7c1d235393a0,LL00352563,,Plantae,Magnoliophyta,Magnoliopsida,Nepenthales,Sarraceniaceae,"Sarracenia alata",Wood,Sarracenia,alata,,,"B. L. Turner",,,,,,,"D. S. Correll & I. M. Johnston",,,19664,1958-07-12,1958,7,12,193,,,,"On seepage.",,,,,,,,fruiting=late,,0,,,,,,,"United States",Texas,Angelina,,"Near Bouton Lake, Angelina national Forest.",,0,,,,,,,,,,,,,,,,,,,,,,"2015-08-10 17:28:31",LL00352563,2,urn:uuid:fdebec8d-e510-4eee-8f77-7c1d235393a0,https://prc-symbiota.tacc.utexas.edu:443/collections/individual/index.php?occid=1396180
1396181,PRC,LL,PreservedSpecimen,urn:uuid:44a6b3e3-998e-4f79-8bed-493488aa5ada,LL00352564,,Plantae,Magnoliophyta,Magnoliopsida,Nepenthales,Sarraceniaceae,"Sarracenia alata",Wood,Sarracenia,alata,,,"B. L. Turner",,,,,,,"D. S. Correll & E. C. Ogden",,,25169,1962-05-08,1962,5,8,128,,,,"On seepage slope in longleaf pine area. Seedlings of Sarracenia alata.",,,,,,,,sterile,,0,,,,,,,"United States",Texas,Angelina,,"About 4 miles west of Bouton Lake, Angelina National Forest.",,0,,,,,,,,,,,,,,,,,,,,,,"2015-08-10 17:28:31",LL00352564,2,urn:uuid:44a6b3e3-998e-4f79-8bed-493488aa5ada,https://prc-symbiota.tacc.utexas.edu:443/collections/individual/index.php?occid=1396181
1396182,PRC,LL,PreservedSpecimen,urn:uuid:3006d659-045a-4b0d-878d-121a14b2eeff,LL00352565,,Plantae,Magnoliophyta,Magnoliopsida,Nepenthales,Sarraceniaceae,"Sarracenia alata",Wood,Sarracenia,alata,,,"B. L. Turner",,,,,,,"D. S. Correll & H. B. Correll",,,15827,1957-04-11,1957,4,11,101,,,,"On seepage slope in pinelands; flowers yellow.",,,,,,,,flowering=early,,0,,,,,,,"United States",Texas,Angelina,,"Near Boykin Springs, Angelina National Forest.",,0,,,,,,,,,,,,,,,,,,,,,,"2015-08-10 17:28:31",LL00352565,2,urn:uuid:3006d659-045a-4b0d-878d-121a14b2eeff,https://prc-symbiota.tacc.utexas.edu:443/collections/individual/index.php?occid=1396182
1396183,PRC,LL,PreservedSpecimen,urn:uuid:f5637b3e-8332-4867-ad65-f2905543f491,LL00352566,,Plantae,Magnoliophyta,Magnoliopsida,Nepenthales,Sarraceniaceae,"Sarracenia alata",Wood,Sarracenia,alata,,,"B. L. Turner",,,,,,,"D. S. Correll & Helen B. Correll",,,27220,1963-04-13,1963,4,13,103,,,,"Sheet #2. Seepage slope in pine woods.",,,,,,,,flowering=early,,0,,,,,,,"United States",Texas,Angelina,,"Angelina Forest, about 2 miles west of Bouton Lake.",,0,,,,,,,,,,,,,,,,,,,,,,"2015-08-10 17:28:31",LL00352566,2,urn:uuid:f5637b3e-8332-4867-ad65-f2905543f491,https://prc-symbiota.tacc.utexas.edu:443/collections/individual/index.php?occid=1396183
1396184,PRC,LL,PreservedSpecimen,urn:uuid:fe757a9f-cce8-4ea1-9c0e-f0a8c5f5dbb7,LL00352602,,Plantae,Magnoliophyta,Magnoliopsida,Nepenthales,Sarraceniaceae,"Sarracenia alata",Wood,Sarracenia,alata,,,"B. L. Turner",,,,,,,"John R. Crutchfield",,,2644,1967-05-10,1967,5,10,130,,,,"Bog, pH 5.9.",,,,,,,,fruiting=late,,0,,,,,,,"United States",Texas,Leon,,"Hill Top Lakes Resort City.",,0,,,,,,,,,,,,,,,,,,,,,,"2015-08-10 17:28:31",LL00352602,2,urn:uuid:fe757a9f-cce8-4ea1-9c0e-f0a8c5f5dbb7,https://prc-symbiota.tacc.utexas.edu:443/collections/individual/index.php?occid=1396184
