coreid,identifiedBy,identifiedByID,dateIdentified,identificationQualifier,scientificName,identificationIsCurrent,scientificNameAuthorship,genus,specificEpithet,taxonRank,infraspecificEpithet,identificationReferences,identificationRemarks,recordId
1179083,Unknown,,Unknown,,"Aronia arbutifolia",0,,,,,,,,urn:uuid:651ee6ee-9c20-499f-83af-5ecd62a048c9
1179084,Unknown,,Unknown,,"Aronia arbutifolia",0,,,,,,,,urn:uuid:c1523121-6c3f-4c4f-9307-20576b88cc5b
1179085,Unknown,,Unknown,,"Aronia arbutifolia",0,,,,,,,,urn:uuid:37650064-52b4-4553-bd8a-681f1f892f38
1179086,Unknown,,Unknown,,"Aronia arbutifolia",0,,,,,,,,urn:uuid:1b884ae8-47df-4bf8-8360-e5d8bf85e76d
1179087,Unknown,,Unknown,,"Aronia arbutifolia",0,,,,,,,,urn:uuid:200929c3-9068-4792-90d3-cdefd1e1f604
1179088,Unknown,,Unknown,,"Aronia arbutifolia",0,,,,,,,,urn:uuid:0a858385-5d0f-45a1-94ac-e8c9e54b7033
1179089,Unknown,,Unknown,,"Aronia arbutifolia",0,,,,,,,,urn:uuid:8ac8ba10-a645-4862-89d4-4b2edbf86bda
1179090,Unknown,,Unknown,,"Aronia arbutifolia",0,,,,,,,,urn:uuid:8012b5ee-270f-4bc5-bb0c-bfd68f62834d
1179091,Unknown,,Unknown,,"Cercocarpus breviflorus",0,,,,,,,,urn:uuid:407d1099-6123-46c9-a305-2cf5d6ad574f
1179092,Unknown,,Unknown,,"Cercocarpus breviflorus",0,,,,,,,,urn:uuid:eb1d5ad0-974a-4635-a399-d9d6621b35a5
1179093,Unknown,,Unknown,,"Cercocarpus breviflorus",0,,,,,,,,urn:uuid:be52f175-6387-4100-a737-652dfcb82e01
1179094,Unknown,,Unknown,,"Cercocarpus breviflorus",0,,,,,,,,urn:uuid:98de8ec6-b3ac-4ff3-8b2b-188adeb34d91
1179095,Unknown,,Unknown,,"Cercocarpus breviflorus",0,,,,,,,,urn:uuid:8651bb55-6b33-466f-b94f-fb71bd15dbf4
1179099,Unknown,,Unknown,,"Cercocarpus montanus var. glaber",0,,,,,,,,urn:uuid:c68d4552-e60c-41f7-99ca-e36c1b308b38
1179100,Unknown,,Unknown,,"Cercocarpus montanus var. glaber",0,,,,,,,,urn:uuid:ae853ead-bf3e-404d-bc8b-7e082f62fa7f
1179101,Unknown,,Unknown,,"Cercocarpus montanus var. glaber",0,,,,,,,,urn:uuid:f8d81c8e-cfb8-4a1f-b164-8af9864407dc
1179102,Unknown,,Unknown,,"Cercocarpus montanus var. glaber",0,,,,,,,,urn:uuid:6edf370d-f001-47aa-a768-5aa1bfd19d3d
1179103,Unknown,,Unknown,,"Cercocarpus montanus var. glaber",0,,,,,,,,urn:uuid:97e3bbb2-8cf5-4ef8-aab7-659851d0a273
1179349,Unknown,,Unknown,,"Porteranthus stipulatus ",0,,,,,,,,urn:uuid:dbdd2390-096a-4377-b414-ba441d90cb28
1179350,Unknown,,Unknown,,"Porteranthus stipulatus ",0,,,,,,,,urn:uuid:ab5d5930-5c14-4dd5-a3c1-80973df56b10
1179351,Unknown,,Unknown,,"Porteranthus stipulatus ",0,,,,,,,,urn:uuid:97b86067-258b-4fa0-bbfa-2b31650d8948
1179352,Unknown,,Unknown,,"Porteranthus stipulatus ",0,,,,,,,,urn:uuid:bb46da5b-55e8-4347-84c1-7c1f164ca1bf
1179353,Unknown,,Unknown,,"Holodiscus discolor",0,,,,,,,,urn:uuid:31ef40b5-a7e9-4f96-ba29-6802eb81c79b
1179354,Unknown,,Unknown,,"Holodiscus discolor",0,,,,,,,,urn:uuid:7e78fe8b-4d3e-4c45-9141-e6c600268e9a
1179355,Unknown,,Unknown,,"Holodiscus discolor",0,,,,,,,,urn:uuid:151702d0-3f57-4f7a-9ba4-2ad304c91c27
1179356,Unknown,,Unknown,,"Holodiscus discolor",0,,,,,,,,urn:uuid:4bf0b2b0-0936-4708-94e3-b6088a0e95f9
1179446,Unknown,,Unknown,,"Prunus murrayana",0,,,,,,,,urn:uuid:8be6c781-c9e1-49ae-90de-f2f46e978551
1179457,Unknown,,Unknown,,"Prunus rivularis var. pubescens",0,,,,,,,,urn:uuid:7466842c-bd84-4caa-b4e0-14ed6a7aeb9e
1179542,Unknown,,Unknown,,"Rosa setigera",0,,,,,,,,urn:uuid:b59bd50d-08be-4e87-bc05-b27ccd856604
1179543,Unknown,,Unknown,,"Rosa setigera",0,,,,,,,,urn:uuid:da40eee9-f261-4fe4-8db4-4dca1cef582e
1179544,Unknown,,Unknown,,"Rosa setigera",0,,,,,,,,urn:uuid:0fc75a3c-47ae-41d1-ab69-6ca0241ef669
1179545,Unknown,,Unknown,,"Rosa setigera",0,,,,,,,,urn:uuid:2b5e54c5-c4ce-4b3d-8ff5-d9ad960696c9
1179546,Unknown,,Unknown,,"Rosa setigera",0,,,,,,,,urn:uuid:4d7eec6f-e577-44b4-8703-5b7c2c0afb41
1179547,Unknown,,Unknown,,"Rosa setigera",0,,,,,,,,urn:uuid:a0f3190b-5806-4af2-ba86-c39a89072ac6
1179646,Unknown,,Unknown,,"Sanguisorba annua",0,,,,,,,,urn:uuid:8a06c325-8d44-431d-be0a-4e553064714b
1179647,Unknown,,Unknown,,"Sanguisorba annua",0,,,,,,,,urn:uuid:3beff7af-81d2-4020-850b-900610b80778
1179648,Unknown,,Unknown,,"Sanguisorba annua",0,,,,,,,,urn:uuid:367fff09-a6db-4a95-94b4-236b8f7a73d5
1179649,Unknown,,Unknown,,"Sanguisorba annua",0,,,,,,,,urn:uuid:30fd318d-1548-4d9c-9661-b450e278b74a
1179650,Unknown,,Unknown,,"Sanguisorba annua",0,,,,,,,,urn:uuid:d4fe0020-10fb-4b10-ad61-a03214107dd7
1179651,Unknown,,Unknown,,"Sanguisorba annua",0,,,,,,,,urn:uuid:2fa99cfb-5d2c-484e-a84c-844bfee49f57
1179652,Unknown,,Unknown,,"Sanguisorba annua",0,,,,,,,,urn:uuid:14045a25-ab37-4666-acbf-e6f359ca4914
1179653,Unknown,,Unknown,,"Sanguisorba annua",0,,,,,,,,urn:uuid:f0f25213-c0b6-41aa-93ae-d83708f7b61b
1190623,Unknown,,Unknown,,"Porteranthus stipulatus ",0,,,,,,,,urn:uuid:891d30b5-522d-4fc7-b8ca-81fafa5e37e9
1201103,Unknown,,Unknown,,"Porteranthus stipulatus ",0,,,,,,,,urn:uuid:6bcbacfe-79d8-419c-ba55-9ddf69ac896d
1242590,Unknown,,Unknown,,"Aronia arbutifolia",0,,,,,,,,urn:uuid:615ae69f-42ce-41d2-9b0f-b536d36ef5e0
1242591,Unknown,,Unknown,,"Aronia arbutifolia",0,,,,,,,,urn:uuid:a9512921-3d53-47e1-a0ce-f64747c3f827
1242592,Unknown,,Unknown,,"Aronia arbutifolia",0,,,,,,,,urn:uuid:68c8f498-4c82-44f6-afd2-fdb5c5f44443
1242593,Unknown,,Unknown,,"Aronia arbutifolia",0,,,,,,,,urn:uuid:b2bdc0ed-d813-4457-9ac8-3ffe12d26532
1242594,Unknown,,Unknown,,"Aronia arbutifolia",0,,,,,,,,urn:uuid:521e857a-5c32-43f4-9d90-8c44b0324db5
1242595,Unknown,,Unknown,,"Aronia arbutifolia",0,,,,,,,,urn:uuid:e6119ce9-90d2-4891-ab11-14e0d6dfb932
1242596,Unknown,,Unknown,,"Aronia arbutifolia",0,,,,,,,,urn:uuid:ef4dd688-7c4f-40f7-a1bb-105902b49e02
1242601,Unknown,,Unknown,,"Cercocarpus montanus var. glaber",0,,,,,,,,urn:uuid:8bb0e734-be17-4a88-aa59-356c40628d76
1242602,Unknown,,Unknown,,"Cercocarpus montanus var. glaber",0,,,,,,,,urn:uuid:188c68c7-f970-4ede-8217-94ebd3256a16
1242603,Unknown,,Unknown,,"Cercocarpus montanus var. glaber",0,,,,,,,,urn:uuid:52ce4c3d-6fa9-40c8-b163-0035fdce0faf
1242604,Unknown,,Unknown,,"Cercocarpus montanus var. glaber",0,,,,,,,,urn:uuid:5fc584fb-18ad-4958-945b-05f6b0704cf0
1242605,Unknown,,Unknown,,"Cercocarpus montanus var. glaber",0,,,,,,,,urn:uuid:87e6e793-7f7c-4c84-9f47-1c89a6afdb7d
1242606,Unknown,,Unknown,,"Cercocarpus montanus var. glaber",0,,,,,,,,urn:uuid:8f863199-1d1e-45f6-b909-05fa886a514a
1243005,Unknown,,Unknown,,"Holodiscus discolor",0,,,,,,,,urn:uuid:38905bd4-7ae6-4779-bf06-5bc38c88e54c
1243006,Unknown,,Unknown,,"Holodiscus discolor",0,,,,,,,,urn:uuid:e997c062-15c0-423d-898a-9347e939c288
1243007,Unknown,,Unknown,,"Holodiscus discolor",0,,,,,,,,urn:uuid:c07f3651-1050-463f-a8ad-c742e015a729
1243008,Unknown,,Unknown,,"Holodiscus discolor",0,,,,,,,,urn:uuid:227e9fd0-5777-4cff-8df2-315cbd47eedc
1243009,Unknown,,Unknown,,"Holodiscus discolor",0,,,,,,,,urn:uuid:da48d45d-fb5d-4ed6-8d96-8917e53b05de
1243010,Unknown,,Unknown,,"Holodiscus discolor",0,,,,,,,,urn:uuid:cf1fee47-5394-47ac-a2c8-f59c571ef445
1243011,Unknown,,Unknown,,"Holodiscus discolor",0,,,,,,,,urn:uuid:bb157a99-9990-42f5-8c05-b5da4d1f98bf
1243012,Unknown,,Unknown,,"Holodiscus discolor",0,,,,,,,,urn:uuid:97ca89d7-b658-4211-87c8-fc238047703f
1243013,Unknown,,Unknown,,"Holodiscus discolor",0,,,,,,,,urn:uuid:07d57e2d-f364-4aba-a64d-b068009e1369
1243014,Unknown,,Unknown,,"Holodiscus discolor",0,,,,,,,,urn:uuid:8c01e9a9-cfbb-4aa5-bcb3-e149a52251b2
1243015,Unknown,,Unknown,,"Holodiscus discolor",0,,,,,,,,urn:uuid:784f75b3-9858-4000-9346-3633ddfff406
1243016,Unknown,,Unknown,,"Holodiscus discolor",0,,,,,,,,urn:uuid:e97131d1-92f5-467b-9c48-ac38ba8627c0
1243054,Unknown,,Unknown,," Potentilla supina ssp. paradoxa",0,,,,,,,,urn:uuid:d26a04f9-20ca-4aaa-b752-7588fad743ef
1243054,Unknown,,Unknown,,"Potentilla paradoxa",0,,,,,,,,urn:uuid:76808d4b-b7ec-4ff0-8bd2-3367ef8c3d18
1243056,Unknown,,Unknown,,"Porteranthus stipulatus ",0,,,,,,,,urn:uuid:1c4ac6b7-ee28-45cd-bb1a-db4532d1599d
1243057,Unknown,,Unknown,,"Porteranthus stipulatus ",0,,,,,,,,urn:uuid:9e3c0226-ccd1-42e5-8862-5f0c84ed6563
1243058,Unknown,,Unknown,,"Porteranthus stipulatus ",0,,,,,,,,urn:uuid:574d7362-1607-4c1d-94e2-3ad13f85403f
1306584,Unknown,,Unknown,,"Sanguisorba annua",0,,,,,,,,urn:uuid:49072763-273c-4841-b97d-fe83fe808570
1310163,Unknown,,Unknown,,"Sanguisorba annua",0,,,,,,,,urn:uuid:034e3dd9-5e99-48ba-9302-1d2e66534648
1311192,Unknown,,Unknown,,"Sanguisorba annua",0,,,,,,,,urn:uuid:9ab9527c-206a-4b9a-9e7c-a3d1f4bf3b83
1311271,Unknown,,Unknown,,"Sanguisorba annua",0,,,,,,,,urn:uuid:6cbedd11-2703-47ec-85c4-c66a465f73b5
1311693,Unknown,,Unknown,,"Rubus riograndis",0,,,,,,,,urn:uuid:53341852-73dc-4ea9-8df7-0926a1d414ae
1312410,"W. R. Carr",,2002,,"Rubus riograndis",0,,,,,,,,urn:uuid:08bc000f-3b44-4df0-80bf-e3ffd31634a4
1317168,Unknown,,Unknown,,"Sanguisorba annua",0,,,,,,,,urn:uuid:5c954ecc-13f0-4fcc-a3ef-0d7e9b21f921
1321732,Unknown,,Unknown,,"Sanguisorba annua",0,,,,,,,,urn:uuid:e4af1bf2-53f6-4a24-afea-ec9e8e3b531e
1322367,Unknown,,Unknown,,"Sanguisorba annua",0,,,,,,,,urn:uuid:66b95531-af39-4e48-87b1-f43fac1d29ce
1322505,Unknown,,Unknown,,"Sanguisorba annua",0,,,,,,,,urn:uuid:9ba0704f-86a2-48b8-9191-88884e7f67be
1260880,Unknown,,Unknown,,"Rosa setigera",0,,,,,,,,urn:uuid:fd8e63db-1242-45af-8fb7-a4544ace3627
1260881,Unknown,,Unknown,,"Rosa setigera",0,,,,,,,,urn:uuid:72072218-50c2-4cad-9569-120b168baeec
1260882,Unknown,,Unknown,,"Rosa setigera",0,,,,,,,,urn:uuid:1f53e3ba-a125-4abf-9e42-0dc7fa50f531
1260883,Unknown,,Unknown,,"Rosa setigera",0,,,,,,,,urn:uuid:996620bf-f923-480a-af88-cc33e893c5a4
1260884,Unknown,,Unknown,,"Rosa setigera",0,,,,,,,,urn:uuid:dfe8b02b-2396-409d-9c46-a6e9a88084ab
1260885,Unknown,,Unknown,,"Rosa setigera",0,,,,,,,,urn:uuid:db4dafc8-8073-4f01-88b9-ce6013cb04f7
1260886,Unknown,,Unknown,,"Rosa setigera",0,,,,,,,,urn:uuid:3dbc6c85-fd93-48fa-ba1f-ae7350559d57
1260887,Unknown,,Unknown,,"Rosa setigera",0,,,,,,,,urn:uuid:1512142c-1255-4d14-96e0-2602c4f64786
1260888,Unknown,,Unknown,,"Rosa setigera",0,,,,,,,,urn:uuid:207b03c8-1d02-45ac-aca8-a4a0bc6bf715
1260889,Unknown,,Unknown,,"Rosa setigera",0,,,,,,,,urn:uuid:c0bf19d3-a865-4ce2-bc44-f4d89846ddee
1260890,Unknown,,Unknown,,"Rosa setigera",0,,,,,,,,urn:uuid:ce498aa2-9483-49b5-b81f-db938bc29a02
1260891,Unknown,,Unknown,,"Rosa setigera",0,,,,,,,,urn:uuid:345dbf48-70e7-4b33-8e2b-dde141cf4d36
1260892,Unknown,,Unknown,,"Rosa setigera",0,,,,,,,,urn:uuid:c0b68d88-6873-42bc-b164-2a4fa9f69686
1260893,Unknown,,Unknown,,"Rosa setigera",0,,,,,,,,urn:uuid:a0b08d14-9e2d-450f-a2d6-3516ac31906e
1260894,Unknown,,Unknown,,"Rosa setigera",0,,,,,,,,urn:uuid:12caa9eb-a703-4277-b5c4-5f960390004c
1260895,Unknown,,Unknown,,"Rosa setigera",0,,,,,,,,urn:uuid:125fa0a4-c63f-421b-9eb8-ce362c2f85f7
1261017,Unknown,,Unknown,,"Sanguisorba annua",0,,,,,,,,urn:uuid:c1e52894-b686-4328-b34a-d1452f47cda0
1261018,Unknown,,Unknown,,"Sanguisorba annua",0,,,,,,,,urn:uuid:7eaced6c-317b-4a0f-842d-10bb0f77b6a4
1261019,Unknown,,Unknown,,"Sanguisorba annua",0,,,,,,,,urn:uuid:8cc5951e-796c-48bf-9f36-77d18ed831fb
1261020,Unknown,,Unknown,,"Sanguisorba annua",0,,,,,,,,urn:uuid:9c84a2c6-b758-4692-939a-520db65954e7
1261021,Unknown,,Unknown,,"Sanguisorba annua",0,,,,,,,,urn:uuid:34f62fa3-621b-4b65-97e5-eef89b325704
1291144,Unknown,,Unknown,,"Agrimonia microcarpa",0,,,,,,,,urn:uuid:d5847a71-399c-4f2e-a8db-872527693d8a
1292881,Unknown,,Unknown,,"Aronia arbutifolia",0,,,,,,,,urn:uuid:5f100832-e5a2-464a-a555-ed437ac3f760
1293791,Unknown,,Unknown,,"Porteranthus stipulatus ",0,,,,,,,,urn:uuid:5f2459c9-cb00-4b1e-9a61-7fa0047ea012
1294327,Unknown,,Unknown,,"Cercocarpus montanus var. glaber",0,,,,,,,,urn:uuid:51165223-86cd-431b-ba49-1ff6a7abce2f
1294328,Unknown,,Unknown,,"Cercocarpus montanus var. glaber",0,,,,,,,,urn:uuid:b37994ce-4284-4955-95aa-baa425e7b637
1294329,Unknown,,Unknown,,"Cercocarpus montanus var. glaber",0,,,,,,,,urn:uuid:6d9febc4-e0f2-43f3-904e-f723043347d3
1294330,Unknown,,Unknown,,"Cercocarpus montanus var. glaber",0,,,,,,,,urn:uuid:cbee6eec-e588-4ee6-8e27-b74aaed31e97
1294331,Unknown,,Unknown,,"Cercocarpus breviflorus",0,,,,,,,,urn:uuid:eaa813a7-3597-4ed0-a28a-6d9c6edaef46
1294332,Unknown,,Unknown,,"Cercocarpus breviflorus",0,,,,,,,,urn:uuid:32274ebf-f1b3-4a64-b082-73267a2123ab
1294333,Unknown,,Unknown,,"Cercocarpus breviflorus",0,,,,,,,,urn:uuid:949a07ac-26a5-466b-99a5-267f9d455dab
1294334,Unknown,,Unknown,,"Cercocarpus breviflorus",0,,,,,,,,urn:uuid:3437897f-14d6-43bc-bee5-335e9aa2223a
1294335,Unknown,,Unknown,,"Cercocarpus breviflorus",0,,,,,,,,urn:uuid:54a2369a-b6c0-467b-b350-5f68e0003bb2
1294336,Unknown,,Unknown,,"Cercocarpus breviflorus",0,,,,,,,,urn:uuid:84dd251d-70e0-49b5-9f6a-cb0a8ee83235
1294337,Unknown,,Unknown,,"Cercocarpus breviflorus",0,,,,,,,,urn:uuid:2703fa89-29f4-4221-ac0f-e97d1a582a03
1294338,Unknown,,Unknown,,"Cercocarpus breviflorus",0,,,,,,,,urn:uuid:8127aa3d-f126-4482-ab73-0c6887376782
1294339,Unknown,,Unknown,,"Cercocarpus breviflorus",0,,,,,,,,urn:uuid:7ae08e55-047e-431e-88be-202d0764b75f
1294340,Unknown,,Unknown,,"Cercocarpus breviflorus",0,,,,,,,,urn:uuid:925de706-44d8-4a5b-84d5-361be305814a
1294341,Unknown,,Unknown,,"Cercocarpus breviflorus",0,,,,,,,,urn:uuid:bf093e06-0604-4604-a2a6-8f5a19acd906
1294342,Unknown,,Unknown,,"Cercocarpus breviflorus",0,,,,,,,,urn:uuid:9236c4de-cb51-423d-918f-1cea69c35012
1294343,Unknown,,Unknown,,"Cercocarpus breviflorus",0,,,,,,,,urn:uuid:382bc0d8-6e76-49ff-8213-708928146e7b
1294344,Unknown,,Unknown,,"Cercocarpus breviflorus",0,,,,,,,,urn:uuid:8a0f2fbe-4d9b-48a0-8117-b17de6b35b3b
1294345,Unknown,,Unknown,,"Cercocarpus breviflorus",0,,,,,,,,urn:uuid:7437d93f-cee4-4ccd-b05e-6e46ceac48f9
1294346,Unknown,,Unknown,,"Cercocarpus breviflorus",0,,,,,,,,urn:uuid:2d7ae70f-a180-4470-9dc4-a5515d9c5d5c
1294347,Unknown,,Unknown,,"Cercocarpus breviflorus",0,,,,,,,,urn:uuid:a37ad147-682d-4c75-bfb2-de6c6c516b6e
1294348,Unknown,,Unknown,,"Cercocarpus breviflorus",0,,,,,,,,urn:uuid:253ec509-5cb5-408e-9b3b-5c10c175f4c6
1294349,Unknown,,Unknown,,"Cercocarpus breviflorus",0,,,,,,,,urn:uuid:be20e996-24a6-49ac-81bf-2b7b62e0c867
1294350,Unknown,,Unknown,,"Cercocarpus breviflorus",0,,,,,,,,urn:uuid:8a259136-c77e-4134-9674-60c9123c924a
1294351,Unknown,,Unknown,,"Cercocarpus breviflorus",0,,,,,,,,urn:uuid:268d318b-df04-49f4-b073-96e0a2a082f1
1294352,Unknown,,Unknown,,"Cercocarpus breviflorus",0,,,,,,,,urn:uuid:0747d57a-5ff9-42db-9a0d-cc29836ec250
1294353,Unknown,,Unknown,,"Cercocarpus breviflorus",0,,,,,,,,urn:uuid:f05da44a-94d8-42fd-94c2-9f06bfe464cb
1294354,Unknown,,Unknown,,"Cercocarpus breviflorus",0,,,,,,,,urn:uuid:d090d3ac-5c1f-467e-a386-b8e866718eda
1294355,Unknown,,Unknown,,"Cercocarpus breviflorus",0,,,,,,,,urn:uuid:56ee0871-95fd-4fd0-ac0a-38653b560e15
1294356,Unknown,,Unknown,,"Cercocarpus breviflorus",0,,,,,,,,urn:uuid:619edc01-ac17-490b-bd19-9d6609de160c
1294357,Unknown,,Unknown,,"Cercocarpus breviflorus",0,,,,,,,,urn:uuid:3acc8c15-c345-4808-b18f-b36ae65448eb
1294358,Unknown,,Unknown,,"Cercocarpus breviflorus",0,,,,,,,,urn:uuid:42c4a7e9-1105-4434-9eb5-b495bb9a28d5
1294359,Unknown,,Unknown,,"Cercocarpus montanus var. glaber",0,,,,,,,,urn:uuid:7dd8d3e2-da29-4c1a-a22c-b0043593bfa9
1294360,Unknown,,Unknown,,"Cercocarpus montanus var. glaber",0,,,,,,,,urn:uuid:4cb12b3a-0f1b-4f32-b4e8-230e510b418e
1294361,Unknown,,Unknown,,"Cercocarpus montanus var. glaber",0,,,,,,,,urn:uuid:e6caa094-2058-4a83-89c5-79e9e5da790d
1294362,Unknown,,Unknown,,"Cercocarpus montanus var. glaber",0,,,,,,,,urn:uuid:ef8be9a3-3e42-4468-af4b-13527bc54bf6
1294363,Unknown,,Unknown,,"Cercocarpus montanus var. glaber",0,,,,,,,,urn:uuid:8897e398-d00f-4da5-be12-f48c8629bead
1294364,Unknown,,Unknown,,"Cercocarpus montanus var. glaber",0,,,,,,,,urn:uuid:9ebe0a5a-51aa-4b67-983a-a28a38cc99a1
1295948,Unknown,,Unknown,,"Sanguisorba annua",0,,,,,,,,urn:uuid:dd86f935-d9ae-4ddd-b7d6-d7c6df1fbfbf
1402927,Unknown,,Unknown,,"Sanguisorba annua",0,,,,,,,,urn:uuid:b1befe10-3587-4561-92fe-a8e1ba203501
1402928,Unknown,,Unknown,,"Sanguisorba annua",0,,,,,,,,urn:uuid:cd047794-3a5c-4c24-b8a7-a71b7e1dfac8
1402929,Unknown,,Unknown,,"Sanguisorba annua",0,,,,,,,,urn:uuid:86399f29-fdf7-45b3-8866-707fce39df8f
1412807,Unknown,,Unknown,,"Cercocarpus breviflorus",0,,,,,,,,urn:uuid:2931af3a-3a73-4263-937d-c74abf28871d
1412808,Unknown,,Unknown,,"Cercocarpus montanus var. glaber",0,,,,,,,,urn:uuid:4964c2f1-eeb6-4547-9393-22729a52bddb
1412809,Unknown,,Unknown,,"Cercocarpus montanus var. glaber",0,,,,,,,,urn:uuid:a795d072-f22a-4aef-bd39-7f21ccbaa0e5
1412810,Unknown,,Unknown,,"Cercocarpus breviflorus",0,,,,,,,,urn:uuid:a7ad4ba3-2eb6-4db0-be94-904ea53d5f8f
1412811,Unknown,,Unknown,,"Cercocarpus breviflorus",0,,,,,,,,urn:uuid:edbe92ee-69b0-44b7-a79d-39f0e867ad55
1412812,Unknown,,Unknown,,"Cercocarpus breviflorus",0,,,,,,,,urn:uuid:45d508f3-47f7-42eb-a07c-671f2282eeef
1412813,Unknown,,Unknown,,"Cercocarpus breviflorus",0,,,,,,,,urn:uuid:731498b6-9de5-4a13-b28b-d2eae47d4018
1412814,Unknown,,Unknown,,"Cercocarpus breviflorus",0,,,,,,,,urn:uuid:91b9e637-75e1-4827-b4c8-75a29e88eebb
1412815,Unknown,,Unknown,,"Cercocarpus breviflorus",0,,,,,,,,urn:uuid:d438d098-688f-479a-a28f-74ad8bd9fe08
1412816,Unknown,,Unknown,,"Cercocarpus breviflorus",0,,,,,,,,urn:uuid:f64d819d-dff6-46d0-b1ea-568795b7098b
1412817,Unknown,,Unknown,,"Cercocarpus breviflorus",0,,,,,,,,urn:uuid:a1d9fa9d-304f-4c01-8601-28c51b3d1bb7
1412818,Unknown,,Unknown,,"Cercocarpus breviflorus",0,,,,,,,,urn:uuid:f126b492-0223-438b-a5b8-8d797bde4703
1412819,Unknown,,Unknown,,"Cercocarpus breviflorus",0,,,,,,,,urn:uuid:e9f1fa7f-aa08-4ee9-8317-894e4df5a6e3
1412820,Unknown,,Unknown,,"Cercocarpus breviflorus",0,,,,,,,,urn:uuid:09e16407-b958-44e4-af08-14cb6a706752
1412821,Unknown,,Unknown,,"Cercocarpus montanus var. glaber",0,,,,,,,,urn:uuid:ca47aaab-beae-45a1-a658-0c1409032a81
1412822,Unknown,,Unknown,,"Cercocarpus montanus var. glaber",0,,,,,,,,urn:uuid:3ded3a03-2738-4c50-8333-12e32e04609f
1412823,Unknown,,Unknown,,"Cercocarpus montanus var. glaber",0,,,,,,,,urn:uuid:64163cf8-55cc-4011-aac7-b8a28ff7c44b
1369020,Unknown,,Unknown,,"Rosa setigera",0,,,,,,,,urn:uuid:ac89b723-844e-4f81-80f6-aab489d0c637
1369021,Unknown,,Unknown,,"Rosa setigera",0,,,,,,,,urn:uuid:951f9d34-31a8-4951-806d-c3c151f90bb9
1369022,Unknown,,Unknown,,"Rosa setigera",0,,,,,,,,urn:uuid:1478c5bf-5e90-483c-a933-5b3dbfae5296
1369030,Unknown,,Unknown,,"Rubus flagellaris",0,,,,,,,,urn:uuid:9974402a-9e39-4467-9b25-8789f8966a90
1369041,Unknown,,Unknown,,"Sanguisorba annua",0,,,,,,,,urn:uuid:0963dda5-f82d-4383-8d42-753192112f7e
1369042,Unknown,,Unknown,,"Sanguisorba annua",0,,,,,,,,urn:uuid:6d20851e-506f-4ce0-9b61-16d35a1a08f6
1369043,Unknown,,Unknown,,"Sanguisorba annua",0,,,,,,,,urn:uuid:40bb11c1-25f1-4046-a0dd-f7ecdad0aa95
1369044,Unknown,,Unknown,,"Sanguisorba annua",0,,,,,,,,urn:uuid:890d373b-7085-4730-9cac-61a863ec1ac3
1369045,Unknown,,Unknown,,"Sanguisorba annua",0,,,,,,,,urn:uuid:29380b9c-6f16-4428-9ce8-5fbdf6f71988
1396318,Unknown,,Unknown,,"Agrimonia gryposepala",0,,,,,,,,urn:uuid:502eb803-1b79-4446-a3a4-f0ee24432eec
1396324,Unknown,,Unknown,,"Aronia arbutifolia",0,,,,,,,,urn:uuid:31ab314a-89b7-4ec1-b545-2186c4c2f70d
1396325,Unknown,,Unknown,,"Aronia arbutifolia",0,,,,,,,,urn:uuid:973ed5b8-40f3-40ff-b4b4-c7f940d8a6d6
1396326,Unknown,,Unknown,,"Aronia arbutifolia",0,,,,,,,,urn:uuid:e77dce3a-47eb-43b5-b3c7-f9e3b1468046
1396327,Unknown,,Unknown,,"Aronia arbutifolia",0,,,,,,,,urn:uuid:80f772fb-a3fd-46b6-afc5-8443d60cc02c
1396328,Unknown,,Unknown,,"Aronia arbutifolia",0,,,,,,,,urn:uuid:e8778481-2084-4512-8bf3-b9dc4daf9db0
1396329,Unknown,,Unknown,,"Aronia arbutifolia",0,,,,,,,,urn:uuid:344aa849-2044-42d6-9073-32b76b45f69c
1396334,Unknown,,Unknown,,"Cercocarpus montanus var. glaber",0,,,,,,,,urn:uuid:9f238cec-808b-46e9-ad41-eac8a235c019
1396411,Unknown,,Unknown,,"Holodiscus discolor",0,,,,,,,,urn:uuid:665afaa0-fa81-47dd-93ee-90c97227f931
1396412,Unknown,,Unknown,,"Holodiscus discolor",0,,,,,,,,urn:uuid:40e87f03-6bab-44b3-9534-2ee6ddaf7442
1396413,Unknown,,Unknown,,"Holodiscus discolor",0,,,,,,,,urn:uuid:3935fa13-961b-4adc-8fae-02c1a521b580
1396414,Unknown,,Unknown,,"Holodiscus discolor",0,,,,,,,,urn:uuid:130c5cbd-646e-4e43-bf30-df5e4804daa7
1396415,Unknown,,Unknown,,"Holodiscus discolor",0,,,,,,,,urn:uuid:e4f201df-57de-4081-bd5a-42f7a7ca8df5
1396416,Unknown,,Unknown,,"Holodiscus discolor",0,,,,,,,,urn:uuid:d4fbfe12-52a3-4a70-ac9b-5889a01883e5
1396417,Unknown,,Unknown,,"Holodiscus discolor",0,,,,,,,,urn:uuid:7ed1ca36-f7dc-438b-98c4-d0a5ec3a9b0d
1396431,Unknown,,Unknown,,"Porteranthus stipulatus ",0,,,,,,,,urn:uuid:470fa0a4-f111-4cac-9899-630aab8de830
1396432,Unknown,,Unknown,,"Porteranthus stipulatus ",0,,,,,,,,urn:uuid:6b36dfa5-06ea-49fe-b9a2-a7bf79544778
1396433,Unknown,,Unknown,,"Porteranthus stipulatus ",0,,,,,,,,urn:uuid:54ffe928-c57c-4acf-aad8-2c7a01129c76
1396434,Unknown,,Unknown,,"Porteranthus stipulatus ",0,,,,,,,,urn:uuid:bfd982c9-1e3e-419a-b742-e6c913df7899
1402878,Unknown,,Unknown,,"Rosa setigera",0,,,,,,,,urn:uuid:51452918-1989-4fae-b6a1-4684dc3a67c2
1402879,Unknown,,Unknown,,"Rosa setigera",0,,,,,,,,urn:uuid:9ee0c552-f713-4532-ad39-2d31f5ff73fb
1402880,Unknown,,Unknown,,"Rosa setigera",0,,,,,,,,urn:uuid:73fb6330-b1f2-4544-bf68-99787ea59a65
1402881,Unknown,,Unknown,,"Rosa setigera",0,,,,,,,,urn:uuid:8fddefef-725c-49fb-a76b-90f3e25d7173
1368805,Unknown,,Unknown,,"Aronia arbutifolia",0,,,,,,,,urn:uuid:2dcd4d2c-beb0-48da-8947-a031e4aaa565
1368806,Unknown,,Unknown,,"Cercocarpus breviflorus",0,,,,,,,,urn:uuid:174fdccf-d7be-4821-8237-56a022fee029
1368809,Unknown,,Unknown,,"Cercocarpus montanus var. glaber",0,,,,,,,,urn:uuid:8015c05f-d7ff-4d69-91da-c516dcd34760
1368810,Unknown,,Unknown,,"Cercocarpus montanus var. glaber",0,,,,,,,,urn:uuid:c78981ce-9911-4ff2-b63b-7ee4f55affa9
1368894,Unknown,,Unknown,,"Porteranthus stipulatus ",0,,,,,,,,urn:uuid:df2cf69c-2bfd-4040-99a5-5abae8d300e5
1368895,Unknown,,Unknown,,"Porteranthus stipulatus ",0,,,,,,,,urn:uuid:34c53ea4-0b6a-43e1-9151-c89a0cd548c0
1368896,Unknown,,Unknown,,"Porteranthus stipulatus ",0,,,,,,,,urn:uuid:d16a88b1-40c5-41fb-8d6b-e1c0d58748b1
1368897,Unknown,,Unknown,,"Porteranthus stipulatus ",0,,,,,,,,urn:uuid:fac54065-dc97-45d7-9f6a-409370e6a0ca
1368898,Unknown,,Unknown,,"Porteranthus stipulatus ",0,,,,,,,,urn:uuid:7893eff0-651d-4640-9a92-3eff716b13d4
1368903,Unknown,,Unknown,,"Potentilla paradoxa",0,,,,,,,,urn:uuid:1333c78f-f40e-4651-8ba2-2883a2741060
1368904,Unknown,,Unknown,," Potentilla supina ssp. paradoxa",0,,,,,,,,urn:uuid:57cfd77f-8910-4336-ad7c-b5d6300ca413
1368904,Unknown,,Unknown,,"Potentilla paradoxa",0,,,,,,,,urn:uuid:35813483-7038-44c7-8570-9771f056b019
