coreid,identifiedBy,identifiedByID,dateIdentified,identificationQualifier,scientificName,identificationIsCurrent,scientificNameAuthorship,genus,specificEpithet,taxonRank,infraspecificEpithet,identificationReferences,identificationRemarks,recordId
1201688,Unknown,,Unknown,,"Populus angustifolia",0,,,,,,,,urn:uuid:0910996e-3813-4d21-aafb-e97065cc7ce1
1201745,Unknown,,Unknown,,"Salix gooddingii",0,,,,,,,,urn:uuid:58c7c1f9-4826-4852-8ab0-95763208d6e0
1201746,Unknown,,Unknown,,"Salix gooddingii",0,,,,,,,,urn:uuid:e81705e2-0b19-4bf5-97d3-154951e7094e
1201747,Unknown,,Unknown,,"Salix gooddingii",0,,,,,,,,urn:uuid:b1bff2f1-9e8b-4baa-83b6-d2f9f20caba8
1201748,Unknown,,Unknown,,"Salix gooddingii",0,,,,,,,,urn:uuid:4c1a6711-01f4-46bf-967a-61820b0ef711
1201751,Unknown,,Unknown,,"Salix nigra",0,,,,,,,,urn:uuid:c7751add-009d-42e5-9613-cd2f5b5cebeb
1201752,Unknown,,Unknown,,"Salix nigra",0,,,,,,,,urn:uuid:45c2a4b5-623c-40e3-b1d7-645f2cbfc594
1201756,Unknown,,Unknown,,"Salix  nigra",0,,,,,,,,urn:uuid:916a9f70-fb23-4f46-9dde-f48d6be71c35
1212437,Unknown,,Unknown,,"Salix  nigra",0,,,,,,,,urn:uuid:1be4cf57-b9b0-48aa-b820-044d89624f78
1212446,Unknown,,Unknown,,"Salix nigra",0,,,,,,,,urn:uuid:69c0ac8c-abf2-4e21-869a-1c5cde5ad113
1212447,Unknown,,Unknown,,"Salix nigra",0,,,,,,,,urn:uuid:0e32fbe1-eefa-46a7-b6cd-d33415422264
1212458,Unknown,,Unknown,,"Salix nigra",0,,,,,,,,urn:uuid:d8a0ce2a-f4cc-456b-aabb-76724ca1e553
1212478,Unknown,,Unknown,,"Salix nigra",0,,,,,,,,urn:uuid:1f67afc6-272e-454b-98dc-906f2f9d0bf8
1212483,Unknown,,Unknown,,"Salix nigra",0,,,,,,,,urn:uuid:5e00d4f4-9915-40fe-8488-a55d19696a63
1212496,Unknown,,Unknown,,"Salix gooddingii",0,,,,,,,,urn:uuid:0f0ebd8f-1ee1-4605-9179-a0f06567750f
1212500,Unknown,,Unknown,,"Salix  nigra",0,,,,,,,,urn:uuid:448e8269-1c41-4f5f-80f0-052c5f9f0c0f
1212501,Unknown,,Unknown,,"Salix gooddingii",0,,,,,,,,urn:uuid:5e13a074-63dc-4d4b-a406-a2e8f7c994df
1212528,Unknown,,Unknown,,"Salix nigra",0,,,,,,,,urn:uuid:8818514f-c7a6-4fce-b3df-72731b50143e
1212538,Unknown,,Unknown,,"Salix  nigra",0,,,,,,,,urn:uuid:24463cdb-d096-4fa5-8fd0-9e7b6af44dc8
1212557,Unknown,,Unknown,,"Salix nigra",0,,,,,,,,urn:uuid:fc15e739-c799-4592-92cc-5e218629681a
1293506,Unknown,,Unknown,,"Populus sp.",0,,,,,,,,urn:uuid:bd2a49f2-0d06-4394-a307-452492e942c7
1298446,Unknown,,Unknown,,"Salix nigra",0,,,,,,,,urn:uuid:545c8ce9-332a-4cca-9e6c-03c23392e8bc
1379364,Unknown,,Unknown,,"Salix gooddingii",0,,,,,,,,urn:uuid:6550e699-748d-4ab4-8114-2bcd6c8d17eb
1379365,Unknown,,Unknown,,"Salix gooddingii",0,,,,,,,,urn:uuid:4d755830-47ad-4ae5-97f2-fab23c574db3
1379370,Unknown,,Unknown,,"Salix nigra",0,,,,,,,,urn:uuid:e933bd69-4fd6-4e36-b32a-b41fbd915ad0
1379371,Unknown,,Unknown,,"Salix nigra",0,,,,,,,,urn:uuid:a7103b26-c067-469c-96d6-905d64a0a1bb
1379372,Unknown,,Unknown,,"Salix  nigra",0,,,,,,,,urn:uuid:28d9238a-d75b-43e8-8f7d-dcba41ddd325
1379373,Unknown,,Unknown,,"Salix  nigra",0,,,,,,,,urn:uuid:17c68f43-320a-47c5-83f3-8e06548d1ade
1384048,Unknown,,Unknown,,"Salix  nigra",0,,,,,,,,urn:uuid:312e13e3-9c1e-4e01-b4ea-f90747e7a80f
1384101,Unknown,,Unknown,,"Salix nigra",0,,,,,,,,urn:uuid:4caba45b-b816-4e83-a354-583703058cf9
