coreid,identifiedBy,identifiedByID,dateIdentified,identificationQualifier,scientificName,identificationIsCurrent,scientificNameAuthorship,genus,specificEpithet,taxonRank,infraspecificEpithet,identificationReferences,identificationRemarks,recordId
1175643,Unknown,,Unknown,,"Calamintha arkansana",0,,,,,,,,urn:uuid:ce800055-c9c3-4385-83a8-022e15856731
1175644,Unknown,,Unknown,,"Calamintha arkansana",0,,,,,,,,urn:uuid:e1defed1-b803-4195-a91f-8674924734cf
1175675,Unknown,,Unknown,,"Hedeoma reverchonii",0,,,,,,,,urn:uuid:74b824a1-050d-4fdb-a99c-ca56577d1699
1175676,Unknown,,Unknown,,"Hedeoma reverchonii",0,,,,,,,,urn:uuid:5d19657d-fb27-45af-a6f2-caf68bd0c0e0
1175677,Unknown,,Unknown,,"Hedeoma reverchonii",0,,,,,,,,urn:uuid:edd1bcaa-9bbb-4742-b238-077b54bdc950
1175682,Unknown,,Unknown,,"Hedeoma reverchonii",0,,,,,,,,urn:uuid:99b012fd-0c6c-4a88-8389-741678699e76
1270700,Unknown,,Unknown,,"Hedeoma plicata",0,,,,,,,,urn:uuid:fb18baa7-4264-427d-bc96-3f48297c0b5a
1270714,Unknown,,Unknown,,"Hedeoma reverchonii",0,,,,,,,,urn:uuid:90193151-4e56-4169-9e4a-a5bdbfea597c
1270815,Unknown,,Unknown,,"Hedeoma serpyllifolia",0,,,,,,,,urn:uuid:5d3f5f69-ec0a-43cb-a8f1-9447d90c0c6c
1270821,Unknown,,Unknown,,"Hedeoma serpyllifolia",0,,,,,,,,urn:uuid:acdb45f3-48af-4a19-8d33-ced0c4f060bf
1270828,Unknown,,Unknown,,"Hedeoma serpyllifolia",0,,,,,,,,urn:uuid:4c98c795-95f6-4c9e-88b3-014b602b1319
1270921,Unknown,,Unknown,,"Micromeria brownei",0,,,,,,,,urn:uuid:1f621487-b5e0-4eb4-ae39-9e5a8cbf140b
1270922,Unknown,,Unknown,,"Micromeria brownei",0,,,,,,,,urn:uuid:081012f3-6cf1-424b-91ae-76f701d731bc
1270923,Unknown,,Unknown,,"Micromeria brownei",0,,,,,,,,urn:uuid:4199aa1a-05a5-4124-bf46-57aef127d4a4
1270924,Unknown,,Unknown,,"Micromeria brownei",0,,,,,,,,urn:uuid:a396e820-516a-47ae-9633-46219ec396bd
1270925,Unknown,,Unknown,,"Micromeria brownei",0,,,,,,,,urn:uuid:25e08fb2-0bc8-473a-9a00-b45d0ddb1668
1270926,Unknown,,Unknown,,"Micromeria brownei",0,,,,,,,,urn:uuid:1cda08fa-7360-409e-8d01-1adc037d717d
1270927,Unknown,,Unknown,,"Micromeria brownei",0,,,,,,,,urn:uuid:91e75dc2-c32f-46e1-8080-145e2c610ac4
1270928,Unknown,,Unknown,,"Micromeria brownei",0,,,,,,,,urn:uuid:7372f4d7-a849-4987-859c-d50dc93802ff
1270929,Unknown,,Unknown,,"Micromeria brownei",0,,,,,,,,urn:uuid:6d9a11b8-af02-4fd9-90eb-9d3b33725f8f
1270930,Unknown,,Unknown,,"Micromeria brownei",0,,,,,,,,urn:uuid:44c1150b-1199-498a-94bc-fd4a948a3248
1270931,Unknown,,Unknown,,"Micromeria brownei",0,,,,,,,,urn:uuid:aa22bef4-6432-40fa-8fb5-b5d30466397f
1270932,Unknown,,Unknown,,"Micromeria brownei",0,,,,,,,,urn:uuid:bd28bbab-ca04-4056-81d9-e88db89e06e0
1270933,Unknown,,Unknown,,"Micromeria brownei",0,,,,,,,,urn:uuid:b30640ae-8c98-44bc-b966-f75f3940ce66
1270934,Unknown,,Unknown,,"Micromeria brownei",0,,,,,,,,urn:uuid:1871a387-118c-4968-bb58-28cefcc00344
1270935,Unknown,,Unknown,,"Micromeria brownei",0,,,,,,,,urn:uuid:0ead6bc2-90b1-4e34-8b84-e2b912f8036b
1270936,Unknown,,Unknown,,"Micromeria brownei",0,,,,,,,,urn:uuid:479a47aa-ddb1-41c5-bde2-023af68cc90b
1270937,Unknown,,Unknown,,"Micromeria brownei",0,,,,,,,,urn:uuid:b195f220-07ba-4697-8887-00bebb6c4ca6
1270938,Unknown,,Unknown,,"Micromeria brownei",0,,,,,,,,urn:uuid:8a5fa689-6bce-4519-9993-6da160df81f8
1270939,Unknown,,Unknown,,"Micromeria brownei",0,,,,,,,,urn:uuid:f0e4df99-cdea-4fe1-b6be-93979987ea36
1270940,Unknown,,Unknown,,"Micromeria brownei",0,,,,,,,,urn:uuid:8a418931-7393-43e3-8641-38fb64df0e66
1270941,Unknown,,Unknown,,"Micromeria brownei",0,,,,,,,,urn:uuid:e72e741b-42ec-442f-8961-7abe83534d35
1270942,Unknown,,Unknown,,"Micromeria brownei",0,,,,,,,,urn:uuid:1acd76aa-b7c0-401d-a058-767342f33bb6
1270943,Unknown,,Unknown,,"Micromeria brownei",0,,,,,,,,urn:uuid:c512f107-5178-4d99-8a42-78d9fcd27620
1270944,Unknown,,Unknown,,"Micromeria brownei",0,,,,,,,,urn:uuid:31d34f5c-7185-4c8d-a8cd-a09e467b8cae
1270945,Unknown,,Unknown,,"Micromeria brownei",0,,,,,,,,urn:uuid:d5c27390-8ba2-4a8e-9387-5bae794bdd00
1270946,Unknown,,Unknown,,"Micromeria brownei",0,,,,,,,,urn:uuid:b97efbc9-4c57-413d-bdd1-0a286abe84c5
1270947,Unknown,,Unknown,,"Micromeria brownei",0,,,,,,,,urn:uuid:e2d109e1-e41c-4442-9275-0d3f6ff63450
1255207,Unknown,,Unknown,,"Micromeria brownei",0,,,,,,,,urn:uuid:f9a62f86-b0c5-46d4-afe6-3c2d79818307
1270472,Unknown,,Unknown,,"Calamintha arkansana",0,,,,,,,,urn:uuid:87d21a6a-670b-4f68-95da-7061c2390ad6
1270473,Unknown,,Unknown,,"Calamintha arkansana",0,,,,,,,,urn:uuid:5aae5a8b-4fc6-491c-abeb-7459656a8f71
1270474,Unknown,,Unknown,,"Calamintha arkansana",0,,,,,,,,urn:uuid:39896dc1-2599-429a-a10c-f610a60555da
1270475,Unknown,,Unknown,,"Calamintha arkansana",0,,,,,,,,urn:uuid:5a64a782-4015-47fb-b6ab-2309b49086a6
1270476,Unknown,,Unknown,,"Calamintha arkansana",0,,,,,,,,urn:uuid:27fd9521-25a9-4852-b520-9a1d486281d3
1270477,Unknown,,Unknown,,"Calamintha arkansana",0,,,,,,,,urn:uuid:edcc5790-4cbc-4672-8788-6abfdb93c854
1270478,Unknown,,Unknown,,"Calamintha arkansana",0,,,,,,,,urn:uuid:15cad139-715b-45b4-86d2-9c4700e6c56a
1270479,Unknown,,Unknown,,"Calamintha arkansana",0,,,,,,,,urn:uuid:a812f2ed-b38a-451f-aa28-7fa59f45552b
1270480,Unknown,,Unknown,,"Calamintha arkansana",0,,,,,,,,urn:uuid:5e26d9d0-ddab-481c-a2f3-0fbf42f61cc7
1270481,Unknown,,Unknown,,"Calamintha arkansana",0,,,,,,,,urn:uuid:110ceacf-3dea-46a9-8921-99c6275be84c
1270482,Unknown,,Unknown,,"Calamintha arkansana",0,,,,,,,,urn:uuid:38610002-a0b7-49b3-8b91-249c9fa0cd7b
1270483,Unknown,,Unknown,,"Calamintha arkansana",0,,,,,,,,urn:uuid:7fcceeae-648e-4fe0-ac33-704bd525a333
1270484,Unknown,,Unknown,,"Calamintha arkansana",0,,,,,,,,urn:uuid:b0adc4ea-ffec-4fa4-9d05-432b8006b860
1270485,Unknown,,Unknown,,"Calamintha arkansana",0,,,,,,,,urn:uuid:07a00044-d267-4234-b4b3-4b8b5e8246ec
1270488,Unknown,,Unknown,,"Coleus blumei",0,,,,,,,,urn:uuid:c012327c-ff0f-4989-b4af-4ce11ff03358
1203263,Unknown,,Unknown,,"Calamintha arkansana",0,,,,,,,,urn:uuid:8fb5599d-c70a-4d10-94ac-af07fa7bbbc8
1217396,Unknown,,Unknown,,"Hedeoma serpyllifolia",0,,,,,,,,urn:uuid:3b3bdca1-5064-4c9b-b0e8-8668a305d29e
1255148,Unknown,,Unknown,,"Scutellaria ovata var. texana",0,,,,,,,,urn:uuid:fc47c545-af0a-4307-8c89-bf96d54c3102
1255149,Unknown,,Unknown,,"Scutellaria ovata var. texana",0,,,,,,,,urn:uuid:1e3cde04-4a1a-421b-9698-ae28349492bb
1255150,Unknown,,Unknown,,"Scutellaria ovata var. texana",0,,,,,,,,urn:uuid:f8f7c3d6-bdec-4ae7-9d31-6c7a222d81e5
1255151,Unknown,,Unknown,,"Scutellaria ovata var. texana",0,,,,,,,,urn:uuid:84ca118f-7998-4bf0-b048-48387948aea2
1255152,Unknown,,Unknown,,"Scutellaria ovata var. texana",0,,,,,,,,urn:uuid:cc62fa5b-6f2c-4d50-982f-c6a79992d8c7
1255153,Unknown,,Unknown,,"Scutellaria ovata var. texana",0,,,,,,,,urn:uuid:51138503-0278-47ef-9435-8e6b8c9f27fa
1255154,Unknown,,Unknown,,"Scutellaria ovata var. texana",0,,,,,,,,urn:uuid:6e5bf276-1668-45f1-8361-83e4a19ee105
1255155,Unknown,,Unknown,,"Scutellaria ovata var. texana",0,,,,,,,,urn:uuid:c2511cbf-e458-49bd-8fb7-479d19c8af14
1255156,Unknown,,Unknown,,"Scutellaria ovata var. texana",0,,,,,,,,urn:uuid:119c246c-b8c5-4a23-bb33-ddf0945baeb6
1255157,Unknown,,Unknown,,"Scutellaria ovata var. texana",0,,,,,,,,urn:uuid:ee9c3cd1-d09d-4d1e-ad63-d6125bfa3b3c
1255158,Unknown,,Unknown,,"Scutellaria ovata var. texana",0,,,,,,,,urn:uuid:f32b50fb-8ddd-40d1-821b-a052689b9de7
1255159,Unknown,,Unknown,,"Scutellaria ovata var. texana",0,,,,,,,,urn:uuid:b531bc43-7b4f-46f1-82d6-af3a88a62032
1255197,Unknown,,Unknown,,"Calamintha arkansana",0,,,,,,,,urn:uuid:b7746526-ec6c-4305-b91b-fd3eb1fffa00
1176617,Unknown,,Unknown,,"Calamintha glabella",0,,,,,,,,urn:uuid:83a708d6-9ce3-4f09-b976-262c10b52fb0
1176655,Unknown,,Unknown,,"Physostegia digitalis",0,,,,,,,,urn:uuid:4326f31e-6445-465f-a6b5-932b53015d90
1190376,Unknown,,Unknown,,"Physostegia  virginiana var. praemorsa",0,,,,,,,,urn:uuid:40657d24-c8fb-4fe4-8eca-b2ffc098bbe9
1190752,Unknown,,Unknown,,"Micromeria brownei",0,,,,,,,,urn:uuid:a8ba7390-171d-4e3a-bfd1-d3534287e29d
1176359,Unknown,,Unknown,,"Scutellaria ovata var. bracteata",0,,,,,,,,urn:uuid:b48191bc-00f2-4dff-a027-490a9bd2c457
1176360,Unknown,,Unknown,,"Scutellaria ovata var. bracteata",0,,,,,,,,urn:uuid:601af6fc-3433-47cc-920b-396eaf07bc1a
1176361,Unknown,,Unknown,,"Scutellaria ovata var. bracteata",0,,,,,,,,urn:uuid:374745cf-bcfc-4486-b345-b027a74e4e68
1176362,Unknown,,Unknown,,"Scutellaria ovata var. bracteata",0,,,,,,,,urn:uuid:d1594dd2-d942-458b-87ca-1e1720f200d1
1176363,Unknown,,Unknown,,"Scutellaria ovata var. bracteata",0,,,,,,,,urn:uuid:6f836689-0ae6-4d36-aa81-99514abb8eda
1176364,Unknown,,Unknown,,"Scutellaria ovata var. bracteata",0,,,,,,,,urn:uuid:581d25ce-089d-4c29-9bd6-130196be937d
1176365,Unknown,,Unknown,,"Scutellaria ovata var. bracteata",0,,,,,,,,urn:uuid:e3ae55fa-9d05-4055-9af2-560f5c3c2d96
1176366,Unknown,,Unknown,,"Scutellaria ovata var. bracteata",0,,,,,,,,urn:uuid:e14b7b99-55c2-42cc-9ffd-049dc0cb7664
1176367,Unknown,,Unknown,,"Scutellaria ovata var. bracteata",0,,,,,,,,urn:uuid:050bfb17-fc9f-4605-a425-e7312cbd4f66
1175727,Unknown,,Unknown,,"Hedeoma drummondii",0,,,,,,,,urn:uuid:7c8cf4d9-c340-41ee-ace3-e9dbd00eb387
1175757,Unknown,,Unknown,,"Hedeoma serpyllifolium",0,,,,,,,,urn:uuid:6be38dae-a394-45e2-9ddd-cf6650403abe
1175758,Unknown,,Unknown,,"Hedeoma serpyllifolium",0,,,,,,,,urn:uuid:a9dc16e6-9f44-4b78-9e75-d98e73045cc7
1175779,Unknown,,Unknown,,"Hedeoma serpyllifolia",0,,,,,,,,urn:uuid:2b9c8ba1-2e4e-4282-a2e9-abf55c0fec68
1175900,Unknown,,Unknown,,"Micromeria brownei",0,,,,,,,,urn:uuid:b94568c2-af8f-440f-a692-83aff4472360
1175901,Unknown,,Unknown,,"Micromeria brownei",0,,,,,,,,urn:uuid:1aded6cd-de39-4424-9a53-349b550eb465
1175902,Unknown,,Unknown,,"Micromeria brownei",0,,,,,,,,urn:uuid:af38bc22-7938-4626-a56d-14247343835b
1175903,Unknown,,Unknown,,"Micromeria brownei",0,,,,,,,,urn:uuid:4e4cd167-d2d2-427c-bf0f-84d6c2bd455f
1175904,Unknown,,Unknown,,"Micromeria brownei",0,,,,,,,,urn:uuid:1d40e3ca-ba1e-4423-9812-b513e4fd803e
1175905,Unknown,,Unknown,,"Micromeria brownei",0,,,,,,,,urn:uuid:34209e57-85ff-44b4-9fe3-6ac573e95236
1175906,Unknown,,Unknown,,"Micromeria brownei",0,,,,,,,,urn:uuid:ef9b5c99-380e-4832-a3a4-8b68316d49f3
1175907,Unknown,,Unknown,,"Micromeria brownei",0,,,,,,,,urn:uuid:baefb9f4-c799-4006-81f9-697c8dc56580
1175908,Unknown,,Unknown,,"Micromeria brownei",0,,,,,,,,urn:uuid:75f962b9-8370-4711-95b9-c44c19e295d4
1271150,Unknown,,Unknown,,"Physostegia digitalis",0,,,,,,,,urn:uuid:bd7bd23d-54d3-4237-9677-8db673f6207c
1293360,Unknown,,Unknown,,"Monarda lindheimeri",0,,,,,,,,urn:uuid:0ddc15be-0810-4645-902e-5b18e07d1e38
1293381,Unknown,,Unknown,,"Hedeoma drummondii",0,,,,,,,,urn:uuid:0b6d5bee-78aa-4778-95d0-bcc4b3070411
1293858,Unknown,,Unknown,,"Micromeria brownei",0,,,,,,,,urn:uuid:a9890619-455d-4a5a-ab7d-1a6003141ae4
1294107,Unknown,,Unknown,,"Monarda lindheimeri",0,,,,,,,,urn:uuid:73dcd84d-3580-4a9e-9372-dba005d7fa81
1294199,Unknown,,Unknown,,"Hedeoma reverchonii",0,,,,,,,,urn:uuid:87d03bfb-2ae1-4ff3-9ef6-342e13174a99
1294921,Unknown,,Unknown,,"Calamintha arkansana",0,,,,,,,,urn:uuid:6da2ff0a-8901-4d64-9a7e-d8c7e05e36bb
1294922,Unknown,,Unknown,,"Scutellaria ovata var. bracteata",0,,,,,,,,urn:uuid:e12f145e-a76a-46ea-ae5f-4c9b3e7bff38
1298320,Unknown,,Unknown,,"Hedeoma drummondii",0,,,,,,,,urn:uuid:47da96fa-f5e7-40a6-8ff1-5a99f0f774db
1298471,Unknown,,Unknown,,"Calamintha arkansana",0,,,,,,,,urn:uuid:23a09a76-2933-42c5-aa07-43249e90b898
1298502,Unknown,,Unknown,,"Micromeria brownei",0,,,,,,,,urn:uuid:c0e3c835-9767-41d1-bb46-604a598c102a
1298967,Unknown,,Unknown,,"Calamintha arkansana",0,,,,,,,,urn:uuid:3b30c2e7-918f-457f-9e66-d7628a626462
1300532,Unknown,,Unknown,,"Calamintha arkansana",0,,,,,,,,urn:uuid:597b78f1-1824-4c36-9e2b-d2ef3e1b5bee
1302028,Unknown,,Unknown,,"Micromeria brownei",0,,,,,,,,urn:uuid:33b84657-1199-4669-b6a2-1489f31512dc
1306865,Unknown,,Unknown,,"Scutellaria integrifolia",0,,,,,,,,urn:uuid:06637f80-142d-4828-9dd3-e0a9e5fbfbf5
1310572,Unknown,,Unknown,,"Hedeoma hispida",0,,,,,,,,urn:uuid:fe493a80-08f5-473e-9faf-603d1bebb46b
1311697,Unknown,,Unknown,,"Scutellaria drummondii",0,,,,,,,,urn:uuid:1a58295b-1f51-41a2-8812-2fa63eba3b4b
1311703,Unknown,,Unknown,,"Stachys crenata",0,,,,,,,,urn:uuid:c6e5771e-2bdd-458b-b3e1-fc0e8eb24caf
1311831,"W. R. Carr",,2002,,"Hedeoma sp.",0,,,,,,,,urn:uuid:0a19059f-a62b-450c-99c6-3b090c331a14
1311867,"W. R. Carr",,2002,,"Monarda punctata",0,,,,,,,,urn:uuid:fd1700be-8947-468d-ae31-02eb53ea61c7
1311957,"W. R. Carr",,2002,,"Monarda citriodora",0,,,,,,,,urn:uuid:315f27ce-35dd-4bfe-abd5-1064a2fb7902
1311960,"W. R. Carr",,2002,,"Monarda citriodora",0,,,,,,,,urn:uuid:32140136-a105-4521-9f9d-113caad18648
1312324,"W. R. Carr",,2002,,"Stachys crenata",0,,,,,,,,urn:uuid:67a3fc5a-a3b4-415e-ae44-c99d31efdbd9
1271802,Unknown,,Unknown,,"Scutellaria ovata var. bracteata",0,,,,,,,,urn:uuid:867932fe-0f4b-475e-9224-7f80e90a0036
1271803,Unknown,,Unknown,,"Scutellaria ovata var. bracteata",0,,,,,,,,urn:uuid:214979f3-4941-4d18-b213-c1e8c2542f39
1271804,Unknown,,Unknown,,"Scutellaria ovata var. bracteata",0,,,,,,,,urn:uuid:719f51f4-b2c9-422b-8ff8-2a53fe9314f0
1271805,Unknown,,Unknown,,"Scutellaria ovata var. bracteata",0,,,,,,,,urn:uuid:82905745-7138-47f2-bb8a-4d39be6fba0e
1271806,Unknown,,Unknown,,"Scutellaria ovata var. bracteata",0,,,,,,,,urn:uuid:94013906-08fd-4cb6-99e8-37ee72aaf6c3
1271807,Unknown,,Unknown,,"Scutellaria ovata var. bracteata",0,,,,,,,,urn:uuid:2abd4bf0-c984-4a3f-97de-e5d513184f10
1271808,Unknown,,Unknown,,"Scutellaria ovata var. bracteata",0,,,,,,,,urn:uuid:7390eb94-ab6b-4b38-93b0-c8af8aa24dc3
1283575,Unknown,,Unknown,,"Stachys grahamiii",0,,,,,,,,urn:uuid:b6173567-c0d1-46f7-b5f1-1ffae4d50bcc
1367175,Unknown,,Unknown,,"Calamintha arkansana",0,,,,,,,,urn:uuid:1e06b247-7717-4e6c-9a64-8e0e4c391bba
1367176,Unknown,,Unknown,,"Calamintha arkansana",0,,,,,,,,urn:uuid:a4334cea-2a98-4bb2-bdb9-682f2568ced2
1367201,Unknown,,Unknown,,"Hedeoma reverchonii",0,,,,,,,,urn:uuid:9aa8cf41-e94d-46ac-8253-49f321b58972
1367206,Unknown,,Unknown,,"Hedeoma reverchonii",0,,,,,,,,urn:uuid:ad221007-6d55-4f71-9031-4bff23fb8a16
1367297,Unknown,,Unknown,,"Micromeria brownei",0,,,,,,,,urn:uuid:632fdacb-eadb-4f43-a00e-635f97a61afe
1367298,Unknown,,Unknown,,"Micromeria brownei",0,,,,,,,,urn:uuid:2f116e50-96a5-494e-b6e7-7df519b08423
1367299,Unknown,,Unknown,,"Micromeria brownei",0,,,,,,,,urn:uuid:92a53100-3382-4f1d-b744-6bdba718ab75
1367300,Unknown,,Unknown,,"Micromeria brownei",0,,,,,,,,urn:uuid:005ed4de-d3b7-49b9-a831-eebce4006c08
1367301,Unknown,,Unknown,,"Micromeria brownei",0,,,,,,,,urn:uuid:1fbc3728-d1ad-4662-9279-365129e93a43
1367536,Unknown,,Unknown,,"Scutellaria ovata var. bracteata",0,,,,,,,,urn:uuid:6a6db464-b91f-4f11-bf97-b06d25c826c8
1367537,Unknown,,Unknown,,"Scutellaria ovata var. bracteata",0,,,,,,,,urn:uuid:af2a5c3e-4c26-468f-b7b8-15713a214eec
1367696,Unknown,,Unknown,,"Scutellaria ovata var. bracteata",0,,,,,,,,urn:uuid:9bee27b3-d398-4663-a2ce-ec854a3b599c
1400989,Unknown,,Unknown,,"Scutellaria ovata var. texana",0,,,,,,,,urn:uuid:1dfabf0c-6d89-4157-be56-25faeb6cedf9
1400990,Unknown,,Unknown,,"Scutellaria ovata var. texana",0,,,,,,,,urn:uuid:efbfcf48-9b22-4365-a7c6-a46f5d3074f1
1400991,Unknown,,Unknown,,"Scutellaria ovata var. texana",0,,,,,,,,urn:uuid:94f4a912-4216-446e-8e85-6621ce6b3bf5
1412804,Unknown,,Unknown,,"Hedeoma drummondii",0,,,,,,,,urn:uuid:43a7ad73-d7af-45fc-8ce2-cddf98199689
1405906,Unknown,,Unknown,,"Calamintha arkansana",0,,,,,,,,urn:uuid:8b06ecad-bbaf-4672-93e2-79dd533bc9ed
1405907,Unknown,,Unknown,,"Calamintha arkansana",0,,,,,,,,urn:uuid:b45dc2bb-7caa-4565-a6b3-54eddd62b4d8
1405908,Unknown,,Unknown,,"Coleus blumei",0,,,,,,,,urn:uuid:bf067748-d1af-4b04-82de-7c9f12d77fe3
1405982,Unknown,,Unknown,,"Hedeoma reverchonii",0,,,,,,,,urn:uuid:f5d9205e-f567-4da3-be0d-74a0d61b8236
1406036,Unknown,,Unknown,,"Micromeria brownei",0,,,,,,,,urn:uuid:f9705ad6-58df-42d8-b2b5-9060ee958793
1406037,Unknown,,Unknown,,"Micromeria brownei",0,,,,,,,,urn:uuid:cb528f84-7594-436b-b24b-db82d3a2c922
1406038,Unknown,,Unknown,,"Micromeria brownei",0,,,,,,,,urn:uuid:623a7157-4e63-4a71-b097-6ca829eea74e
1406039,Unknown,,Unknown,,"Micromeria brownei",0,,,,,,,,urn:uuid:3592217f-123b-4b1e-a4e9-37a31b16a90c
1406040,Unknown,,Unknown,,"Micromeria brownei",0,,,,,,,,urn:uuid:39b50887-8cbd-403a-9f05-48b8efff270c
