coreid,identifiedBy,identifiedByID,dateIdentified,identificationQualifier,scientificName,identificationIsCurrent,scientificNameAuthorship,genus,specificEpithet,taxonRank,infraspecificEpithet,identificationReferences,identificationRemarks,recordId
1177457,Unknown,,Unknown,,"Forestiera neomexicana",0,,,,,,,,urn:uuid:9bb69e1a-62de-4b4d-99c7-e03bdc059c7e
1177458,Unknown,,Unknown,,"Forestiera neomexicana",0,,,,,,,,urn:uuid:35e10ceb-2dce-409a-9988-6663b55cc0c6
1177459,Unknown,,Unknown,,"Forestiera neomexicana",0,,,,,,,,urn:uuid:81d66031-ec37-41d8-a1e5-728b7bb3798a
1177460,Unknown,,Unknown,,"Forestiera neomexicana",0,,,,,,,,urn:uuid:85b5c788-6271-46e5-8822-9f653296ef0f
1177461,Unknown,,Unknown,,"Forestiera neomexicana",0,,,,,,,,urn:uuid:cc5d18b3-4c48-4d2d-95cc-3945f10ee713
1177462,Unknown,,Unknown,," Forestiera pubescens",0,,,,,,,,urn:uuid:15f7fba5-c9bd-49c1-bf08-d3ab8ec95a7e
1177462,Unknown,,Unknown,,"Forestiera neomexicana",0,,,,,,,,urn:uuid:8a7ff79b-b4a1-471a-a812-87f060000d3f
1177463,Unknown,,Unknown,,"Forestiera neomexicana",0,,,,,,,,urn:uuid:eb0fc4d0-da91-40fe-b3b6-4beefcc158da
1177464,Unknown,,Unknown,," Forestiera pubescens",0,,,,,,,,urn:uuid:461ef61f-e00e-4ccc-8638-59fb7cf3de8d
1177464,Unknown,,Unknown,,"Forestiera neomexicana",0,,,,,,,,urn:uuid:b8b21b60-bdaa-46da-a47b-8bbd7c853aab
1177465,Unknown,,Unknown,," Forestiera neomexicana",0,,,,,,,,urn:uuid:6d5aa73f-4585-4b60-b291-248b14be0c88
1177465,Unknown,,Unknown,,"Forestiera pubescens",0,,,,,,,,urn:uuid:f930b60e-e476-4e09-af56-a15889446051
1177466,Unknown,,Unknown,," Forestiera neomexicana",0,,,,,,,,urn:uuid:0641e5ef-9d91-4d00-aa47-5dec2a1709ab
1177466,Unknown,,Unknown,,"Forestiera pubescens",0,,,,,,,,urn:uuid:c6bc0dab-be0b-4307-87da-861f79de8481
1177467,Unknown,,Unknown,," Forestiera neomexicana",0,,,,,,,,urn:uuid:768c3d05-56f4-44cd-8460-114728f0eb7a
1177467,Unknown,,Unknown,,"Forestiera pubescens",0,,,,,,,,urn:uuid:adc12847-c6a1-41d7-ba34-a43fb768d825
1177468,Unknown,,Unknown,," Forestiera neomexicana",0,,,,,,,,urn:uuid:8a53fa7a-0535-4047-88c8-6c8409d32ae8
1177468,Unknown,,Unknown,,"Forestiera pubescens",0,,,,,,,,urn:uuid:8fe281d0-f470-43a2-a0d1-18d0f41b4480
1177469,Unknown,,Unknown,," Forestiera pubescens",0,,,,,,,,urn:uuid:ecc4cd87-d65d-47e9-9e9f-22ccc7297ef8
1177469,Unknown,,Unknown,,"Forestiera neomexicana",0,,,,,,,,urn:uuid:13f9ebc9-8501-4c5e-9574-b051c9b73bbe
1177470,Unknown,,Unknown,,"Forestiera pubescens",0,,,,,,,,urn:uuid:36877a14-4e95-4907-83ec-b63fd770a406
1177471,Unknown,,Unknown,,"Forestiera pubescens",0,,,,,,,,urn:uuid:b01cc222-66f7-4713-840e-f78af2674662
1177472,Unknown,,Unknown,,"Forestiera pubescens",0,,,,,,,,urn:uuid:cb3f1cf8-12df-410f-aaa8-2607f5283965
1177473,Unknown,,Unknown,,"Forestiera pubescens",0,,,,,,,,urn:uuid:4f26d310-a9cb-4d4a-b127-b236d027c7b0
1177474,Unknown,,Unknown,,"Forestiera pubescens",0,,,,,,,,urn:uuid:2c5fc0aa-b1ef-4a4d-9ab5-858a84078702
1177475,Unknown,,Unknown,,"Forestiera pubescens",0,,,,,,,,urn:uuid:b49aa62d-dac8-4546-a85e-f102215ee1ed
1177476,Unknown,,Unknown,,"Forestiera pubescens",0,,,,,,,,urn:uuid:6ded2639-6077-4a27-8fe2-c690f2306ab6
1177477,Unknown,,Unknown,,"Forestiera pubescens",0,,,,,,,,urn:uuid:e57c49db-277e-48b9-ada6-7397d8ebaaa4
1177478,Unknown,,Unknown,,"Forestiera pubescens",0,,,,,,,,urn:uuid:936386e1-f13a-443f-9a8c-fab02202574e
1177479,Unknown,,Unknown,,"Forestiera pubescens",0,,,,,,,,urn:uuid:85899053-2b99-4630-bfc3-37786f5f21fe
1177480,Unknown,,Unknown,,"Forestiera pubescens",0,,,,,,,,urn:uuid:cb6d983b-e0fe-4f21-943c-9b9b8fa4ccd3
1177481,Unknown,,Unknown,,"Forestiera pubescens",0,,,,,,,,urn:uuid:0c703cef-d5b3-4ef3-842b-d7c4884d5753
1177482,Unknown,,Unknown,,"Forestiera pubescens",0,,,,,,,,urn:uuid:78b68c1a-0970-4dc3-b35d-3e6c0204103a
1177483,Unknown,,Unknown,,"Forestiera pubescens",0,,,,,,,,urn:uuid:a8d21ded-f059-406c-9c35-a637d855c325
1177484,Unknown,,Unknown,,"Forestiera pubescens",0,,,,,,,,urn:uuid:0fa3bac6-8f71-4ed5-901c-a84d00908727
1177485,Unknown,,Unknown,,"Forestiera pubescens",0,,,,,,,,urn:uuid:3b968b9b-3a6b-4db8-9fc6-ab656ce7b865
1177486,Unknown,,Unknown,,"Forestiera pubescens",0,,,,,,,,urn:uuid:0404df7a-6543-44af-91b3-b37fd9b16107
1177487,Unknown,,Unknown,,"Forestiera pubescens",0,,,,,,,,urn:uuid:60f57a50-46f0-47a4-a129-e3b8354c5192
1177488,Unknown,,Unknown,,"Forestiera pubescens",0,,,,,,,,urn:uuid:0658cee0-7af0-44cc-8fbb-6b6494138a62
1177489,Unknown,,Unknown,,"Forestiera pubescens",0,,,,,,,,urn:uuid:a135072c-ae61-4b30-9a40-7eb878216b37
1177490,Unknown,,Unknown,,"Forestiera pubescens",0,,,,,,,,urn:uuid:ca3fd340-27c4-48b0-b82f-1dbde19d161e
1177491,Unknown,,Unknown,,"Forestiera pubescens",0,,,,,,,,urn:uuid:8039fc87-59ff-4235-876b-f2dc9545f38c
1177492,Unknown,,Unknown,,"Forestiera pubescens",0,,,,,,,,urn:uuid:92c2563f-c13d-45c6-9b97-6776ce5a711e
1177493,Unknown,,Unknown,,"Forestiera pubescens",0,,,,,,,,urn:uuid:60e9a5ce-2ba2-4b02-89e2-26b921026654
1177501,Unknown,,Unknown,,"Fraxinus  americana var. americana",0,,,,,,,,urn:uuid:91014953-8742-463e-9124-c4e96042262c
1177502,Unknown,,Unknown,,"Fraxinus americana var. americana",0,,,,,,,,urn:uuid:2b776830-3fcd-4747-8c29-42b7404ba24b
1177503,Unknown,,Unknown,,"Fraxinus americana var. americana",0,,,,,,,,urn:uuid:96b50aef-e6a2-40ee-97b0-c97a59262b69
1177504,Unknown,,Unknown,,"Fraxinus americana var. americana",0,,,,,,,,urn:uuid:8c5cfaed-bb5b-4bbe-8c33-e3f1a57fed24
1177505,Unknown,,Unknown,,"Fraxinus americana var. americana",0,,,,,,,,urn:uuid:91be5aff-6fe2-4016-b271-ccc2eb2efd2c
1177506,Unknown,,Unknown,,"Fraxinus americana var. americana",0,,,,,,,,urn:uuid:11b61fb9-7646-48c9-86c2-945f1aee4548
1177507,Unknown,,Unknown,," Fraxinus americana var. americana",0,,,,,,,,urn:uuid:a1cf074f-9a44-4ab5-a0ea-d14da5977cd1
1177507,Unknown,,Unknown,,"Fraxinus americana",0,,,,,,,,urn:uuid:4da2b6e9-f29c-4851-977c-679d1d23c89d
1177508,Unknown,,Unknown,," Fraxinus americana var. americana",0,,,,,,,,urn:uuid:a1f3ef09-1ef4-4b82-baba-b2c9899fcd6f
1177508,Unknown,,Unknown,,"Fraxinus americana",0,,,,,,,,urn:uuid:f1baad1c-dae9-42f1-bc3c-c39109af5ab8
1177518,Unknown,,Unknown,,"Fraxinus pennsylvanica",0,,,,,,,,urn:uuid:a583ed3c-9b99-49c5-9dbe-130dc3356ac9
1177524,Unknown,,Unknown,," Fraxinus aff. texensis",0,,,,,,,,urn:uuid:dfd4b5b1-74ec-4a81-ad59-362203fcc98a
1177524,Unknown,,Unknown,,"Fraxinus cuspidata",0,,,,,,,,urn:uuid:36a563be-5fdf-4a22-a0f6-3102f3f98f8d
1177530,Unknown,,Unknown,," Fraxinus texensis",0,,,,,,,,urn:uuid:ef241b92-8187-4e20-9352-ab2eccd9dcda
1177530,Unknown,,Unknown,,"Fraxinus pennsylvanica",0,,,,,,,,urn:uuid:d17b41e1-718e-42c0-a45e-226acd334161
1177531,Unknown,,Unknown,,"Fraxinus papillosa",0,,,,,,,,urn:uuid:38f0d589-592e-4d41-9c27-8a909e844454
1177533,Unknown,,Unknown,,"Fraxinus pennsylvanica",0,,,,,,,,urn:uuid:17f2c162-b290-4100-86ce-e9dd902873c3
1177548,Unknown,,Unknown,,"Fraxinus pennsylvanica",0,,,,,,,,urn:uuid:3459fc87-bd49-47b4-a890-5f353e073b94
1177551,Unknown,,Unknown,," Fraxinus texensis",0,,,,,,,,urn:uuid:e99b1bd5-4310-465a-a4b4-0dfa70158ec4
1177551,Unknown,,Unknown,,"Fraxinus pennsylvanica",0,,,,,,,,urn:uuid:f2096a95-8ffa-4a7b-aad1-74e80d3522c9
1177556,Unknown,,Unknown,,"Fraxinus pennsylvanica",0,,,,,,,,urn:uuid:30dda5bd-5c57-48ae-b990-67820887b2ad
1177557,Unknown,,Unknown,,"Fraxinus pennsylvanica",0,,,,,,,,urn:uuid:34d8200c-7c9e-4fc7-a067-c1ddeb027dbe
1177559,Unknown,,Unknown,,"Fraxinus pennsylvanica",0,,,,,,,,urn:uuid:60e59c05-3d53-4517-8b0d-c68e08354b1a
1177562,Unknown,,Unknown,," Fraxinus texensis",0,,,,,,,,urn:uuid:a35d6cdd-4231-4675-b7c9-da88ad191b4c
1177562,Unknown,,Unknown,,"Fraxinus americana var. texensis",0,,,,,,,,urn:uuid:c58b5978-a19a-457a-bb78-783c896aa451
1177563,Unknown,,Unknown,," Fraxinus texensis",0,,,,,,,,urn:uuid:2269355b-6b7d-4be4-91bf-51fdd65ecee9
1177563,Unknown,,Unknown,,"Fraxinus americana var. texensis",0,,,,,,,,urn:uuid:d1f63721-670f-48d5-83a0-5446469cdfff
1177564,Unknown,,Unknown,," Fraxinus texensis",0,,,,,,,,urn:uuid:50fa990c-40b2-44cb-b1e9-35d4da2a28fc
1177564,Unknown,,Unknown,,"Fraxinus americana var. texensis",0,,,,,,,,urn:uuid:85dd8fd9-e899-4d9d-9563-fab818354b0e
1177565,Unknown,,Unknown,," Fraxinus texensis",0,,,,,,,,urn:uuid:5f9d4682-d033-43e1-bc56-228620897cd4
1177565,Unknown,,Unknown,,"Fraxinus americana var. texensis",0,,,,,,,,urn:uuid:8ebbff10-9586-470e-913b-9c8963038aaa
1177566,Unknown,,Unknown,,"Fraxinus americana var.  texensis",0,,,,,,,,urn:uuid:69753122-406b-494c-9d6f-af3ccb6de278
1177567,Unknown,,Unknown,," Fraxinus texensis",0,,,,,,,,urn:uuid:1ef2fae5-2a16-468f-b635-3ade1033d841
1177567,Unknown,,Unknown,,"Fraxinus americana var. texensis",0,,,,,,,,urn:uuid:fbc54d9e-1e87-4aac-a983-718502e8bbb5
1177568,Unknown,,Unknown,," Fraxinus texensis",0,,,,,,,,urn:uuid:6cb311c7-bce5-42a8-ba92-67c2f6d04b3d
1177568,Unknown,,Unknown,,"Fraxinus americana var. texensis",0,,,,,,,,urn:uuid:28f76d3e-497e-40be-a131-2ab61d369af9
1177569,Unknown,,Unknown,," Fraxinus texensis",0,,,,,,,,urn:uuid:fddb5ddb-3616-4f08-9c24-8c4787f579a4
1177569,Unknown,,Unknown,,"Fraxinus americana var. texensis",0,,,,,,,,urn:uuid:133b6955-bb56-405c-851b-e1fc633606ac
1177570,Unknown,,Unknown,," Fraxinus texensis",0,,,,,,,,urn:uuid:1dd2e99c-8d9b-45c8-bf1f-e0ea70018dc1
1177570,Unknown,,Unknown,,"Fraxinus americana var. texensis",0,,,,,,,,urn:uuid:76897e3d-765a-4411-983a-77d1b3c239f2
1177571,Unknown,,Unknown,," Fraxinus texensis",0,,,,,,,,urn:uuid:d6ea1b13-b7f5-4d53-9b28-47475b6580b1
1177571,Unknown,,Unknown,,"Fraxinus americana var. texensis",0,,,,,,,,urn:uuid:986672eb-eb02-4398-990f-a130a0994eb8
1177572,Unknown,,Unknown,," Fraxinus texensis",0,,,,,,,,urn:uuid:5e117575-5d5f-4068-987d-54c39c37f2ca
1177572,Unknown,,Unknown,,"Fraxinus americana var. texensis",0,,,,,,,,urn:uuid:1b7778ed-4566-4539-a375-cbbc6e95e832
1177573,Unknown,,Unknown,,"Fraxinus americana var.  texensis",0,,,,,,,,urn:uuid:91fb91df-b3ba-43c0-a8f5-27b7574e2d03
1177574,Unknown,,Unknown,," Fraxinus texensis",0,,,,,,,,urn:uuid:9a1df7cd-1c75-4aed-9724-02393eeebe2b
1177574,Unknown,,Unknown,,"Fraxinus americana var. texensis",0,,,,,,,,urn:uuid:e05ec072-0fdd-471c-a7a8-d6f9cd248c29
1177583,Unknown,,Unknown,,"Ligustrum amurense",0,,,,,,,,urn:uuid:b45ad4df-cdbb-4f12-8674-327281b22b10
1177584,Unknown,,Unknown,,"Ligustrum japonicum",0,Thunb.,,,,,,,urn:uuid:f30cdde9-a5df-415a-a950-70f17c9695db
1177639,Unknown,,Unknown,,"Menodora scabra",0,,,,,,,,urn:uuid:e12e542b-f549-4e34-a6b7-0767454a0daf
1177640,Unknown,,Unknown,,"Menodora scabra",0,,,,,,,,urn:uuid:08c0d775-a534-4ce6-b26b-39aa9b17d7e1
1177641,Unknown,,Unknown,,"Menodora scabra",0,,,,,,,,urn:uuid:7f0a8099-1aa3-46db-bd19-12ad136905b3
1177642,Unknown,,Unknown,,"Menodora scabra",0,,,,,,,,urn:uuid:e8fd4f3d-1c9d-46bd-9183-f43d847c1141
1190812,Unknown,,Unknown,,"Fraxinus caroliniana",0,,,,,,,,urn:uuid:c398e85e-86d7-4acc-bccc-331344f7f24a
1190813,Unknown,,Unknown,," Fraxinus texensis",0,,,,,,,,urn:uuid:72326e40-56f1-42b4-a523-8b625823ed00
1190813,Unknown,,Unknown,,"Fraxinus pennsylvanica",0,,,,,,,,urn:uuid:b68c7373-bf7c-47ec-9cfe-f9db3989dbe7
1204336,Unknown,,Unknown,,"Ligustrum japonicum",0,Thunb.,,,,,,,urn:uuid:9b30508b-38ef-432f-95fc-e63df69fa981
1204337,Unknown,,Unknown,,"Ligustrum japonicum",0,Thunb.,,,,,,,urn:uuid:d30a38a9-72e7-42b1-8e84-6700b240ffd0
1204341,Unknown,,Unknown,,"Fraxinus americana var. americana",0,,,,,,,,urn:uuid:339c231b-cf9e-46ad-8028-ea7a93a2d13c
1204344,Unknown,,Unknown,,"Ligustrum quihoui",0,Carr.,,,,,,,urn:uuid:cc28c0b8-2e7a-440b-8abb-b0f416ca89f1
1237267,Unknown,,Unknown,,"Menodora scabra",0,,,,,,,,urn:uuid:e476e91e-445e-4f37-a97f-4c3e377def30
1255818,Unknown,,Unknown,,"Forestiera neomexicana",0,,,,,,,,urn:uuid:e812830e-ba5a-4f84-ad96-083b668cc1c5
1255819,Unknown,,Unknown,,"Forestiera neomexicana",0,,,,,,,,urn:uuid:c04c0d1e-0fe9-4b78-bb18-7de5c1100c75
1255820,Unknown,,Unknown,,"Forestiera neomexicana",0,,,,,,,,urn:uuid:4517c327-a203-4716-a68a-10999a5b7746
1255821,Unknown,,Unknown,,"Forestiera neomexicana",0,,,,,,,,urn:uuid:806d57b7-b407-4868-bc1d-eea5a3e08e99
1255822,Unknown,,Unknown,,"Forestiera neomexicana",0,,,,,,,,urn:uuid:ffa31c36-5bda-45c6-90de-b12d5eeee30d
1255823,Unknown,,Unknown,," Forestiera neomexicana",0,,,,,,,,urn:uuid:fc952cb4-59fd-44b0-9de3-b31b56f9f36c
1255823,Unknown,,Unknown,,"Forestiera pubescens",0,,,,,,,,urn:uuid:e51a8444-9a7b-4aa4-ae2c-57a58028bb47
1255824,Unknown,,Unknown,,"Forestiera pubescens",0,,,,,,,,urn:uuid:bbdf55f4-866e-4e76-904e-9a67e3742883
1255825,Unknown,,Unknown,," Forestiera neomexicana",0,,,,,,,,urn:uuid:78bd4e62-59f0-4564-82dc-30c493a435e3
1255825,Unknown,,Unknown,,"Forestiera pubescens",0,,,,,,,,urn:uuid:d3fca8ad-df63-42e5-98dd-208d5480e000
1255826,Unknown,,Unknown,,"Forestiera pubescens",0,,,,,,,,urn:uuid:dacbe7b1-7eb3-4205-8929-3ca47bb36ddf
1255827,Unknown,,Unknown,,"Forestiera pubescens",0,,,,,,,,urn:uuid:310ff228-1c39-4cad-97d6-c7128e341663
1255828,Unknown,,Unknown,,"Forestiera pubescens",0,,,,,,,,urn:uuid:39bd4ac6-8079-49ab-adf9-f0ebc23e0b86
1255829,Unknown,,Unknown,,"Forestiera pubescens",0,,,,,,,,urn:uuid:a5290164-e670-4825-8e1c-2ad38e6f883e
1255830,Unknown,,Unknown,,"Forestiera pubescens",0,,,,,,,,urn:uuid:92d75017-9ec7-4066-b782-59c8a83dc7a8
1255831,Unknown,,Unknown,,"Forestiera pubescens",0,,,,,,,,urn:uuid:675d84f2-d368-40a1-ab20-7ef1e1687b8f
1255832,Unknown,,Unknown,,"Forestiera pubescens",0,,,,,,,,urn:uuid:3a8a7206-2871-4dc2-9171-e8cff2bd6186
1255833,Unknown,,Unknown,,"Forestiera pubescens",0,,,,,,,,urn:uuid:96d02bb8-d261-4a89-8d3b-b1eefd2562c6
1255834,Unknown,,Unknown,,"Forestiera pubescens",0,,,,,,,,urn:uuid:e3779038-db0c-4667-8803-acd302377880
1255835,Unknown,,Unknown,,"Forestiera pubescens",0,,,,,,,,urn:uuid:131e0881-a548-48e4-845b-bda91cb4d99e
1255836,Unknown,,Unknown,,"Forestiera pubescens",0,,,,,,,,urn:uuid:c2cb8291-7f82-46ef-95ab-fd93a00b3704
1255837,Unknown,,Unknown,,"Forestiera pubescens",0,,,,,,,,urn:uuid:8ec1fa3e-8e8a-4167-b107-9faf73da30dc
1255838,Unknown,,Unknown,,"Forestiera pubescens",0,,,,,,,,urn:uuid:1c532e8a-05b1-48b4-9ead-1e266aa168b2
1255839,Unknown,,Unknown,,"Forestiera pubescens",0,,,,,,,,urn:uuid:c0208519-fbcd-44e6-957c-047b0d89ad08
1255840,Unknown,,Unknown,,"Forestiera pubescens",0,,,,,,,,urn:uuid:9f337747-e5d0-4918-9d71-10cda37fdc4d
1255841,Unknown,,Unknown,,"Forestiera pubescens",0,,,,,,,,urn:uuid:00b5b6fd-b383-49da-98a0-f369303a84ae
1255842,Unknown,,Unknown,,"Forestiera pubescens",0,,,,,,,,urn:uuid:bb25b59d-e324-49a7-a243-c0f3ecf44efa
1255843,Unknown,,Unknown,,"Forestiera pubescens",0,,,,,,,,urn:uuid:45147e98-eadc-4063-b9ea-e850b080048b
1255844,Unknown,,Unknown,,"Forestiera pubescens",0,,,,,,,,urn:uuid:32631e3d-edbb-4bb8-842d-39e9864ddece
1255845,Unknown,,Unknown,,"Forestiera pubescens",0,,,,,,,,urn:uuid:3f2e319d-897d-4095-89b8-15ec806d772e
1255846,Unknown,,Unknown,,"Forestiera pubescens",0,,,,,,,,urn:uuid:4e430ce0-1e84-4695-9dd1-882d69c8d39e
1255847,Unknown,,Unknown,,"Forestiera pubescens",0,,,,,,,,urn:uuid:e71fd963-da25-4f96-9ce0-a069d50b5301
1255848,Unknown,,Unknown,,"Forestiera pubescens",0,,,,,,,,urn:uuid:4ef992e3-d4b1-4f44-967a-3c11c0147f2a
1255849,Unknown,,Unknown,,"Forestiera pubescens",0,,,,,,,,urn:uuid:b3729188-c786-43f4-b5b5-7ae8d337a204
1255850,Unknown,,Unknown,,"Forestiera pubescens",0,,,,,,,,urn:uuid:0cc2146a-785b-492d-9585-f9be772d0b30
1255851,Unknown,,Unknown,,"Forestiera pubescens",0,,,,,,,,urn:uuid:d7441c96-9d98-46f5-939d-c94e60592d4c
1255852,Unknown,,Unknown,,"Forestiera pubescens",0,,,,,,,,urn:uuid:b31f8edb-f9fe-46b1-b535-427c1a33986b
1255853,Unknown,,Unknown,,"Forestiera pubescens",0,,,,,,,,urn:uuid:1d786a1c-0319-4439-8d40-a32d0c7bf05c
1255865,Unknown,,Unknown,,"Fraxinus americana var. americana",0,,,,,,,,urn:uuid:ffdd51b7-717a-4a67-9c85-0ab50217ff25
1255866,Unknown,,Unknown,,"Fraxinus americana var. americana",0,,,,,,,,urn:uuid:75820116-254b-4bc0-8016-1ffd28c414dc
1255867,Unknown,,Unknown,,"Fraxinus americana var. americana",0,,,,,,,,urn:uuid:c420d9fc-1145-421f-b84f-51912c16b384
1255868,Unknown,,Unknown,," Fraxinus americana var. americana",0,,,,,,,,urn:uuid:ff42f2c7-d64c-4c90-948c-6943d1c407d8
1255868,Unknown,,Unknown,,"Fraxinus americana",0,,,,,,,,urn:uuid:b2eb81f9-0b9e-4911-a2ef-39c6e7972125
1255869,Unknown,,Unknown,,"Fraxinus americana var.  americana",0,,,,,,,,urn:uuid:4c74efa9-e7d5-46d3-aaec-258290b0db69
1255870,Unknown,,Unknown,,"Fraxinus americana var. americana",0,,,,,,,,urn:uuid:22cad685-dca9-4ceb-8f71-8c8c6eaf2432
1255871,Unknown,,Unknown,," Fraxinus americana var. americana",0,,,,,,,,urn:uuid:ec25fd3c-85cd-4f56-b462-61a9f7097550
1255871,Unknown,,Unknown,,"Fraxinus americana",0,,,,,,,,urn:uuid:bba4c71c-ba50-4cdd-a2ef-877d0603047c
1255937,Unknown,,Unknown,," Fraxinus texensis",0,,,,,,,,urn:uuid:3709be40-b881-4097-9b4c-b75ddf589d04
1255937,Unknown,,Unknown,,"Fraxinus pennsylvanica",0,,,,,,,,urn:uuid:30fd25c2-4d49-4c8d-a418-18c9b81f3ba4
1255938,Unknown,,Unknown,,"Fraxinus pennsylvanica",0,,,,,,,,urn:uuid:90180479-1f10-4962-af01-62802b9b1789
1255939,Unknown,,Unknown,,"Fraxinus pennsylvanica",0,,,,,,,,urn:uuid:7e8af27c-af45-4568-86aa-bdad3c840497
1255940,Unknown,,Unknown,," Fraxinus texensis",0,,,,,,,,urn:uuid:461ae936-98b7-4cc1-bf7a-7128ee8b665c
1255940,Unknown,,Unknown,,"Fraxinus pennsylvanica",0,,,,,,,,urn:uuid:aa1d04fb-dcbc-497a-a51d-56688e75cd09
1255941,Unknown,,Unknown,,"Fraxinus pennsylvanica",0,,,,,,,,urn:uuid:92a60b3e-925c-40ef-a3f3-aefffa9cd1f0
1255943,Unknown,,Unknown,," Fraxinus texensis",0,,,,,,,,urn:uuid:58aa2467-13f9-4be3-99ef-346287ced636
1255943,Unknown,,Unknown,,"Fraxinus pennsylvanica",0,,,,,,,,urn:uuid:d5c8a8c5-28d9-4a02-abbe-b8c1dca61ead
1255965,Unknown,,Unknown,,"Fraxinus pennsylvanica",0,,,,,,,,urn:uuid:a311056d-b317-47e8-a2b8-2f98f378d6bc
1255968,Unknown,,Unknown,,"Fraxinus pennsylvanica",0,,,,,,,,urn:uuid:a189455c-61aa-4ede-8214-01317f4eb265
1255979,Unknown,,Unknown,," Fraxinus texensis",0,,,,,,,,urn:uuid:8536b674-6f58-4869-aaef-a08f71b55a9e
1255979,Unknown,,Unknown,,"Fraxinus americana var. texensis",0,,,,,,,,urn:uuid:63c82c89-3526-419a-91c7-332bc8cd99c2
1255980,Unknown,,Unknown,," Fraxinus texensis",0,,,,,,,,urn:uuid:0dcd00e2-f6cd-468a-8fc4-cf9a0a19a44e
1255980,Unknown,,Unknown,,"Fraxinus americana var. texensis",0,,,,,,,,urn:uuid:d59d40c2-1029-443b-bb1b-998a01a8fa22
1255981,Unknown,,Unknown,," Fraxinus texensis",0,,,,,,,,urn:uuid:9050a8e4-2734-46b5-b6b2-767b06f30378
1255981,Unknown,,Unknown,,"Fraxinus americana var. texensis",0,,,,,,,,urn:uuid:1747847f-2199-4d47-acd4-077b06826d73
1255982,Unknown,,Unknown,," Fraxinus texensis",0,,,,,,,,urn:uuid:8de223b4-c49b-4df4-853a-76c1cde3e5c8
1255982,Unknown,,Unknown,,"Fraxinus americana var. texensis",0,,,,,,,,urn:uuid:728a907b-bfb6-42e4-ab67-2d620675f91f
1255983,Unknown,,Unknown,," Fraxinus texensis",0,,,,,,,,urn:uuid:9dabad00-e0eb-4183-bf5c-8d8c9c9b1e63
1255983,Unknown,,Unknown,,"Fraxinus americana var. texensis",0,,,,,,,,urn:uuid:a9af1b93-42cf-4730-96ca-730e6f023b12
1255984,Unknown,,Unknown,," Fraxinus texensis",0,,,,,,,,urn:uuid:0f842df3-ed73-4854-b417-84fe76c1f5a1
1255984,Unknown,,Unknown,,"Fraxinus americana var. texensis",0,,,,,,,,urn:uuid:1b3f7e34-80f6-4000-b562-2daa3131daa8
1255985,Unknown,,Unknown,," Fraxinus texensis",0,,,,,,,,urn:uuid:3c3d2b4e-65b1-45a0-b5f3-8a28aed3ca31
1255985,Unknown,,Unknown,,"Fraxinus americana var. texensis",0,,,,,,,,urn:uuid:7b49d2f3-5b77-49da-bb57-3480b25c020b
1255986,Unknown,,Unknown,," Fraxinus texensis",0,,,,,,,,urn:uuid:1ef2f82d-ad2d-470a-baad-2d8c83f46cd3
1255986,Unknown,,Unknown,,"Fraxinus americana var. texensis",0,,,,,,,,urn:uuid:99385544-59e6-4b83-b208-fe34c6e59338
1255987,Unknown,,Unknown,," Fraxinus texensis",0,,,,,,,,urn:uuid:98bdd0e9-463e-45d2-b961-616f4b7d53e9
1255987,Unknown,,Unknown,,"Fraxinus americana var. texensis",0,,,,,,,,urn:uuid:16964719-9f1f-48e1-8c8c-568a096cdb4a
1255988,Unknown,,Unknown,," Fraxinus texensis",0,,,,,,,,urn:uuid:9cc13fed-33eb-4040-b45f-90ef9652e41a
1255988,Unknown,,Unknown,,"Fraxinus americana var. texensis",0,,,,,,,,urn:uuid:a161585e-4e4b-4a45-b5f1-515793ebf111
1255989,Unknown,,Unknown,," Fraxinus texensis",0,,,,,,,,urn:uuid:8fae0e01-6afe-4faf-8f3a-bfeb52fb4f5c
1255989,Unknown,,Unknown,,"Fraxinus americana var. texensis",0,,,,,,,,urn:uuid:4343b9e0-7638-44bc-92ee-301f49525eb7
1255990,Unknown,,Unknown,," Fraxinus texensis",0,,,,,,,,urn:uuid:e5d15c5e-a55c-4a53-ab08-ab65edc1762f
1255990,Unknown,,Unknown,,"Fraxinus americana var. texensis",0,,,,,,,,urn:uuid:32a433d7-2544-45d3-9d50-099b84aceaf2
1255991,Unknown,,Unknown,," Fraxinus texensis",0,,,,,,,,urn:uuid:ee03f704-a62d-4495-a059-050e499c89c7
1255991,Unknown,,Unknown,,"Fraxinus americana var. texensis",0,,,,,,,,urn:uuid:b83ec462-a087-4aba-9210-7ca75d6887ba
1255992,Unknown,,Unknown,," Fraxinus texensis",0,,,,,,,,urn:uuid:ae36bee4-c63c-42f7-857f-b36dd5499766
1255992,Unknown,,Unknown,,"Fraxinus americana var. texensis",0,,,,,,,,urn:uuid:6356aa7a-f156-45f1-9c47-94c3064f67fd
1255993,Unknown,,Unknown,," Fraxinus texensis",0,,,,,,,,urn:uuid:8a0669e2-d4d5-4282-b629-bc80974c8b8a
1255993,Unknown,,Unknown,,"Fraxinus americana var. texensis",0,,,,,,,,urn:uuid:612226e5-e735-4ecd-8d41-7bf7d1d03aa3
1255994,Unknown,,Unknown,," Fraxinus texensis",0,,,,,,,,urn:uuid:fa552c68-46eb-45b8-85d7-bd263da42997
1255994,Unknown,,Unknown,,"Fraxinus americana var. texensis",0,,,,,,,,urn:uuid:4a21e8cc-7fa6-43db-a764-2492d68b7256
1255995,Unknown,,Unknown,," Fraxinus texensis",0,,,,,,,,urn:uuid:b4c458b3-89aa-4017-b3d1-6bc22d10ee7e
1255995,Unknown,,Unknown,,"Fraxinus americana var. texensis",0,,,,,,,,urn:uuid:7bddba24-0b9f-4dc7-8878-10d2ae5cd868
1255996,Unknown,,Unknown,," Fraxinus texensis",0,,,,,,,,urn:uuid:268ca252-26dc-4873-8ed3-ef3ac464dc05
1255996,Unknown,,Unknown,,"Fraxinus americana var. texensis",0,,,,,,,,urn:uuid:6e32c2df-a9a0-4eeb-8a71-630256a58a46
1256137,Unknown,,Unknown,,"Menodora scabra",0,,,,,,,,urn:uuid:68a2e0ec-3670-4b50-b48f-ad331eba3624
1256138,Unknown,,Unknown,,"Menodora scabra",0,,,,,,,,urn:uuid:04f00f2c-7835-4cb4-b2ae-1ff951245817
1256139,Unknown,,Unknown,,"Menodora scabra",0,,,,,,,,urn:uuid:48fed53a-2678-4cae-b2ae-389e2a827bd0
1256140,Unknown,,Unknown,,"Menodora scabra",0,,,,,,,,urn:uuid:84496e99-1613-4b90-8abc-9b84e678579b
1256141,Unknown,,Unknown,,"Menodora scabra",0,,,,,,,,urn:uuid:55700529-748a-45bd-bcbb-2cf4cb7f8ebe
1256142,Unknown,,Unknown,,"Menodora scabra",0,,,,,,,,urn:uuid:08fbe42b-5da1-4184-8469-12b66080268c
1256143,Unknown,,Unknown,,"Menodora scabra",0,,,,,,,,urn:uuid:2c671bb6-1838-47f3-88c7-11854fb55234
1256144,Unknown,,Unknown,,"Menodora scabra",0,,,,,,,,urn:uuid:54e6d25d-7ba1-4aca-9e26-ada2a0795089
1256145,Unknown,,Unknown,,"Menodora scabra",0,,,,,,,,urn:uuid:eea713c2-2df6-4134-be61-efd7cb7e3829
1256146,Unknown,,Unknown,,"Menodora scabra",0,,,,,,,,urn:uuid:50a15cb7-3377-492b-a6ec-95e897811c59
1256147,Unknown,,Unknown,,"Menodora scabra",0,,,,,,,,urn:uuid:6a4f97d9-198a-4a1f-b3fb-03b9c2dc552b
1256148,Unknown,,Unknown,,"Menodora scabra",0,,,,,,,,urn:uuid:ca5fa4ab-1867-485c-9046-4fb37d6a65f0
1256149,Unknown,,Unknown,,"Menodora scabra",0,,,,,,,,urn:uuid:cdb36dde-3efd-4be5-91bb-a510748ff6c3
1256150,Unknown,,Unknown,,"Menodora scabra",0,,,,,,,,urn:uuid:a9864957-1782-4d3e-917b-6711c1a3c566
1256151,Unknown,,Unknown,,"Menodora scabra",0,,,,,,,,urn:uuid:95ebff70-c796-4f5b-9331-795c5e6ef2d5
1256152,Unknown,,Unknown,,"Menodora scabra",0,,,,,,,,urn:uuid:5ab87a62-88c7-4911-86c8-43b6fd4d2977
1256153,Unknown,,Unknown,,"Menodora scabra",0,,,,,,,,urn:uuid:4735a436-2cd1-426c-b025-498dc51bb997
1256154,Unknown,,Unknown,,"Menodora scabra",0,,,,,,,,urn:uuid:214fe573-7fb8-478c-85c2-091c26f738a6
1256155,Unknown,,Unknown,,"Menodora scabra",0,,,,,,,,urn:uuid:7b0a0c64-f591-4b76-90c1-495889c32047
1256156,Unknown,,Unknown,,"Menodora scabra",0,,,,,,,,urn:uuid:6ac994c1-d6df-423d-bcff-c11d50aee37e
1256157,Unknown,,Unknown,,"Menodora scabra",0,,,,,,,,urn:uuid:284d39a5-d558-419e-8759-ec42ecff3797
1256158,Unknown,,Unknown,,"Menodora scabra",0,,,,,,,,urn:uuid:68fa2cee-9767-484d-ac91-28cea0c6cd7e
1256159,Unknown,,Unknown,,"Menodora scabra",0,,,,,,,,urn:uuid:71ba975c-ec85-495f-8a84-cc5e05afceef
1256160,Unknown,,Unknown,,"Menodora scabra",0,,,,,,,,urn:uuid:e39bb8f0-b556-4040-bc5d-402026bc161e
1256161,Unknown,,Unknown,,"Menodora scabra",0,,,,,,,,urn:uuid:ed0ef4ed-4079-4ff7-a3d5-8fe8d5b77b62
1256162,Unknown,,Unknown,,"Menodora scabra",0,,,,,,,,urn:uuid:72058fda-2b42-4bf9-89e9-bceec76f30bc
1256163,Unknown,,Unknown,,"Menodora scabra",0,,,,,,,,urn:uuid:a474e707-c795-462d-ba22-42a46180762b
1256164,Unknown,,Unknown,,"Menodora scabra",0,,,,,,,,urn:uuid:a4ff8508-c4e8-498b-bc56-6b684183faa5
1256165,Unknown,,Unknown,,"Menodora scabra",0,,,,,,,,urn:uuid:e486ade1-be80-4b73-b8e7-51f6c0baee1d
1256166,Unknown,,Unknown,,"Menodora scabra",0,,,,,,,,urn:uuid:a546947d-145b-4895-a1fd-5ad79bf73ffa
1256167,Unknown,,Unknown,,"Menodora scabra",0,,,,,,,,urn:uuid:c9a35b2c-adc1-4991-8b40-150d66fbae56
1256168,Unknown,,Unknown,,"Menodora scabra",0,,,,,,,,urn:uuid:e4290706-227e-4031-98e5-37aa85248be2
1256169,Unknown,,Unknown,,"Menodora scabra",0,,,,,,,,urn:uuid:b81617bd-7b8e-43c5-abad-115c098a1cfb
1256170,Unknown,,Unknown,,"Menodora scabra",0,,,,,,,,urn:uuid:8d581899-a4ba-4b9c-82f3-ea09a68f1a76
1256171,Unknown,,Unknown,,"Menodora scabra",0,,,,,,,,urn:uuid:60aa8e51-ff83-4b02-9319-0d15eba52c45
1256172,Unknown,,Unknown,,"Menodora scabra",0,,,,,,,,urn:uuid:984cd0b7-82c2-4e88-a1f3-6650843b19d5
1256173,Unknown,,Unknown,,"Menodora scabra",0,,,,,,,,urn:uuid:d054ad7f-7f0a-45ca-b4e4-a649f5532a95
1256174,Unknown,,Unknown,,"Menodora scabra",0,,,,,,,,urn:uuid:7baa48ce-33cf-4777-86ea-bd3f927ce6b4
1256175,Unknown,,Unknown,,"Menodora scabra",0,,,,,,,,urn:uuid:8ab48115-4273-4711-b5b9-e3b5b858424c
1256176,Unknown,,Unknown,,"Menodora scabra",0,,,,,,,,urn:uuid:9e3d99ff-502f-4d3d-a205-1e763cec8509
1256177,Unknown,,Unknown,,"Menodora scabra",0,,,,,,,,urn:uuid:42e9eb07-3a30-4b84-ab72-5d07e93b625f
1256178,Unknown,,Unknown,,"Menodora scabra",0,,,,,,,,urn:uuid:c4b7e4b8-ebd3-44d1-b099-931325364b4e
1256179,Unknown,,Unknown,,"Menodora scabra",0,,,,,,,,urn:uuid:962f7500-f8c9-4b68-9709-b57a46215e58
1256180,Unknown,,Unknown,,"Menodora scabra",0,,,,,,,,urn:uuid:7d2875d8-e09d-4e2d-8459-367be4d68eda
1256181,Unknown,,Unknown,,"Menodora scabra",0,,,,,,,,urn:uuid:859a6b96-480f-4d7e-81fb-103396dbe8a5
1256182,Unknown,,Unknown,,"Menodora scabra",0,,,,,,,,urn:uuid:096680ed-84f7-4a86-a21b-1482ba33a131
1256183,Unknown,,Unknown,,"Menodora scabra",0,,,,,,,,urn:uuid:67dea2b1-f4bf-4b18-9a93-39bd2a3cf853
1256184,Unknown,,Unknown,,"Menodora scabra",0,,,,,,,,urn:uuid:1bc95faa-241e-4fe9-bb39-db3be10588b7
1256185,Unknown,,Unknown,,"Menodora scabra",0,,,,,,,,urn:uuid:a376619f-7fb1-433d-9818-411af97bfbdb
1256186,Unknown,,Unknown,,"Menodora scabra",0,,,,,,,,urn:uuid:b34907aa-e000-43b3-92fd-006a64723ee8
1256187,Unknown,,Unknown,,"Menodora scabra",0,,,,,,,,urn:uuid:4c020aa0-3acb-4f21-b460-1db742c6265a
1256188,Unknown,,Unknown,,"Menodora scabra",0,,,,,,,,urn:uuid:275254cd-08ab-4fb2-8a47-2fded9b2d72c
1256189,Unknown,,Unknown,,"Menodora scabra",0,,,,,,,,urn:uuid:c36f1eeb-30f9-4e26-958b-b88c28582473
1256190,Unknown,,Unknown,,"Menodora scabra",0,,,,,,,,urn:uuid:1565ed37-c807-4ca7-acf7-cbbb834553ab
1256191,Unknown,,Unknown,,"Menodora scabra",0,,,,,,,,urn:uuid:5cd2046c-3072-416e-8ff9-abad630c3925
1256192,Unknown,,Unknown,,"Menodora scabra",0,,,,,,,,urn:uuid:03eb747b-7b20-4b09-b5ba-8c5c7472325d
1256193,Unknown,,Unknown,,"Menodora scabra",0,,,,,,,,urn:uuid:37128253-e5ef-4d76-ae2d-d4b608bc1a07
1256194,Unknown,,Unknown,,"Menodora scabra",0,,,,,,,,urn:uuid:e235f722-2605-4eb6-85d0-f8e50a7cf6d3
1256195,Unknown,,Unknown,,"Menodora scabra",0,,,,,,,,urn:uuid:68df7527-1a81-46ad-8fe3-40388514694a
1256196,Unknown,,Unknown,,"Menodora scabra",0,,,,,,,,urn:uuid:1571d812-af76-4f16-9e74-4a90c43378a2
1256197,Unknown,,Unknown,,"Menodora scabra",0,,,,,,,,urn:uuid:99b9fc3d-c73b-46fd-9d4e-5b8c3a1a7ed9
1256198,Unknown,,Unknown,,"Menodora scabra",0,,,,,,,,urn:uuid:3675c1b6-7f4b-4d19-bbd1-b8056943415e
1256199,Unknown,,Unknown,,"Menodora scabra",0,,,,,,,,urn:uuid:e0e5147a-f094-4fa9-82f2-1e272a7e46ce
1256200,Unknown,,Unknown,,"Menodora scabra",0,,,,,,,,urn:uuid:19b95d9a-0eb3-4962-b3e6-b7a23c3be5ff
1256201,Unknown,,Unknown,,"Menodora scabra",0,,,,,,,,urn:uuid:02348e90-4f75-473f-b6b3-fb93ef96bf53
1256202,Unknown,,Unknown,,"Menodora scabra",0,,,,,,,,urn:uuid:e99ef2bb-4d27-4c82-9f7c-0b14ac9892ac
1256205,Unknown,,Unknown,,"Syringa persica",0,,,,,,,,urn:uuid:668033d5-4983-4d2b-a3ce-bf760ac7e85d
1292420,Unknown,,Unknown,,"Menodora scabra",0,,,,,,,,urn:uuid:153ef15b-58f5-49a2-91f3-bdf7855e1250
1293272,Unknown,,Unknown,,"Fraxinus berlandieriana",0,,,,,,,,urn:uuid:7e037ae3-0817-4659-a399-c0655a07d47a
1293283,Unknown,,Unknown,,"Forestiera pubescens",0,,,,,,,,urn:uuid:54ab0e89-5925-4030-9123-f686b8765302
1293934,Unknown,,Unknown,,"Ligustrum sinense",0,,,,,,,,urn:uuid:6bda3aaf-2a7a-4233-9f53-651c24198f43
1293936,Unknown,,Unknown,,"Forestiera pubescens",0,,,,,,,,urn:uuid:f09fb815-7de6-4f81-99d5-4fdd29affe1a
1293937,Unknown,,Unknown,,"Forestiera pubescens",0,,,,,,,,urn:uuid:64baa811-591d-4463-8366-980a6bba18db
1293938,Unknown,,Unknown,,"Fraxinus berlandieriana",0,,,,,,,,urn:uuid:70340266-c1c3-4501-8fc7-6d5157896397
1293961,Unknown,,Unknown,,"Ligustrum japonicum",0,Thunb.,,,,,,,urn:uuid:693f303f-2ca2-4709-9c8f-864db62c26c1
1293962,Unknown,,Unknown,,"Ligustrum japonicum",0,Thunb.,,,,,,,urn:uuid:81eae8b1-58ab-49f3-94a7-1563d2a6e290
1293968,Unknown,,Unknown,,"Menodora scabra",0,,,,,,,,urn:uuid:79350bbb-82a5-49a3-a13c-dac04f2a87c7
1293991,Unknown,,Unknown,,"Forestiera pubescens",0,,,,,,,,urn:uuid:e4c71f90-1670-45ab-a82e-3b9ad46b2b1e
1293992,Unknown,,Unknown,,"Forestiera pubescens",0,,,,,,,,urn:uuid:b85e7f8c-487f-4924-92a2-c737a02f1f85
1293993,Unknown,,Unknown,,"Forestiera pubescens",0,,,,,,,,urn:uuid:4c7f8920-5b23-468d-bcd8-7d2366acf95b
1293994,Unknown,,Unknown,,"Forestiera pubescens",0,,,,,,,,urn:uuid:2ca0f7d3-11dd-4ff7-af91-92dcbe028459
1294421,Unknown,,Unknown,,"Menodora scabra",0,,,,,,,,urn:uuid:2e98d79a-8fd6-4d29-bd07-a71597741dd1
1294686,Unknown,,Unknown,,"Menodora scabra",0,,,,,,,,urn:uuid:2cd29acc-0521-4e1a-a5e3-4efdcad1158c
1296464,Unknown,,Unknown,," Fraxinus texensis",0,,,,,,,,urn:uuid:04031f18-8057-439d-a765-e9ceeb1e8d08
1296464,Unknown,,Unknown,,"Fraxinus pennsylvanica",0,,,,,,,,urn:uuid:3cb5429e-0ee0-4ee5-b920-8977d9f51a02
1297638,Unknown,,Unknown,,"Forestiera pubescens",0,,,,,,,,urn:uuid:45ddbc1b-ad83-4c8d-89c8-a1e2b170dbc9
1297642,Unknown,,Unknown,,"Ligustrum japonicum",0,Thunb.,,,,,,,urn:uuid:61e5002c-0273-4cda-8099-1e01379cd0d1
1297941,Unknown,,Unknown,," Fraxinus americana var. texensis",0,,,,,,,,urn:uuid:4393bf21-0c02-4df0-ab3b-5a4f84fc2784
1297941,Unknown,,Unknown,," Fraxinus texensis",0,,,,,,,,urn:uuid:f8575fd5-6ed9-474c-b514-c3f921ecb71e
1297941,Unknown,,Unknown,,"Fraxinus americana",0,,,,,,,,urn:uuid:7460757b-19cb-4a61-8b3a-bef720714247
1297942,Unknown,,Unknown,," Fraxinus americana var. texensis",0,,,,,,,,urn:uuid:546fde01-04e7-461d-b5dd-c3b68c567b74
1297942,Unknown,,Unknown,," Fraxinus texensis",0,,,,,,,,urn:uuid:c1faeb31-26c6-4971-b5de-7789a8cd931f
1297942,Unknown,,Unknown,,"Fraxinus americana",0,,,,,,,,urn:uuid:38ff9cd0-0d43-41fc-b661-872b1fe560b4
1299244,Unknown,,Unknown,," Fraxinus americana var. americana",0,,,,,,,,urn:uuid:29403e74-81ff-443c-ab36-ae701824e3b4
1299244,Unknown,,Unknown,," Fraxinus texensis",0,,,,,,,,urn:uuid:f23f755a-2eff-45ad-93e6-c00f8b4de1f3
1299244,Unknown,,Unknown,,"Fraxinus americana",0,,,,,,,,urn:uuid:9540fc0d-b053-4848-9f50-773b8cc1143c
1299245,Unknown,,Unknown,,"Fraxinus americana var. americana",0,,,,,,,,urn:uuid:96459095-8240-4dd3-8bab-98ebcd649f57
1299833,Unknown,,Unknown,,"Forestiera pubescens",0,,,,,,,,urn:uuid:ff0ef496-7ab4-4fc9-91ba-9d89e16a3cfe
1300538,Unknown,,Unknown,,"Fraxinus pennsylvanica",0,,,,,,,,urn:uuid:57fc93f6-0dd2-4e37-9f5c-1dd1e22d2d1f
1301115,Unknown,,Unknown,,"Menodora scabra",0,,,,,,,,urn:uuid:dac660cb-9dbb-47ba-9211-fc22b216f6e1
1302939,Unknown,,Unknown,,"Fraxinus greggii",0,,,,,,,,urn:uuid:ae0c8f39-bff9-48ae-8cff-d6d3fba9690b
1306058,Unknown,,Unknown,,"Menodora scabra",0,,,,,,,,urn:uuid:ab6d3713-140a-4ec1-9715-16f57d5da6c6
1306618,Unknown,,Unknown,,"Menodora scabra",0,,,,,,,,urn:uuid:d87302a9-9ea2-481a-970a-130579aba411
1306685,Unknown,,Unknown,,"Forestiera pubescens",0,,,,,,,,urn:uuid:57b40952-4f57-46cf-bd76-bc9e0530294c
1306686,Unknown,,Unknown,,"Forestiera pubescens",0,,,,,,,,urn:uuid:f5c5ac88-1062-4510-8a57-0432ed4a4518
1306781,Unknown,,Unknown,,"Fraxinus pennsylvanica",0,,,,,,,,urn:uuid:c0bb8e35-f348-450f-91b4-833d9c197fe3
1307399,Unknown,,Unknown,,"Forestiera pubescens",0,,,,,,,,urn:uuid:7fee110f-1fea-412c-805d-d2d613340896
1307400,Unknown,,Unknown,,"Forestiera pubescens",0,,,,,,,,urn:uuid:393e6a9b-73df-479b-a838-a34d0c1f2a94
1307422,Unknown,,Unknown,,"Fraxinus pennsylvanica",0,,,,,,,,urn:uuid:d89c8cef-4235-457f-befe-c7617d529622
1307996,Unknown,,Unknown,,"Ligustrum japonicum",0,Thunb.,,,,,,,urn:uuid:3bd01367-3f0c-4d19-9538-7a661929a3ca
1308641,Unknown,,Unknown,,"Forestiera pubescens",0,,,,,,,,urn:uuid:e846ffef-5f6a-4006-a864-8c18f7fd5c18
1309753,Unknown,,Unknown,,"Forestiera pubescens",0,,,,,,,,urn:uuid:b3aba82b-a11c-4ad9-8e94-58df5589ffa0
1309978,Unknown,,Unknown,,"Forestiera pubescens",0,,,,,,,,urn:uuid:caecb555-ee78-4f21-9114-4a0798d45ad8
1310075,Unknown,,Unknown,,"Forestiera pubescens",0,,,,,,,,urn:uuid:81b63c07-c8f5-4893-ab73-d9a6f77a0bbc
1310078,Unknown,,Unknown,,"Fraxinus texensis",0,,,,,,,,urn:uuid:7f260ca3-bd98-487f-917b-3b128f939175
1310212,Unknown,,Unknown,,"Forestiera pubescens",0,,,,,,,,urn:uuid:f29256a9-4de5-4cb1-96f7-87fa92ac61a2
1316514,Unknown,,Unknown,,"Forestiera pubescens var. pubescens",0,,,,,,,,urn:uuid:cbcbc357-9a11-4eef-a410-044bf1838aa3
1368111,Unknown,,Unknown,,"Forestiera neomexicana",0,,,,,,,,urn:uuid:5ecd9e65-0da8-471b-aff1-10c577d39749
1368112,Unknown,,Unknown,,"Forestiera neomexicana",0,,,,,,,,urn:uuid:80acac30-f3df-49b1-be13-89aa8b3c0bc8
1368113,Unknown,,Unknown,,"Forestiera neomexicana",0,,,,,,,,urn:uuid:f97650af-a751-407a-ae9a-a10af679c52a
1368114,Unknown,,Unknown,," Forestiera pubescens",0,,,,,,,,urn:uuid:76394a38-7aef-4500-8258-12c5f79f7146
1368114,Unknown,,Unknown,,"Forestiera neomexicana",0,,,,,,,,urn:uuid:b837482c-016d-4506-b0cf-c87cdabd02a6
1368115,Unknown,,Unknown,," Forestiera neomexicana",0,,,,,,,,urn:uuid:f610840b-482c-4d5c-a5a7-f0115fd8e854
1368115,Unknown,,Unknown,,"Forestiera pubescens",0,,,,,,,,urn:uuid:288414cb-9359-44b2-9ff4-dbb969337c20
1368116,Unknown,,Unknown,," Forestiera neomexicana",0,,,,,,,,urn:uuid:dd6ad855-4b1b-45e5-9283-96572a2c5132
1368116,Unknown,,Unknown,,"Forestiera pubescens",0,,,,,,,,urn:uuid:b2d8fccd-1fa1-4c5f-9d2a-3880d88e9988
1368117,Unknown,,Unknown,," Forestiera neomexicana",0,,,,,,,,urn:uuid:cc588b41-afdd-4d34-88b5-de03ccaf02c6
1368117,Unknown,,Unknown,,"Forestiera pubescens",0,,,,,,,,urn:uuid:a633f1d9-fba5-4047-b8ba-f44ad1227a08
1368118,Unknown,,Unknown,," Forestiera neomexicana",0,,,,,,,,urn:uuid:4e65c68b-a7af-48ce-ae09-8ea05738f13e
1368118,Unknown,,Unknown,,"Forestiera pubescens",0,,,,,,,,urn:uuid:623c3237-d2b0-4983-b25e-49f20407e978
1368119,Unknown,,Unknown,,"Forestiera pubescens",0,,,,,,,,urn:uuid:765a88c6-1d03-4cfa-be94-0e0069655ec0
1368120,Unknown,,Unknown,,"Forestiera pubescens",0,,,,,,,,urn:uuid:1dcd6729-5277-4889-82b1-2d546be9897e
1368121,Unknown,,Unknown,,"Forestiera pubescens",0,,,,,,,,urn:uuid:01880939-fc5b-4325-9ef7-7b231b060910
1368122,Unknown,,Unknown,,"Forestiera pubescens",0,,,,,,,,urn:uuid:9c27513e-f5eb-4da7-9ae5-2c4e103822d2
1368123,Unknown,,Unknown,,"Forestiera pubescens",0,,,,,,,,urn:uuid:bff25ba5-1597-4b20-88b7-e32092b144dd
1368124,Unknown,,Unknown,,"Forestiera pubescens",0,,,,,,,,urn:uuid:3c082ec9-52c4-4a24-ae25-94efe0427190
1368125,Unknown,,Unknown,,"Forestiera pubescens",0,,,,,,,,urn:uuid:69918af1-37e3-4c2a-bf00-92ad2d1e5a85
1368126,Unknown,,Unknown,,"Forestiera pubescens",0,,,,,,,,urn:uuid:c3b7b547-c307-4281-87dd-095d76fee2c3
1368127,Unknown,,Unknown,,"Forestiera pubescens",0,,,,,,,,urn:uuid:91fad76d-741a-4620-b756-da428181863e
1368128,Unknown,,Unknown,,"Forestiera pubescens",0,,,,,,,,urn:uuid:b07b924c-07bf-442c-adb4-1a3137b27440
1368129,Unknown,,Unknown,,"Forestiera pubescens",0,,,,,,,,urn:uuid:ef022ade-2aee-4c72-9237-7000ab7c2f1b
1368131,Unknown,,Unknown,,"Fraxinus americana var. americana",0,,,,,,,,urn:uuid:00bb0f81-cc31-47e6-ac33-832d7b3cbe93
1368132,Unknown,,Unknown,," Fraxinus  americana var. americana ",0,,,,,,,,urn:uuid:58bb9bab-d2bb-4753-beb0-41d38e234204
1368133,Unknown,,Unknown,," Fraxinus americana var. americana",0,,,,,,,,urn:uuid:5b8c5fd4-9a46-409c-9fb8-7a6a1cc81127
1368133,Unknown,,Unknown,," Fraxinus texensis",0,,,,,,,,urn:uuid:6cb12cf7-3e3a-4c4a-b279-1dfe1b9f505c
1368133,Unknown,,Unknown,,"Fraxinus americana",0,,,,,,,,urn:uuid:8ac2c0ca-2449-4485-9385-48535b2bfde2
1368134,Unknown,,Unknown,,"Fraxinus americana var. americana",0,,,,,,,,urn:uuid:cdb7e700-8db0-4577-8151-a7232a7ef366
1368135,Unknown,,Unknown,,"Fraxinus americana var. americana",0,,,,,,,,urn:uuid:81ced0d2-09ee-4479-b2cb-e53c71c28f46
1368136,Unknown,,Unknown,,"Fraxinus americana var. americana",0,,,,,,,,urn:uuid:7f2e39cf-5677-4a7d-98f8-f43def0c7e27
1368142,Unknown,,Unknown,," Fraxinus americana var. americana",0,,,,,,,,urn:uuid:cc79a6ad-9bbf-42e0-adfa-71197cce5437
1368142,Unknown,,Unknown,,"Fraxinus americana",0,,,,,,,,urn:uuid:be578b57-ad82-4a64-98b6-4f260afe81e8
1368147,Unknown,,Unknown,,"Fraxinus berlandieriana",0,,,,,,,,urn:uuid:051b1d49-b00f-45f5-89ab-57abf04c2114
1368148,Unknown,,Unknown,,"Fraxinus pennsylvanica",0,,,,,,,,urn:uuid:684f8755-0382-4a0f-825f-80418a39e247
1368155,Unknown,,Unknown,,"Fraxinus pennsylvanica",0,,,,,,,,urn:uuid:5e7c9e32-7a81-47bd-b670-42523e3c4a3c
1368162,Unknown,,Unknown,,"Fraxinus americana var.  texensis",0,,,,,,,,urn:uuid:cde68413-0c1e-42e6-8170-cde3ebc20558
1368163,Unknown,,Unknown,," Fraxinus texensis",0,,,,,,,,urn:uuid:91a621b5-e7fa-4901-84cd-880ddfd74cb1
1368163,Unknown,,Unknown,,"Fraxinus americana var. texensis",0,,,,,,,,urn:uuid:4acbd5fa-d612-43f7-b32c-6f0df6d72866
1368164,Unknown,,Unknown,," Fraxinus texensis",0,,,,,,,,urn:uuid:413fddd9-d9bd-4914-ba00-37596049cbc3
1368164,Unknown,,Unknown,,"Fraxinus americana var. texensis",0,,,,,,,,urn:uuid:fd29a953-9111-4dd9-8a87-040f8d97e0a6
1368165,Unknown,,Unknown,," Fraxinus texensis",0,,,,,,,,urn:uuid:b29b0c70-af84-4b7a-8f4a-549293903586
1368165,Unknown,,Unknown,,"Fraxinus americana var. texensis",0,,,,,,,,urn:uuid:942aa269-39b1-445a-bb8e-bc04dbc85371
1368194,Unknown,,Unknown,,"Menodora scabra",0,,,,,,,,urn:uuid:9af48abf-9a60-4d11-ad0e-71d0b03ea5a4
1368195,Unknown,,Unknown,,"Menodora scabra",0,,,,,,,,urn:uuid:739b5e6c-0fcd-46e6-8384-d9b226ff9113
1368196,Unknown,,Unknown,,"Menodora scabra",0,,,,,,,,urn:uuid:b56e561a-bf9f-425c-a4e4-c8c4d9d8f63c
1368197,Unknown,,Unknown,,"Menodora scabra",0,,,,,,,,urn:uuid:31bbc622-4cd7-4195-aad5-38c28e784197
1368198,Unknown,,Unknown,,"Menodora scabra",0,,,,,,,,urn:uuid:60b22271-00a7-4197-8f70-9d080f79a55c
1368199,Unknown,,Unknown,,"Menodora scabra",0,,,,,,,,urn:uuid:cbb3e447-7be6-44fe-a9c8-fac055fe38f8
1368200,Unknown,,Unknown,,"Menodora scabra",0,,,,,,,,urn:uuid:4e6b2f1d-3465-4ae0-9023-220a122a87d5
1368201,Unknown,,Unknown,,"Menodora scabra",0,,,,,,,,urn:uuid:eeea8d3e-29ba-47f5-bc91-c4a0975e51e2
1368202,Unknown,,Unknown,,"Menodora scabra",0,,,,,,,,urn:uuid:f2f633a1-e713-4e63-aecf-3c762a51ad85
1380586,Unknown,,Unknown,,"Menodora scabra",0,,,,,,,,urn:uuid:032cd61f-2830-4841-880a-d8f08645af41
1380589,Unknown,,Unknown,,"Ligustrum quihoui",0,Carr.,,,,,,,urn:uuid:724e5719-49f8-4a62-914a-4e1162a23945
1401310,Unknown,,Unknown,,"Forestiera neomexicana",0,,,,,,,,urn:uuid:04e952ef-fdd6-40e9-8b15-02006ac44139
1401311,Unknown,,Unknown,,"Forestiera neomexicana",0,,,,,,,,urn:uuid:1abb78c8-397c-4f77-961b-1a105e077f6c
1401312,Unknown,,Unknown,,"Forestiera neomexicana",0,,,,,,,,urn:uuid:d13f7454-1275-4a45-a340-8f34ad6bed14
1401313,Unknown,,Unknown,,"Forestiera neomexicana",0,,,,,,,,urn:uuid:ca8a5415-0a8d-49de-8f83-4ec5fb150766
1401314,Unknown,,Unknown,,"Forestiera neomexicana",0,,,,,,,,urn:uuid:699862f5-9d95-4c9f-b652-ed774974e486
1401315,Unknown,,Unknown,,"Forestiera neomexicana",0,,,,,,,,urn:uuid:f08ada4b-5ab2-44ca-9aa1-a6a6e1988764
1401316,Unknown,,Unknown,,"Forestiera neomexicana",0,,,,,,,,urn:uuid:79608f2b-19f3-42e0-b0d5-595ff34bba4b
1401317,Unknown,,Unknown,,"Forestiera neomexicana",0,,,,,,,,urn:uuid:108266c6-7a13-4941-9d17-a6c1f67144a7
1401318,Unknown,,Unknown,," Forestiera neomexicana",0,,,,,,,,urn:uuid:ce332721-837c-43ce-9809-8d07f0744a7b
1401318,Unknown,,Unknown,,"Forestiera pubescens",0,,,,,,,,urn:uuid:323a319d-6b37-44a2-9829-7b621b5945fa
1401319,Unknown,,Unknown,," Forestiera neomexicana",0,,,,,,,,urn:uuid:bccefd1d-b459-4de1-9858-9d771e6e1e0c
1401319,Unknown,,Unknown,,"Forestiera pubescens",0,,,,,,,,urn:uuid:0f9b07a5-8d3e-48ee-a49b-f6c6fd69b205
1401320,Unknown,,Unknown,,"Forestiera pubescens",0,,,,,,,,urn:uuid:a9d46a18-ac5d-4c59-921e-6501133c47a3
1401321,Unknown,,Unknown,,"Forestiera pubescens",0,,,,,,,,urn:uuid:f619ea66-1f33-4a74-b87b-18e94ac4ba9f
1401322,Unknown,,Unknown,,"Forestiera pubescens",0,,,,,,,,urn:uuid:f8a693c4-5f24-4033-b576-90530a47bd2c
1401323,Unknown,,Unknown,,"Forestiera pubescens",0,,,,,,,,urn:uuid:3ec25299-77f0-4af5-b0b5-0ec466244acb
1401324,Unknown,,Unknown,,"Forestiera pubescens",0,,,,,,,,urn:uuid:29bf211b-5041-472c-9271-2e01b54e40ff
1401325,Unknown,,Unknown,,"Forestiera pubescens",0,,,,,,,,urn:uuid:9c78c2db-f5a4-46ac-aca0-c0564dd084fd
1401326,Unknown,,Unknown,,"Forestiera pubescens",0,,,,,,,,urn:uuid:d5ced641-9027-44df-93a3-c44029a48572
1401327,Unknown,,Unknown,,"Forestiera pubescens",0,,,,,,,,urn:uuid:b9bd8d58-95a2-403d-8441-df6b02780ec2
1401328,Unknown,,Unknown,,"Forestiera pubescens",0,,,,,,,,urn:uuid:cfe081cf-a6d5-41d3-833e-80268fb2fe70
1401329,Unknown,,Unknown,,"Forestiera pubescens",0,,,,,,,,urn:uuid:80b4c5ec-5917-4c16-a4b7-a093e47b3e39
1401330,Unknown,,Unknown,,"Forestiera pubescens",0,,,,,,,,urn:uuid:fe68e61f-c734-4108-89a3-101581089769
1401331,Unknown,,Unknown,,"Forestiera pubescens",0,,,,,,,,urn:uuid:4f370dd4-adf6-4ee8-8876-4cef0da179e0
1401332,Unknown,,Unknown,,"Forestiera pubescens",0,,,,,,,,urn:uuid:950dde3f-42bf-4815-ad76-feacb2ff61ce
1401365,Unknown,,Unknown,,"Fraxinus cuspidata",0,,,,,,,,urn:uuid:5dbb990a-07da-41f6-8bee-006dea13b0b2
1401382,Unknown,,Unknown,,"Fraxinus pennsylvanica",0,,,,,,,,urn:uuid:87a7f2d0-36f7-4b78-af81-59884340070c
1401383,Unknown,,Unknown,,"Fraxinus pennsylvanica",0,,,,,,,,urn:uuid:d8d69b6c-d547-4a38-a4f9-97aec30d9d2d
1401389,Unknown,,Unknown,,"Fraxinus pennsylvanica",0,,,,,,,,urn:uuid:93604861-157f-4753-ac78-48382ee99705
1401393,Unknown,,Unknown,," Fraxinus texensis",0,,,,,,,,urn:uuid:dfdefa4d-59c4-4241-971d-c56a868ef00d
1401393,Unknown,,Unknown,,"Fraxinus americana var. texensis",0,,,,,,,,urn:uuid:2119381a-5573-4065-9517-c65d83db0a12
1401394,Unknown,,Unknown,," Fraxinus texensis",0,,,,,,,,urn:uuid:8f1aacd0-428d-4134-8aba-e4642a5bc07c
1401394,Unknown,,Unknown,,"Fraxinus americana var. texensis",0,,,,,,,,urn:uuid:e93a47bf-959b-4f65-bbc6-37d1d9d971ea
1401395,Unknown,,Unknown,," Fraxinus texensis",0,,,,,,,,urn:uuid:f09b4495-ca64-428b-8aa9-7dae9709c178
1401395,Unknown,,Unknown,,"Fraxinus americana var. texensis",0,,,,,,,,urn:uuid:79558572-1147-4235-a375-bd66eedbeb10
1401396,Unknown,,Unknown,," Fraxinus texensis",0,,,,,,,,urn:uuid:37582749-8668-4680-93fb-9d2adeb20f1b
1401396,Unknown,,Unknown,,"Fraxinus americana var. texensis",0,,,,,,,,urn:uuid:2e64822e-def5-425e-83dc-a063fbb762c0
1401397,Unknown,,Unknown,," Fraxinus texensis",0,,,,,,,,urn:uuid:d1b4868a-0689-4446-ab32-36aaa6893082
1401397,Unknown,,Unknown,,"Fraxinus americana var. texensis",0,,,,,,,,urn:uuid:698a8b80-eedd-424a-80af-04de02bfabe0
1401398,Unknown,,Unknown,," Fraxinus texensis",0,,,,,,,,urn:uuid:03574d44-4312-498e-9b82-fffebdfb432e
1401398,Unknown,,Unknown,,"Fraxinus americana var. texensis",0,,,,,,,,urn:uuid:565008df-f215-496d-839a-6a2719c247ef
1401399,Unknown,,Unknown,," Fraxinus texensis",0,,,,,,,,urn:uuid:3f9488b4-ce16-4640-b577-d793ba2db229
1401399,Unknown,,Unknown,,"Fraxinus americana var. texensis",0,,,,,,,,urn:uuid:32ddce2d-7486-44aa-aeda-7f06bc397021
1401400,Unknown,,Unknown,," Fraxinus texensis",0,,,,,,,,urn:uuid:2f4c6ab5-e796-4287-b547-06f075901e82
1401400,Unknown,,Unknown,,"Fraxinus americana var. texensis",0,,,,,,,,urn:uuid:77ac7a6e-b3b7-47f2-83c6-286aee1ca520
1401467,Unknown,,Unknown,,"Menodora scabra",0,,,,,,,,urn:uuid:1196e56b-91f4-4303-9cd3-df3797123538
1401468,Unknown,,Unknown,,"Menodora scabra",0,,,,,,,,urn:uuid:d5e4eb6a-359e-43e0-827f-2376d587aa50
1401469,Unknown,,Unknown,,"Menodora scabra",0,,,,,,,,urn:uuid:a3b332d2-7fa2-4eb3-91d6-117d4d262814
1401470,Unknown,,Unknown,,"Menodora scabra",0,,,,,,,,urn:uuid:379760c5-4349-4790-a283-791f4f56d3af
1401471,Unknown,,Unknown,,"Menodora scabra",0,,,,,,,,urn:uuid:1afd7be9-57db-4197-b48d-0b21b66d762e
1401472,Unknown,,Unknown,,"Menodora scabra",0,,,,,,,,urn:uuid:a156d00a-a0ab-404c-b06c-57f29d9c2958
1401473,Unknown,,Unknown,,"Menodora scabra",0,,,,,,,,urn:uuid:81160398-f86c-4bcb-8456-ab171249df0d
1401474,Unknown,,Unknown,,"Menodora scabra",0,,,,,,,,urn:uuid:4f2c47b3-be33-4bfa-9a02-c5924873fc05
1401475,Unknown,,Unknown,,"Menodora scabra",0,,,,,,,,urn:uuid:7764009d-6cad-483f-9ecd-4ef699791b42
1401476,Unknown,,Unknown,,"Menodora scabra",0,,,,,,,,urn:uuid:a60a2535-64b4-48bc-af85-7e8360772b80
1401477,Unknown,,Unknown,,"Menodora scabra",0,,,,,,,,urn:uuid:5a76bdff-9ddb-4c00-a069-576564a4703e
1401478,Unknown,,Unknown,,"Menodora scabra",0,,,,,,,,urn:uuid:095da836-712e-47e4-84e6-9c6233530411
1401479,Unknown,,Unknown,,"Menodora scabra",0,,,,,,,,urn:uuid:17bd1b51-e50e-43e0-828e-1d33c7329e21
1401480,Unknown,,Unknown,,"Menodora scabra",0,,,,,,,,urn:uuid:bac24826-8140-4323-8089-9998a8cf05e8
1401481,Unknown,,Unknown,,"Menodora scabra",0,,,,,,,,urn:uuid:4235ca13-d7a9-4382-8f81-ebe5dde18db4
1401482,Unknown,,Unknown,,"Menodora scabra",0,,,,,,,,urn:uuid:d9360f0e-6127-4347-8680-dc2ebe35cdb7
1401483,Unknown,,Unknown,,"Menodora scabra",0,,,,,,,,urn:uuid:1c0ed096-59b8-400c-8ef6-01825485a3b5
1401484,Unknown,,Unknown,,"Menodora scabra",0,,,,,,,,urn:uuid:d1c82d02-60ae-4e40-8b65-d5853046e2e0
1401485,Unknown,,Unknown,,"Menodora scabra",0,,,,,,,,urn:uuid:c3250d11-31f6-400f-b740-02f1603fef60
1401486,Unknown,,Unknown,,"Menodora scabra",0,,,,,,,,urn:uuid:3f53b116-8a8a-4e35-af46-91fe0fb0e66b
1401487,Unknown,,Unknown,,"Menodora scabra",0,,,,,,,,urn:uuid:d36179d5-91bb-4b13-ad0a-1e33160b1f1f
1401488,Unknown,,Unknown,,"Menodora scabra",0,,,,,,,,urn:uuid:90e51f50-0d41-4092-a19f-a9953f8effeb
1401489,Unknown,,Unknown,,"Menodora scabra",0,,,,,,,,urn:uuid:32f23bf3-5f7e-4bc0-87db-26cc16ed59a9
1401490,Unknown,,Unknown,,"Menodora scabra",0,,,,,,,,urn:uuid:b6902d2f-3271-43b4-801a-2c7ed92dd04a
1401491,Unknown,,Unknown,,"Menodora scabra",0,,,,,,,,urn:uuid:0370a7f0-c86e-4852-94f3-f1655951f334
1401492,Unknown,,Unknown,,"Menodora scabra",0,,,,,,,,urn:uuid:a48cebf9-20c2-4de8-85a7-ca0f9e08a48d
1401493,Unknown,,Unknown,,"Menodora scabra",0,,,,,,,,urn:uuid:8788053f-bf9e-433f-bc77-e1c7a4342ecf
1401494,Unknown,,Unknown,,"Menodora scabra",0,,,,,,,,urn:uuid:9dc7fe3d-7e8c-4715-8af4-09723ce0ca8f
1401495,Unknown,,Unknown,,"Menodora scabra",0,,,,,,,,urn:uuid:e6ffa253-4e77-42d5-84b0-5a7aa98e5089
1401496,Unknown,,Unknown,,"Menodora scabra",0,,,,,,,,urn:uuid:5e923f33-05d5-4e9b-a2ec-e0c960111ed4
1401497,Unknown,,Unknown,,"Menodora scabra",0,,,,,,,,urn:uuid:4304fc85-6476-484d-9b4b-20a44531602c
1401498,Unknown,,Unknown,,"Menodora scabra",0,,,,,,,,urn:uuid:d59bbf93-1ffd-49ee-b49a-319e5f087697
1401499,Unknown,,Unknown,,"Menodora scabra",0,,,,,,,,urn:uuid:3693eb5e-6e4d-45f0-a4d9-efc394f31a4c
1414237,Unknown,,Unknown,,"Symphoricarpos orbiculatus",0,,,,,,,,urn:uuid:0199fdcf-2fb9-4f72-a472-70bc48319aec
1414639,Unknown,,Unknown,,"Symphoricarpos orbiculatus",0,,,,,,,,urn:uuid:eb3322de-ad71-4676-8b3b-1ac7d42224b9
