coreid,identifiedBy,identifiedByID,dateIdentified,identificationQualifier,scientificName,identificationIsCurrent,scientificNameAuthorship,genus,specificEpithet,taxonRank,infraspecificEpithet,identificationReferences,identificationRemarks,recordId
1192189,Unknown,,Unknown,,"Phacelia integrifolia var. integrifolia",0,,,,,,,,urn:uuid:a6f475fc-d37a-4435-8972-6ad7e4639e40
1192190,Unknown,,Unknown,,"Phacelia integrifolia",0,,,,,,,,urn:uuid:e6f7d7af-f00b-48ba-bc72-24983f1ee17e
1192191,Unknown,,Unknown,,"Phacelia integrifolia",0,,,,,,,,urn:uuid:2d8a27bb-81e1-4185-957f-fb1661966e6d
1192192,Unknown,,Unknown,," Phacelia integrifolia var. integrifolia",0,,,,,,,,urn:uuid:fe9acfa2-c5c9-4767-b855-1cbffd3c8b35
1192192,Unknown,,Unknown,,"P. texana",0,,,,,,,,urn:uuid:8db773e4-2ab7-4742-9b29-8c6342d049b8
1192239,Unknown,,Unknown,,"Phacelia patuliflora var. austrotexana",0,,,,,,,,urn:uuid:4f7ce680-3cd9-4e08-8dd7-5f1c29f1bb2a
1192240,Unknown,,Unknown,,"Phacelia patuliflora var. austrotexana",0,,,,,,,,urn:uuid:59272b8d-0687-4b7d-b5fc-a9b999cab9f8
1192241,Unknown,,Unknown,,"Phacelia patuliflora var. austrotexana",0,,,,,,,,urn:uuid:2f1deeec-9bbf-4c4c-920f-39ef4eecafd2
1192242,Unknown,,Unknown,,"Phacelia patuliflora var. austrotexana",0,,,,,,,,urn:uuid:cb61e816-d1e6-46c3-bd52-3a25bc39b61b
1192243,Unknown,,Unknown,,"Phacelia patuliflora var. austrotexana",0,,,,,,,,urn:uuid:070a73dc-1b8b-4603-98ba-874eb00da720
1192244,Unknown,,Unknown,,"Phacelia patuliflora var. austrotexana",0,,,,,,,,urn:uuid:0756dbaa-9278-45fa-9626-39661d24515e
1192245,Unknown,,Unknown,,"Phacelia patuliflora var. austrotexana",0,,,,,,,,urn:uuid:b3202c90-1483-40ad-b777-744148bd51d8
1192246,Unknown,,Unknown,,"Phacelia patuliflora var. austrotexana",0,,,,,,,,urn:uuid:f9995d95-cbd6-4a0a-bf1c-64a37f0cad1d
1192247,Unknown,,Unknown,,"Phacelia patuliflora var. austrotexana",0,,,,,,,,urn:uuid:2398da5e-c30b-4bb7-9ddb-36d14abe9194
1192248,Unknown,,Unknown,,"Phacelia patuliflora var. austrotexana",0,,,,,,,,urn:uuid:40c37789-8440-4aed-acde-0e33cdc5cd34
1192249,Unknown,,Unknown,,"Phacelia patuliflora var. austrotexana",0,,,,,,,,urn:uuid:d5ff7c5c-4273-418b-8856-37f68a38940d
1192250,Unknown,,Unknown,,"Phacelia patuliflora var. austrotexana",0,,,,,,,,urn:uuid:fe6272b3-b0be-417a-bf5d-7dc07174edb6
1192251,Unknown,,Unknown,,"Phacelia patuliflora var. austrotexana",0,,,,,,,,urn:uuid:a10530c1-0158-4155-9ebb-83e702e18331
1192252,Unknown,,Unknown,,"Phacelia patuliflora var. austrotexana",0,,,,,,,,urn:uuid:0fa823d2-dc86-44e4-8dc3-dbad1ac05a02
1192253,Unknown,,Unknown,,"Phacelia patuliflora var. austrotexana",0,,,,,,,,urn:uuid:1836fbc9-968d-4632-ab8f-7f7ad44c1371
1192254,Unknown,,Unknown,,"Phacelia patuliflora var. patuliflora",0,,,,,,,,urn:uuid:615d2a32-1feb-48da-8713-802f27b093d6
1192255,Unknown,,Unknown,,"Phacelia patuliflora var. patuliflora",0,,,,,,,,urn:uuid:3774bbec-527d-48ef-8caf-fb442486af94
1192256,Unknown,,Unknown,,"Phacelia patuliflora var. patuliflora",0,,,,,,,,urn:uuid:baf96844-5b8d-4eb3-aa3c-04ca7c3d51e2
1192257,Unknown,,Unknown,,"Phacelia patuliflora var. patuliflora",0,,,,,,,,urn:uuid:c15cea7a-4d8c-477c-9442-977700d089b0
1192258,Unknown,,Unknown,,"Phacelia patuliflora var. patuliflora",0,,,,,,,,urn:uuid:515410c1-3913-40f2-b787-c75d3155f140
1192259,Unknown,,Unknown,,"Phacelia patuliflora var. patuliflora",0,,,,,,,,urn:uuid:c5c9d8d1-05e4-4b60-a4a5-e4d150b31ab8
1192260,Unknown,,Unknown,,"Phacelia patuliflora var. patuliflora",0,,,,,,,,urn:uuid:2dd616da-5f84-42fb-8ed2-2ed3bbdb85c8
1192261,Unknown,,Unknown,,"Phacelia patuliflora var. patuliflora",0,,,,,,,,urn:uuid:a6a34688-b7bc-4ca0-82e9-15c13cdac688
1192262,Unknown,,Unknown,,"Phacelia patuliflora var. patuliflora",0,,,,,,,,urn:uuid:81e83463-e86e-45ea-a4fa-5b7b90c1d097
1192263,Unknown,,Unknown,,"Phacelia patuliflora var. patuliflora",0,,,,,,,,urn:uuid:278b2ddc-4996-491f-8abd-c08a7dd2d7df
1192264,Unknown,,Unknown,,"Phacelia patuliflora var. patuliflora",0,,,,,,,,urn:uuid:29e120a9-d92f-4f7a-9baa-3473c5c617ff
1192265,Unknown,,Unknown,,"Phacelia patuliflora var. patuliflora",0,,,,,,,,urn:uuid:57a83106-48e4-4e4b-aa2a-aef9084a828e
1192266,Unknown,,Unknown,,"Phacelia patuliflora var. patuliflora",0,,,,,,,,urn:uuid:b197a706-e335-4ca5-a5ab-a1aa10aa1da6
1192267,Unknown,,Unknown,,"Phacelia patuliflora var. teucriifolia",0,,,,,,,,urn:uuid:576b6bc5-f742-4c7a-9777-4601e53be7bb
1192268,Unknown,,Unknown,,"Phacelia patuliflora var. teucriifolia",0,,,,,,,,urn:uuid:80822be2-b12d-41ad-8ce9-dbe9873c1f79
1192269,Unknown,,Unknown,,"Phacelia patuliflora var. teucriifolia",0,,,,,,,,urn:uuid:96772b73-f98d-42e1-91b3-95b34d855794
1192270,Unknown,,Unknown,,"Phacelia patuliflora var. teucriifolia",0,,,,,,,,urn:uuid:f8085c87-5c11-4206-8e85-51aa4eab0dc5
1192271,Unknown,,Unknown,,"Phacelia patuliflora var. teucriifolia",0,,,,,,,,urn:uuid:8d897db0-d186-4bc9-a205-73d16e69432a
1192285,Unknown,,Unknown,,"Phacelia robusta",0,,,,,,,,urn:uuid:1e300afe-4f79-4661-8ffb-4cc368820b7c
1210402,Unknown,,Unknown,,"Phacelia integrifolia",0,,,,,,,,urn:uuid:15d3a033-b852-40e4-be2a-df3d9ec99ead
1256551,Unknown,,Unknown,," Phacelia integrifolia var. integrifolia",0,,,,,,,,urn:uuid:aae9199d-b7f4-4fe4-8541-105d94ceeb84
1256551,Unknown,,Unknown,,"Phacelia texana",0,,,,,,,,urn:uuid:87ebf5cf-391e-49fa-b2a2-945d8eb13022
1256552,Unknown,,Unknown,," Phacelia integrifolia var. integrifolia",0,,,,,,,,urn:uuid:ebc73cb9-369d-4ace-894d-d11d6f14559b
1256552,Unknown,,Unknown,,"P. texana",0,,,,,,,,urn:uuid:c3b73911-a53a-4ebc-81c8-b24118849543
1256553,Unknown,,Unknown,,"Phacelia texana",0,,,,,,,,urn:uuid:259d2fa9-fd62-4ba2-9001-23f57d87e359
1256554,Unknown,,Unknown,," Phacelia integrifolia var. integrifolia",0,,,,,,,,urn:uuid:2a27564d-7390-4bb0-b25f-ddbaea9cc371
1256554,Unknown,,Unknown,,"Phacelia texana",0,,,,,,,,urn:uuid:dd8f126c-a82d-445c-813e-565097e1d969
1256555,Unknown,,Unknown,," Phacelia integrifolia var. integrifolia",0,,,,,,,,urn:uuid:43adfa9a-699b-4abd-b748-949905d54fb1
1256555,Unknown,,Unknown,,"Phacelia texana",0,,,,,,,,urn:uuid:5569d6d0-4ef2-4660-8004-e358700b3657
1256556,Unknown,,Unknown,," Phacelia integrifolia var. integrifolia",0,,,,,,,,urn:uuid:d2ea2c82-9495-4850-acbf-efd2e0f2680d
1256556,Unknown,,Unknown,,"Phacelia texana",0,,,,,,,,urn:uuid:3386b4f1-5d50-4ec5-a00f-5161366bc28b
1256557,Unknown,,Unknown,,"Phacelia texana",0,,,,,,,,urn:uuid:a20e2052-aaac-464a-a4f8-a65b65791b92
1256558,Unknown,,Unknown,," Phacelia integrifolia var. integrifolia",0,,,,,,,,urn:uuid:d8e43e35-149d-4a85-9f38-63ba6b649af9
1256558,Unknown,,Unknown,,"Phacelia texana",0,,,,,,,,urn:uuid:c64ce106-9f4d-4566-93c6-9224ed0ef7c9
1295067,Unknown,,Unknown,,"Phacelia integrifolia var. integrifolia",0,,,,,,,,urn:uuid:e7e2315c-7bbd-4654-915f-a835e9dbd3a4
1295073,Unknown,,Unknown,,"Phacelia integrifolia var. integrifolia",0,,,,,,,,urn:uuid:c705c5a9-bd35-4187-ac6a-42955cd6ffc2
1295286,Unknown,,Unknown,,"Phacelia texana",0,,,,,,,,urn:uuid:97dbbe09-b8ea-413a-ba80-c7309aa6aee9
1297552,Unknown,,Unknown,,"Phacelia patuliflora var. austrotexana",0,,,,,,,,urn:uuid:7659ca45-4637-4c2e-9b8f-637925618340
1297553,Unknown,,Unknown,,"Phacelia patuliflora var. patuliflora",0,,,,,,,,urn:uuid:cb1d65e8-2190-4175-8b76-674fda287af8
1298098,Unknown,,Unknown,,"Phacelia integrifolia var. integrifolia",0,,,,,,,,urn:uuid:279008b2-c820-45fa-ab73-086f78f0c445
1298213,Unknown,,Unknown,,"Phacelia integrifolia var. integrifolia",0,,,,,,,,urn:uuid:cc1b6bbc-f3a1-4f83-8270-3a8d3a906cc2
1298354,Unknown,,Unknown,,"Phacelia patuliflora var. austrotexana",0,,,,,,,,urn:uuid:b24c2e0d-04de-458b-be36-ea103aea5e75
1298473,Unknown,,Unknown,,"Phacelia patuliflora var. teucriifolia",0,,,,,,,,urn:uuid:9b2cc3a3-1fb8-4fdc-9e3a-020c5559c342
1298740,Unknown,,Unknown,,"Phacelia patuliflora var. austrotexana",0,,,,,,,,urn:uuid:fd80cfb1-0e30-4531-ba02-170cdd240fb4
1298752,Unknown,,Unknown,,"Phacelia patuliflora",0,,,,,,,,urn:uuid:1651c1ec-4c58-4b5b-8d53-cd578ce4d0bf
1298970,Unknown,,Unknown,,"Phacelia integrifolia var. integrifolia",0,,,,,,,,urn:uuid:6629c515-9e06-4442-b936-8f2f8014e87d
1299364,Unknown,,Unknown,,"Phacelia patuliflora var. austrotexana",0,,,,,,,,urn:uuid:d7406bc6-0abd-44c5-893a-a515d6b0ba82
1299365,Unknown,,Unknown,,"Phacelia integrifolia var. integrifolia",0,,,,,,,,urn:uuid:2dbd86e4-3ca4-4186-8ef0-608c6e1c30e3
1299609,Unknown,,Unknown,,"Phacelia integrifolia var. integrifolia",0,,,,,,,,urn:uuid:0892d136-950b-4c31-94fe-7db115b26806
1300453,Unknown,,Unknown,,"Phacelia patuliflora var. austrotexana",0,,,,,,,,urn:uuid:53000ee7-e0ce-44b8-a384-647e4618315a
1303453,Unknown,,Unknown,,"Phacelia integrifolia var. integrifolia",0,,,,,,,,urn:uuid:fa07be5b-9420-47f4-a6fc-87f9c8879f34
1304907,Unknown,,Unknown,,"Phacelia patuliflora var. austrotexana",0,,,,,,,,urn:uuid:772a67a4-8d1d-4173-a394-8df16159012b
1309135,Unknown,,Unknown,,"Phacelia patuliflora var. patuliflora",0,,,,,,,,urn:uuid:437e286f-f6ea-4009-a829-852e2eab6621
1312561,Unknown,,Unknown,,"Phacelia integrifolia var. integrifolia",0,,,,,,,,urn:uuid:df4d093b-b389-410c-a080-3e3fbe1b1171
1277119,Unknown,,Unknown,,"Phacelia patuliflora var. austrotexana",0,,,,,,,,urn:uuid:bc128204-fd63-4a31-9579-9ccb81baa061
1277120,Unknown,,Unknown,,"Phacelia patuliflora var. austrotexana",0,,,,,,,,urn:uuid:fa2abc71-3511-4b8e-a8ec-a0de09ebf2a7
1277121,Unknown,,Unknown,,"Phacelia patuliflora var. austrotexana",0,,,,,,,,urn:uuid:a7aa57b1-9d50-4f38-afbd-31f1fe87b7e0
1277122,Unknown,,Unknown,,"Phacelia patuliflora var. austrotexana",0,,,,,,,,urn:uuid:afe38efd-8e8e-422b-abf6-cda9dd07f96b
1277123,Unknown,,Unknown,,"Phacelia patuliflora var. austrotexana",0,,,,,,,,urn:uuid:dc4893ee-e2fe-40c0-ad94-321626e20a69
1277124,Unknown,,Unknown,,"Phacelia patuliflora var. austrotexana",0,,,,,,,,urn:uuid:3f614848-1912-4076-94ed-f5f820896da2
1277125,Unknown,,Unknown,,"Phacelia patuliflora var. austrotexana",0,,,,,,,,urn:uuid:57d552f3-dbea-4b96-b804-10d6745c7ff0
1277126,Unknown,,Unknown,,"Phacelia patuliflora var. austrotexana",0,,,,,,,,urn:uuid:7199a985-e988-4a46-8c80-1ec392a0ab3d
1277127,Unknown,,Unknown,,"Phacelia patuliflora var. austrotexana",0,,,,,,,,urn:uuid:0abfc3f0-edd6-4f82-aa93-b27397f2b5f3
1277128,Unknown,,Unknown,,"Phacelia patuliflora var. austrotexana",0,,,,,,,,urn:uuid:69f0c650-5fdc-457a-976e-016f2c8310c7
1277129,Unknown,,Unknown,,"Phacelia patuliflora var. austrotexana",0,,,,,,,,urn:uuid:1e7737de-db8f-4280-9350-6c51c08ab1f3
1277130,Unknown,,Unknown,,"Phacelia patuliflora var. austrotexana",0,,,,,,,,urn:uuid:6ad24840-988a-4122-b40e-0c3e7aeef0fa
1277131,Unknown,,Unknown,,"Phacelia patuliflora var. austrotexana",0,,,,,,,,urn:uuid:84d02b3c-04d9-4cc2-b917-9377d623a6c8
1277132,Unknown,,Unknown,,"Phacelia patuliflora var. austrotexana",0,,,,,,,,urn:uuid:79b5f4bd-76a2-4fa7-96e6-daa6d91034fa
1277133,Unknown,,Unknown,,"Phacelia patuliflora var. austrotexana",0,,,,,,,,urn:uuid:b0daa856-ceb9-40f2-afab-e70965702781
1277134,Unknown,,Unknown,,"Phacelia patuliflora var. austrotexana",0,,,,,,,,urn:uuid:2ca99049-bd56-46c1-80cc-3e301c205ff1
1277135,Unknown,,Unknown,,"Phacelia patuliflora var. austrotexana",0,,,,,,,,urn:uuid:f6c5385b-3cd7-4f2b-b92f-cbe2f976738e
1277136,Unknown,,Unknown,,"Phacelia patuliflora var. austrotexana",0,,,,,,,,urn:uuid:737a9953-df64-41a4-ad61-7e527b28ea61
1277137,Unknown,,Unknown,,"Phacelia patuliflora var. austrotexana",0,,,,,,,,urn:uuid:ef9fa565-6fbc-433b-b8c6-1505732d4a98
1277138,Unknown,,Unknown,,"Phacelia patuliflora var. austrotexana",0,,,,,,,,urn:uuid:6d4c6054-9ebc-4a81-8fc8-9c6dbb0f43a2
1277139,Unknown,,Unknown,,"Phacelia patuliflora var. austrotexana",0,,,,,,,,urn:uuid:05a2d8f6-a34e-41fa-83b6-0b3dd95fe451
1277140,Unknown,,Unknown,,"Phacelia patuliflora var. austrotexana",0,,,,,,,,urn:uuid:cae8ae2e-72ad-4009-ae21-0d2a0da86dde
1277141,Unknown,,Unknown,,"Phacelia patuliflora var. austrotexana",0,,,,,,,,urn:uuid:6458841d-4d06-4309-9ca2-aca2a0e95140
1277142,Unknown,,Unknown,,"Phacelia patuliflora var. austrotexana",0,,,,,,,,urn:uuid:a54d7e8a-8444-4a60-9833-3b93b8a23c5e
1277143,Unknown,,Unknown,,"Phacelia patuliflora var. austrotexana",0,,,,,,,,urn:uuid:1f4efdef-70e6-4ce5-99ec-2c15107ccaca
1277144,Unknown,,Unknown,,"Phacelia patuliflora var. austrotexana",0,,,,,,,,urn:uuid:b2d4ccd7-eabd-4bee-867b-ce942fb4bf61
1277145,Unknown,,Unknown,,"Phacelia patuliflora var. austrotexana",0,,,,,,,,urn:uuid:14255b32-8ed5-42a2-9470-96eef52b8350
1277146,Unknown,,Unknown,,"Phacelia patuliflora var. austrotexana",0,,,,,,,,urn:uuid:1aea8f59-fb1c-462d-a004-fedaa686e857
1277147,Unknown,,Unknown,,"Phacelia patuliflora var. austrotexana",0,,,,,,,,urn:uuid:23c06e39-d498-4bf6-a003-832db1fdd11b
1277148,Unknown,,Unknown,,"Phacelia patuliflora var. austrotexana",0,,,,,,,,urn:uuid:630299fb-0632-496d-bb92-97309619c3ab
1277149,Unknown,,Unknown,,"Phacelia patuliflora var. austrotexana",0,,,,,,,,urn:uuid:1a494259-ed8f-45a0-919c-9afa9436a3a8
1277150,Unknown,,Unknown,,"Phacelia patuliflora var. austrotexana",0,,,,,,,,urn:uuid:05d28074-1d7b-4b34-a58f-d139881565d5
1277151,Unknown,,Unknown,,"Phacelia patuliflora var. austrotexana",0,,,,,,,,urn:uuid:0f48e32a-1db3-4ede-b45e-24efc4d975dd
1277152,Unknown,,Unknown,,"Phacelia patuliflora var. austrotexana",0,,,,,,,,urn:uuid:d6d9b282-584c-4b83-8826-12a7413f05a8
1277153,Unknown,,Unknown,,"Phacelia patuliflora var. austrotexana",0,,,,,,,,urn:uuid:2c5e26ab-e365-4048-83fa-b7b64c19128d
1277154,Unknown,,Unknown,,"Phacelia patuliflora var. austrotexana",0,,,,,,,,urn:uuid:2808ebad-9c2d-40cf-85f4-87afbe0f6b0b
1277155,Unknown,,Unknown,,"Phacelia patuliflora var. austrotexana",0,,,,,,,,urn:uuid:0523d396-fcad-4834-8368-df185e1327e1
1277156,Unknown,,Unknown,,"Phacelia patuliflora var. austrotexana",0,,,,,,,,urn:uuid:cab92ff3-b6f8-4d81-bfe8-838f782f023d
1277157,Unknown,,Unknown,,"Phacelia patuliflora var. austrotexana",0,,,,,,,,urn:uuid:b5aa9f28-b8ab-4d8e-9561-f9873a503187
1277158,Unknown,,Unknown,,"Phacelia patuliflora var. austrotexana",0,,,,,,,,urn:uuid:0428e2de-c8dc-46e3-8da9-878212cc8f7a
1277159,Unknown,,Unknown,,"Phacelia patuliflora var. austrotexana",0,,,,,,,,urn:uuid:e2ae6181-d302-49e3-a83c-175a1f98166d
1277160,Unknown,,Unknown,,"Phacelia patuliflora var. austrotexana",0,,,,,,,,urn:uuid:3e076309-331c-41da-8fb0-6916788e44fa
1277161,Unknown,,Unknown,,"Phacelia patuliflora var. austrotexana",0,,,,,,,,urn:uuid:0bc441af-e398-43bd-81a4-6ec193c1bea4
1277162,Unknown,,Unknown,,"Phacelia patuliflora var. austrotexana",0,,,,,,,,urn:uuid:1ece4238-0677-4b37-a98e-d003e9e3c32d
1277163,Unknown,,Unknown,,"Phacelia patuliflora var. austrotexana",0,,,,,,,,urn:uuid:913fd7f8-74f0-4b6c-bbd9-486ce21c804d
1277164,Unknown,,Unknown,,"Phacelia patuliflora var. austrotexana",0,,,,,,,,urn:uuid:63ef10e5-adce-461b-9766-18908b691b65
1277165,Unknown,,Unknown,,"Phacelia patuliflora var. austrotexana",0,,,,,,,,urn:uuid:f788095d-7042-404b-9dd0-b3f9e14d9bfd
1277166,Unknown,,Unknown,,"Phacelia patuliflora var. austrotexana",0,,,,,,,,urn:uuid:10f5fc0e-8c41-44a0-b4ba-c4c681fc72e6
1277167,Unknown,,Unknown,,"Phacelia patuliflora var. austrotexana",0,,,,,,,,urn:uuid:5440f83a-ee98-4b14-842b-29dac020984b
1277168,Unknown,,Unknown,,"Phacelia patuliflora var. austrotexana",0,,,,,,,,urn:uuid:447ee9ec-ec1e-4e5a-af9a-c1672fac9240
1277169,Unknown,,Unknown,,"Phacelia patuliflora var. austrotexana",0,,,,,,,,urn:uuid:91c51fba-6c54-4f01-9c89-20ef119690fd
1277170,Unknown,,Unknown,,"Phacelia patuliflora var. austrotexana",0,,,,,,,,urn:uuid:85b65be4-ced8-444d-8208-e32620c94d25
1277171,Unknown,,Unknown,,"Phacelia patuliflora var. patuliflora",0,,,,,,,,urn:uuid:5ecca157-c64b-4388-81f1-992a1a1073c3
1277172,Unknown,,Unknown,,"Phacelia patuliflora var. patuliflora",0,,,,,,,,urn:uuid:d5d757ac-0cc9-48a1-b8ea-c856d5b4f1f3
1277173,Unknown,,Unknown,,"Phacelia patuliflora var. patuliflora",0,,,,,,,,urn:uuid:38894cb6-36dc-46b2-9776-f1bdf7d4f763
1277174,Unknown,,Unknown,,"Phacelia patuliflora var. patuliflora",0,,,,,,,,urn:uuid:d0a8942b-c038-421e-b73f-41ae055e7980
1277175,Unknown,,Unknown,,"Phacelia patuliflora var. patuliflora",0,,,,,,,,urn:uuid:effef24a-2ff5-4a9c-9759-88cc6cc7580c
1277176,Unknown,,Unknown,,"Phacelia patuliflora var. patuliflora",0,,,,,,,,urn:uuid:c1b2f7e1-dd88-4b87-abd4-4874a039d93e
1277177,Unknown,,Unknown,,"Phacelia patuliflora var. patuliflora",0,,,,,,,,urn:uuid:186170b2-18f5-4c04-a31c-f3bea6a8495e
1277178,Unknown,,Unknown,,"Phacelia patuliflora var. patuliflora",0,,,,,,,,urn:uuid:23039b02-19f4-479c-8b4b-8e21ffb7356a
1277179,Unknown,,Unknown,,"Phacelia patuliflora var. patuliflora",0,,,,,,,,urn:uuid:70cab536-b2b1-434c-96b3-57c49fbe3a01
1277180,Unknown,,Unknown,,"Phacelia patuliflora var. patuliflora",0,,,,,,,,urn:uuid:700f9b0a-ec3e-4876-bbf0-01b67a7dbca5
1277181,Unknown,,Unknown,,"Phacelia patuliflora var. patuliflora",0,,,,,,,,urn:uuid:e517172e-daca-4a20-9ad7-3e3cc18b0457
1277182,Unknown,,Unknown,,"Phacelia patuliflora var. patuliflora",0,,,,,,,,urn:uuid:225add68-86ce-455c-acd1-029831bd149c
1277183,Unknown,,Unknown,,"Phacelia patuliflora var. patuliflora",0,,,,,,,,urn:uuid:04a8f504-5dec-4820-94b8-93f2ec27e5ef
1277184,Unknown,,Unknown,,"Phacelia patuliflora var. patuliflora",0,,,,,,,,urn:uuid:508967ac-f05d-4f4e-ba88-055587ec9ec4
1277185,Unknown,,Unknown,,"Phacelia patuliflora var. patuliflora",0,,,,,,,,urn:uuid:578f925b-de9d-471a-8cee-f3dba1a3f3b7
1277186,Unknown,,Unknown,,"Phacelia patuliflora var. patuliflora",0,,,,,,,,urn:uuid:cdbae4df-7e17-4341-9e27-532bf0152a4f
1277187,Unknown,,Unknown,,"Phacelia patuliflora var. teucriifolia",0,,,,,,,,urn:uuid:c0a12e65-7400-42c5-a386-a876873d478a
1277188,Unknown,,Unknown,,"Phacelia patuliflora var. teucriifolia",0,,,,,,,,urn:uuid:4ee409af-bc62-4530-a0c6-f14cfeeb5127
1277189,Unknown,,Unknown,,"Phacelia patuliflora var. teucriifolia",0,,,,,,,,urn:uuid:77ba60c5-ea45-4af2-93d4-37c6a9efa686
1277190,Unknown,,Unknown,,"Phacelia patuliflora var. teucriifolia",0,,,,,,,,urn:uuid:8d3b018f-d3df-4685-bd4a-f522a530ddba
1277191,Unknown,,Unknown,,"Phacelia patuliflora var. teucriifolia",0,,,,,,,,urn:uuid:e6e816df-c9b9-44d4-9b24-9d933f2f1f28
1283655,Unknown,,Unknown,,"Phacelia integrifolia var. integrifolia",0,,,,,,,,urn:uuid:77ad685c-7f8d-4c70-adfe-91493459ef7a
1289115,Unknown,,Unknown,,"Phacelia patuliflora var. austrotexana",0,,,,,,,,urn:uuid:e8651533-a174-47a8-a41c-154e081c8bb2
1289116,Unknown,,Unknown,,"Phacelia patuliflora",0,,,,,,,,urn:uuid:ef0aa6b3-d164-4bb8-b785-531340d54641
1291623,Unknown,,Unknown,,"Phacelia patuliflora var. austrotexana",0,,,,,,,,urn:uuid:57721260-bbab-43db-915b-18a6c0700306
1293267,Unknown,,Unknown,,"Phacelia patuliflora var. austrotexana",0,,,,,,,,urn:uuid:de2f10ec-8880-4a76-9d5b-7e5447b0fd36
1413037,Unknown,,Unknown,,"Phacelia patuliflora var. austrotexana",0,,,,,,,,urn:uuid:6c0d1204-3472-4ee5-8d2a-1cc3d5f19ae4
1412995,Unknown,,Unknown,,"Phacelia patuliflora var. austrotexana",0,,,,,,,,urn:uuid:933d749d-ca70-43bb-af3b-20c74bbbf672
1412994,Unknown,,Unknown,,"Phacelia patuliflora var. austrotexana",0,,,,,,,,urn:uuid:22f8da99-467e-4ea5-8cbb-b91be7d3627d
1412993,Unknown,,Unknown,,"Phacelia patuliflora var. austrotexana",0,,,,,,,,urn:uuid:82767801-aee3-42d4-9a92-0120493f10e0
1412992,Unknown,,Unknown,,"Phacelia patuliflora var. austrotexana",0,,,,,,,,urn:uuid:1a03db29-f1e7-4915-a5d4-317a276c3c7e
1412991,Unknown,,Unknown,,"Phacelia patuliflora var. austrotexana",0,,,,,,,,urn:uuid:c24c3f90-f661-41a9-9fca-8c3793be4cef
1412990,Unknown,,Unknown,,"Phacelia patuliflora var. austrotexana",0,,,,,,,,urn:uuid:5a4cb133-5793-41cf-9a5d-929470abd33e
1412989,Unknown,,Unknown,,"Phacelia patuliflora var. austrotexana",0,,,,,,,,urn:uuid:c3c4d41b-dd1b-422b-9af7-83d179cd7700
1412996,Unknown,,Unknown,,"Phacelia patuliflora var. teucriifolia",0,,,,,,,,urn:uuid:4fbda584-ef2a-4436-a76c-4b4252ba5b6d
1412997,Unknown,,Unknown,,"Phacelia patuliflora var. teucriifolia",0,,,,,,,,urn:uuid:46056ce2-73f3-4e54-9412-06903a3553d8
1412998,Unknown,,Unknown,,"Phacelia patuliflora var. austrotexana",0,,,,,,,,urn:uuid:1e051256-4ee5-406c-9f30-e5ea696efba8
1412999,Unknown,,Unknown,,"Phacelia patuliflora var. patuliflora",0,,,,,,,,urn:uuid:fff2fb54-c011-4aec-a07d-360ca7cf2cf0
1374935,Unknown,,Unknown,,"Phacelia integrifolia var. integrifolia",0,,,,,,,,urn:uuid:d5dfb8ad-2bda-4b72-9844-9ce13b901552
1374936,Unknown,,Unknown,,"Phacelia integrifolia var. integrifolia",0,,,,,,,,urn:uuid:6641cdbb-a78a-4b48-84e5-197725c51250
1374937,Unknown,,Unknown,,"Phacelia integrifolia var. integrifolia",0,,,,,,,,urn:uuid:ad58d84d-b55a-4bb1-b7a2-28334221dc01
1374947,Unknown,,Unknown,,"Phacelia patuliflora var. austrotexana",0,,,,,,,,urn:uuid:837b60b2-f0a7-4eac-ab9a-66e2343e9384
1374948,Unknown,,Unknown,,"Phacelia patuliflora var. austrotexana",0,,,,,,,,urn:uuid:cf607957-2126-4ba6-a2fe-c57a27363554
1374949,Unknown,,Unknown,,"Phacelia patuliflora var. austrotexana",0,,,,,,,,urn:uuid:4dde122f-df7e-4c5e-bdb0-5b1a76c03684
1374950,Unknown,,Unknown,,"Phacelia patuliflora var. patuliflora",0,,,,,,,,urn:uuid:74ad7618-5484-45c4-9d1a-189951348f87
1374951,Unknown,,Unknown,,"Phacelia patuliflora var. patuliflora",0,,,,,,,,urn:uuid:91129d96-70e5-4a20-91a6-dc0c6d26ffec
1374952,Unknown,,Unknown,,"Phacelia patuliflora var. teucriifolia",0,,,,,,,,urn:uuid:215177db-4d5b-440a-9fe2-3785df31dd75
1401581,Unknown,,Unknown,," Phacelia integrifolia var. integrifolia",0,,,,,,,,urn:uuid:fcf27b16-8c9e-43dc-8959-8893910cace7
1401581,Unknown,,Unknown,,"P. texana",0,,,,,,,,urn:uuid:07f102cd-6a75-481d-bdc5-56b49bb1dfad
1401582,Unknown,,Unknown,," Phacelia integrifolia var. integrifolia",0,,,,,,,,urn:uuid:707153df-4f9f-4ae3-9cc6-cdeb767a3a97
1401582,Unknown,,Unknown,,"Phacelia texana",0,,,,,,,,urn:uuid:e37e5905-3b4a-4457-a21b-56912af339ff
1401583,Unknown,,Unknown,," Phacelia integrifolia var. integrifolia",0,,,,,,,,urn:uuid:636bc39b-b67e-4d86-a834-c8b04bef45de
1401583,Unknown,,Unknown,,"Phacelia texana",0,,,,,,,,urn:uuid:87ce6a73-efce-46f3-bffc-df2d5667318f
1401584,Unknown,,Unknown,," Phacelia integrifolia var. integrifolia",0,,,,,,,,urn:uuid:baa3b2b1-6e7f-4642-b7b4-86c30c30ea56
1401584,Unknown,,Unknown,,"Phacelia texana",0,,,,,,,,urn:uuid:05dd282c-5c3d-4166-aea7-3bcf4ead32fe
1401585,Unknown,,Unknown,," Phacelia integrifolia var. integrifolia",0,,,,,,,,urn:uuid:eed0186f-c60a-44c2-884d-f9215f528efd
1401585,Unknown,,Unknown,,"Phacelia texana",0,,,,,,,,urn:uuid:164be3ac-61a9-4473-8e13-65c68c4bef64
1401586,Unknown,,Unknown,," Phacelia integrifolia var. integrifolia",0,,,,,,,,urn:uuid:662733f6-9e38-4175-b59b-1b1be16757d2
1401586,Unknown,,Unknown,,"Phacelia texana",0,,,,,,,,urn:uuid:d7cc2503-487d-4847-ab24-498093616a4f
1401587,Unknown,,Unknown,," Phacelia integrifolia var. integrifolia",0,,,,,,,,urn:uuid:31c0d8b5-1835-4bd7-a8a3-6507586021a7
1401587,Unknown,,Unknown,,"Phacelia texana",0,,,,,,,,urn:uuid:6d898be4-820d-4124-a12e-4831abf2da9c
1401588,Unknown,,Unknown,," Phacelia integrifolia var. integrifolia",0,,,,,,,,urn:uuid:91f1d6dd-d98a-45ee-9f2a-1da919a31bab
1401588,Unknown,,Unknown,,"Phacelia texana",0,,,,,,,,urn:uuid:80fdf7f2-85c5-40b1-9dc1-f8f86c0858cd
1401589,Unknown,,Unknown,," Phacelia integrifolia var. integrifolia",0,,,,,,,,urn:uuid:c8646c26-60e5-445e-8305-e091ba3c33cd
1401589,Unknown,,Unknown,,"Phacelia texana",0,,,,,,,,urn:uuid:83eb60e1-8af3-42a7-af39-3052a7cb1fab
1401590,Unknown,,Unknown,,"Phacelia texana",0,,,,,,,,urn:uuid:34e56f14-839e-4ca5-98cd-8a70fa4ecf09
1401591,Unknown,,Unknown,," Phacelia integrifolia var. integrifolia",0,,,,,,,,urn:uuid:9e8d60a1-a9b1-4ba4-be3f-9a26af94a784
1401591,Unknown,,Unknown,,"Phacelia texana",0,,,,,,,,urn:uuid:307f5f6f-bb2c-4cde-9aa9-78ce0b986735
1408327,Unknown,,Unknown,,"Phacelia patuliflora var. austrotexana",0,,,,,,,,urn:uuid:61823f16-2543-4a53-b721-84b4d3d7b074
1408328,Unknown,,Unknown,,"Phacelia patuliflora var. austrotexana",0,,,,,,,,urn:uuid:7a31e38b-eabe-4db5-b654-a226ea690f59
1408329,Unknown,,Unknown,,"Phacelia patuliflora var. austrotexana",0,,,,,,,,urn:uuid:c7585252-2b46-4988-85d5-13b231896c1f
1408330,Unknown,,Unknown,,"Phacelia patuliflora var. austrotexana",0,,,,,,,,urn:uuid:e18662dd-620f-4942-88b1-6cf713c1b0be
1408331,Unknown,,Unknown,,"Phacelia patuliflora var. austrotexana",0,,,,,,,,urn:uuid:455c1c1a-a630-4c4a-969d-85043f7805e1
1408332,Unknown,,Unknown,,"Phacelia patuliflora var. austrotexana",0,,,,,,,,urn:uuid:4d31fac9-26bd-478c-acea-cbeb5c59f73b
1408333,Unknown,,Unknown,,"Phacelia patuliflora var. austrotexana",0,,,,,,,,urn:uuid:41ec4e92-0673-4310-9abd-86d04926ac1b
1408334,Unknown,,Unknown,,"Phacelia patuliflora var. austrotexana",0,,,,,,,,urn:uuid:90a280d3-4c63-49b1-853d-de6a6c848049
1408335,Unknown,,Unknown,,"Phacelia patuliflora var. austrotexana",0,,,,,,,,urn:uuid:fef419c9-0038-44f3-ac64-a38aa8446bfb
1408336,Unknown,,Unknown,,"Phacelia patuliflora var. austrotexana",0,,,,,,,,urn:uuid:eaa7337f-6c92-485d-bea9-33811db2ea3d
1408337,Unknown,,Unknown,,"Phacelia patuliflora var. austrotexana",0,,,,,,,,urn:uuid:cd077386-8070-4e55-ae89-aacc2e0fb951
1408338,Unknown,,Unknown,,"Phacelia patuliflora var. austrotexana",0,,,,,,,,urn:uuid:16f56397-02c4-40b4-a92f-86e5aa4856c4
1408339,Unknown,,Unknown,,"Phacelia patuliflora var. austrotexana",0,,,,,,,,urn:uuid:c9c45a8e-12a6-420e-8198-a704a2754577
1408340,Unknown,,Unknown,,"Phacelia patuliflora var. austrotexana",0,,,,,,,,urn:uuid:d9ad491e-a296-4ff4-9e5c-f5c7911ae023
1408341,Unknown,,Unknown,,"Phacelia patuliflora var. austrotexana",0,,,,,,,,urn:uuid:e61ad6a4-f3ca-4667-99b3-725bd417f896
1408342,Unknown,,Unknown,,"Phacelia patuliflora var. austrotexana",0,,,,,,,,urn:uuid:7936db72-d28e-4d09-bab2-4dd3e83d45f9
1408343,Unknown,,Unknown,,"Phacelia patuliflora var. austrotexana",0,,,,,,,,urn:uuid:f115ba61-3696-4ef2-bbc9-ae9f61e96cbd
1408344,Unknown,,Unknown,,"Phacelia patuliflora var. austrotexana",0,,,,,,,,urn:uuid:7e002526-3ef1-44cb-a5ba-a04e12ebb579
1408345,Unknown,,Unknown,,"Phacelia patuliflora var. austrotexana",0,,,,,,,,urn:uuid:2d70f5a7-9296-4b12-96ca-6e261a30731c
1408346,Unknown,,Unknown,,"Phacelia patuliflora var. austrotexana",0,,,,,,,,urn:uuid:66b329b4-abf3-4216-8afa-936a0c5c10e7
1408347,Unknown,,Unknown,,"Phacelia patuliflora var. austrotexana",0,,,,,,,,urn:uuid:6de81006-9087-4da5-a60a-8a4915fcfe23
1408348,Unknown,,Unknown,,"Phacelia patuliflora var. austrotexana",0,,,,,,,,urn:uuid:f5d60907-1e1b-46ef-8286-82f48697894a
1408349,Unknown,,Unknown,,"Phacelia patuliflora var. austrotexana",0,,,,,,,,urn:uuid:1d86e2ba-a163-4efc-adbb-4147264d8fb3
1408350,Unknown,,Unknown,,"Phacelia patuliflora var. austrotexana",0,,,,,,,,urn:uuid:13d923db-de58-4308-9700-3d70645ff61f
1408351,Unknown,,Unknown,,"Phacelia patuliflora var. austrotexana",0,,,,,,,,urn:uuid:55bf74bb-cddf-46d4-94b3-70515027480e
1408352,Unknown,,Unknown,,"Phacelia patuliflora var. austrotexana",0,,,,,,,,urn:uuid:620ad486-a3d0-436b-bf46-543c515d5e1e
1408353,Unknown,,Unknown,,"Phacelia patuliflora var. austrotexana",0,,,,,,,,urn:uuid:ca3d9db4-c12d-43f9-8edc-234f9c3c0a7f
1408354,Unknown,,Unknown,,"Phacelia patuliflora var. austrotexana",0,,,,,,,,urn:uuid:e40e8dc1-8f2f-44cb-8c98-f145538f5ae6
1408355,Unknown,,Unknown,,"Phacelia patuliflora var. austrotexana",0,,,,,,,,urn:uuid:96255794-828f-4697-af34-39c0a331f0a0
1408356,Unknown,,Unknown,,"Phacelia patuliflora var. austrotexana",0,,,,,,,,urn:uuid:627118bb-65e7-49aa-ab79-0eb5e0590b8b
1408357,Unknown,,Unknown,,"Phacelia patuliflora var. austrotexana",0,,,,,,,,urn:uuid:3115cfb6-c419-4262-bb51-122e376c7e3d
1408358,Unknown,,Unknown,,"Phacelia patuliflora var. austrotexana",0,,,,,,,,urn:uuid:02e0f010-f91e-45c2-89a0-7b536b18f4e6
1408359,Unknown,,Unknown,,"Phacelia patuliflora var. austrotexana",0,,,,,,,,urn:uuid:fcb4c84c-07d4-453c-8546-fa7560207ef3
1408360,Unknown,,Unknown,,"Phacelia patuliflora var. patuliflora",0,,,,,,,,urn:uuid:65829cc6-8d91-47e9-b82a-9c78c36f19d7
1408361,Unknown,,Unknown,,"Phacelia patuliflora var. patuliflora",0,,,,,,,,urn:uuid:2c1ad170-645b-44ff-88e8-1427f3ded5ac
1408362,Unknown,,Unknown,,"Phacelia patuliflora var. patuliflora",0,,,,,,,,urn:uuid:a7231bc6-b178-45c3-8962-f92235c4ea9c
1408363,Unknown,,Unknown,,"Phacelia patuliflora var. patuliflora",0,,,,,,,,urn:uuid:c1c750c4-a278-4588-8053-8789e5245648
1408364,Unknown,,Unknown,,"Phacelia patuliflora var. patuliflora",0,,,,,,,,urn:uuid:284aac48-caa0-4093-8962-69538e0c81d5
1408365,Unknown,,Unknown,,"Phacelia patuliflora var. patuliflora",0,,,,,,,,urn:uuid:58b80961-1ec2-44a7-bfc5-cd3c310d0f57
1408366,Unknown,,Unknown,,"Phacelia patuliflora var. patuliflora",0,,,,,,,,urn:uuid:32c882dc-b497-4a40-84c4-7fd1a9ca12f7
1408367,Unknown,,Unknown,,"Phacelia patuliflora var. patuliflora",0,,,,,,,,urn:uuid:ed84f9b6-ba2f-45c8-95cd-a268a6fb2cdd
1408368,Unknown,,Unknown,,"Phacelia patuliflora var. patuliflora",0,,,,,,,,urn:uuid:b52739b9-3f41-4b5c-b854-a5729e7fe47a
1408369,Unknown,,Unknown,,"Phacelia patuliflora var. patuliflora",0,,,,,,,,urn:uuid:8abff7e2-55ff-498c-8f8b-2fbc66d3683e
1408370,Unknown,,Unknown,,"Phacelia patuliflora var. patuliflora",0,,,,,,,,urn:uuid:b393ed8d-8187-40ea-a1b7-287462cbb81c
1408371,Unknown,,Unknown,,"Phacelia patuliflora var. patuliflora",0,,,,,,,,urn:uuid:fba13ec6-eeaf-4f87-a42e-4d071e4e59d4
1408372,Unknown,,Unknown,,"Phacelia patuliflora var. teucriifolia",0,,,,,,,,urn:uuid:797da538-9bfc-428b-aee6-a907a36919ee
1408373,Unknown,,Unknown,,"Phacelia patuliflora var. teucriifolia",0,,,,,,,,urn:uuid:2169bfff-29a7-4e1c-ad74-6b5ecdb6e372
1408374,Unknown,,Unknown,,"Phacelia patuliflora var. teucriifolia",0,,,,,,,,urn:uuid:aec393c1-4e3a-4c4a-9264-0dab8f0333f1
1408375,Unknown,,Unknown,,"Phacelia patuliflora var. teucriifolia",0,,,,,,,,urn:uuid:a67b4ab1-5f33-4be1-96f4-e939da38daec
1408376,Unknown,,Unknown,,"Phacelia patuliflora var. teucriifolia",0,,,,,,,,urn:uuid:f42b3b66-b08a-4b0d-a8f5-29ade5831774
1408377,Unknown,,Unknown,,"Phacelia patuliflora var. teucriifolia",0,,,,,,,,urn:uuid:9f247137-755b-4b70-a931-1d17415823c6
