coreid,identifiedBy,identifiedByID,dateIdentified,identificationQualifier,scientificName,identificationIsCurrent,scientificNameAuthorship,genus,specificEpithet,taxonRank,infraspecificEpithet,identificationReferences,identificationRemarks,recordId
1166495,Unknown,,Unknown,,"Onosmodium bejariense var. bejariense",0,,,,,,,,urn:uuid:53e15f1e-6f03-41da-8e86-bac3e0657e66
1166507,Unknown,,Unknown,,"Onosmodium bejariense var. bejariense",0,,,,,,,,urn:uuid:7c587460-742e-4a79-9606-e8d1636e1097
1166509,Unknown,,Unknown,,"Cryptantha palmeri",0,,,,,,,,urn:uuid:13efcee1-64d8-4c88-8edf-2f374ed79725
1166557,Unknown,,Unknown,,"Heliotropium torreyi",0,,,,,,,,urn:uuid:0cc8bbcc-a291-427b-8254-fb68a10acc97
1166559,Unknown,,Unknown,,"Cryptantha palmeri",0,,,,,,,,urn:uuid:2adadac9-bbd3-457e-beac-7a93270f03ad
1166569,Unknown,,Unknown,,"Heliotropium curassavicum",0,,,,,,,,urn:uuid:0b1e2bf1-59fe-4de7-8074-ef4fbb17f170
1166578,Unknown,,Unknown,,"Cryptantha palmeri",0,,,,,,,,urn:uuid:6f91593d-f8fb-4c5a-8242-0c8f1e562dff
1166585,Unknown,,Unknown,,"Cryptantha palmeri",0,,,,,,,,urn:uuid:1cf97b09-18bf-469c-bd0c-bdf13a2a30d4
1166595,Unknown,,Unknown,,"Cryptantha palmeri",0,,,,,,,,urn:uuid:bf3e9428-338e-469f-8271-a3507409dc9e
1166596,Unknown,,Unknown,,"Cordia podocephala",0,,,,,,,,urn:uuid:b915fecf-39df-45e0-92e8-9de3dac48308
1166604,Unknown,,Unknown,,"Onosmodium bejariense var. bejariense",0,,,,,,,,urn:uuid:676c3e53-2414-4b40-b1e6-f72d0465e620
1166727,Unknown,,Unknown,,"Cryptantha palmeri",0,,,,,,,,urn:uuid:b941422e-92b4-4e88-aed9-4591fd18037c
1166769,Unknown,,Unknown,,"Onosmodium helleri",0,,,,,,,,urn:uuid:2ed85ee5-a5d1-43e7-9f74-7b7d6c91792f
1166779,Unknown,,Unknown,,"Onosmodium bejariense var. bejariense",0,,,,,,,,urn:uuid:09393a5c-6999-4c21-a4e6-29f61df4c597
1166805,Unknown,,Unknown,,"Cordia podocephala",0,,,,,,,,urn:uuid:01fd3081-f05b-4cbd-bcbb-2ad039f45c11
1166822,Unknown,,Unknown,,"Onosmodium bejariense var. bejariense",0,,,,,,,,urn:uuid:b706865e-36a7-4d5b-be54-32bb24b9f311
1166857,Unknown,,Unknown,,"Onosmodium bejariense var. bejariense",0,,,,,,,,urn:uuid:7b5c43ac-b8bd-4b71-9e0e-4cea09781f96
1166860,Unknown,,Unknown,,"Cordia podocephala",0,,,,,,,,urn:uuid:c61b1758-4739-4b7b-9147-cd4b1cfc03e7
1166865,Unknown,,Unknown,,"Onosmodium bejariense var. bejariense",0,,,,,,,,urn:uuid:c4e66017-dc7d-4a37-90ba-eb5c884a220d
1166873,Unknown,,Unknown,,"Onosmodium bejariense var. bejariense",0,,,,,,,,urn:uuid:d3081f12-b75a-497c-989d-475abb81528a
1166878,Unknown,,Unknown,,"Tiquilia hispidissima",0,,,,,,,,urn:uuid:31a99a12-e8b8-4e92-9f1d-34c54d93404c
1166894,Unknown,,Unknown,,"Cordia podocephala",0,,,,,,,,urn:uuid:50284ab6-5a8e-45d9-84bc-601cd9d27567
1166900,Unknown,,Unknown,,"Onosmodium bejariense var. bejariense",0,,,,,,,,urn:uuid:cd241c23-ba79-4738-9cd3-3d2cbd34c499
1166911,Unknown,,Unknown,,"Cryptantha palmeri",0,,,,,,,,urn:uuid:f6c19c30-650b-4052-8c69-0bfb56805e90
1166917,Unknown,,Unknown,," Mimophytum alienum",0,,,,,,,,urn:uuid:720e5117-14a7-43f4-9e68-2d507b5bbeba
1166917,Unknown,,Unknown,,"Omphalodes aliena",0,,,,,,,,urn:uuid:447dac53-e175-4f90-b106-26117a9ffc46
1166945,Unknown,,Unknown,,"Cordia podocephala",0,,,,,,,,urn:uuid:38bd75ec-9b04-46cb-97d8-6021d44fd0ac
1166965,Unknown,,Unknown,,"Hackelia virginiana",0,"(L.) I.M. Johnston",,,,,,,urn:uuid:83fae70a-d4f3-482e-b65c-328ced527fe7
1166986,Unknown,,Unknown,,"Onosmodium helleri",0,,,,,,,,urn:uuid:bed9146b-0524-4163-8174-587551453db9
1166994,Unknown,,Unknown,,"Onosmodium helleri",0,,,,,,,,urn:uuid:4a52cf47-ae20-4ced-b244-3a40205b583f
1167008,Unknown,,Unknown,,"Onosmodium helleri",0,,,,,,,,urn:uuid:d23fb3cf-90fe-40f5-b180-83208dbe6a07
1167010,Unknown,,Unknown,,"Cryptantha coryi",0,,,,,,,,urn:uuid:dec4ec74-adb5-40b9-96fa-85cbba78ccc6
1167014,Unknown,,Unknown,,"Onosmodium bejariense var. bejariense",0,,,,,,,,urn:uuid:1b385a36-eb25-4dc8-a192-403af9c2e303
1167016,Unknown,,Unknown,,"Onosmodium bejariense var. bejariense",0,,,,,,,,urn:uuid:9ae83c52-bf7f-4f0d-b08c-67dceae11b5e
1167020,Unknown,,Unknown,,"Cordia podocephala",0,,,,,,,,urn:uuid:f3ff4f3d-cc86-458d-b8ff-dfc7df9612e6
1190850,Unknown,,Unknown,,"Cordia podocephala",0,,,,,,,,urn:uuid:13f0e752-53fb-46b4-9cca-f1dd8872c52e
1210697,Unknown,,Unknown,,"Cryptantha coryi",0,,,,,,,,urn:uuid:a0ef9a3a-941c-4586-9769-4cf4a58e3ac5
1220195,Unknown,,Unknown,,"Onosmodium bejariense var. bejariense",0,,,,,,,,urn:uuid:18a9c6f6-1eef-44e9-9deb-8a939f725ec6
1220196,Unknown,,Unknown,,"Onosmodium bejariense var. bejariense",0,,,,,,,,urn:uuid:9e98ba8a-782d-41ce-933f-aa22dddb01f7
1277355,Unknown,,Unknown,,"Cordia podocephala",0,,,,,,,,urn:uuid:d6929aab-840c-489f-bd04-8362f94d438e
1277356,Unknown,,Unknown,,"Cordia podocephala",0,,,,,,,,urn:uuid:774db37f-c08b-46fd-afba-6b4e4aa2f3d6
1277357,Unknown,,Unknown,,"Cordia podocephala",0,,,,,,,,urn:uuid:a8bbea3e-839f-4dfe-8395-1f103c79741b
1277358,Unknown,,Unknown,,"Cordia podocephala",0,,,,,,,,urn:uuid:62bb3403-75ea-4eda-8ce5-74d05ab2e54d
1277359,Unknown,,Unknown,,"Cordia podocephala",0,,,,,,,,urn:uuid:00fd4e59-4caa-4cb4-b4f0-6b4f1b43a433
1277360,Unknown,,Unknown,,"Cordia podocephala",0,,,,,,,,urn:uuid:ecf5ccab-3cc2-4ab3-b057-88dbd6d75cc5
1277361,Unknown,,Unknown,,"Cordia podocephala",0,,,,,,,,urn:uuid:1faadf10-261a-48c6-b1ab-0f6e9637a739
1277362,Unknown,,Unknown,,"Cordia podocephala",0,,,,,,,,urn:uuid:31eb7cd9-37a8-442e-b710-5824525ea0cf
1277363,Unknown,,Unknown,,"Cordia podocephala",0,,,,,,,,urn:uuid:7a2493ae-6313-4375-8434-4d0d979a2b51
1277364,Unknown,,Unknown,,"Cordia podocephala",0,,,,,,,,urn:uuid:44da3108-92d4-4caf-8832-3c903294b19d
1277365,Unknown,,Unknown,,"Cordia podocephala",0,,,,,,,,urn:uuid:b708c355-a10d-42ed-96c3-6a09e0314809
1277366,Unknown,,Unknown,,"Cordia podocephala",0,,,,,,,,urn:uuid:2665189a-61cf-467e-8baf-d854af795765
1277367,Unknown,,Unknown,,"Cordia podocephala",0,,,,,,,,urn:uuid:7bf5407b-fdab-4876-a473-2b5c18049db2
1277368,Unknown,,Unknown,,"Cordia podocephala",0,,,,,,,,urn:uuid:c7b9327f-dfe3-4ba3-ae8a-a6f7cfad1cbc
1277369,Unknown,,Unknown,,"Cordia podocephala",0,,,,,,,,urn:uuid:43dae82e-503b-4d8d-8db6-e84abeffbe23
1277370,Unknown,,Unknown,,"Cordia podocephala",0,,,,,,,,urn:uuid:b19a926a-4f9d-464d-a32e-2500a3fad4b2
1277898,Unknown,,Unknown,,"Lithospermum sp.",0,,,,,,,,urn:uuid:54c13974-541f-4a8e-9185-b3f0075f6434
1278028,Unknown,,Unknown,,"Lithospermum sp.",0,,,,,,,,urn:uuid:25b12ed4-1059-4ed2-9371-e7a508b1d7a7
1278038,Unknown,,Unknown,,"Lithospermum multiflorum",0,,,,,,,,urn:uuid:22272e5f-b4eb-4a20-a22d-504fdf3c84e7
1278039,Unknown,,Unknown,,"Lithospermum multiflorum",0,,,,,,,,urn:uuid:21ad038b-30cf-4ea8-8117-45020e018819
1278042,Unknown,,Unknown,,"Lithospermum multiflorum",0,,,,,,,,urn:uuid:57d928b9-7bee-40ae-b10b-cc8aabb496db
1278052,Unknown,,Unknown,,"Lithospermum multiflorum",0,,,,,,,,urn:uuid:f247ea09-56aa-4017-b40b-3e8eb16c7452
1278094,Unknown,,Unknown,," Mimophytum alienum",0,,,,,,,,urn:uuid:60b24691-6001-4d41-94d7-76243deb4002
1278094,Unknown,,Unknown,,"Omphalodes aliena",0,,,,,,,,urn:uuid:b2a888ad-1f9c-45b5-952d-bbc0c0bef817
1278095,Unknown,,Unknown,," Mimophytum alienum",0,,,,,,,,urn:uuid:82eed9f2-31a6-4a4e-9441-750848b3ec54
1278095,Unknown,,Unknown,,"Omphalodes aliena",0,,,,,,,,urn:uuid:049b9b5a-e114-4ea9-9f61-3d721016cc4b
1278096,Unknown,,Unknown,," Mimophytum alienum",0,,,,,,,,urn:uuid:c851baeb-0a44-46df-b9f7-b571ecb7dee2
1278096,Unknown,,Unknown,,"Omphalodes aliena",0,,,,,,,,urn:uuid:5cecbed3-5b3f-4931-a756-0b90598d4b51
1278097,Unknown,,Unknown,," Mimophytum alienum",0,,,,,,,,urn:uuid:1b635edc-fe3e-4195-94b6-ee731b32649d
1278097,Unknown,,Unknown,,"Omphalodes aliena",0,,,,,,,,urn:uuid:0adf19c5-d420-435b-b898-d86047fa0430
1278098,Unknown,,Unknown,," Mimophytum alienum",0,,,,,,,,urn:uuid:7635f2d5-34d8-4c2a-bdab-636a90631640
1278098,Unknown,,Unknown,,"Omphalodes aliena",0,,,,,,,,urn:uuid:b5fd932b-16ec-42d1-a9f5-afe8640b5a0c
1278099,Unknown,,Unknown,," Mimophytum alienum",0,,,,,,,,urn:uuid:4bfd7f1b-5f5d-4505-a875-d9915db61dd8
1278099,Unknown,,Unknown,,"Omphalodes aliena",0,,,,,,,,urn:uuid:7afd3a53-25fd-4fcf-b699-30de076a28eb
1278100,Unknown,,Unknown,," Mimophytum alienum",0,,,,,,,,urn:uuid:d90544a4-d353-4ec1-b61c-e1cd01b7bfe6
1278100,Unknown,,Unknown,,"Omphalodes aliena",0,,,,,,,,urn:uuid:1402b742-efdb-4d21-8b6a-1c5362a93405
1278101,Unknown,,Unknown,," Mimophytum alienum",0,,,,,,,,urn:uuid:313a485f-c1f6-446a-b93f-c4cd68934232
1278101,Unknown,,Unknown,,"Omphalodes aliena",0,,,,,,,,urn:uuid:d966a88e-5f30-4f03-bddf-ce7bcec9a85b
1278102,Unknown,,Unknown,,"Onosmodium bejariense var. bejariense",0,,,,,,,,urn:uuid:1d3a6d77-ba2f-43fa-b996-633bd5a653f7
1278103,Unknown,,Unknown,,"Onosmodium bejariense var. bejariense",0,,,,,,,,urn:uuid:0b583b1f-0b08-40c0-a153-bd1fad671e73
1278104,Unknown,,Unknown,,"Onosmodium bejariense var. bejariense",0,,,,,,,,urn:uuid:a993178c-8713-450d-bfc1-1ebf28338a8d
1278105,Unknown,,Unknown,,"Onosmodium bejariense var. bejariense",0,,,,,,,,urn:uuid:b00c76fe-4da3-45ac-87ac-441e36f0a48e
1278106,Unknown,,Unknown,,"Onosmodium bejariense var. bejariense",0,,,,,,,,urn:uuid:78ba74f4-3ede-45eb-9bca-1956b018d5c7
1278107,Unknown,,Unknown,,"Onosmodium bejariense var. bejariense",0,,,,,,,,urn:uuid:953dc37b-6ed3-4533-8b62-ff29dd8b008b
1278108,Unknown,,Unknown,,"Onosmodium bejariense var. bejariense",0,,,,,,,,urn:uuid:7bd09fde-1d26-4fbe-b85e-eaa13bc7d07d
1278109,Unknown,,Unknown,,"Onosmodium bejariense var. bejariense",0,,,,,,,,urn:uuid:0f32bd2c-93dd-47f5-83f0-1c134ff0f1d8
1278110,Unknown,,Unknown,,"Onosmodium bejariense var. bejariense",0,,,,,,,,urn:uuid:e28aa1ba-ac48-450b-b22f-d22b0e5bbedf
1278111,Unknown,,Unknown,,"Onosmodium bejariense var. bejariense",0,,,,,,,,urn:uuid:da57b980-a5d7-49c4-95a7-ce8ddecacd37
1278112,Unknown,,Unknown,,"Onosmodium bejariense var. bejariense",0,,,,,,,,urn:uuid:48af9913-875a-4ecf-951d-dfd07a810256
1278113,Unknown,,Unknown,,"Onosmodium bejariense var. bejariense",0,,,,,,,,urn:uuid:60072db2-74d4-465b-bed1-b36a9e793203
1278114,Unknown,,Unknown,,"Onosmodium bejariense var. bejariense",0,,,,,,,,urn:uuid:1c7ee159-c0aa-4a7b-ae53-789479bf3b4b
1278115,Unknown,,Unknown,,"Onosmodium bejariense var. bejariense",0,,,,,,,,urn:uuid:f19fcaf0-5f3e-4029-b22e-6cc0b3ca175c
1278116,Unknown,,Unknown,,"Onosmodium bejariense var. bejariense",0,,,,,,,,urn:uuid:191d5989-022d-4278-8945-b23053abbb7f
1278117,Unknown,,Unknown,,"Onosmodium bejariense var. bejariense",0,,,,,,,,urn:uuid:ea7b6f1c-8ca4-4534-93aa-b12954374fa2
1278118,Unknown,,Unknown,,"Onosmodium bejariense var. bejariense",0,,,,,,,,urn:uuid:76f7ea9b-5bd4-42f4-9782-4d92cf7f3ee0
1278119,Unknown,,Unknown,,"Onosmodium bejariense var. bejariense",0,,,,,,,,urn:uuid:c0e6edea-c925-4d0e-8a26-f60d12e5883b
1278120,Unknown,,Unknown,,"Onosmodium bejariense var. bejariense",0,,,,,,,,urn:uuid:9fc295f7-4c4f-4353-b361-4f4c0ae37db7
1278121,Unknown,,Unknown,,"Onosmodium bejariense var. bejariense",0,,,,,,,,urn:uuid:ac4193b5-b11a-4943-a6a2-f8457adc4f17
1278122,Unknown,,Unknown,,"Onosmodium bejariense var. bejariense",0,,,,,,,,urn:uuid:0cc6a2d0-6533-42f5-9c2a-4b07cb800dd0
1278123,Unknown,,Unknown,,"Onosmodium bejariense var. bejariense",0,,,,,,,,urn:uuid:e45fb1d8-1266-4ac1-974f-52eae5e5c037
1278124,Unknown,,Unknown,,"Onosmodium bejariense var. bejariense",0,,,,,,,,urn:uuid:a45795df-071f-4b3c-9eb7-c69a6035da62
1278125,Unknown,,Unknown,,"Onosmodium bejariense var. occidentale",0,,,,,,,,urn:uuid:9f8ebdc1-5450-4d02-9c28-3d53b06158a6
1278126,Unknown,,Unknown,,"Onosmodium helleri",0,,,,,,,,urn:uuid:a43072ee-8e31-49d2-8de6-0ae9c3a8908b
1278127,Unknown,,Unknown,,"Onosmodium helleri",0,,,,,,,,urn:uuid:8f68c3f3-59b1-44be-aad8-42bed9d7a052
1278128,Unknown,,Unknown,,"Onosmodium helleri",0,,,,,,,,urn:uuid:7921e459-401a-493c-99df-2ee87a1b7d14
1278129,Unknown,,Unknown,,"Onosmodium helleri",0,,,,,,,,urn:uuid:262c2a47-204b-4715-9bb0-f3f7f996eb5c
1278130,Unknown,,Unknown,,"Onosmodium helleri",0,,,,,,,,urn:uuid:c588da78-0317-4a73-a410-476b730f3031
1278131,Unknown,,Unknown,,"Onosmodium helleri",0,,,,,,,,urn:uuid:6cb938fe-3958-445b-bb06-294054f1bd25
1278132,Unknown,,Unknown,,"Onosmodium helleri",0,,,,,,,,urn:uuid:952543dc-9568-4c61-b910-e5a7bbe053dc
1278133,Unknown,,Unknown,,"Onosmodium helleri",0,,,,,,,,urn:uuid:30485bde-2fd0-4494-be5e-a9773b36e8a8
1278134,Unknown,,Unknown,,"Onosmodium helleri",0,,,,,,,,urn:uuid:d530292b-c7ba-45c2-b5b6-ffc25a5ba6da
1278135,Unknown,,Unknown,,"Onosmodium helleri",0,,,,,,,,urn:uuid:cef0120d-b71a-4001-92a4-29adab9bb99f
1278136,Unknown,,Unknown,,"Onosmodium helleri",0,,,,,,,,urn:uuid:ca60667e-0cd8-4762-840b-d00fe1173b94
1278137,Unknown,,Unknown,,"Onosmodium helleri",0,,,,,,,,urn:uuid:fc6f6fb2-5e8d-4d86-a451-0fc729484883
1278138,Unknown,,Unknown,,"Onosmodium helleri",0,,,,,,,,urn:uuid:d7e171ae-c36e-4f62-aad1-cceaac569b31
1278139,Unknown,,Unknown,,"Onosmodium helleri",0,,,,,,,,urn:uuid:54f48a9b-c8ea-48e3-915d-140eb37015b4
1278140,Unknown,,Unknown,,"Onosmodium helleri",0,,,,,,,,urn:uuid:8ff81330-4ec4-42e6-b039-7051e55a0e65
1278141,Unknown,,Unknown,,"Onosmodium helleri",0,,,,,,,,urn:uuid:2d91732a-202c-4745-9dfb-db12c9ddb4a3
1278142,Unknown,,Unknown,,"Onosmodium helleri",0,,,,,,,,urn:uuid:feabff12-2688-40b5-9094-349b557cf115
1278143,Unknown,,Unknown,,"Onosmodium helleri",0,,,,,,,,urn:uuid:3c7bc479-3429-41dd-b8ba-b438f685959e
1278144,Unknown,,Unknown,,"Onosmodium helleri",0,,,,,,,,urn:uuid:bf545413-71b0-4d1a-b49a-14dc0a69e6c0
1278276,Unknown,,Unknown,,"Tiquilia hispidissima",0,,,,,,,,urn:uuid:4999b00b-2e64-492f-a25b-2e8b861ead3e
1278279,Unknown,,Unknown,,"Tiquilia hispidissima",0,,,,,,,,urn:uuid:287d1c68-f054-4126-b3e5-26ce34e5464d
1286402,Unknown,,Unknown,,"Lithospermum multiflorum",0,,,,,,,,urn:uuid:970da37e-17f2-4e47-99ed-c50ef30d35a6
1291520,Unknown,,Unknown,,"Tiquilia hispidissima",0,,,,,,,,urn:uuid:50ead5e3-46fc-425e-91a3-5c7ead7dd709
1292609,Unknown,,Unknown,,"Heliotropium greggii",0,,,,,,,,urn:uuid:c96040c8-cdcc-4647-9a33-e7c210e90d94
1292990,Unknown,,Unknown,,"Onosmodium helleri",0,,,,,,,,urn:uuid:f14e604d-2921-4d95-8316-7751564995ec
1293087,Unknown,,Unknown,,"Heliotropium torreyi",0,,,,,,,,urn:uuid:e71e4057-e6f2-487e-b4cf-9bf443f3828c
1303501,Unknown,,Unknown,,"Heliotropium texanum",0,,,,,,,,urn:uuid:67244798-645b-4b27-8c20-8fb57bcd1479
1304376,Unknown,,Unknown,,"Cordia podocephala",0,,,,,,,,urn:uuid:2a700f33-13f9-49cc-beb9-ece24c480ec7
1304684,Unknown,,Unknown,,"Cordia podocephala",0,,,,,,,,urn:uuid:1034bdc5-84fb-41c9-bc63-80a1d9600065
1305029,Unknown,,Unknown,,"Cordia podocephala",0,,,,,,,,urn:uuid:d9462582-9d6c-44e3-9fea-159205a1d444
1305369,Unknown,,Unknown,,"Onosmodium bejariense var. bejariense",0,,,,,,,,urn:uuid:1dc0ab4e-d8e5-4de5-b777-f77335916240
1307761,Unknown,,Unknown,,"Onosmodium bejariense var. bejariense",0,,,,,,,,urn:uuid:1c7b704c-5357-446f-ac21-4ce7d5d94485
1308134,Unknown,,Unknown,,"Heliotropium convolvulaceum",0,,,,,,,,urn:uuid:de33ed90-ded7-461e-86bb-d623ba4daef1
1308645,Unknown,,Unknown,,"Onosmodium bejariense var. bejariense",0,,,,,,,,urn:uuid:94701149-8f56-4361-a700-da37fa743dd1
1309220,Unknown,,Unknown,,"Heliotropium tenellum",0,,,,,,,,urn:uuid:b0a347cc-74cb-4d20-813e-66389b1438aa
1311679,Unknown,,Unknown,,"Lithospermum arvense",0,,,,,,,,urn:uuid:4fe52b2c-cd2c-4e8b-9ddf-4de3614290b2
1313793,Unknown,,Unknown,,"Onosmodium bejariense var. bejariense",0,,,,,,,,urn:uuid:0694cd3e-379a-4d64-97d0-c9e05191319f
1318182,"Robert Sivinski",,12/14/2017,,"Cryptantha cinerea",1,"(Greene) Cronq.",,,,,,,urn:uuid:221d4bc0-ce0f-4805-bf89-b1fb2cc7bc34
1318182,"B. L. Turner (TEX), 2013",,unknown,,"Antiphytum floribundum",0,"(Torr.) Gray",,,,,,,urn:uuid:a31296d0-0179-4ad6-aed8-d48a3138c936
1277549,Unknown,,Unknown,,"Hackelia pinetorum",0,,,,,,,,urn:uuid:2e2a2e3e-dfe4-4921-8111-4621b36ff42b
1293102,Unknown,,Unknown,,"Heliotropium confertifolium",0,,,,,,,,urn:uuid:57bd100c-c544-4a84-a73a-628a3df7e7f9
1293193,Unknown,,Unknown,,"Cordia podocephala",0,,,,,,,,urn:uuid:52d0c859-14a6-450b-b85b-c31b7aac9ec4
1293194,Unknown,,Unknown,,"Onosmodium helleri",0,,,,,,,,urn:uuid:f7c03024-ead8-4d68-9045-dceb0b4cb493
1293196,Unknown,,Unknown,,"Onosmodium bejariense var. bejariense",0,,,,,,,,urn:uuid:9a211772-6c8f-4a98-9923-576942e7bee8
1293197,Unknown,,Unknown,,"Onosmodium bejariense var. bejariense",0,,,,,,,,urn:uuid:11d55da0-94ca-4500-ac70-dafe78259614
1293198,Unknown,,Unknown,,"Onosmodium bejariense var. bejariense",0,,,,,,,,urn:uuid:33f78861-473a-4ef1-8241-bc897fee27d1
1293199,Unknown,,Unknown,,"Onosmodium helleri",0,,,,,,,,urn:uuid:34e717c3-c62b-42ac-8f50-12857841bc00
1294104,Unknown,,Unknown,,"Onosmodium helleri",0,,,,,,,,urn:uuid:ebd67ffa-a8f1-4ba0-b38d-f1d14cd8e768
1294118,Unknown,,Unknown,," Mimophytum alienum",0,,,,,,,,urn:uuid:2f0f17d6-9f10-435f-9428-c83158ab4239
1294118,Unknown,,Unknown,,"Omphalodes aliena",0,,,,,,,,urn:uuid:0090b962-a48d-427e-b4c4-4acf5344f45b
1294119,Unknown,,Unknown,," Mimophytum alienum",0,,,,,,,,urn:uuid:688231e6-9658-4ab7-95c5-b2c255d4332c
1294119,Unknown,,Unknown,,"Omphalodes aliena",0,,,,,,,,urn:uuid:8c590be5-b500-4023-b244-748501394cd3
1294701,Unknown,,Unknown,,"Tiquilia hispidissima",0,,,,,,,,urn:uuid:933a6b58-7aa4-474b-9630-3019331c4a57
1296683,Unknown,,Unknown,,"Tiquilia hispidissima",0,,,,,,,,urn:uuid:4d3425aa-4a9d-4ad2-9ed9-0beb39175809
1296696,Unknown,,Unknown,,"Tiquilia hispidissima",0,,,,,,,,urn:uuid:07b8d52c-b7f6-407c-8e22-5d74625284e8
1296785,Unknown,,Unknown,,"Tiquilia hispidissima",0,,,,,,,,urn:uuid:3e35d5d9-4188-45c0-9268-ce09033d8a49
1298469,Unknown,,Unknown,,"Onosmodium bejariense",0,,,,,,,,urn:uuid:18d32bad-60ac-4b82-8acd-0112e4e52d67
1298979,Unknown,,Unknown,,"Tiquilia hispidissima",0,,,,,,,,urn:uuid:808b676f-0237-4049-845a-9ab2c05b0939
1299603,Unknown,,Unknown,,"Onosmodium bejariense var. bejariense",0,,,,,,,,urn:uuid:68d163b0-1a9c-434a-aa6d-82c19d58c313
1300661,Unknown,,Unknown,,"Onosmodium bejariense var. bejariense",0,,,,,,,,urn:uuid:2260821f-4753-4225-9cb2-aa3b4e7fcfb8
1301175,Unknown,,Unknown,,"Heliotropium torreyi",0,,,,,,,,urn:uuid:eea52575-5077-4108-b2fa-067aba44b3fa
1301176,Unknown,,Unknown,,"Heliotropium torreyi",0,,,,,,,,urn:uuid:48eba3e2-d706-4c9e-bf62-1a93f9c9302f
1301178,Unknown,,Unknown,,"Heliotropium torreyi",0,,,,,,,,urn:uuid:1a3031f9-0d55-44b4-8e24-b63d37ee8948
1302220,Unknown,,Unknown,,"Onosmodium bejariense var. bejariense",0,,,,,,,,urn:uuid:07c8543e-0e42-4832-9178-e2874569fed7
1408763,Unknown,,Unknown,," Mimophytum alienum",0,,,,,,,,urn:uuid:e6eb6623-1fcf-40cb-92fb-21c092b9f05d
1408763,Unknown,,Unknown,,"Omphalodes aliena",0,,,,,,,,urn:uuid:289e2d6b-2fb7-4d97-ae4a-bf05af449003
1408764,Unknown,,Unknown,," Mimophytum alienum",0,,,,,,,,urn:uuid:68bf9293-0432-4c76-845a-91ac7a8ac3d3
1408764,Unknown,,Unknown,,"Omphalodes aliena",0,,,,,,,,urn:uuid:a1a4585f-cf93-459f-a4d8-41e34da20094
1408765,Unknown,,Unknown,," Mimophytum alienum",0,,,,,,,,urn:uuid:5f1138e3-595d-402c-a90c-b2b0ad716876
1408765,Unknown,,Unknown,,"Omphalodes aliena",0,,,,,,,,urn:uuid:f4e8c4bd-3930-4f63-ad90-dea1c8ef3f85
1408766,Unknown,,Unknown,," Mimophytum alienum",0,,,,,,,,urn:uuid:64c1a36e-85d2-45d2-beb3-bb9df6d518ec
1408766,Unknown,,Unknown,,"Omphalodes aliena",0,,,,,,,,urn:uuid:154a0cd6-446f-462e-80f5-ffe45eeb3b31
1408767,Unknown,,Unknown,,"Onosmodium bejariense var. bejariense",0,,,,,,,,urn:uuid:72752947-33a4-4b7f-aafe-e75f5c1173b0
1408768,Unknown,,Unknown,,"Onosmodium bejariense var. bejariense",0,,,,,,,,urn:uuid:00239fa3-8a3e-4e0a-b3b8-525e95be2e0f
1408769,Unknown,,Unknown,,"Onosmodium bejariense var. bejariense",0,,,,,,,,urn:uuid:f950b65d-d8b9-4bcf-96d6-6dfdfddbe064
1408770,Unknown,,Unknown,,"Onosmodium bejariense var. bejariense",0,,,,,,,,urn:uuid:5de775e2-66ab-453b-8733-964517b7fb6c
1408771,Unknown,,Unknown,,"Onosmodium bejariense var. bejariense",0,,,,,,,,urn:uuid:5dff1eb8-01de-470a-8dac-93d26044fa24
1408772,Unknown,,Unknown,,"Onosmodium bejariense var. bejariense",0,,,,,,,,urn:uuid:d1be9dbe-249d-4cb8-bbe0-f45713163f6b
1408773,Unknown,,Unknown,,"Onosmodium bejariense var. bejariense",0,,,,,,,,urn:uuid:af63eaf7-4d6e-4147-93ab-15e9f73b30d1
1408774,Unknown,,Unknown,,"Onosmodium bejariense var. bejariense",0,,,,,,,,urn:uuid:9ac8ca35-8594-4d88-95db-d001cd38040b
1408775,Unknown,,Unknown,,"Onosmodium bejariense var. bejariense",0,,,,,,,,urn:uuid:5bbb50e8-fedc-45a3-87b5-d38f9a9ee367
1408776,Unknown,,Unknown,,"Onosmodium bejariense var. bejariense",0,,,,,,,,urn:uuid:3fb38eca-dbba-41c1-a85d-7b9570a7fff6
1408777,Unknown,,Unknown,,"Onosmodium bejariense var. bejariense",0,,,,,,,,urn:uuid:5f8a85b1-2a39-42e5-a3e2-4a2a7110bfca
1408778,Unknown,,Unknown,,"Onosmodium bejariense var. bejariense",0,,,,,,,,urn:uuid:5e321e4b-a0b6-4fe9-8a42-89728bc81059
1408779,Unknown,,Unknown,,"Onosmodium bejariense var. bejariense",0,,,,,,,,urn:uuid:fc75aa40-67e5-4474-8199-6e296a3eb9a8
1408780,Unknown,,Unknown,,"Onosmodium bejariense var. bejariense",0,,,,,,,,urn:uuid:9490aad5-919c-4235-a09f-2372530d9351
1408781,Unknown,,Unknown,,"Onosmodium helleri",0,,,,,,,,urn:uuid:60eaaacb-46bd-45de-a767-73aa5cde8de5
1408782,Unknown,,Unknown,,"Onosmodium helleri",0,,,,,,,,urn:uuid:ee32fa34-5f85-4e13-84d4-b448444c5ae1
1413007,Unknown,,Unknown,,"Onosmodium bejariense var. bejariense",0,,,,,,,,urn:uuid:f6c9a9ba-a8f4-402d-8961-0df0b5f0eca7
1413138,Unknown,,Unknown,,"Heliotropium torreyi",0,,,,,,,,urn:uuid:7917b28a-4731-4b7f-9ab1-6b33a56bdbe3
1413139,Unknown,,Unknown,,"Heliotropium torreyi",0,,,,,,,,urn:uuid:d324b2ea-c1d8-4856-9fad-ca958c04aea1
1413140,Unknown,,Unknown,,"Heliotropium torreyi",0,,,,,,,,urn:uuid:8ce9eb8e-6171-4338-b230-677d7b4e9ff4
1413141,Unknown,,Unknown,,"Heliotropium torreyi",0,,,,,,,,urn:uuid:58a39166-26da-4dd9-8a7b-222ece6ebe29
1413142,Unknown,,Unknown,,"Heliotropium torreyi",0,,,,,,,,urn:uuid:51e969e4-144a-47b2-8477-d32c38450a57
1414330,Unknown,,Unknown,,"Onosmodium bejariense var. bejariense",0,,,,,,,,urn:uuid:a5a4c12b-2508-4e82-bc82-c036e6f9e8ba
1362959,Unknown,,Unknown,,"Onosmodium bejariense var. bejariense",0,,,,,,,,urn:uuid:81e790c4-d0e5-494a-8fdf-e2430ccc131a
1362964,Unknown,,Unknown,,"Hackelia pinetorum",0,,,,,,,,urn:uuid:06bf8f13-f4fa-4a30-aa1f-1e688a6cd738
1362983,Unknown,,Unknown,,"Cryptantha palmeri",0,,,,,,,,urn:uuid:d22aa365-a17e-4ca6-ae55-be1de399eb1c
1362992,Unknown,,Unknown,,"Onosmodium bejariense var. bejariense",0,,,,,,,,urn:uuid:fe579ab9-c329-4a40-9d36-0a2abc4975ee
1362995,Unknown,,Unknown,,"Cordia podocephala",0,,,,,,,,urn:uuid:f254fce3-0399-4ec8-a9c2-cc59d7e42cfd
1363010,Unknown,,Unknown,,"Onosmodium bejariense var. bejariense",0,,,,,,,,urn:uuid:b4da7531-9256-4e44-a8c5-d6fd22a102f1
1363012,Unknown,,Unknown,,"Cryptantha palmeri",0,,,,,,,,urn:uuid:d6d8d10a-a10c-412b-a262-e963e850f654
1363046,Unknown,,Unknown,,"Cryptantha jamesii var. jamesii",0,,,,,,,,urn:uuid:1d14cc9d-e9ab-40ff-ac77-6a2989bf33bd
1363063,Unknown,,Unknown,,"Cryptantha palmeri",0,,,,,,,,urn:uuid:0f72ed01-0e97-45bc-934a-46f4201dc53e
1363079,Unknown,,Unknown,,"Heliotropium torreyi",0,,,,,,,,urn:uuid:ec347f6c-bac1-463f-9ac6-c245239cd71e
1363107,Unknown,,Unknown,,"Onosmodium bejariense var. bejariense",0,,,,,,,,urn:uuid:9157174a-4930-4c87-b9ed-784dd283b2a8
1363108,Unknown,,Unknown,,"Onosmodium bejariense var. bejariense",0,,,,,,,,urn:uuid:c1f7f9d5-3cdb-4633-9387-e5be2b9aef95
1363109,Unknown,,Unknown,,"Onosmodium bejariense var. bejariense",0,,,,,,,,urn:uuid:08bb277d-15b6-4309-8f0f-7e2995eb4003
1363110,Unknown,,Unknown,,"Onosmodium bejariense var. bejariense",0,,,,,,,,urn:uuid:c505f4f3-4a2c-4c94-8dd0-355358652e16
1363111,Unknown,,Unknown,,"Onosmodium bejariense var. bejariense",0,,,,,,,,urn:uuid:7e6eab07-40ab-43b3-944b-261442db67cd
1363112,Unknown,,Unknown,,"Onosmodium bejariense var. bejariense",0,,,,,,,,urn:uuid:6bf21f91-f806-4e89-add1-7d00ac57dd5e
1363115,Unknown,,Unknown,,"Onosmodium bejariense var. bejariense",0,,,,,,,,urn:uuid:3dbf80f3-5eec-4890-971a-fc3ae99c9319
1363130,Unknown,,Unknown,,"Onosmodium bejariense var. bejariense",0,,,,,,,,urn:uuid:c2889b22-0c2a-4a2f-8d36-0739d29b4f50
1363184,Unknown,,Unknown,," Mimophytum alienum",0,,,,,,,,urn:uuid:17108cc5-1599-449e-9889-bdf38dd015ba
1363184,Unknown,,Unknown,,"Omphalodes aliena",0,,,,,,,,urn:uuid:f70dd428-da4e-47cc-b686-4d6945b4f5c7
1363198,Unknown,,Unknown,,"Lithospermum obtusifolium",0,,,,,,,,urn:uuid:0fde077b-0e42-47ba-a9e3-dbcef0f4377a
1363199,Unknown,,Unknown,," Mimophytum alienum",0,,,,,,,,urn:uuid:e667df6d-c87c-49dc-b712-89a6c94a6b09
1363199,Unknown,,Unknown,,"Omphalodes aliena",0,,,,,,,,urn:uuid:6288f2a9-2af7-44c6-8c06-e55f8567b143
1363204,Unknown,,Unknown,,"Lithospermum obtusifolium",0,,,,,,,,urn:uuid:a00772f7-5dba-4940-a823-f1baf37565e8
1363211,Unknown,,Unknown,,"Cryptantha palmeri",0,,,,,,,,urn:uuid:9ee4184e-58f5-4049-b687-7f8ddc2afac1
1363212,Unknown,,Unknown,,"Cryptantha palmeri",0,,,,,,,,urn:uuid:069dd36e-cebd-465e-8ba6-77be25fcc381
1363236,Unknown,,Unknown,,"Onosmodium bejariense var. bejariense",0,,,,,,,,urn:uuid:9fdeaa04-cafe-4cab-907b-6dacaedfff98
1363247,Unknown,,Unknown,,"Cordia podocephala",0,,,,,,,,urn:uuid:81495f92-2ffc-448e-9332-3374bf446898
1363253,Unknown,,Unknown,,"Onosmodium bejariense var. bejariense",0,,,,,,,,urn:uuid:a4b5470f-43d8-49a0-bd66-9d3802be9bc8
1363267,Unknown,,Unknown,,"Heliotropium torreyi",0,,,,,,,,urn:uuid:2ba102b7-27a4-499a-8c32-a5c4e47517d3
1387627,Unknown,,Unknown,,"Onosmodium bejariense var. bejariense",0,,,,,,,,urn:uuid:61162eb7-5d12-4728-8d04-592697e7cf05
1387628,Unknown,,Unknown,,"Onosmodium bejariense var. bejariense",0,,,,,,,,urn:uuid:0db13ba6-f6bb-4902-a199-35656f0f357f
1387629,Unknown,,Unknown,,"Onosmodium bejariense var. bejariense",0,,,,,,,,urn:uuid:4b5a69fa-4c7d-4e45-826b-8d2d55adbff0
1408438,Unknown,,Unknown,,"Cordia podocephala",0,,,,,,,,urn:uuid:c2cad44d-1ec2-47c3-a16e-8434cdc68313
1408439,Unknown,,Unknown,,"Cordia podocephala",0,,,,,,,,urn:uuid:1dd23cc7-1a2e-4572-a9f3-afb617a26dcb
1408440,Unknown,,Unknown,,"Cordia podocephala",0,,,,,,,,urn:uuid:40a6152e-250f-40b5-94c0-3eb8a5806ca2
