coreid,identifiedBy,identifiedByID,dateIdentified,identificationQualifier,scientificName,identificationIsCurrent,scientificNameAuthorship,genus,specificEpithet,taxonRank,infraspecificEpithet,identificationReferences,identificationRemarks,recordId
1213909,Unknown,,Unknown,,"Chamaecyparis thyoides",0,,,,,,,,urn:uuid:f7790d7a-c6f5-470a-83c8-d572a75c2775
1213917,Unknown,,Unknown,,"Cupressus sp.",0,,,,,,,,urn:uuid:13b64e51-b789-41b6-bd6b-2c0bf880ed54
1213918,Unknown,,Unknown,,"Cupressus sp.",0,,,,,,,,urn:uuid:c522fdc3-8d50-418f-a7a6-1c748ea6da56
1213921,Unknown,,Unknown,,"Cupressus arizonica",0,,,,,,,,urn:uuid:2b404ae1-b785-45fd-9db6-fa90552da9e0
1213922,Unknown,,Unknown,,"Cupressus arizonica",0,,,,,,,,urn:uuid:fb1b9106-9b7d-4512-a108-7870a14466a5
1214434,Unknown,,Unknown,,"Thuja orientalis",0,,,,,,,,urn:uuid:6438427e-12cc-495f-ac81-cd10a45f0072
1214435,Unknown,,Unknown,,"Thuja orientalis",0,,,,,,,,urn:uuid:b6be445d-68ac-453d-8b3b-82187dc9c312
1214436,Unknown,,Unknown,,"Thuja orientalis",0,,,,,,,,urn:uuid:38bbb565-1eb2-4302-bbf8-cc834975ea1a
1214437,Unknown,,Unknown,,"Thuja orientalis",0,,,,,,,,urn:uuid:8867b0fb-0458-44dd-bb81-e928b23ad7e1
1214438,Unknown,,Unknown,,"Thuja orientalis",0,,,,,,,,urn:uuid:3e059ec4-2874-46a1-92fd-be1e9d8bf7ec
1214439,Unknown,,Unknown,,"Thuja occidentalis",0,,,,,,,,urn:uuid:95e49867-6bdb-4344-9aef-5ae23dcf7406
1214440,Unknown,,Unknown,,"Thuja occidentalis",0,,,,,,,,urn:uuid:cce3cec8-1a51-4bea-82b0-5c411f94e561
1214441,Unknown,,Unknown,,"Thuja occidentalis",0,,,,,,,,urn:uuid:7476b2dd-5b03-463d-9baf-2ce0337ec0cb
1214442,Unknown,,Unknown,,"Thuja sp.",0,,,,,,,,urn:uuid:3fd21c01-df03-41c5-aa68-72542eb05a05
1214445,Unknown,,Unknown,,"Thuja sp.",0,,,,,,,,urn:uuid:b9c06e62-5ee6-4f49-a94e-cd81e503c5a8
1384724,Unknown,,Unknown,,"Cupressus arizonica",0,,,,,,,,urn:uuid:b4c9a4cd-7704-4990-b038-e445c3626502
1384929,Unknown,,Unknown,,"Thuja orientalis",0,,,,,,,,urn:uuid:be986125-ca15-4d7d-9842-b3b34d2752d1
1384930,Unknown,,Unknown,,"Thuja orientalis",0,,,,,,,,urn:uuid:009da031-0b2d-43e5-9180-dce3045a8015
