coreid,identifiedBy,identifiedByID,dateIdentified,identificationQualifier,scientificName,identificationIsCurrent,scientificNameAuthorship,genus,specificEpithet,taxonRank,infraspecificEpithet,identificationReferences,identificationRemarks,recordId
1190615,Unknown,,Unknown,,"Polygonum sagittatum",0,,,,,,,,urn:uuid:f2130006-c2c2-41a6-aabe-4bec9ccaa92d
1190616,Unknown,,Unknown,,"Eriogonum anuum",0,,,,,,,,urn:uuid:b7a0b46f-d952-4aa8-bccb-cbfc094f543a
1193543,Unknown,,Unknown,,"Brunnichia cirrhosa",0,Gaert.,,,,,,,urn:uuid:0e194c8c-1f1a-4fc5-8be9-f330a6c1d89e
1193544,Unknown,,Unknown,,"Brunnichia cirrhosa",0,Gaert.,,,,,,,urn:uuid:b61f7163-ce10-485c-bf0c-adc6c23b9995
1193545,Unknown,,Unknown,,"Brunnichia cirrhosa",0,Gaert.,,,,,,,urn:uuid:7b3c51c9-fb70-4b33-9099-64ad0a55b9bb
1193546,Unknown,,Unknown,,"Brunnichia cirrhosa",0,Gaert.,,,,,,,urn:uuid:cedd3af2-8f17-4525-8172-c37b9fbec516
1193547,Unknown,,Unknown,,"Brunnichia cirrhosa",0,Gaert.,,,,,,,urn:uuid:9fb98240-e768-4533-b596-3026c413b0cd
1193548,Unknown,,Unknown,," Brunnichia cirrhosa",0,,,,,,,,urn:uuid:73571c4c-df11-41e6-97d9-4525fb1e1b27
1193548,Unknown,,Unknown,," Polygonum scandens",0,,,,,,,,urn:uuid:9855758a-795d-414d-9286-c8aa2d40111f
1193548,Unknown,,Unknown,,"Brunnichia ovata",0,,,,,,,,urn:uuid:65fbba81-ce1d-4c43-9d4a-5de90c1f9588
1193549,Unknown,,Unknown,,"Brunnichia cirrhosa",0,Gaert.,,,,,,,urn:uuid:caf8d32d-1e58-4b54-9f1d-fb9ab67f9c51
1193550,Unknown,,Unknown,,"Brunnichia cirrhosa",0,Gaert.,,,,,,,urn:uuid:c86b628d-4753-41fc-85af-d39cd3f4f565
1193551,Unknown,,Unknown,,"Brunnichia cirrhosa",0,Gaert.,,,,,,,urn:uuid:078e3edb-1c21-4920-9bec-41fc63a63f70
1193552,Unknown,,Unknown,,"Brunnichia cirrhosa",0,Gaert.,,,,,,,urn:uuid:27ed9d52-430b-4631-ba3e-ac4a2cacff03
1193553,Unknown,,Unknown,,"Brunnichia cirrhosa",0,Gaert.,,,,,,,urn:uuid:9ecc9954-f051-42f0-a1eb-dd5bffc5020e
1193554,Unknown,,Unknown,,"Brunnichia cirrhosa",0,Gaert.,,,,,,,urn:uuid:61a4c5d3-22d3-48ef-b62d-3f8a0155e734
1193555,Unknown,,Unknown,,"Brunnichia cirrhosa",0,Gaert.,,,,,,,urn:uuid:70e34d3e-562a-42df-96b8-01bda2f90534
1193556,Unknown,,Unknown,,"Brunnichia cirrhosa",0,Gaert.,,,,,,,urn:uuid:e8104846-d885-4174-b87e-5a6f6e08055e
1193616,Unknown,,Unknown,,"Eriogonum jamesii",0,,,,,,,,urn:uuid:625a5eca-7e04-43e2-8498-f998bada5387
1193617,Unknown,,Unknown,,"Eriogonum jamesii",0,,,,,,,,urn:uuid:0e20c805-8475-427a-ad0f-42e0d48542a6
1193618,Unknown,,Unknown,,"Eriogonum jamesii",0,,,,,,,,urn:uuid:6942e465-e457-4e08-8712-6bdff2d2ce02
1193619,Unknown,,Unknown,,"Eriogonum jamesii",0,,,,,,,,urn:uuid:72f007d3-07f0-48c1-b066-ca9eed0e15e4
1193620,Unknown,,Unknown,,"Eriogonum jamesii",0,,,,,,,,urn:uuid:219deae1-78c3-4be8-8ec8-b3a3575fbd77
1193621,Unknown,,Unknown,,"Eriogonum jamesii",0,,,,,,,,urn:uuid:622d072f-9c35-409d-b9b0-52c39fa16417
1193670,Unknown,,Unknown,,"Eriogonum multiflorum",0,,,,,,,,urn:uuid:d0d1ba40-aece-44f2-84de-d0be1203633c
1193672,Unknown,,Unknown,,"Eriogonum multiflorum",0,,,,,,,,urn:uuid:0edaeb79-cefc-47c5-a70a-c80b209e5e8b
1193673,Unknown,,Unknown,,"Eriogonum multiflorum",0,,,,,,,,urn:uuid:e8047df6-f6ff-488d-9d69-2459e6779ce5
1193674,Unknown,,Unknown,,"Eriogonum multiflorum",0,,,,,,,,urn:uuid:69bb645f-2d4f-42d4-9392-aef707df169e
1193675,Unknown,,Unknown,,"Eriogonum multiflorum",0,,,,,,,,urn:uuid:a4471aa2-1bef-4b62-9b0d-9372b96c2e80
1193676,Unknown,,Unknown,,"Eriogonum multiflorum",0,,,,,,,,urn:uuid:4e78e91d-4424-4bb3-9f46-706e0d70d431
1193677,Unknown,,Unknown,,"Eriogonum multiflorum",0,,,,,,,,urn:uuid:3ea5c175-4593-445c-b232-0e92d6621498
1193678,Unknown,,Unknown,,"Eriogonum multiflorum",0,,,,,,,,urn:uuid:3f92c6b4-eabd-48a6-b351-6b61a0d52100
1193679,Unknown,,Unknown,,"Eriogonum multiflorum",0,,,,,,,,urn:uuid:9cd9e7dd-fed7-44cb-b07d-4cc636d31c97
1193680,Unknown,,Unknown,,"Eriogonum multiflorum",0,,,,,,,,urn:uuid:1fc2a510-0cfe-439b-b22f-50827c600330
1193681,Unknown,,Unknown,,"Eriogonum multiflorum",0,,,,,,,,urn:uuid:9da108c9-5923-4ebd-9311-0463c329efea
1193699,Unknown,,Unknown,,"Eriogonum multiflorum",0,,,,,,,,urn:uuid:e616d7bc-cbae-4d3d-98b5-a44e3156be4e
1193700,Unknown,,Unknown,,"Eriogonum multiflorum",0,,,,,,,,urn:uuid:e6412b2c-e5b7-43bc-82e3-0d9a3c1dd1e9
1193701,Unknown,,Unknown,,"Eriogonum multiflorum",0,,,,,,,,urn:uuid:5b4f1328-768c-434d-b1b1-47fefb26c1a5
1193710,Unknown,,Unknown,," Eriogonum graniticum",0,,,,,,,,urn:uuid:6ff6e6b7-6d26-4189-9252-710c8d80b375
1193710,Unknown,,Unknown,,"Eriogonum ramosissimum",0,,,,,,,,urn:uuid:cc81d58f-1172-40df-be9d-a61f28faee86
1193711,Unknown,,Unknown,," Eriogonum graniticum",0,,,,,,,,urn:uuid:4a88c9bf-5a08-4b49-8841-07ad5b224159
1193711,Unknown,,Unknown,,"Eriogonum ramosissimum",0,,,,,,,,urn:uuid:aa8c9de7-e8e5-4e79-a5fe-d9ebed182b15
1193712,Unknown,,Unknown,," Eriogonum graniticum",0,,,,,,,,urn:uuid:f50d3741-3dd8-4783-91e7-aba84e18e68d
1193712,Unknown,,Unknown,,"Eriogonum ramosissimum",0,,,,,,,,urn:uuid:5b3ba1a2-ecd9-45cf-956b-8f1d31ccef18
1193743,Unknown,,Unknown,,"Polygonum amphibium",0,L.,,,,,,,urn:uuid:264d1453-d079-49c8-8c28-9e3a6b9cd4ee
1193744,Unknown,,Unknown,,"Polygonum amphibium",0,L.,,,,,,,urn:uuid:1ec690f5-b6de-4cdf-a12a-9deaad132180
1193745,Unknown,,Unknown,,"Polygonum amphibium",0,L.,,,,,,,urn:uuid:78b965a9-033a-43fe-be47-61f3df4c0f35
1193746,Unknown,,Unknown,,"Polygonum amphibium",0,L.,,,,,,,urn:uuid:c97e65a9-64ce-4cfa-888b-94ad3696ef83
1193747,Unknown,,Unknown,,"Polygonum amphibium",0,L.,,,,,,,urn:uuid:0c9fd57e-3675-4818-8b8d-b1f1be6955e0
1193748,Unknown,,Unknown,,"Polygonum amphibium",0,L.,,,,,,,urn:uuid:949cacbc-794c-4ccb-8289-b67d15606ee9
1193749,Unknown,,Unknown,,"Polygonum amphibium",0,L.,,,,,,,urn:uuid:c7160033-fc63-4898-8a54-3a82fc730c4d
1193750,Unknown,,Unknown,,"Polygonum amphibium",0,L.,,,,,,,urn:uuid:28234271-55ee-4b00-bd3d-6dd808f07848
1193751,Unknown,,Unknown,,"Polygonum amphibium",0,L.,,,,,,,urn:uuid:6d951574-4376-47b7-b2d9-f81e19f9799e
1193752,Unknown,,Unknown,,"Polygonum amphibium",0,L.,,,,,,,urn:uuid:2e546c4f-16c3-49a1-ba7a-59f40226f086
1193753,Unknown,,Unknown,,"Polygonum arenastrum",0,,,,,,,,urn:uuid:4e9c06f1-c96a-4bc6-93c3-77402b28da1c
1193754,Unknown,,Unknown,,"Polygonum arenastrum",0,,,,,,,,urn:uuid:1b185a5a-ee3e-4d8b-970e-4b0e4293b28b
1193755,Unknown,,Unknown,,"Polygonum arenastrum",0,,,,,,,,urn:uuid:826650a5-b5b5-4de5-9564-0f6d0948934b
1193756,Unknown,,Unknown,,"Polygonum arenastrum",0,,,,,,,,urn:uuid:272fb664-5907-4844-ba45-d3cd5d228d35
1193775,Unknown,,Unknown,,"Polygonum convolvulus",0,,,,,,,,urn:uuid:bd572585-ee41-465b-b700-77487263a351
1193776,Unknown,,Unknown,,"Polygonum convolvulus",0,,,,,,,,urn:uuid:97747067-4e81-41af-bf21-2a754e1c47d1
1193777,Unknown,,Unknown,,"Polygonum convolvulus",0,,,,,,,,urn:uuid:56412019-213c-4b11-af4f-3b39b828d1a8
1193778,Unknown,,Unknown,,"Polygonum convolvulus",0,,,,,,,,urn:uuid:8dec62f6-3865-4ecd-9369-ea5875201592
1193779,Unknown,,Unknown,,"Polygonum densiflorum",0,,,,,,,,urn:uuid:7a81269d-0141-4d3d-a5e7-492299b56883
1193780,Unknown,,Unknown,,"Polygonum densiflorum",0,,,,,,,,urn:uuid:b94cb42b-2dcc-46fc-9fe5-1cb4f3628808
1193781,Unknown,,Unknown,,"Polygonum densiflorum",0,,,,,,,,urn:uuid:99c7f59c-ebdb-4558-893c-e74001c7c404
1193782,Unknown,,Unknown,,"Polygonum densiflorum",0,,,,,,,,urn:uuid:b507468b-a847-4012-9253-d53a9d21a72e
1193783,Unknown,,Unknown,,"Polygonum densiflorum",0,,,,,,,,urn:uuid:4af24072-861b-477d-abd1-f3bb39ebf33b
1193784,Unknown,,Unknown,,"Polygonum densiflorum",0,,,,,,,,urn:uuid:c0e2617d-e0f3-426b-b415-c7748d2b4a7a
1193785,Unknown,,Unknown,,"Polygonum densiflorum",0,,,,,,,,urn:uuid:97322047-b42e-488e-b9fd-998ed0eba9e6
1193786,Unknown,,Unknown,,"Polygonum hydropiperoides",0,,,,,,,,urn:uuid:6e81eb0e-8482-4aad-95a6-690f01412cad
1193787,Unknown,,Unknown,,"Polygonum hydropiperoides",0,,,,,,,,urn:uuid:2b35d1e8-15de-4737-ab0e-fdb05f28546c
1193788,Unknown,,Unknown,,"Polygonum hydropiperoides",0,,,,,,,,urn:uuid:10d16f9c-7815-492b-933d-2a650173ed65
1193789,Unknown,,Unknown,,"Polygonum hydropiperoides",0,,,,,,,,urn:uuid:d55995ac-b26e-4317-8080-426607d44469
1193790,Unknown,,Unknown,,"Polygonum hydropiperoides",0,,,,,,,,urn:uuid:7d34d198-12af-444f-b74e-6a6855ac760e
1193791,Unknown,,Unknown,,"Polygonum hydropiperoides",0,,,,,,,,urn:uuid:26c0cf8d-1837-44f1-a597-adc5baf073bc
1193792,Unknown,,Unknown,,"Polygonum hydropiperoides",0,,,,,,,,urn:uuid:d1849ebc-e2c9-4adc-846b-0ad305b49b98
1193793,Unknown,,Unknown,,"Polygonum hydropiperoides",0,,,,,,,,urn:uuid:57907361-e265-4573-979b-c091d9d84ebd
1193794,Unknown,,Unknown,,"Polygonum hydropiperoides",0,,,,,,,,urn:uuid:cf903d01-f5ec-4b0e-be42-121d6de3d1d0
1193795,Unknown,,Unknown,,"Polygonum hydropiperoides",0,,,,,,,,urn:uuid:5b26d519-2e40-4c64-9e1d-6b67f90f5118
1193796,Unknown,,Unknown,,"Polygonum hydropiperoides",0,,,,,,,,urn:uuid:e3307866-5f97-478d-ac94-225b26a29156
1193797,Unknown,,Unknown,,"Polygonum hydropiperoides",0,,,,,,,,urn:uuid:b4a750ee-7619-4b21-92fa-4002b5fdaddb
1193798,Unknown,,Unknown,,"Polygonum hydropiperoides",0,,,,,,,,urn:uuid:0c09758d-4a85-47eb-afb9-fd4507214493
1193799,Unknown,,Unknown,,"Polygonum hydropiperoides",0,,,,,,,,urn:uuid:ee8f0ac3-23a1-4f2d-8ba5-e809c499b0fb
1193800,Unknown,,Unknown,,"Polygonum hydropiperoides",0,,,,,,,,urn:uuid:c5a952fe-b3c1-401d-b9fa-8e47336c5f2f
1193801,Unknown,,Unknown,,"Polygonum hydropiperoides",0,,,,,,,,urn:uuid:baecb58d-7315-4577-832a-c2d531943eca
1193802,Unknown,,Unknown,,"Polygonum hydropiperoides",0,,,,,,,,urn:uuid:d93e86c3-a47f-4171-9bf1-004d2af92096
1193803,Unknown,,Unknown,,"Polygonum hydropiperoides",0,,,,,,,,urn:uuid:e0d9d4d6-a585-4887-ab56-3bef5856554d
1193804,Unknown,,Unknown,,"Polygonum hydropiperoides",0,,,,,,,,urn:uuid:2c290144-2684-4bc3-be7f-27d82e78228b
1193805,Unknown,,Unknown,,"Polygonum hydropiperoides",0,,,,,,,,urn:uuid:84bf1800-1be9-459b-91b9-f14c529ad1b7
1193806,Unknown,,Unknown,,"Polygonum hydropiperoides",0,,,,,,,,urn:uuid:1f829402-6364-47d1-9bf1-09b48564d49c
1193807,Unknown,,Unknown,,"Polygonum hydropiperoides",0,,,,,,,,urn:uuid:b94e0787-8235-434a-bf78-8f3e954523a6
1193808,Unknown,,Unknown,,"Polygonum hydropiperoides",0,,,,,,,,urn:uuid:09113a6b-0a45-4d5d-a87e-832dca33560f
1193809,Unknown,,Unknown,,"Polygonum hydropiperoides",0,,,,,,,,urn:uuid:ece1cab0-d345-4ce3-a727-ea6a16cd554f
1193810,Unknown,,Unknown,,"Polygonum hydropiperoides",0,,,,,,,,urn:uuid:8d30115e-6a03-4b4a-b116-4807f18b2f89
1193811,Unknown,,Unknown,,"Polygonum hydropiperoides",0,,,,,,,,urn:uuid:d06d40ac-2c80-4545-94f3-b64454e876eb
1193812,Unknown,,Unknown,,"Polygonum hydropiperoides",0,,,,,,,,urn:uuid:f2f10d72-31d0-4c92-a51c-875f76874707
1193813,Unknown,,Unknown,,"Polygonum hydropiperoides",0,,,,,,,,urn:uuid:d7c35061-792f-4811-acf2-165f02582e4a
1193814,Unknown,,Unknown,,"Polygonum hydropiperoides",0,,,,,,,,urn:uuid:5386adb9-5849-49c4-9718-7bceabc7917f
1193815,Unknown,,Unknown,,"Polygonum hydropiperoides",0,,,,,,,,urn:uuid:b169850a-054b-4604-ad8d-c8f07d4ae494
1193816,Unknown,,Unknown,,"Polygonum hydropiperoides",0,,,,,,,,urn:uuid:b44cd6c7-ea34-4377-b513-4bec01474c86
1193817,Unknown,,Unknown,,"Polygonum hydropiperoides",0,,,,,,,,urn:uuid:aec1a971-4f69-4692-9152-5345696a4b23
1193818,Unknown,,Unknown,,"Polygonum hydropiperoides",0,,,,,,,,urn:uuid:9e9db15d-4430-4a59-85d0-81494bac66f3
1193819,Unknown,,Unknown,,"Polygonum hydropiperoides",0,,,,,,,,urn:uuid:9edef562-6043-4d22-875b-54b36f82ea33
1193820,Unknown,,Unknown,,"Polygonum hydropiperoides",0,,,,,,,,urn:uuid:35ed0ca0-dced-42b9-8080-541bb115b027
1193821,Unknown,,Unknown,,"Polygonum hydropiperoides",0,,,,,,,,urn:uuid:77f9eb94-cf7c-4377-bb7d-da69281264c1
1193822,Unknown,,Unknown,,"Polygonum hydropiperoides",0,,,,,,,,urn:uuid:08feee0e-c2d6-41f6-96e8-dfc5130ff902
1193823,Unknown,,Unknown,,"Polygonum hydropiperoides",0,,,,,,,,urn:uuid:6c62e8ef-0c46-41bb-85e2-58dc3430ba5f
1193824,Unknown,,Unknown,,"Polygonum hydropiperoides",0,,,,,,,,urn:uuid:06e055eb-0e43-46fe-8152-5717dc469374
1193825,Unknown,,Unknown,,"Polygonum hydropiperoides",0,,,,,,,,urn:uuid:cdcc18dd-23cb-49d1-b46f-27032169902b
1193826,Unknown,,Unknown,,"Polygonum hydropiperoides",0,,,,,,,,urn:uuid:a30bff15-3245-4c58-a74b-7afddc87d558
1193827,Unknown,,Unknown,,"Polygonum hydropiperoides",0,,,,,,,,urn:uuid:b5e68fdf-fc82-46d1-a4df-e7fe82f225cd
1193828,Unknown,,Unknown,,"Polygonum hydropiperoides",0,,,,,,,,urn:uuid:9304506d-b860-4c96-afa5-07fb7e43d609
1193829,Unknown,,Unknown,,"Polygonum hydropiperoides",0,,,,,,,,urn:uuid:f6d2d792-eac8-4446-9339-0cd3e344b2cb
1193830,Unknown,,Unknown,,"Polygonum hydropiperoides",0,,,,,,,,urn:uuid:f037215d-da3d-43e0-8fc8-8168fdbd9f10
1193831,Unknown,,Unknown,,"Polygonum hydropiperoides",0,,,,,,,,urn:uuid:ac1d9d0d-ce37-4c6b-9d2b-d450edcd8557
1193832,Unknown,,Unknown,,"Polygonum lapathifolium",0,,,,,,,,urn:uuid:4a1f0e7c-b9fc-4681-ab63-9bac39c05a30
1193833,Unknown,,Unknown,,"Polygonum lapathifolium",0,,,,,,,,urn:uuid:d96136e8-84e3-48ae-a9e3-e2904c9628ab
1193834,Unknown,,Unknown,,"Polygonum lapathifolium",0,,,,,,,,urn:uuid:63344ff5-a931-408d-b060-cc1c48e7d13c
1193835,Unknown,,Unknown,,"Polygonum lapathifolium",0,,,,,,,,urn:uuid:514c5f49-9ab8-4c6d-8cf9-a953824de3d0
1193836,Unknown,,Unknown,,"Polygonum lapathifolium",0,,,,,,,,urn:uuid:06e0dbfe-9a8d-4927-92e0-7e31c665fb6c
1193837,Unknown,,Unknown,,"Polygonum lapathifolium",0,,,,,,,,urn:uuid:5ebac38a-583a-4a18-b02b-9d7290181e2d
1193838,Unknown,,Unknown,,"Polygonum lapathifolium",0,,,,,,,,urn:uuid:b2bde501-919a-496b-b8e9-1a7146d38a7c
1193839,Unknown,,Unknown,,"Polygonum lapathifolium",0,,,,,,,,urn:uuid:634591b0-47f1-4f14-8fc7-848768d194cb
1193840,Unknown,,Unknown,,"Polygonum lapathifolium",0,,,,,,,,urn:uuid:e41194af-7801-4bde-8b05-9e0b18006450
1193841,Unknown,,Unknown,,"Polygonum lapathifolium",0,,,,,,,,urn:uuid:6cc3bcef-dfeb-48a2-85e5-834dd031a499
1193842,Unknown,,Unknown,,"Polygonum lapathifolium",0,,,,,,,,urn:uuid:75e35bdf-8061-4bda-914e-5b840612f11a
1193843,Unknown,,Unknown,,"Polygonum lapathifolium",0,,,,,,,,urn:uuid:a40b9446-30ae-483d-b44e-f1e36df4930a
1193844,Unknown,,Unknown,,"Polygonum lapathifolium",0,,,,,,,,urn:uuid:99eff39e-c133-4ac5-8cdc-c847c72a9360
1193845,Unknown,,Unknown,,"Polygonum lapathifolium",0,,,,,,,,urn:uuid:b7d5575b-6f3a-4ef2-b46c-4f97f1257e17
1193846,Unknown,,Unknown,,"Polygonum lapathifolium",0,,,,,,,,urn:uuid:dffa4fd4-caf9-47db-80f1-bb4883875037
1193847,Unknown,,Unknown,,"Polygonum lapathifolium",0,,,,,,,,urn:uuid:543e9e55-96ba-4966-84c5-a1067b77017c
1193848,Unknown,,Unknown,,"Polygonum lapathifolium",0,,,,,,,,urn:uuid:3ce6c9a0-9932-4080-8bfd-1b70f7bcce7a
1193849,Unknown,,Unknown,,"Polygonum lapathifolium",0,,,,,,,,urn:uuid:080a56fd-ce7a-40f2-9e06-b38c9c7541f2
1193850,Unknown,,Unknown,,"Polygonum lapathifolium",0,,,,,,,,urn:uuid:38670cdc-a5b0-4d7b-a761-78e995e7f029
1193851,Unknown,,Unknown,,"Polygonum lapathifolium",0,,,,,,,,urn:uuid:7c574e20-e37e-4455-8627-2393fe9aab5a
1193852,Unknown,,Unknown,,"Polygonum lapathifolium",0,,,,,,,,urn:uuid:a8abfc8f-dde6-4886-9adf-83c959c217e1
1193853,Unknown,,Unknown,,"Polygonum lapathifolium",0,,,,,,,,urn:uuid:5068ccae-68c9-4b8a-81f1-9a1a1dc752f2
1193854,Unknown,,Unknown,,"Polygonum lapathifolium",0,,,,,,,,urn:uuid:15cdf43a-f10a-4922-ba1b-106370ecd581
1193855,Unknown,,Unknown,,"Polygonum lapathifolium",0,,,,,,,,urn:uuid:5dbbb96c-dc12-4273-8d68-3ec86ef8f2ca
1193898,Unknown,,Unknown,,"Polygonum orientale  ",0,,,,,,,,urn:uuid:49b2c6a0-e2fb-4dfc-af0a-76494c7d383f
1193899,Unknown,,Unknown,,"Polygonum pensylvanicum",0,,,,,,,,urn:uuid:0f49584a-21ac-42fb-a422-6446e09306c6
1193900,Unknown,,Unknown,,"Polygonum pensylvanicum",0,,,,,,,,urn:uuid:7746190b-3c9b-479e-ab7c-48b4bb4ad1f2
1193901,Unknown,,Unknown,,"Polygonum pensylvanicum",0,,,,,,,,urn:uuid:8e90e434-91e0-46b4-bccb-53a427c8c187
1193902,Unknown,,Unknown,,"Polygonum pensylvanicum",0,,,,,,,,urn:uuid:110f2d11-cdbd-4ff3-bef8-8774fbc6c728
1193903,Unknown,,Unknown,,"Polygonum pensylvanicum",0,,,,,,,,urn:uuid:1c2cef7c-0457-4403-ab8d-fea445ca76c5
1193904,Unknown,,Unknown,,"Polygonum pensylvanicum",0,,,,,,,,urn:uuid:862c88a3-8d17-4507-9538-814eb720cb0f
1193905,Unknown,,Unknown,,"Polygonum pensylvanicum",0,,,,,,,,urn:uuid:a9235788-197d-48eb-9792-51f10e673c31
1193906,Unknown,,Unknown,,"Polygonum pensylvanicum",0,,,,,,,,urn:uuid:f637edf5-75e8-4e81-9fba-fcc603fed95d
1193907,Unknown,,Unknown,,"Polygonum pensylvanicum",0,,,,,,,,urn:uuid:6abc53ef-961b-4c68-928d-2fba9abca020
1193908,Unknown,,Unknown,,"Polygonum pensylvanicum",0,,,,,,,,urn:uuid:78afad0b-a6d3-4d99-9d86-49eddcf8d9b8
1193909,Unknown,,Unknown,,"Polygonum pensylvanicum",0,,,,,,,,urn:uuid:5bb4b9e3-0c02-43c2-9cb7-75d41f4fc07f
1193910,Unknown,,Unknown,,"Polygonum pensylvanicum",0,,,,,,,,urn:uuid:a7ed7d5b-0763-42f1-9b86-22f4f7887e93
1193911,Unknown,,Unknown,,"Polygonum pensylvanicum",0,,,,,,,,urn:uuid:3c88a401-88d8-4c91-9af2-4f8189f67721
1193912,Unknown,,Unknown,,"Polygonum pensylvanicum",0,,,,,,,,urn:uuid:658c6f71-ec59-4cc4-b834-d717578d72a3
1193913,Unknown,,Unknown,,"Polygonum pensylvanicum",0,,,,,,,,urn:uuid:0d94c8ef-95d8-4e62-a6e4-be2113342e6d
1193914,Unknown,,Unknown,,"Polygonum pensylvanicum",0,,,,,,,,urn:uuid:752693b8-32de-423e-8acc-de0a37bd5350
1193915,Unknown,,Unknown,,"Polygonum pensylvanicum",0,,,,,,,,urn:uuid:efd06788-99b7-46c7-a4d9-50e542e18aaf
1193916,Unknown,,Unknown,,"Polygonum pensylvanicum",0,,,,,,,,urn:uuid:40ca7747-58ae-4c0a-94f4-e41fc89ef279
1193917,Unknown,,Unknown,,"Polygonum pensylvanicum",0,,,,,,,,urn:uuid:1aff8c2e-a61a-425a-a622-d9228509b144
1193918,Unknown,,Unknown,,"Polygonum pensylvanicum",0,,,,,,,,urn:uuid:be90afb6-bcb8-4204-84b6-daf36ba104de
1193919,Unknown,,Unknown,,"Polygonum pensylvanicum",0,,,,,,,,urn:uuid:17d907c5-344c-460d-bed1-a63b7ba6666d
1193920,Unknown,,Unknown,,"Polygonum pensylvanicum",0,,,,,,,,urn:uuid:f90dbe7f-8ebf-48ea-930f-6c657200bb17
1193921,Unknown,,Unknown,,"Polygonum pensylvanicum",0,,,,,,,,urn:uuid:336b7e33-61c6-456d-9cf5-a5ab900d5cad
1193922,Unknown,,Unknown,,"Polygonum pensylvanicum",0,,,,,,,,urn:uuid:ecdba674-3954-4eb5-9513-03f6b37a216d
1193923,Unknown,,Unknown,,"Polygonum pensylvanicum",0,,,,,,,,urn:uuid:2e02cb3f-45d7-4317-bde2-1e331c44526c
1193924,Unknown,,Unknown,,"Polygonum pensylvanicum",0,,,,,,,,urn:uuid:a25d6c39-fc55-4974-bb71-6d593bbf6b8f
1193925,Unknown,,Unknown,,"Polygonum pensylvanicum",0,,,,,,,,urn:uuid:89d9f1b2-835b-4efd-a377-5df12d2bdee9
1193926,Unknown,,Unknown,,"Polygonum pensylvanicum",0,,,,,,,,urn:uuid:fd3b7b2c-cf16-4d86-bef3-22006248cd05
1193927,Unknown,,Unknown,,"Polygonum pensylvanicum",0,,,,,,,,urn:uuid:f7aafeaf-4388-486c-bb55-ed5918947a5b
1193928,Unknown,,Unknown,,"Polygonum pensylvanicum",0,,,,,,,,urn:uuid:986642fc-5009-4a97-83a1-442a60b33d1b
1193929,Unknown,,Unknown,,"Polygonum pensylvanicum",0,,,,,,,,urn:uuid:94a711e5-78a7-4194-9ed3-3902a7ce3d51
1193930,Unknown,,Unknown,,"Polygonum pensylvanicum",0,,,,,,,,urn:uuid:218a68c2-e25c-4fc6-8425-01780ae4dcfd
1193931,Unknown,,Unknown,,"Polygonum pensylvanicum",0,,,,,,,,urn:uuid:c20ed1d9-dace-4139-8d09-3aece1dbea37
1193932,Unknown,,Unknown,,"Polygonum pensylvanicum",0,,,,,,,,urn:uuid:488a2613-a81c-4cd0-b774-b9d14f3060cb
1193933,Unknown,,Unknown,,"Polygonum pensylvanicum",0,,,,,,,,urn:uuid:00b699cb-9c78-4247-a0a9-52af29699537
1193934,Unknown,,Unknown,,"Polygonum pensylvanicum",0,,,,,,,,urn:uuid:5b41d670-580e-4224-9e3f-873934b25e8d
1193935,Unknown,,Unknown,,"Polygonum pensylvanicum",0,,,,,,,,urn:uuid:f95b6fb2-7a33-4ab5-8f58-9d3fd028b255
1193936,Unknown,,Unknown,,"Polygonum pensylvanicum",0,,,,,,,,urn:uuid:4f3f4a7e-8111-4ad9-901f-dd83b59bf746
1193937,Unknown,,Unknown,,"Polygonum pensylvanicum",0,,,,,,,,urn:uuid:8b65f666-3ac5-4330-af9d-952b74e9fdfb
1193938,Unknown,,Unknown,,"Polygonum pensylvanicum",0,,,,,,,,urn:uuid:9e224d0a-84ef-4c9a-a60b-f2f98639051b
1193939,Unknown,,Unknown,,"Polygonum pensylvanicum",0,,,,,,,,urn:uuid:df100736-f9bb-4589-8525-58f3561f03d0
1193940,Unknown,,Unknown,,"Polygonum pensylvanicum",0,,,,,,,,urn:uuid:f15c9193-995d-4251-88d1-41c58133cfe5
1193941,Unknown,,Unknown,,"Polygonum pensylvanicum",0,,,,,,,,urn:uuid:cf2f75ef-b9b3-463d-a978-c2ff64111649
1193942,Unknown,,Unknown,,"Polygonum pensylvanicum",0,,,,,,,,urn:uuid:3d8bc4d2-1ab4-46ea-a400-a34af7a0ae6b
1193943,Unknown,,Unknown,,"Polygonum pensylvanicum",0,,,,,,,,urn:uuid:5f907ccc-3d93-4bdc-b669-e928ad6d3273
1193944,Unknown,,Unknown,,"Polygonum persicaria",0,,,,,,,,urn:uuid:719fc59f-473b-4b72-a9b3-07e39efddbb8
1193945,Unknown,,Unknown,,"Polygonum persicaria",0,,,,,,,,urn:uuid:d5e54371-d08a-4632-a469-228b29f7975a
1193946,Unknown,,Unknown,,"Polygonum persicaria",0,,,,,,,,urn:uuid:f124ba9c-504d-4794-b007-ed31c724bb89
1193947,Unknown,,Unknown,,"Polygonum persicaria",0,,,,,,,,urn:uuid:f278adbb-a46c-42b8-8aee-feeb94221dce
1193948,Unknown,,Unknown,,"Polygonum persicaria",0,,,,,,,,urn:uuid:b4aa5bb3-2a05-4c5a-bd39-5b912c5842e0
1193949,Unknown,,Unknown,,"Polygonum persicaria",0,,,,,,,,urn:uuid:fc55c2b9-f1f0-4701-9c00-091be714c465
1193950,Unknown,,Unknown,,"Polygonum persicaria",0,,,,,,,,urn:uuid:8cf6593e-661c-423f-b33a-b574a5e64e41
1193951,Unknown,,Unknown,,"Polygonum persicaria",0,,,,,,,,urn:uuid:c25b269b-52d4-4af7-af18-be96aa1edfe3
1193952,Unknown,,Unknown,,"Polygonum persicaria",0,,,,,,,,urn:uuid:03f2eff5-f67e-40a4-a028-79e768c25233
1193953,Unknown,,Unknown,,"Polygonum persicaria",0,,,,,,,,urn:uuid:ca47fc4d-be3a-46a5-b9da-e8ddab954b07
1193954,Unknown,,Unknown,,"Polygonum punctatum",0,,,,,,,,urn:uuid:56781d02-d56d-4be1-87ba-b7e189b655c4
1193955,Unknown,,Unknown,,"Polygonum punctatum",0,,,,,,,,urn:uuid:dd8d90fe-fff5-4042-aa07-dae535944869
1193956,Unknown,,Unknown,,"Polygonum punctatum",0,,,,,,,,urn:uuid:7916506c-5ac2-4edb-b73a-2a3eb55152f6
1193957,Unknown,,Unknown,,"Polygonum punctatum",0,,,,,,,,urn:uuid:85296dd5-47d3-441c-be40-ee25767f6b00
1193958,Unknown,,Unknown,,"Polygonum punctatum",0,,,,,,,,urn:uuid:c3baf71f-8bb7-4a5e-98d7-9c5a029bbc01
1193959,Unknown,,Unknown,,"Polygonum punctatum",0,,,,,,,,urn:uuid:6314b8ca-e52e-43e1-a527-6e0db378431d
1193960,Unknown,,Unknown,,"Polygonum punctatum",0,,,,,,,,urn:uuid:d09f78b7-e130-4c2d-872f-2839704c58f8
1193961,Unknown,,Unknown,,"Polygonum punctatum",0,,,,,,,,urn:uuid:09e0431c-c9c9-4e70-be54-79e2bc7fcd04
1193962,Unknown,,Unknown,,"Polygonum punctatum",0,,,,,,,,urn:uuid:cc8ae1da-e0d6-407a-9c9b-cd1574cdfd4c
1193963,Unknown,,Unknown,,"Polygonum punctatum",0,,,,,,,,urn:uuid:44f0a55b-46dd-41e4-a28f-aa3efe93d049
1193964,Unknown,,Unknown,,"Polygonum punctatum",0,,,,,,,,urn:uuid:493b1b79-2dda-4f46-8fff-faac85ae4970
1193965,Unknown,,Unknown,,"Polygonum punctatum",0,,,,,,,,urn:uuid:6e496602-e43b-443b-9cf4-ce2de92b96c9
1193966,Unknown,,Unknown,,"Polygonum punctatum",0,,,,,,,,urn:uuid:315b9390-2b59-47e9-906b-52ad8ebf9980
1193967,Unknown,,Unknown,,"Polygonum punctatum",0,,,,,,,,urn:uuid:9b98110b-ed58-40cf-8d06-8f9420e2d2e5
1193968,Unknown,,Unknown,,"Polygonum punctatum",0,,,,,,,,urn:uuid:28cc4c46-acb3-472f-a92f-8bd75d10708d
1193969,Unknown,,Unknown,,"Polygonum punctatum",0,,,,,,,,urn:uuid:ffc9f1fa-2b8f-4bda-96c8-5df6e0405bdb
1193970,Unknown,,Unknown,,"Polygonum punctatum",0,,,,,,,,urn:uuid:754c26a2-418b-4b4b-bfb4-8c73a8f3329c
1193971,Unknown,,Unknown,,"Polygonum punctatum",0,,,,,,,,urn:uuid:79eb55e1-d974-4a5c-891f-c7335bdd5e14
1193972,Unknown,,Unknown,,"Polygonum punctatum",0,,,,,,,,urn:uuid:03ce768f-7c31-4fe9-87b1-162de348a8f4
1193973,Unknown,,Unknown,,"Polygonum punctatum",0,,,,,,,,urn:uuid:0c483390-7048-4f89-a7f6-6cef0990cba1
1193974,Unknown,,Unknown,,"Polygonum punctatum",0,,,,,,,,urn:uuid:f09bddca-6f63-4e5f-975e-3d174d876fc4
1193975,Unknown,,Unknown,,"Polygonum punctatum",0,,,,,,,,urn:uuid:09e7d170-3cb3-4736-ad33-cdb990b6f7f2
1193976,Unknown,,Unknown,,"Polygonum punctatum",0,,,,,,,,urn:uuid:cea67f31-597a-4774-a6f6-246a193af81d
1193977,Unknown,,Unknown,,"Polygonum punctatum",0,,,,,,,,urn:uuid:96eb1608-8565-42a5-b8a9-4e7c3efbd7d4
1193978,Unknown,,Unknown,,"Polygonum punctatum",0,,,,,,,,urn:uuid:8e557266-d0e6-41d5-b2b1-6b7d2035a789
1193979,Unknown,,Unknown,,"Polygonum punctatum",0,,,,,,,,urn:uuid:7e4ac29e-a1a8-4abe-885f-e9750f649963
1193980,Unknown,,Unknown,,"Polygonum punctatum",0,,,,,,,,urn:uuid:546e3c21-6fa7-4882-8a83-2af5c6d89824
1193981,Unknown,,Unknown,,"Polygonum punctatum",0,,,,,,,,urn:uuid:aa82f15c-b615-4633-8cee-0dda374f5bc4
1193982,Unknown,,Unknown,,"Polygonum punctatum",0,,,,,,,,urn:uuid:31c79764-2ad1-47cf-b5ae-a14c4fec39be
1193983,Unknown,,Unknown,,"Polygonum punctatum",0,,,,,,,,urn:uuid:9f4618b1-444e-4da4-96f5-509775e47190
1193984,Unknown,,Unknown,,"Polygonum punctatum",0,,,,,,,,urn:uuid:6da6d102-421c-491b-9377-84293374f0bb
1193985,Unknown,,Unknown,,"Polygonum punctatum",0,,,,,,,,urn:uuid:758f6028-2b14-4cac-9d6b-374c144325f9
1193991,Unknown,,Unknown,,"Polygonum ramosissimum",0,,,,,,,,urn:uuid:63e2b1c0-b15f-4e6d-b735-5e3a7de0a9d0
1193993,Unknown,,Unknown,,"Polygonum ramosissimum",0,,,,,,,,urn:uuid:f891f378-5799-4620-b2b8-4f302c630c91
1194003,Unknown,,Unknown,,"Polygonum ramosissimum",0,,,,,,,,urn:uuid:fe484eba-bd5f-4440-94f4-77a96705a3c3
1194007,Unknown,,Unknown,,"Polygonum sagittatum",0,,,,,,,,urn:uuid:c686d821-2ec0-4c88-a87f-3d04564c5522
1194008,Unknown,,Unknown,,"Polygonum sagittatum",0,,,,,,,,urn:uuid:22e546fe-2d47-4900-9ede-111e68f512c5
1194009,Unknown,,Unknown,,"Polygonum sagittatum",0,,,,,,,,urn:uuid:ef7e78b4-3078-4496-93cd-c81861e2ce11
1194010,Unknown,,Unknown,,"Polygonum scandens",0,,,,,,,,urn:uuid:c76b1c96-ff8a-4d85-b4dc-d66add14cb59
1194011,Unknown,,Unknown,,"Polygonum setaceum",0,,,,,,,,urn:uuid:015ae9cb-0bf6-4373-a582-9d75b0d69a4b
1194012,Unknown,,Unknown,,"Polygonum setaceum",0,,,,,,,,urn:uuid:cd27d6e8-1a7e-45a0-b9ab-bdc1e74eec6a
1194013,Unknown,,Unknown,,"Polygonum setaceum",0,,,,,,,,urn:uuid:dda71f50-ca32-45eb-bcae-632631ee7b81
1194014,Unknown,,Unknown,,"Polygonum setaceum",0,,,,,,,,urn:uuid:eba7a7d1-1d4d-45f7-b82b-aea177694cca
1194015,Unknown,,Unknown,,"Polygonum setaceum",0,,,,,,,,urn:uuid:34ddb7e4-35a4-4603-878c-a431ba792efb
1194016,Unknown,,Unknown,,"Polygonum setaceum",0,,,,,,,,urn:uuid:3a0b1e9c-0a80-4651-83bd-9236fe69cec7
1194017,Unknown,,Unknown,,"Polygonum setaceum",0,,,,,,,,urn:uuid:5de7c176-3107-4045-ba14-d884e87f66b5
1194021,Unknown,,Unknown,,"Polygonum tenue",0,,,,,,,,urn:uuid:b3fd90a8-3206-4a28-bf54-cd75dd6cd72f
1194031,Unknown,,Unknown,,"Polygonum aubertii",0,,,,,,,,urn:uuid:0fa48282-957b-4f9b-bba1-44abe94136a7
1194032,Unknown,,Unknown,,"Polygonum texense",0,,,,,,,,urn:uuid:c8494fd4-7a79-4fbb-a2b8-e56c30d1e175
1194217,Unknown,,Unknown,,"Tovara virginiana",0,,,,,,,,urn:uuid:bddb130a-6bf3-4e99-9bd9-304b26fe39cc
1194254,Unknown,,Unknown,,"Tovara virginiana",0,,,,,,,,urn:uuid:aa5cdb2d-9cb2-4be2-b36a-07a73d1adebf
1194275,Unknown,,Unknown,,"Tovara virginiana",0,,,,,,,,urn:uuid:dc196b92-f988-41da-940a-70641163f932
1194279,Unknown,,Unknown,,"Tovara virginiana",0,,,,,,,,urn:uuid:d2913dae-8d60-4999-86f5-3ff4ea78219c
1194307,Unknown,,Unknown,,"Tovara virginiana",0,,,,,,,,urn:uuid:79e4710e-663e-4fc5-89e0-15a2de4fa7e5
1194339,Unknown,,Unknown,,"Tovara virginiana",0,,,,,,,,urn:uuid:20b18878-dcbe-4ab1-82a1-658a6c94c828
1194443,Unknown,,Unknown,,"Rumex conglomeratus",0,,,,,,,,urn:uuid:a9a66bac-9fd4-4b82-a41e-a4be9795863a
1202214,Unknown,,Unknown,,"Brunnichia cirrhosa",0,Gaert.,,,,,,,urn:uuid:a7c37454-b751-48f9-b87c-3a0183f50940
1202215,Unknown,,Unknown,,"Brunnichia cirrhosa",0,Gaert.,,,,,,,urn:uuid:6cf066f2-8390-40ff-a26c-de68b9d96f7d
1202216,Unknown,,Unknown,,"Brunnichia cirrhosa",0,Gaert.,,,,,,,urn:uuid:261157b2-7f17-41ca-83de-8c7c374e9feb
1202217,Unknown,,Unknown,,"Brunnichia cirrhosa",0,Gaert.,,,,,,,urn:uuid:9bc5a41b-3967-4dc2-a152-d1519844b1e0
1202218,Unknown,,Unknown,,"Brunnichia cirrhosa",0,Gaert.,,,,,,,urn:uuid:1d179fb4-cb9d-4d46-a866-1f2ad3603a8a
1202219,Unknown,,Unknown,,"Brunnichia cirrhosa",0,Gaert.,,,,,,,urn:uuid:8edf2d96-ce54-4fc8-a17e-b3e731ab8eff
1202220,Unknown,,Unknown,,"Brunnichia cirrhosa",0,Gaert.,,,,,,,urn:uuid:f25f4467-0a55-4388-92c3-b0f0bb8cf411
1202221,Unknown,,Unknown,,"Brunnichia cirrhosa",0,Gaert.,,,,,,,urn:uuid:9cb8cacc-3293-4374-bc1e-d8157acc88fd
1202222,Unknown,,Unknown,,"Brunnichia cirrhosa",0,Gaert.,,,,,,,urn:uuid:6aaefc7a-3d34-4d35-a1bc-387e7408d479
1208043,Unknown,,Unknown,,"Polygonum hydropiperoides",0,,,,,,,,urn:uuid:e480cee3-a62b-4de7-97ec-12f48927eb0e
1208044,Unknown,,Unknown,,"Polygonum hydropiperoides",0,,,,,,,,urn:uuid:c75069a5-2722-4527-ac4b-f9359e941214
1208045,Unknown,,Unknown,,"Polygonum hydropiperoides",0,,,,,,,,urn:uuid:562b1091-84f3-4841-8403-3253182ff4b3
1208046,Unknown,,Unknown,,"Polygonum hydropiperoides",0,,,,,,,,urn:uuid:d37b99f8-0deb-4e23-b4f2-4f836e26f83a
1208047,Unknown,,Unknown,,"Polygonum hydropiperoides",0,,,,,,,,urn:uuid:b98b20e6-8745-4df1-9c40-3941c4d04be8
1208048,Unknown,,Unknown,,"Polygonum hydropiperoides",0,,,,,,,,urn:uuid:72dea79e-c73b-43d6-85c5-d8025c338230
1208049,Unknown,,Unknown,,"Polygonum hydropiperoides",0,,,,,,,,urn:uuid:8e7975b6-35da-4a3f-b638-02f0aab0ac49
1208050,Unknown,,Unknown,,"Polygonum hydropiperoides",0,,,,,,,,urn:uuid:0a111788-cc5e-4e63-b61e-5449b98477e2
1208051,Unknown,,Unknown,,"Polygonum hydropiperoides",0,,,,,,,,urn:uuid:b5ba65a8-ea1e-4407-9dc3-372e28297945
1208052,Unknown,,Unknown,,"Polygonum lapathifolium",0,,,,,,,,urn:uuid:c8375738-8e45-4dc5-b888-907e0b3aa0f4
1208053,Unknown,,Unknown,,"Polygonum lapathifolium",0,,,,,,,,urn:uuid:de0f1b64-b67f-465d-b546-f0b57da69c4a
1208054,Unknown,,Unknown,,"Polygonum lapathifolium",0,,,,,,,,urn:uuid:d82e16e9-4934-4ee0-9206-fd7e968d8f0b
1208055,Unknown,,Unknown,,"Polygonum lapathifolium",0,,,,,,,,urn:uuid:b095dbb9-c042-42fe-b99f-293fecc811e9
1208056,Unknown,,Unknown,,"Polygonum lapathifolium",0,,,,,,,,urn:uuid:e029e107-c8d1-4faf-bc4f-ec26772f943e
1208057,Unknown,,Unknown,,"Polygonum lapathifolium",0,,,,,,,,urn:uuid:04eab58b-3a0b-4f3a-a761-3bd64ea3bca3
1208058,Unknown,,Unknown,,"Polygonum lapathifolium",0,,,,,,,,urn:uuid:68bf2c5e-1553-44b1-9349-84f2c56ca5e9
1208059,Unknown,,Unknown,,"Polygonum lapathifolium",0,,,,,,,,urn:uuid:ef04951e-2f10-4a33-96a3-de80214c0934
1208060,Unknown,,Unknown,,"Polygonum lapathifolium",0,,,,,,,,urn:uuid:91b1ae3a-2a03-427f-a92b-52075e7508b7
1208061,Unknown,,Unknown,,"Polygonum lapathifolium",0,,,,,,,,urn:uuid:b78826cd-59be-46fd-a336-d04d2494b227
1208062,Unknown,,Unknown,,"Polygonum lapathifolium",0,,,,,,,,urn:uuid:6b02772e-b566-4d3c-904e-9597efed711d
1208063,Unknown,,Unknown,,"Polygonum lapathifolium",0,,,,,,,,urn:uuid:2ba676c4-f35b-4157-9746-a7f9ff1488ab
1208064,Unknown,,Unknown,,"Polygonum lapathifolium",0,,,,,,,,urn:uuid:1a9fd595-890b-4607-9459-90d748604e89
1208065,Unknown,,Unknown,,"Polygonum lapathifolium",0,,,,,,,,urn:uuid:4eb8ea52-6547-4079-af7f-a98575c0fbb2
1208066,Unknown,,Unknown,,"Polygonum lapathifolium",0,,,,,,,,urn:uuid:ee37257b-8095-4cea-8059-fbc23346ad5c
1208067,Unknown,,Unknown,,"Polygonum lapathifolium",0,,,,,,,,urn:uuid:756798c6-985c-4777-977c-2b7947e69383
1208068,Unknown,,Unknown,,"Polygonum lapathifolium",0,,,,,,,,urn:uuid:0b6dacb0-f216-4984-b68b-3a565febfdd0
1208069,Unknown,,Unknown,,"Polygonum lapathifolium",0,,,,,,,,urn:uuid:af4fee82-47fc-4cf1-9072-f13240175104
1208070,Unknown,,Unknown,,"Polygonum lapathifolium",0,,,,,,,,urn:uuid:9d95536d-8495-4f98-ba2f-cebc89a1de21
1208071,Unknown,,Unknown,,"Polygonum lapathifolium",0,,,,,,,,urn:uuid:c21f6825-9264-42b2-ae87-b39b9fa9f29f
1208072,Unknown,,Unknown,,"Polygonum lapathifolium",0,,,,,,,,urn:uuid:849d355e-4c6c-433d-afb7-c4a57852d2a6
1208073,Unknown,,Unknown,,"Polygonum lapathifolium",0,,,,,,,,urn:uuid:878045d6-5a34-40c1-beb2-9973025f8637
1208074,Unknown,,Unknown,,"Polygonum lapathifolium",0,,,,,,,,urn:uuid:d1321a51-48ec-4ec4-a9d4-dff92cd5a6f3
1208075,Unknown,,Unknown,,"Polygonum lapathifolium",0,,,,,,,,urn:uuid:9d2ed746-754b-45f7-b557-bcc0be8055e4
1208076,Unknown,,Unknown,,"Polygonum lapathifolium",0,,,,,,,,urn:uuid:3d8f60a9-8a47-4f13-ab64-6df8ba19902f
1208077,Unknown,,Unknown,,"Polygonum lapathifolium",0,,,,,,,,urn:uuid:b2a5afab-0ffa-451d-98c9-b3295cb5197d
1208078,Unknown,,Unknown,,"Polygonum lapathifolium",0,,,,,,,,urn:uuid:754ea776-15cc-4f91-86c1-38761305fae0
1208079,Unknown,,Unknown,,"Polygonum lapathifolium",0,,,,,,,,urn:uuid:3b1789d4-52da-4559-acd9-90898f7ea223
1208080,Unknown,,Unknown,,"Polygonum lapathifolium",0,,,,,,,,urn:uuid:856ab4b7-9338-4aeb-ba0b-a2fc05084598
1208081,Unknown,,Unknown,,"Polygonum lapathifolium",0,,,,,,,,urn:uuid:3b3177d4-f1c8-46a6-9e89-b7698918279d
1208082,Unknown,,Unknown,,"Polygonum lapathifolium",0,,,,,,,,urn:uuid:c96b72cd-9ebb-4700-a942-c1c80d8d55a0
1208083,Unknown,,Unknown,,"Polygonum lapathifolium",0,,,,,,,,urn:uuid:33bd837a-8bf6-4851-a8fa-07131dd27e76
1208084,Unknown,,Unknown,,"Polygonum lapathifolium",0,,,,,,,,urn:uuid:32056964-d545-45a9-936d-121abd128d52
1208085,Unknown,,Unknown,,"Polygonum lapathifolium",0,,,,,,,,urn:uuid:22fd1d85-229e-4978-a8c4-02338f1b18d0
1208086,Unknown,,Unknown,,"Polygonum lapathifolium",0,,,,,,,,urn:uuid:df15f3c0-d691-4640-af8e-e80152a16d9a
1208087,Unknown,,Unknown,,"Polygonum lapathifolium",0,,,,,,,,urn:uuid:83e7bab2-a123-4e62-a100-b558437717b9
1208088,Unknown,,Unknown,,"Polygonum lapathifolium",0,,,,,,,,urn:uuid:81a96388-5d36-4f75-b18b-090a7aaadfbb
1208089,Unknown,,Unknown,,"Polygonum lapathifolium",0,,,,,,,,urn:uuid:9b08dc74-2f05-4d0c-8c42-a1c89d8629ea
1208090,Unknown,,Unknown,,"Polygonum lapathifolium",0,,,,,,,,urn:uuid:c8e5c94d-13f0-4916-b2da-f2d387af60fd
1208091,Unknown,,Unknown,,"Polygonum lapathifolium",0,,,,,,,,urn:uuid:b369be0a-5ed7-4097-86b2-9a31d21bfc05
1208092,Unknown,,Unknown,,"Polygonum lapathifolium",0,,,,,,,,urn:uuid:715559d1-78c9-491a-a838-37aaf81cbba3
1208093,Unknown,,Unknown,,"Polygonum orientale",0,,,,,,,,urn:uuid:c2dbdb5d-327b-4d0f-8a89-90c7c9f313fa
1208094,Unknown,,Unknown,,"Polygonum pensylvanicum",0,,,,,,,,urn:uuid:ea237494-48f1-40fc-919c-7951e4a1f2bf
1208095,Unknown,,Unknown,,"Polygonum pensylvanicum",0,,,,,,,,urn:uuid:231b9da6-d010-4e49-a619-a50c43b43a22
1208096,Unknown,,Unknown,,"Polygonum pensylvanicum",0,,,,,,,,urn:uuid:f32fd62c-fdf5-471c-b430-9df5ad1e0562
1208097,Unknown,,Unknown,,"Polygonum pensylvanicum",0,,,,,,,,urn:uuid:f7eede58-0b63-4788-a5d7-297246603e23
1208098,Unknown,,Unknown,,"Polygonum pensylvanicum",0,,,,,,,,urn:uuid:2557a7ae-fc06-42a1-adde-84ebf9f8062f
1208099,Unknown,,Unknown,,"Polygonum pensylvanicum",0,,,,,,,,urn:uuid:fd4de912-a5ce-4abd-b94a-a386f0c72518
1208100,Unknown,,Unknown,,"Polygonum pensylvanicum",0,,,,,,,,urn:uuid:671598d9-8b8b-4def-97ef-2b0a487933a0
1208101,Unknown,,Unknown,,"Polygonum pensylvanicum",0,,,,,,,,urn:uuid:21b434b4-98a0-43d8-be51-7a1fd97ee5ee
1208102,Unknown,,Unknown,,"Polygonum pensylvanicum",0,,,,,,,,urn:uuid:8090b8dd-bfb9-4bc3-b205-395f0e9f8dab
1208103,Unknown,,Unknown,,"Polygonum pensylvanicum",0,,,,,,,,urn:uuid:92d8bbe1-5a6f-4b9a-90ee-744958ba3e88
1208104,Unknown,,Unknown,,"Polygonum pensylvanicum",0,,,,,,,,urn:uuid:e16095ca-8fe1-4d2c-b0bb-769781b1e70a
1208105,Unknown,,Unknown,,"Polygonum pensylvanicum",0,,,,,,,,urn:uuid:f66c1ec7-8877-4de2-9d49-d97632f38639
1208106,Unknown,,Unknown,,"Polygonum pensylvanicum",0,,,,,,,,urn:uuid:c7f956ef-6dc9-47db-8273-a878ab56de51
1208107,Unknown,,Unknown,,"Polygonum pensylvanicum",0,,,,,,,,urn:uuid:c55a5a95-d0a0-4f88-9391-3f29e72e24a8
1208108,Unknown,,Unknown,,"Polygonum pensylvanicum",0,,,,,,,,urn:uuid:efb622ed-749b-4b18-a6d8-0db32c093a3b
1208109,Unknown,,Unknown,,"Polygonum pensylvanicum",0,,,,,,,,urn:uuid:30cd0891-0430-4811-a76d-76a0882fba22
1208110,Unknown,,Unknown,,"Polygonum pensylvanicum",0,,,,,,,,urn:uuid:e7507be0-d861-446f-b0b9-0721b5968efd
1208111,Unknown,,Unknown,,"Polygonum pensylvanicum",0,,,,,,,,urn:uuid:d6ef25d8-362d-4156-848d-dcc0cb543933
1208112,Unknown,,Unknown,,"Polygonum pensylvanicum",0,,,,,,,,urn:uuid:e27e0502-6c8a-4e43-9cdc-1b02a997abfd
1208113,Unknown,,Unknown,,"Polygonum pensylvanicum",0,,,,,,,,urn:uuid:53d79102-ca44-481e-b1f4-7d68b494be53
1208114,Unknown,,Unknown,,"Polygonum pensylvanicum",0,,,,,,,,urn:uuid:d4304193-0896-4f22-8a1b-1701ee186212
1208115,Unknown,,Unknown,,"Polygonum pensylvanicum",0,,,,,,,,urn:uuid:ddd14bc2-7e8e-4b29-9faf-3259d500613f
1208116,Unknown,,Unknown,,"Polygonum pensylvanicum",0,,,,,,,,urn:uuid:55439843-79ae-4c80-beb8-31e211e80cec
1208117,Unknown,,Unknown,,"Polygonum pensylvanicum",0,,,,,,,,urn:uuid:40839611-974e-47bc-a939-14f0ce669e10
1208118,Unknown,,Unknown,,"Polygonum pensylvanicum",0,,,,,,,,urn:uuid:54f0e2d7-b82b-4db0-9105-7790e68b112d
1208119,Unknown,,Unknown,,"Polygonum pensylvanicum",0,,,,,,,,urn:uuid:f8610983-1a0b-4b63-9ef3-74a924a92009
1208120,Unknown,,Unknown,,"Polygonum pensylvanicum",0,,,,,,,,urn:uuid:76d2f357-1926-41d1-9406-3aae6de07774
1208121,Unknown,,Unknown,,"Polygonum pensylvanicum",0,,,,,,,,urn:uuid:d22539d4-2251-4746-a18d-88efa2091bbb
1208122,Unknown,,Unknown,,"Polygonum pensylvanicum",0,,,,,,,,urn:uuid:0cbf0d75-9b66-47e7-b518-cde0431675a3
1208123,Unknown,,Unknown,,"Polygonum pensylvanicum",0,,,,,,,,urn:uuid:d5b31480-ebde-4396-add5-09fd5821edb0
1208124,Unknown,,Unknown,,"Polygonum pensylvanicum",0,,,,,,,,urn:uuid:89c1d845-e4e1-45f4-8a4b-683bb4425aed
1208125,Unknown,,Unknown,,"Polygonum pensylvanicum",0,,,,,,,,urn:uuid:909796b2-f673-4714-accd-da79b25f72ce
1208126,Unknown,,Unknown,,"Polygonum pensylvanicum",0,,,,,,,,urn:uuid:c769aff8-826b-451a-8601-4a5ae6cfef75
1208127,Unknown,,Unknown,,"Polygonum pensylvanicum",0,,,,,,,,urn:uuid:300de36a-e454-4f71-be28-4ce9534e2beb
1208128,Unknown,,Unknown,,"Polygonum pensylvanicum",0,,,,,,,,urn:uuid:b2248b18-1ee3-44ca-ae2c-5498bb3e9637
1208129,Unknown,,Unknown,,"Polygonum pensylvanicum",0,,,,,,,,urn:uuid:98dff559-5156-4efa-9864-9ed0c3c34582
1208130,Unknown,,Unknown,,"Polygonum pensylvanicum",0,,,,,,,,urn:uuid:47a2841b-6938-4652-8e3d-e99502ff1688
1208131,Unknown,,Unknown,,"Polygonum pensylvanicum",0,,,,,,,,urn:uuid:962c26d6-54a1-438d-ab3e-b035afff77b6
1208132,Unknown,,Unknown,,"Polygonum pensylvanicum",0,,,,,,,,urn:uuid:49825dc8-3e48-4ef5-a20a-b9d15dfb4c8c
1208133,Unknown,,Unknown,,"Polygonum pensylvanicum",0,,,,,,,,urn:uuid:5d1e6ce3-fec7-4239-b549-52d2157fa430
1208134,Unknown,,Unknown,,"Polygonum pensylvanicum",0,,,,,,,,urn:uuid:0cffc040-2ba6-4fc8-9938-5dac7c06a08b
1208135,Unknown,,Unknown,,"Polygonum pensylvanicum",0,,,,,,,,urn:uuid:44931dd0-5823-4107-a91f-2889eb4c99e2
1208136,Unknown,,Unknown,,"Polygonum pensylvanicum",0,,,,,,,,urn:uuid:45dc369f-d2c4-416f-9083-9cf30de253e3
1208137,Unknown,,Unknown,,"Polygonum pensylvanicum",0,,,,,,,,urn:uuid:f228d5f3-305a-4bca-ad17-1559a6c9940f
1208138,Unknown,,Unknown,,"Polygonum pensylvanicum",0,,,,,,,,urn:uuid:b18d2ed2-67cf-4d24-bd95-6d13873a5913
1208139,Unknown,,Unknown,,"Polygonum pensylvanicum",0,,,,,,,,urn:uuid:694de11a-1478-4bb2-853d-f8ff93d9de04
1208140,Unknown,,Unknown,,"Polygonum pensylvanicum",0,,,,,,,,urn:uuid:e1578a13-5167-4949-bfc1-1cca58a0bd2a
1208141,Unknown,,Unknown,,"Polygonum pensylvanicum",0,,,,,,,,urn:uuid:55442d91-66d6-425b-862c-5f3019a11958
1208142,Unknown,,Unknown,,"Polygonum pensylvanicum",0,,,,,,,,urn:uuid:0f25e1f7-0beb-4951-962c-225011552856
1208143,Unknown,,Unknown,,"Polygonum pensylvanicum",0,,,,,,,,urn:uuid:ba09f978-d15c-4e6e-8b0f-66c98c088185
1208144,Unknown,,Unknown,,"Polygonum pensylvanicum",0,,,,,,,,urn:uuid:b53eee62-5603-407e-957e-daff46025b47
1208145,Unknown,,Unknown,,"Polygonum pensylvanicum",0,,,,,,,,urn:uuid:beeb6470-2453-44b8-954d-23fcafb3be87
1208146,Unknown,,Unknown,,"Polygonum pensylvanicum",0,,,,,,,,urn:uuid:e5d792cf-e617-4731-8b5e-d0bd1b1b00ec
1208147,Unknown,,Unknown,,"Polygonum pensylvanicum",0,,,,,,,,urn:uuid:f6ce166f-48dc-4f05-9fbd-e692cd832d62
1208148,Unknown,,Unknown,,"Polygonum pensylvanicum",0,,,,,,,,urn:uuid:825a5b1f-9dc8-4748-a547-56c97c99db26
1208149,Unknown,,Unknown,,"Polygonum pensylvanicum",0,,,,,,,,urn:uuid:d314a299-eacb-4653-b123-330f39140cc6
1208150,Unknown,,Unknown,,"Polygonum pensylvanicum",0,,,,,,,,urn:uuid:5d36a29e-fe54-4267-80d7-eb29d4ea6a48
1208151,Unknown,,Unknown,,"Polygonum pensylvanicum",0,,,,,,,,urn:uuid:b3310dc0-d7f0-4a5b-b957-e4e1c38c98db
1208152,Unknown,,Unknown,,"Polygonum pensylvanicum",0,,,,,,,,urn:uuid:b8915f22-7aee-4b41-9269-a3a662b266d4
1208153,Unknown,,Unknown,,"Polygonum persicaria",0,,,,,,,,urn:uuid:80201f9e-1691-4d45-95b1-6442eb19cb21
1208154,Unknown,,Unknown,,"Polygonum persicaria",0,,,,,,,,urn:uuid:2c8863ac-ff97-47de-bcd3-12204926ebdd
1208155,Unknown,,Unknown,,"Polygonum persicaria",0,,,,,,,,urn:uuid:3e6bbb38-c5c5-4d9a-9fb9-7f393306df53
1208156,Unknown,,Unknown,,"Polygonum persicaria",0,,,,,,,,urn:uuid:5b74409b-11da-4125-b0bd-44b9486a4a3d
1208157,Unknown,,Unknown,,"Polygonum persicaria",0,,,,,,,,urn:uuid:35dc7b1f-7542-4114-b56d-cb13685f276e
1208158,Unknown,,Unknown,,"Polygonum persicaria",0,,,,,,,,urn:uuid:9ff3b33d-de89-4e9b-a30d-2b483f283e95
1208159,Unknown,,Unknown,,"Polygonum persicaria",0,,,,,,,,urn:uuid:d3113bbf-8376-4525-bd61-c3726b8117af
1208160,Unknown,,Unknown,,"Polygonum persicaria",0,,,,,,,,urn:uuid:242ed7b4-399b-4c8a-b257-e8bd1ef9b565
1208161,Unknown,,Unknown,,"Polygonum persicaria",0,,,,,,,,urn:uuid:97d84482-782f-4ae9-8362-32f9a5ab0759
1208162,Unknown,,Unknown,,"Polygonum persicaria",0,,,,,,,,urn:uuid:29791b0e-c5fd-4aff-a43c-60d0753f1f7f
1208163,Unknown,,Unknown,,"Polygonum persicaria",0,,,,,,,,urn:uuid:09359784-34b2-434e-a6e9-df811264f771
1208164,Unknown,,Unknown,,"Polygonum persicaria",0,,,,,,,,urn:uuid:a639b3d8-6f1c-4e27-bb51-66c56903721a
1208165,Unknown,,Unknown,,"Polygonum persicaria",0,,,,,,,,urn:uuid:3a96bb7d-7b5e-4711-be3f-bac953de50c5
1208166,Unknown,,Unknown,,"Polygonum persicaria",0,,,,,,,,urn:uuid:effb1a0f-5e89-4a40-99bc-c3a3e2f47098
1208167,Unknown,,Unknown,,"Polygonum persicaria",0,,,,,,,,urn:uuid:bc86ccaa-13cb-49dd-9d53-6776d1061887
1208168,Unknown,,Unknown,,"Polygonum persicaria",0,,,,,,,,urn:uuid:24359b6c-95ac-4bfa-96bf-eada1a015087
1208169,Unknown,,Unknown,,"Polygonum persicaria",0,,,,,,,,urn:uuid:5d0341f7-cda5-4979-a31f-434ab67c2722
1208170,Unknown,,Unknown,,"Polygonum persicaria",0,,,,,,,,urn:uuid:eb4816ef-d9a9-40e8-8703-ac2e8464ee6d
1208171,Unknown,,Unknown,,"Polygonum persicaria",0,,,,,,,,urn:uuid:d7cf4cd9-0abd-41fb-a1db-9337da23f088
1208172,Unknown,,Unknown,,"Polygonum punctatum",0,,,,,,,,urn:uuid:576a4879-70f7-4dd7-a300-5609eeffe79d
1208173,Unknown,,Unknown,,"Polygonum punctatum",0,,,,,,,,urn:uuid:3a8dca7f-95f5-448e-a91a-4ee1e842ce02
1208174,Unknown,,Unknown,,"Polygonum punctatum",0,,,,,,,,urn:uuid:98ab779d-f4fc-4eef-a38a-7d10e16b1152
1208175,Unknown,,Unknown,,"Polygonum punctatum",0,,,,,,,,urn:uuid:4bb1ee8d-b6fa-47d0-90cb-4a5c74e2bab2
1208176,Unknown,,Unknown,,"Polygonum punctatum",0,,,,,,,,urn:uuid:ca0a4037-2144-4f0a-b757-9586eadd8d5a
1208177,Unknown,,Unknown,,"Polygonum punctatum",0,,,,,,,,urn:uuid:f495e305-b91f-4acf-bb75-f5844b6ef377
1208178,Unknown,,Unknown,,"Polygonum punctatum",0,,,,,,,,urn:uuid:b8a1eeb6-dfb1-4957-8999-77fe122028ff
1208179,Unknown,,Unknown,,"Polygonum punctatum",0,,,,,,,,urn:uuid:7da21fa5-6098-45e0-bc43-a562025f15dc
1208180,Unknown,,Unknown,,"Polygonum punctatum",0,,,,,,,,urn:uuid:7a8ce634-09ab-4d68-a096-1b2969821e52
1208181,Unknown,,Unknown,,"Polygonum punctatum",0,,,,,,,,urn:uuid:54014114-17e5-43a6-b8e2-54d4f40bdf1f
1208182,Unknown,,Unknown,,"Polygonum punctatum",0,,,,,,,,urn:uuid:5d0a25f2-f5b4-4870-82e7-debfe0a2d0c6
1208183,Unknown,,Unknown,,"Polygonum punctatum",0,,,,,,,,urn:uuid:76629494-9ebc-400a-ac85-753e2ae1faa9
1208184,Unknown,,Unknown,,"Polygonum punctatum",0,,,,,,,,urn:uuid:05f4c163-2329-4461-96f3-db85f704a053
1208185,Unknown,,Unknown,,"Polygonum punctatum",0,,,,,,,,urn:uuid:617604a5-c51c-453c-9efa-5e701c678e85
1208186,Unknown,,Unknown,,"Polygonum punctatum",0,,,,,,,,urn:uuid:9e60876d-8eaa-4343-b409-98639a1b0cb3
1208187,Unknown,,Unknown,,"Polygonum punctatum",0,,,,,,,,urn:uuid:7b5762ac-c0cf-4090-b27e-6f88dd44b749
1208188,Unknown,,Unknown,,"Polygonum punctatum",0,,,,,,,,urn:uuid:6622d0a6-b1ca-410b-94f2-2bae4254c893
1208189,Unknown,,Unknown,,"Polygonum punctatum",0,,,,,,,,urn:uuid:80e3ce4c-c2d1-452f-ac83-b2b6889a1da0
1208190,Unknown,,Unknown,,"Polygonum punctatum",0,,,,,,,,urn:uuid:c8f6506f-e374-4200-95ab-d8cf978dc6a0
1208191,Unknown,,Unknown,,"Polygonum punctatum",0,,,,,,,,urn:uuid:8cb22182-4c3f-4ab9-9595-f6c092627d6c
1208192,Unknown,,Unknown,,"Polygonum punctatum",0,,,,,,,,urn:uuid:400edee3-645a-4092-bfdd-9cffa95d94c5
1208193,Unknown,,Unknown,,"Polygonum punctatum",0,,,,,,,,urn:uuid:bf717dad-d6b8-4efc-97f7-2d13a97cf316
1208194,Unknown,,Unknown,,"Polygonum punctatum",0,,,,,,,,urn:uuid:dab51c9a-ae2a-484b-9bc4-c95f57d8e803
1208195,Unknown,,Unknown,,"Polygonum punctatum",0,,,,,,,,urn:uuid:d1aa5b81-6166-4b2f-992c-4f06ca9e58f8
1208196,Unknown,,Unknown,,"Polygonum punctatum",0,,,,,,,,urn:uuid:10036c1f-c94b-4869-8e56-0a268653cb62
1208197,Unknown,,Unknown,,"Polygonum punctatum",0,,,,,,,,urn:uuid:ee7e8bf1-d2b4-4493-99f0-98aff316934d
1208198,Unknown,,Unknown,,"Polygonum punctatum",0,,,,,,,,urn:uuid:90bfafa4-8eff-4af2-8afa-047bc70da613
1208199,Unknown,,Unknown,,"Polygonum punctatum",0,,,,,,,,urn:uuid:6ab7688d-3805-4189-b6c6-a513d166ac56
1208200,Unknown,,Unknown,,"Polygonum punctatum",0,,,,,,,,urn:uuid:b7f5b0be-e948-4439-a105-2b0ad94f4cc1
1208209,Unknown,,Unknown,,"Polygonum ramosissimum",0,,,,,,,,urn:uuid:fd16a004-3b1c-4290-bc8a-e3f369ca173c
1208211,Unknown,,Unknown,,"Polygonum sagittatum",0,,,,,,,,urn:uuid:d6725112-54a3-4b17-bc92-ad2799ed4cf4
1208212,Unknown,,Unknown,,"Polygonum sagittatum",0,,,,,,,,urn:uuid:76e5b09c-d783-4313-8ef7-5e2ee38cb7bc
1208213,Unknown,,Unknown,,"Polygonum sagittatum",0,,,,,,,,urn:uuid:92400634-be32-44bc-a1c7-d0a436bf7a69
1208214,Unknown,,Unknown,,"Polygonum sagittatum",0,,,,,,,,urn:uuid:f599ab00-f321-4210-bf71-730f3726be5e
1208215,Unknown,,Unknown,,"Polygonum scandens",0,,,,,,,,urn:uuid:ed7147d6-adb7-405d-b0c3-cd444647c8ff
1208216,Unknown,,Unknown,,"Polygonum setaceum",0,,,,,,,,urn:uuid:c88d7050-cf29-495a-adc8-ef500aeb7904
1208217,Unknown,,Unknown,,"Polygonum setaceum",0,,,,,,,,urn:uuid:491350d7-1f10-4479-a769-5ce22fc42337
1208218,Unknown,,Unknown,,"Polygonum setaceum",0,,,,,,,,urn:uuid:031cbc80-1c92-4de0-bdfb-9ecc1b7c9bcb
1208219,Unknown,,Unknown,,"Polygonum setaceum",0,,,,,,,,urn:uuid:f3883d17-4648-4d3d-9b81-09049de26ae8
1208220,Unknown,,Unknown,,"Polygonum setaceum",0,,,,,,,,urn:uuid:75eff847-89b6-41fe-a48d-e38b4413c20e
1208221,Unknown,,Unknown,,"Polygonum setaceum",0,,,,,,,,urn:uuid:0b186dff-3f26-4659-b728-b422d6d257a0
1208222,Unknown,,Unknown,,"Polygonum setaceum",0,,,,,,,,urn:uuid:55303c51-b5bb-4adf-b5a5-b7a058d4667a
1208223,Unknown,,Unknown,,"Polygonum setaceum",0,,,,,,,,urn:uuid:09e34664-6db9-428e-a0b4-f588203e6587
1208224,Unknown,,Unknown,,"Polygonum setaceum",0,,,,,,,,urn:uuid:edc0c500-e7b8-47a2-89fa-ef7f00c1087d
1208303,Unknown,,Unknown,,"Rumex crispus",0,L.,,,,,,,urn:uuid:687a4a89-5454-417b-9622-633d369e0eac
1208382,Unknown,,Unknown,,"Tovara virginiana",0,,,,,,,,urn:uuid:6de553ba-c615-4d59-be90-1cd45e3741eb
1286636,Unknown,,Unknown,,"Polygonum punctatum",0,,,,,,,,urn:uuid:6b48e6f6-e1d3-438a-8cad-8103a06ad76a
1289682,Unknown,,Unknown,,"Eriogonum jamesii",0,,,,,,,,urn:uuid:d1558ba5-2b43-41c3-bf59-c34fc601f620
1289871,Unknown,,Unknown,,"Polygonum punctatum",0,,,,,,,,urn:uuid:8ecc6012-6714-492a-8200-656626f34813
1290169,Unknown,,Unknown,,"Polygonum punctatum",0,,,,,,,,urn:uuid:77a1f5f7-2ac7-42a6-ae00-88e027eacfff
1290172,Unknown,,Unknown,,"Polygonum pensylvanicum",0,,,,,,,,urn:uuid:5e916ded-736f-4093-b52f-efded5d664e5
1290637,Unknown,,Unknown,,"Polygonum punctatum",0,,,,,,,,urn:uuid:0f463ae5-7c63-4c60-b6b5-fbdac6a9c732
1290638,Unknown,,Unknown,,"Polygonum densiflorum",0,,,,,,,,urn:uuid:3687702b-c384-4d4d-b568-101d9f72424a
1290639,Unknown,,Unknown,,"Polygonum pensylvanicum",0,,,,,,,,urn:uuid:8c41ef6c-8887-4a16-8ede-8ab4049bd1c9
1290666,Unknown,,Unknown,,"Polygonum pensylvanicum",0,,,,,,,,urn:uuid:2672f50f-4576-44a2-8c82-bbc4ff83b510
1290667,Unknown,,Unknown,,"Polygonum lapathifolium",0,,,,,,,,urn:uuid:156c7b38-ac1a-4101-b7be-2c54504b700d
1290668,Unknown,,Unknown,,"Polygonum pensylvanicum",0,,,,,,,,urn:uuid:045d73fe-e30d-40ac-99d0-70df56af99f8
1290815,Unknown,,Unknown,,"Polygonum hydropiperoides",0,,,,,,,,urn:uuid:b2462c7d-1e68-4074-902e-b04e401c1717
1290838,Unknown,,Unknown,,"Eriogonum jamesii",0,,,,,,,,urn:uuid:6e254852-052f-410d-b2ad-fe536294f213
1291221,Unknown,,Unknown,,"Polygonum hydropiperoides",0,,,,,,,,urn:uuid:6476f4ee-27e7-405f-aaba-867c13fcd7b2
1291222,Unknown,,Unknown,,"Polygonum hydropiperoides",0,,,,,,,,urn:uuid:013309ca-fffe-484e-8e3b-43ebd4eba736
1291223,Unknown,,Unknown,,"Polygonum hydropiperoides",0,,,,,,,,urn:uuid:66053dad-03e3-4eb6-ad93-4811d34a5f56
1291232,Unknown,,Unknown,,"Polygonum punctatum",0,,,,,,,,urn:uuid:3be36408-24cc-43e1-8a1f-386fed213d96
1291302,Unknown,,Unknown,,"Polygonum sagittatum",0,,,,,,,,urn:uuid:9878b219-4e97-47ba-b2bb-ff8ecd94686f
1291304,Unknown,,Unknown,,"Polygonum pensylvanicum",0,,,,,,,,urn:uuid:d3a2112e-205a-4175-a262-e599392baca3
1291305,Unknown,,Unknown,,"Polygonum lapathifolium",0,,,,,,,,urn:uuid:637ad78e-c1ed-42f1-ba2d-99633041af3b
1291360,Unknown,,Unknown,,"Eriogonum graniticum",0,"B. L. Turner",,,,,,,urn:uuid:17e506ac-9ec1-4d16-aae2-5508a389bebc
1291361,Unknown,,Unknown,,"Eriogonum graniticum",0," B. L. Turner",,,,,,,urn:uuid:7d35eee4-9424-4f15-8a98-453a6344c229
1293567,Unknown,,Unknown,,"Polygonum hydropiperoides",0,,,,,,,,urn:uuid:319c3d9d-9a2b-489d-a6cb-9b6daf38d86b
1295787,Unknown,,Unknown,,"Polygonum hydropiperoides",0,,,,,,,,urn:uuid:f090f38f-bc18-497d-ab19-186f3bda6dfa
1295789,Unknown,,Unknown,,"Polygonum hydropiperoides",0,,,,,,,,urn:uuid:d36ba0b2-8607-4680-b371-9812b964083e
1295794,Unknown,,Unknown,,"Polygonum hydropiperoides",0,,,,,,,,urn:uuid:68f27080-ecbf-4d7f-9e8b-895422981208
1295807,Unknown,,Unknown,,"Polygonum punctatum",0,,,,,,,,urn:uuid:3c1c2e50-e9f0-47b4-9491-079dcc824722
1296034,Unknown,,Unknown,,"Polygonum hydropiperoides",0,,,,,,,,urn:uuid:7a5ab840-f515-4648-9ccc-463ac4a29c8e
1296872,Unknown,,Unknown,,"Polygonum hydropiperoides",0,,,,,,,,urn:uuid:f544a2eb-054c-4ac4-bafa-3dc2062b438e
1297084,Unknown,,Unknown,,"Polygonum densiflorum",0,,,,,,,,urn:uuid:7ecd6ab9-aa92-478a-b005-9eda9ea16195
1297085,Unknown,,Unknown,,"Polygonum amphibium",0,L.,,,,,,,urn:uuid:8ffd0fd3-d054-40a4-b997-b9c36af52a56
1297086,Unknown,,Unknown,,"Polygonum pensylvanicum",0,,,,,,,,urn:uuid:ec5bca1a-7eea-4f7f-80f9-a0402c890547
1297087,Unknown,,Unknown,,"Polygonum densiflorum",0,,,,,,,,urn:uuid:92bfdd36-3183-4e10-bf63-8c6eec0f437f
1297135,Unknown,,Unknown,,"Eriogonum graniticum",0," B. L. Turner",,,,,,,urn:uuid:f5e43cc6-8fa7-4bbd-aa1f-f97f09ad76bf
1298442,Unknown,,Unknown,,"Polygonum hydropiperoides",0,,,,,,,,urn:uuid:11b7f649-96a8-44c4-badd-f703dae6c2cb
1298454,Unknown,,Unknown,,"Eriogonum jamesii",0,,,,,,,,urn:uuid:75e421d3-7417-4c80-9a6f-5cc36756e336
1298571,Unknown,,Unknown,,"Polygonum pensylvanicum",0,,,,,,,,urn:uuid:fcccc67a-0e3b-46fa-9666-fc226061efb7
1298651,Unknown,,Unknown,,"Polygonum punctatum",0,,,,,,,,urn:uuid:40ecbe02-5903-4f2c-8228-69580a2b7fb5
1298748,Unknown,,Unknown,,"Polygonum pensylvanicum",0,,,,,,,,urn:uuid:1b5734f6-6d62-45cd-918b-a2859095924e
1298930,Unknown,,Unknown,,"Polygonum punctatum",0,,,,,,,,urn:uuid:77e63769-c731-40eb-a88a-4dac05dfe668
1299131,Unknown,,Unknown,,"Polygonum hydropiperoides",0,,,,,,,,urn:uuid:692535b9-9457-4b51-9756-662e5319aa64
1299881,Unknown,,Unknown,,"Polygonum setaceum",0,,,,,,,,urn:uuid:7f168657-02a5-4864-bbed-64efad191741
1300211,Unknown,,Unknown,,"Polygonum punctatum",0,,,,,,,,urn:uuid:b24a22e5-a197-438e-b530-a663fd33f467
1300265,Unknown,,Unknown,,"Polygonum hydropiperoides",0,,,,,,,,urn:uuid:801af1d5-949e-41d2-aa59-104c7295aa72
1300719,Unknown,,Unknown,,"Polygonum punctatum",0,,,,,,,,urn:uuid:7a272c4e-1d14-47ec-8e3e-c398de610f51
1300721,Unknown,,Unknown,,"Polygonum lapathifolium",0,,,,,,,,urn:uuid:3e39850b-2d1a-46ae-b39b-6d71cb7a7a5a
1301416,Unknown,,Unknown,,"Polygonum punctatum",0,,,,,,,,urn:uuid:94efcf66-5fe8-48d7-b170-6eb908790ec6
1301779,Unknown,,Unknown,,"Polygonum punctatum",0,,,,,,,,urn:uuid:a60a0445-5530-4e3e-b0fe-6ee2b9ca2898
1301789,Unknown,,Unknown,,"Polygonum hydropiperoides",0,,,,,,,,urn:uuid:fe5344d1-2360-4038-af00-b7237ae5c327
1302060,Unknown,,Unknown,,"Eriogonum jamesii",0,,,,,,,,urn:uuid:057f2eac-0abf-446a-a7a1-ae38b6d89a1c
1302061,Unknown,,Unknown,,"Eriogonum jamesii",0,,,,,,,,urn:uuid:34442c16-8451-4ba6-a436-717c3bfbaacd
1302062,Unknown,,Unknown,,"Eriogonum jamesii",0,,,,,,,,urn:uuid:1d166d0d-6417-49ca-89ec-bdecdce64de0
1302063,Unknown,,Unknown,,"Eriogonum jamesii",0,,,,,,,,urn:uuid:bc8a5634-a716-4d27-957e-542a9384bcb8
1302114,Unknown,,Unknown,,"Polygonum hydropiperoides",0,,,,,,,,urn:uuid:ba8b0874-a445-4f17-a6a2-48f3c838bf51
1302913,Unknown,,Unknown,,"Polygonum hydropiperoides",0,,,,,,,,urn:uuid:6d9fe0eb-70a4-4c10-af25-9724e26535d0
1303335,Unknown,,Unknown,,"Polygonum punctatum",0,,,,,,,,urn:uuid:2aba7372-d993-426d-8ff9-80ce919726c3
1303336,Unknown,,Unknown,,"Polygonum pensylvanicum",0,,,,,,,,urn:uuid:f785c115-75ba-4863-a587-4c35b6a64fa6
1303337,Unknown,,Unknown,,"Polygonum densiflorum",0,,,,,,,,urn:uuid:2ced3b0e-0705-4505-bb47-877d2493c05d
1303853,Unknown,,Unknown,,"Polygonum hydropiperoides",0,,,,,,,,urn:uuid:9e706580-466e-4f86-bf6d-77419649be53
1304320,Unknown,,Unknown,,"Polygonum pensylvanicum",0,,,,,,,,urn:uuid:9aefa5e7-7578-45f5-9e92-23b82ab58c26
1304606,Unknown,,Unknown,,"Polygonum lapathifolium",0,,,,,,,,urn:uuid:562354a1-8182-4522-9cb0-fa39ad87c648
1304868,Unknown,,Unknown,,"Polygonum pensylvanicum",0,,,,,,,,urn:uuid:cdbd4cad-e7e2-4516-a18d-6b1ce6611277
1305177,Unknown,,Unknown,,"Polygonum hydropiperoides",0,,,,,,,,urn:uuid:a98a7b27-7306-4431-9023-843d00b65078
1305246,Unknown,,Unknown,,"Polygonum pensylvanicum",0,,,,,,,,urn:uuid:790216ca-e38d-42f1-a219-4d7d6957d44b
1305853,Unknown,,Unknown,,"Polygonum punctatum",0,,,,,,,,urn:uuid:ec05a17d-9a4a-4232-ba5f-e7c6e05441ce
1306679,Unknown,,Unknown,,"Polygonum pensylvanicum",0,,,,,,,,urn:uuid:a77f2aef-8c17-402f-b19c-fd8ab7e613c5
1307082,Unknown,,Unknown,,"Polygonum lapathifolium",0,,,,,,,,urn:uuid:9a6d4900-85b2-40b3-bc13-04491563c236
1307325,Unknown,,Unknown,,"Polygonum pensylvanicum",0,,,,,,,,urn:uuid:f06278b1-3732-4b75-afed-937871e2a212
1307680,Unknown,,Unknown,,"Polygonum punctatum",0,,,,,,,,urn:uuid:73f509a4-2571-446e-a57f-024a199e67c3
1307858,Unknown,,Unknown,,"Polygonum hydropiperoides",0,,,,,,,,urn:uuid:7d631682-4ba8-43e6-9647-2fee51d61d45
1307859,Unknown,,Unknown,,"Polygonum punctatum",0,,,,,,,,urn:uuid:f475979e-71dd-4e2d-9ef4-fc1b8d843536
1307875,Unknown,,Unknown,,"Polygonum hydropiperoides",0,,,,,,,,urn:uuid:c954b13d-c635-4eb0-9540-0310aaea8e52
1308672,Unknown,,Unknown,,"Polygonum hydropiperoides",0,,,,,,,,urn:uuid:a3c7f2e2-b83f-4dd3-851c-164f851b6c77
1308694,Unknown,,Unknown,,"Polygonum punctatum",0,,,,,,,,urn:uuid:ab980569-070d-497d-b0ab-59cce1e768a5
1308797,Unknown,,Unknown,,"Polygonum hydropiperoides",0,,,,,,,,urn:uuid:1a85c553-ef61-4fdb-a857-783fc53a5983
1309239,Unknown,,Unknown,," Polygonum hispidum",0,,,,,,,,urn:uuid:a75e0b73-2e6c-4eb2-9691-5d79dfeeddd2
1309239,Unknown,,Unknown,,"Polygonum orientale",0,,,,,,,,urn:uuid:c82ef818-94f0-41c2-a371-3c0e55374183
1309311,Unknown,,Unknown,,"Polygonum punctatum",0,,,,,,,,urn:uuid:46c6794c-5aa9-4bf5-95f6-a07daeb32e7d
1309423,Unknown,,Unknown,,"Polygonum punctatum",0,,,,,,,,urn:uuid:fde3c7db-27d6-4c8c-8353-7f84920be699
1309432,Unknown,,Unknown,,"Polygonum hydropiperoides",0,,,,,,,,urn:uuid:a7b82dd0-1865-42f9-a587-eb19ba1e3cb0
1309701,Unknown,,Unknown,,"Polygonum amphibium",0,L.,,,,,,,urn:uuid:d63901b6-0d8f-42e9-8576-e952900ed7ca
1310931,Unknown,,Unknown,,"Polygonum punctatum",0,,,,,,,,urn:uuid:b2bfc99d-caba-4e1a-8515-843342fa3d7d
1311772,Unknown,,Unknown,,"Polygonum densiflorum",0,,,,,,,,urn:uuid:4b99869d-0d24-42fd-bea3-8669ec743d0d
1311775,Unknown,,Unknown,,"Polygonum densiflorum",0,,,,,,,,urn:uuid:e2a095b2-0ed5-4536-8641-42b7af9f201c
1312056,Unknown,,Unknown,,"Polygonum densiflorum ",0,,,,,,,,urn:uuid:da8e6bdf-b0bd-4e9c-8336-b23c2b38a46f
1312094,Unknown,,Unknown,,"Polygonum punctatum",0,,,,,,,,urn:uuid:8ef9c4ce-c0b4-4940-a8ae-47c5aec87279
1202333,Unknown,,Unknown,,"Eriogonum jamesii",0,,,,,,,,urn:uuid:75a42736-c67b-4fad-917b-add7b2e4e0dd
1202334,Unknown,,Unknown,,"Eriogonum jamesii",0,,,,,,,,urn:uuid:e190cb48-7257-4626-a3d7-2b53757ab38e
1202335,Unknown,,Unknown,,"Eriogonum jamesii",0,,,,,,,,urn:uuid:732d538c-06fb-4f9b-b845-39a159c37e3f
1202336,Unknown,,Unknown,,"Eriogonum jamesii",0,,,,,,,,urn:uuid:50bd5f2a-2089-467d-a8ee-9ffcca81fe0f
1202337,Unknown,,Unknown,,"Eriogonum jamesii",0,,,,,,,,urn:uuid:f27315e0-ab61-4e02-9beb-8ac6840352ed
1202338,Unknown,,Unknown,,"Eriogonum jamesii",0,,,,,,,,urn:uuid:2b90b017-9f7f-4cfb-bf0a-258a5077f6fe
1202339,Unknown,,Unknown,,"Eriogonum jamesii",0,,,,,,,,urn:uuid:2eb9d418-8009-4c61-a1af-f62c0b81d8a6
1202340,Unknown,,Unknown,,"Eriogonum jamesii",0,,,,,,,,urn:uuid:014acf7d-7841-4304-be6e-d6e4086b219e
1202341,Unknown,,Unknown,,"Eriogonum jamesii",0,,,,,,,,urn:uuid:1947dbf8-be29-4962-af96-31ccb8947a83
1202342,Unknown,,Unknown,,"Eriogonum jamesii",0,,,,,,,,urn:uuid:5e2f8cb2-9082-42d4-bde2-33e7750a2602
1202343,Unknown,,Unknown,,"Eriogonum jamesii",0,,,,,,,,urn:uuid:37564535-7e8e-49da-8a7d-0ee8059eef4b
1202344,Unknown,,Unknown,,"Eriogonum jamesii",0,,,,,,,,urn:uuid:007355b9-4661-4472-9fd8-aa078ac522f2
1202345,Unknown,,Unknown,,"Eriogonum jamesii",0,,,,,,,,urn:uuid:058e0d85-9fdf-4930-84cb-72ddd58fb116
1202346,Unknown,,Unknown,,"Eriogonum jamesii",0,,,,,,,,urn:uuid:cb87f25d-14da-4159-8b4d-46955fd041a0
1202347,Unknown,,Unknown,,"Eriogonum jamesii",0,,,,,,,,urn:uuid:090bd40d-9375-48c7-8cf4-215827379909
1202348,Unknown,,Unknown,,"Eriogonum jamesii",0,,,,,,,,urn:uuid:2b6a04da-fec9-4fba-a29d-8290345e2ed0
1202349,Unknown,,Unknown,,"Eriogonum jamesii",0,,,,,,,,urn:uuid:d2a83a35-7c03-4279-b12b-6ff08fa03201
1202350,Unknown,,Unknown,,"Eriogonum jamesii",0,,,,,,,,urn:uuid:4d3fe0e5-ac8c-439b-aa99-b8f3345db5e2
1202351,Unknown,,Unknown,,"Eriogonum jamesii",0,,,,,,,,urn:uuid:b1bae686-ce89-4cf4-ba40-d411ce732f5a
1202402,Unknown,,Unknown,,"Eriogonum multiflorum",0,,,,,,,,urn:uuid:d2aad007-2d4c-4dad-9034-65f738c01059
1202403,Unknown,,Unknown,,"Eriogonum multiflorum",0,,,,,,,,urn:uuid:3056d0f4-6833-4036-8d27-5005f7cf7321
1202404,Unknown,,Unknown,,"Eriogonum multiflorum",0,,,,,,,,urn:uuid:7316be3e-392b-4f00-8915-42f0b07233ac
1202405,Unknown,,Unknown,,"Eriogonum multiflorum",0,,,,,,,,urn:uuid:77e4f7a2-66ed-458c-abfc-233c0acc9261
1202406,Unknown,,Unknown,,"Eriogonum multiflorum",0,,,,,,,,urn:uuid:b050a214-9637-4246-a612-9185ffe9a625
1202407,Unknown,,Unknown,,"Eriogonum multiflorum",0,,,,,,,,urn:uuid:847ebabc-ca43-49d9-ad69-236a80ef907f
1202408,Unknown,,Unknown,,"Eriogonum multiflorum",0,,,,,,,,urn:uuid:5a9f32a9-bc34-43c6-bb47-fc98a5b4faa0
1202409,Unknown,,Unknown,,"Eriogonum multiflorum",0,,,,,,,,urn:uuid:cdbf0627-c14a-46ee-8488-0cc25a614ad5
1202410,Unknown,,Unknown,,"Eriogonum multiflorum",0,,,,,,,,urn:uuid:8f311d18-b65a-4c12-a66e-90cbc7584e2d
1202411,Unknown,,Unknown,,"Eriogonum multiflorum",0,,,,,,,,urn:uuid:307cb565-08a3-41d8-ad65-0a0da09abad2
1202412,Unknown,,Unknown,,"Eriogonum multiflorum",0,,,,,,,,urn:uuid:b5fa48ef-7c3c-4049-a065-9b35fbdba9fe
1202413,Unknown,,Unknown,,"Eriogonum multiflorum",0,,,,,,,,urn:uuid:016f56ba-52dc-4128-b131-808587f780d6
1202414,Unknown,,Unknown,,"Eriogonum multiflorum",0,,,,,,,,urn:uuid:e3ca4fd0-126e-471a-b6ff-a908a4564e61
1202415,Unknown,,Unknown,,"Eriogonum multiflorum",0,,,,,,,,urn:uuid:1b3f5c11-4b95-4e76-bd9f-f9c48bb2a29a
1202416,Unknown,,Unknown,,"Eriogonum multiflorum",0,,,,,,,,urn:uuid:6b84900c-e1ab-4174-a11c-df5799bb28f2
1202417,Unknown,,Unknown,,"Eriogonum multiflorum",0,,,,,,,,urn:uuid:1879ad87-2607-4f05-9397-f88b5ee45255
1202418,Unknown,,Unknown,,"Eriogonum multiflorum",0,,,,,,,,urn:uuid:cd5ecf72-f8b0-468e-b2cd-bb044958ed50
1202419,Unknown,,Unknown,,"Eriogonum multiflorum",0,,,,,,,,urn:uuid:7fa6b052-8d4a-467e-a742-6c3fa5987992
1202420,Unknown,,Unknown,,"Eriogonum multiflorum",0,,,,,,,,urn:uuid:0649b5cf-5226-4a21-a3ac-63b7af572329
1202467,Unknown,,Unknown,,"Eriogonum multiflorum",0,,,,,,,,urn:uuid:cc1f2559-cf3d-4624-895a-4871e979a9ad
1202589,Unknown,,Unknown,," Eriogonum graniticum",0,,,,,,,,urn:uuid:43ab3156-b6da-424b-96a2-6d4aedc80198
1202589,Unknown,,Unknown,,"Eriogonum ramosissimum",0,,,,,,,,urn:uuid:ad2c689c-5f33-4e3d-913c-7790bfef0f2b
1202590,Unknown,,Unknown,," Eriogonum graniticum",0,,,,,,,,urn:uuid:436c004c-3484-4339-8743-dfe53bf6a830
1202590,Unknown,,Unknown,,"Eriogonum ramosissimum",0,,,,,,,,urn:uuid:0c980d64-fb8a-4f18-aad5-42605eb22900
1202591,Unknown,,Unknown,," Eriogonum graniticum",0,,,,,,,,urn:uuid:6d993c2e-6962-4104-aa3c-566dd98f8b4e
1202591,Unknown,,Unknown,,"Eriogonum ramosissimum",0,,,,,,,,urn:uuid:ad1928ca-b2c2-46f2-bf3e-dff671ca833f
1202592,Unknown,,Unknown,," Eriogonum graniticum",0,,,,,,,,urn:uuid:e0bb5404-f4e2-45a7-b945-6bc2849e7d15
1202592,Unknown,,Unknown,,"Eriogonum ramosissimum",0,,,,,,,,urn:uuid:93b6525e-6f78-4fa1-a22e-2b4de221cbd8
1202593,Unknown,,Unknown,," Eriogonum graniticum",0,,,,,,,,urn:uuid:68ff1d06-f086-46b2-bed5-da520f65a4ba
1202593,Unknown,,Unknown,,"Eriogonum ramosissimum",0,,,,,,,,urn:uuid:2db43a37-6fb6-459b-a204-32b3bae7dbcc
1202594,Unknown,,Unknown,," Eriogonum graniticum",0,,,,,,,,urn:uuid:a7677c3e-f218-47f1-9622-9758a69c1b1a
1202594,Unknown,,Unknown,,"Eriogonum ramosissimum",0,,,,,,,,urn:uuid:5c79544e-3ed8-4922-8a14-565e7b2e305b
1202595,Unknown,,Unknown,," Eriogonum graniticum",0,,,,,,,,urn:uuid:46d44065-43d8-43c2-bacb-1d0a41e7f283
1202595,Unknown,,Unknown,,"Eriogonum ramosissimum",0,,,,,,,,urn:uuid:c305ba52-12fe-4bea-8fd9-4b7eeadf8bb1
1202596,Unknown,,Unknown,," Eriogonum graniticum",0,,,,,,,,urn:uuid:973d2c6f-14a9-4f77-b15b-5a8d6430e400
1202596,Unknown,,Unknown,,"Eriogonum ramosissimum",0,,,,,,,,urn:uuid:f20b7ba3-4d3e-436d-8bea-c6b5d437a855
1202597,Unknown,,Unknown,," Eriogonum graniticum",0,,,,,,,,urn:uuid:a277e13d-8075-4ff6-bf32-f46f8020d089
1202597,Unknown,,Unknown,,"Eriogonum ramosissimum",0,,,,,,,,urn:uuid:9ed4b81e-beee-427a-b3c5-5b6485e7ae6d
1202598,Unknown,,Unknown,," Eriogonum graniticum",0,,,,,,,,urn:uuid:7d3c7d42-de6f-40f1-b969-4f241c4e7fe3
1202598,Unknown,,Unknown,,"Eriogonum ramosissimum",0,,,,,,,,urn:uuid:aac07011-cf2d-4f45-a042-e9bfa2a18dc9
1202599,Unknown,,Unknown,," Eriogonum graniticum",0,,,,,,,,urn:uuid:b6c67bf8-1808-41d3-a103-8940a73331f5
1202599,Unknown,,Unknown,,"Eriogonum ramosissimum",0,,,,,,,,urn:uuid:0a2eaa09-f716-4e92-b190-c115853d1ab2
1202600,Unknown,,Unknown,," Eriogonum graniticum",0,,,,,,,,urn:uuid:d94aab89-cbf6-4218-9a84-273049bd05d5
1202600,Unknown,,Unknown,,"Eriogonum ramosissimum",0,,,,,,,,urn:uuid:359538f2-2acc-4c29-8cd9-82f1ff595874
1207966,Unknown,,Unknown,,"Polygonum amphibium",0,L.,,,,,,,urn:uuid:3e0165ad-3501-4bb3-a7d0-1eb1065593bb
1207967,Unknown,,Unknown,,"Polygonum amphibium",0,L.,,,,,,,urn:uuid:78d330cf-07d5-4c23-9fc6-9a8b29640dc0
1207968,Unknown,,Unknown,," Tovara virginiana",0,,,,,,,,urn:uuid:09f4c322-7fa5-4a4b-977d-0e2b9f8ce7e2
1207968,Unknown,,Unknown,,"Polygonum amphibium",0,,,,,,,,urn:uuid:72ccdcd8-546d-4876-a03d-e7a32252a812
1207973,Unknown,,Unknown,,"Polygonum convolvulus",0,,,,,,,,urn:uuid:13d30ef6-5aac-4aff-8b66-d42374cb881b
1207974,Unknown,,Unknown,,"Polygonum densiflorum",0,,,,,,,,urn:uuid:dbeec00a-4e67-4d2b-8f8e-5245a61b86f0
1207975,Unknown,,Unknown,,"Polygonum hydropiperoides",0,,,,,,,,urn:uuid:16aaaaad-3892-40c0-809a-78c764ad859c
1207976,Unknown,,Unknown,,"Polygonum hydropiperoides",0,,,,,,,,urn:uuid:fa8e64a8-150d-43f7-99f0-a00b3b3b3258
1207977,Unknown,,Unknown,,"Polygonum hydropiperoides",0,,,,,,,,urn:uuid:19b479ec-b91c-42a9-bfa5-20afa35d83e4
1207978,Unknown,,Unknown,,"Polygonum hydropiperoides",0,,,,,,,,urn:uuid:9edd06ae-1bd0-434b-baca-32ed71b2648b
1207979,Unknown,,Unknown,,"Polygonum hydropiperoides",0,,,,,,,,urn:uuid:6843824a-f8f6-4103-8ac0-cde3f16f86a0
1207980,Unknown,,Unknown,,"Polygonum hydropiperoides",0,,,,,,,,urn:uuid:4ecaaf9b-19c7-4326-b5f2-e9740c888b91
1207981,Unknown,,Unknown,,"Polygonum hydropiperoides",0,,,,,,,,urn:uuid:2a09f051-40c5-4b3a-b739-265a63957fe0
1207982,Unknown,,Unknown,,"Polygonum hydropiperoides",0,,,,,,,,urn:uuid:59f64ec4-61fe-40fd-a396-c40c4a21a863
1207983,Unknown,,Unknown,,"Polygonum hydropiperoides",0,,,,,,,,urn:uuid:b90c4132-79bc-4e1d-9364-773d4991c25b
1207984,Unknown,,Unknown,,"Polygonum hydropiperoides",0,,,,,,,,urn:uuid:2179e5a4-a946-4d21-94ba-6cd319d8db31
1207985,Unknown,,Unknown,,"Polygonum hydropiperoides",0,,,,,,,,urn:uuid:62ca5ad6-e7a8-4a64-ba17-97d9b89af72b
1207986,Unknown,,Unknown,,"Polygonum hydropiperoides",0,,,,,,,,urn:uuid:0075eeb5-4eee-457d-aecb-5a6436080708
1207987,Unknown,,Unknown,,"Polygonum hydropiperoides",0,,,,,,,,urn:uuid:234ef683-ef6c-4489-8995-b37235f57c1b
1207988,Unknown,,Unknown,,"Polygonum hydropiperoides",0,,,,,,,,urn:uuid:cad83092-f5c4-4b1a-9615-3af9d6ee7fd2
1207989,Unknown,,Unknown,,"Polygonum hydropiperoides",0,,,,,,,,urn:uuid:a9de08f3-7349-4ff6-8fe0-f44d18b8d1bd
1207990,Unknown,,Unknown,,"Polygonum hydropiperoides",0,,,,,,,,urn:uuid:0bcbd6da-f434-4751-a8d0-c832925f17c9
1207991,Unknown,,Unknown,,"Polygonum hydropiperoides",0,,,,,,,,urn:uuid:e4b5fa5d-40cb-4cc7-bf7c-7c4e386c4eb8
1207992,Unknown,,Unknown,,"Polygonum hydropiperoides",0,,,,,,,,urn:uuid:72d74179-8803-4f11-833d-ac88236e6efe
1207993,Unknown,,Unknown,,"Polygonum hydropiperoides",0,,,,,,,,urn:uuid:b9414307-17a0-464e-a2a1-2766d071d2e9
1207994,Unknown,,Unknown,,"Polygonum hydropiperoides",0,,,,,,,,urn:uuid:c66c8ab9-470f-4967-bf9e-3f3341c1b398
1207995,Unknown,,Unknown,,"Polygonum hydropiperoides",0,,,,,,,,urn:uuid:1d983fc5-62fe-43ea-bf81-27e9d04b5158
1207996,Unknown,,Unknown,,"Polygonum hydropiperoides",0,,,,,,,,urn:uuid:bb1d5653-fee4-4734-b513-87686609ac61
1207997,Unknown,,Unknown,,"Polygonum hydropiperoides",0,,,,,,,,urn:uuid:d0736e72-73d4-412b-864b-2024aa8d2ea7
1207998,Unknown,,Unknown,,"Polygonum hydropiperoides",0,,,,,,,,urn:uuid:e6173485-e675-4ea0-ba7d-4fcfbb6e0b35
1207999,Unknown,,Unknown,,"Polygonum hydropiperoides",0,,,,,,,,urn:uuid:9038dbf9-53d6-44db-a624-79ab8c8b3fd8
1208000,Unknown,,Unknown,,"Polygonum hydropiperoides",0,,,,,,,,urn:uuid:cdbeed07-9b1b-46b0-85a1-f37c56d0c60a
1208001,Unknown,,Unknown,,"Polygonum hydropiperoides",0,,,,,,,,urn:uuid:cf90d630-4fd9-47e8-aea2-e2a1c3bac0a5
1208002,Unknown,,Unknown,,"Polygonum hydropiperoides",0,,,,,,,,urn:uuid:243e75c2-63b7-4fb5-a7d5-6e4187a3740c
1208003,Unknown,,Unknown,,"Polygonum hydropiperoides",0,,,,,,,,urn:uuid:8ad9ce28-95a4-4594-addd-ab06295a3f5a
1208004,Unknown,,Unknown,,"Polygonum hydropiperoides",0,,,,,,,,urn:uuid:7ab4e1a6-6dd2-463f-956e-e5966a2d9d77
1208005,Unknown,,Unknown,,"Polygonum hydropiperoides",0,,,,,,,,urn:uuid:053d1ca9-0973-402e-931a-7c89138ef554
1208006,Unknown,,Unknown,,"Polygonum hydropiperoides",0,,,,,,,,urn:uuid:3462c69e-1876-445e-ab70-c7f721b158a1
1208007,Unknown,,Unknown,,"Polygonum hydropiperoides",0,,,,,,,,urn:uuid:1ea16625-4eb7-4ef6-aea4-839e51d64f1c
1208008,Unknown,,Unknown,,"Polygonum hydropiperoides",0,,,,,,,,urn:uuid:1a16fddf-0d46-4ee5-8aca-01959aa735d0
1208009,Unknown,,Unknown,,"Polygonum hydropiperoides",0,,,,,,,,urn:uuid:37b90e4b-0054-4434-95f3-f40a2a2e1b02
1208010,Unknown,,Unknown,,"Polygonum hydropiperoides",0,,,,,,,,urn:uuid:ebf5a0a1-8fce-427b-b9e9-7ca2dd5e95c9
1208011,Unknown,,Unknown,,"Polygonum hydropiperoides",0,,,,,,,,urn:uuid:3f70d514-fe8f-4294-8b72-5e9a47f8169e
1208012,Unknown,,Unknown,,"Polygonum hydropiperoides",0,,,,,,,,urn:uuid:1e62a595-a13c-4257-a7b1-7950316c312d
1208013,Unknown,,Unknown,,"Polygonum hydropiperoides",0,,,,,,,,urn:uuid:5a9a21bb-c262-4816-bff2-bb2ebf0baa11
1208014,Unknown,,Unknown,,"Polygonum hydropiperoides",0,,,,,,,,urn:uuid:640ba957-96c7-476b-8f79-4f068d8c7715
1208015,Unknown,,Unknown,,"Polygonum hydropiperoides",0,,,,,,,,urn:uuid:d1f23e07-8535-42ff-9d48-32a69d762a12
1208016,Unknown,,Unknown,,"Polygonum hydropiperoides",0,,,,,,,,urn:uuid:e64f5059-2c02-4c00-a2aa-2b8c3cc0c92e
1208017,Unknown,,Unknown,,"Polygonum hydropiperoides",0,,,,,,,,urn:uuid:4b3a4677-5b35-4f6a-a1eb-683d4444aa25
1208018,Unknown,,Unknown,,"Polygonum hydropiperoides",0,,,,,,,,urn:uuid:4136614a-d14f-4357-ab6b-404bc843d2bf
1208019,Unknown,,Unknown,,"Polygonum hydropiperoides",0,,,,,,,,urn:uuid:abeb3c31-b05b-469f-9f06-2a751a3a338b
1208020,Unknown,,Unknown,,"Polygonum hydropiperoides",0,,,,,,,,urn:uuid:b9b33792-274a-4a16-94ae-2ef986397073
1208021,Unknown,,Unknown,,"Polygonum hydropiperoides",0,,,,,,,,urn:uuid:7e6ef166-d2a3-422a-85d0-69f3d803c537
1208022,Unknown,,Unknown,,"Polygonum hydropiperoides",0,,,,,,,,urn:uuid:53ba4117-0195-425f-aeee-09eb1dfaa476
1208023,Unknown,,Unknown,,"Polygonum hydropiperoides",0,,,,,,,,urn:uuid:9b120fc8-2cd8-44f2-8120-1c9877b80e9e
1208024,Unknown,,Unknown,,"Polygonum hydropiperoides",0,,,,,,,,urn:uuid:1a40bb44-40dd-44e0-9316-8d4569f19639
1208025,Unknown,,Unknown,,"Polygonum hydropiperoides",0,,,,,,,,urn:uuid:4fcbaf4a-27b0-4ac9-b833-c08e4b273eac
1208026,Unknown,,Unknown,,"Polygonum hydropiperoides",0,,,,,,,,urn:uuid:8577bbde-40e5-4dbb-a43c-acc478af4c37
1208027,Unknown,,Unknown,,"Polygonum hydropiperoides",0,,,,,,,,urn:uuid:faa2a1a4-a4f2-4c12-b90b-e6e705638d82
1208028,Unknown,,Unknown,,"Polygonum hydropiperoides",0,,,,,,,,urn:uuid:a1cb79bf-4b75-48af-8ec0-c0c7c13b161c
1208029,Unknown,,Unknown,,"Polygonum hydropiperoides",0,,,,,,,,urn:uuid:a9cca54b-496e-48d9-b482-fc42e419a28a
1208030,Unknown,,Unknown,,"Polygonum hydropiperoides",0,,,,,,,,urn:uuid:73f1466d-16a8-4550-b3fb-867c0bd06a0c
1208031,Unknown,,Unknown,,"Polygonum hydropiperoides",0,,,,,,,,urn:uuid:4748c820-b300-4ecc-80ce-77360cfc241f
1208032,Unknown,,Unknown,,"Polygonum hydropiperoides",0,,,,,,,,urn:uuid:93cb793c-1338-4b04-8c32-d4e382e57667
1208033,Unknown,,Unknown,,"Polygonum hydropiperoides",0,,,,,,,,urn:uuid:043991ac-b5bd-4161-bb85-f68886aa71cd
1208034,Unknown,,Unknown,,"Polygonum hydropiperoides",0,,,,,,,,urn:uuid:61d58762-60d4-43bd-8677-4eba03e4b685
1208035,Unknown,,Unknown,,"Polygonum hydropiperoides",0,,,,,,,,urn:uuid:49ee6cdc-2e39-4429-b639-14c6fb147255
1208036,Unknown,,Unknown,,"Polygonum hydropiperoides",0,,,,,,,,urn:uuid:9901e287-eec5-4448-9f58-36cc4c8e2a2f
1208037,Unknown,,Unknown,,"Polygonum hydropiperoides",0,,,,,,,,urn:uuid:c8770096-e285-4be1-9872-92efbb614c84
1208038,Unknown,,Unknown,,"Polygonum hydropiperoides",0,,,,,,,,urn:uuid:40ff4465-118f-46be-a101-510a879451d8
1208039,Unknown,,Unknown,,"Polygonum hydropiperoides",0,,,,,,,,urn:uuid:60a58f19-abd5-4d5e-99dc-e633b8883ea6
1208040,Unknown,,Unknown,,"Polygonum hydropiperoides",0,,,,,,,,urn:uuid:1ccbc231-a629-478e-ac87-cb414cedfccd
1208041,Unknown,,Unknown,,"Polygonum hydropiperoides",0,,,,,,,,urn:uuid:a98c4e84-9034-415e-8287-4e63876857f4
1208042,Unknown,,Unknown,,"Polygonum hydropiperoides",0,,,,,,,,urn:uuid:2ce83805-e4d6-43d7-a10e-5e9c8593cc2f
1379866,Unknown,,Unknown,," Eriogonum graniticum",0,,,,,,,,urn:uuid:e5218cd4-84d9-43b6-a0df-43828daaabbf
1379866,Unknown,,Unknown,,"Eriogonum ramosissimum",0,,,,,,,,urn:uuid:23a2f7a1-06ce-4d2b-a69a-69a8408f9da8
1379867,Unknown,,Unknown,," Eriogonum graniticum",0,,,,,,,,urn:uuid:af1ab31a-94c7-45ab-bc8e-f839012fd41d
1379867,Unknown,,Unknown,,"Eriogonum ramosissimum",0,,,,,,,,urn:uuid:2af5d138-36f1-450b-91d9-f07cdccf68bc
1379868,Unknown,,Unknown,," Eriogonum graniticum",0,,,,,,,,urn:uuid:2f74bdc3-148e-4cea-be53-cc741eeb1392
1379868,Unknown,,Unknown,,"Eriogonum ramosissimum",0,,,,,,,,urn:uuid:9031bbea-926e-4752-9810-e3d2d41a2ca7
1379869,Unknown,,Unknown,," Eriogonum graniticum",0,,,,,,,,urn:uuid:27d01060-7364-446a-96dc-e6c1826f7c6d
1379869,Unknown,,Unknown,,"Eriogonum ramosissimum",0,,,,,,,,urn:uuid:30bf1725-d480-4587-a2ae-8249895d56b5
1379870,Unknown,,Unknown,," Eriogonum graniticum",0,,,,,,,,urn:uuid:e2f5b6c3-7531-4013-8f52-11857489ae52
1379870,Unknown,,Unknown,,"Eriogonum ramosissimum",0,,,,,,,,urn:uuid:0e9bcc60-b72e-4773-a4da-fa56551c6f1e
1379871,Unknown,,Unknown,," Eriogonum graniticum",0,,,,,,,,urn:uuid:2c3e136a-d462-4158-9d63-fbc68895738c
1379871,Unknown,,Unknown,,"Eriogonum ramosissimum",0,,,,,,,,urn:uuid:059c0187-06e6-402c-b73e-ebfe76a554e0
1382314,Unknown,,Unknown,,"Polygonum amphibium",0,L.,,,,,,,urn:uuid:450bb468-4d72-4a5d-884c-b89be7c8e40f
1382315,Unknown,,Unknown,,"Polygonum amphibium",0,L.,,,,,,,urn:uuid:60ffd922-8674-45ba-97d1-ca84a389f51f
1382316,Unknown,,Unknown,,"Polygonum hydropiperoides",0,,,,,,,,urn:uuid:3cdc534a-a0d6-4f9d-9a35-7d4d565535d2
1382317,Unknown,,Unknown,,"Polygonum hydropiperoides",0,,,,,,,,urn:uuid:35d8bb2c-0d67-4d1e-b0ec-109ab15d9e3c
1382318,Unknown,,Unknown,,"Polygonum hydropiperoides",0,,,,,,,,urn:uuid:0f95d287-8d38-48d5-b38c-185f0c8e9c1c
1382319,Unknown,,Unknown,,"Polygonum hydropiperoides",0,,,,,,,,urn:uuid:53e6c8df-947b-434d-a210-c8b0933aa0a9
1382320,Unknown,,Unknown,,"Polygonum hydropiperoides",0,,,,,,,,urn:uuid:a85aba64-3369-408a-bf43-f27dd5fbd6f5
1382321,Unknown,,Unknown,,"Polygonum hydropiperoides",0,,,,,,,,urn:uuid:106b04e7-a77a-4c09-86c5-9b057b72feab
1382322,Unknown,,Unknown,,"Polygonum hydropiperoides",0,,,,,,,,urn:uuid:1610491c-8765-4ef6-b5ec-2c12ae556d89
1382323,Unknown,,Unknown,,"Polygonum hydropiperoides",0,,,,,,,,urn:uuid:e04e8bfc-7998-4453-8bdb-32af6564100e
1382324,Unknown,,Unknown,,"Polygonum hydropiperoides",0,,,,,,,,urn:uuid:d7d56d5d-fceb-46b4-8740-22f10a644126
1382325,Unknown,,Unknown,,"Polygonum hydropiperoides",0,,,,,,,,urn:uuid:6a904914-7540-484b-a9b1-7c7c0303beb4
1382326,Unknown,,Unknown,,"Polygonum hydropiperoides",0,,,,,,,,urn:uuid:12031428-1db9-460e-ac38-980908cfe089
1382327,Unknown,,Unknown,,"Polygonum hydropiperoides",0,,,,,,,,urn:uuid:d9d13e8b-7278-40bd-98b9-c8a69b65bd87
1382328,Unknown,,Unknown,,"Polygonum hydropiperoides",0,,,,,,,,urn:uuid:a99e3f45-ea69-4dd8-9a3f-0e04ce27bf88
1382329,Unknown,,Unknown,,"Polygonum hydropiperoides",0,,,,,,,,urn:uuid:683dd67e-44bf-4915-bd6f-c9591d74dabe
1382330,Unknown,,Unknown,,"Polygonum hydropiperoides",0,,,,,,,,urn:uuid:08579ef2-0dc6-478a-b329-2feaaa20786e
1382331,Unknown,,Unknown,,"Polygonum hydropiperoides",0,,,,,,,,urn:uuid:8f944902-10c6-4497-b3d9-12bb6581786c
1382332,Unknown,,Unknown,,"Polygonum hydropiperoides",0,,,,,,,,urn:uuid:5131b1f1-93cb-45c1-80df-1c8480dd5018
1382333,Unknown,,Unknown,,"Polygonum hydropiperoides",0,,,,,,,,urn:uuid:6a091e11-80f0-4bf5-bdf6-5e22b703e82f
1382334,Unknown,,Unknown,,"Polygonum hydropiperoides",0,,,,,,,,urn:uuid:723e1b5b-835e-4a21-bd63-2a1255508219
1382335,Unknown,,Unknown,,"Polygonum hydropiperoides",0,,,,,,,,urn:uuid:9dd7e6b8-88a9-46c8-a5a2-3264a16fc4f5
1382336,Unknown,,Unknown,,"Polygonum hydropiperoides",0,,,,,,,,urn:uuid:4a42e4da-474c-4606-ade0-c54aa8a91f80
1382337,Unknown,,Unknown,,"Polygonum hydropiperoides",0,,,,,,,,urn:uuid:a93607df-bfc8-4aa6-bb2a-74e6c726a99f
1382338,Unknown,,Unknown,,"Polygonum hydropiperoides",0,,,,,,,,urn:uuid:82a64e8d-9d45-49fb-8623-f65585103122
1382339,Unknown,,Unknown,,"Polygonum hydropiperoides",0,,,,,,,,urn:uuid:fa85291d-450d-4e79-90a8-885fd6f1c183
1382340,Unknown,,Unknown,,"Polygonum hydropiperoides",0,,,,,,,,urn:uuid:a2f5c88e-f6d7-440f-831e-67a0c5600aee
1382341,Unknown,,Unknown,,"Polygonum hydropiperoides",0,,,,,,,,urn:uuid:d95c666b-4450-4d46-8e32-4e0efd1e4b45
1382342,Unknown,,Unknown,,"Polygonum hydropiperoides",0,,,,,,,,urn:uuid:1d089ca0-e442-4eb9-9729-bf972c368adc
1382343,Unknown,,Unknown,,"Polygonum hydropiperoides",0,,,,,,,,urn:uuid:882926c5-f6da-410d-bd2e-df586ea4f0b5
1382344,Unknown,,Unknown,,"Polygonum hydropiperoides",0,,,,,,,,urn:uuid:f0a64233-9075-4ec2-9fbd-2d8132a130d9
1382345,Unknown,,Unknown,,"Polygonum hydropiperoides",0,,,,,,,,urn:uuid:db4d5492-5c3c-4937-997d-cf4caf4a00f1
1382346,Unknown,,Unknown,,"Polygonum hydropiperoides",0,,,,,,,,urn:uuid:c93ee592-c856-44d7-9bb8-a69d4d33e5c9
1382347,Unknown,,Unknown,,"Polygonum lapathifolium",0,,,,,,,,urn:uuid:525ea3eb-d0ad-461b-8ac2-752f1b354e4d
1382348,Unknown,,Unknown,,"Polygonum lapathifolium",0,,,,,,,,urn:uuid:4550c77d-7bf3-47e3-a764-898f5515ed41
1382349,Unknown,,Unknown,,"Polygonum lapathifolium",0,,,,,,,,urn:uuid:e6fbaaf7-ddb7-4517-ae81-8f1bc574191a
1382350,Unknown,,Unknown,,"Polygonum lapathifolium",0,,,,,,,,urn:uuid:6d771b24-201b-4554-8dd9-faec971754a6
1382351,Unknown,,Unknown,,"Polygonum lapathifolium",0,,,,,,,,urn:uuid:392b4ef0-6090-4ae1-8442-0c850b2d96db
1382352,Unknown,,Unknown,,"Polygonum lapathifolium",0,,,,,,,,urn:uuid:de5de9d6-63aa-4b73-b376-81ebf6188dc0
1382353,Unknown,,Unknown,,"Polygonum lapathifolium",0,,,,,,,,urn:uuid:371457f7-8d88-485c-b8dd-a16e6b2106dd
1382354,Unknown,,Unknown,,"Polygonum lapathifolium",0,,,,,,,,urn:uuid:59784c06-d015-478b-b4ef-e63e4faba61d
1382355,Unknown,,Unknown,,"Polygonum lapathifolium",0,,,,,,,,urn:uuid:ed1b672d-14c2-4bdc-81f9-dbe7253cfaf9
1382356,Unknown,,Unknown,,"Polygonum lapathifolium",0,,,,,,,,urn:uuid:f41f63b2-c828-47bf-bfa2-174c90f0fe61
1382357,Unknown,,Unknown,,"Polygonum lapathifolium",0,,,,,,,,urn:uuid:5d50b6ab-6cb0-4fe9-8454-179e0b81220e
1382358,Unknown,,Unknown,,"Polygonum lapathifolium",0,,,,,,,,urn:uuid:d578d45a-b604-43cc-ae57-528b71e1bf5d
1382359,Unknown,,Unknown,,"Polygonum lapathifolium",0,,,,,,,,urn:uuid:5de342e8-8faa-4a22-a865-3ea209488b00
1382360,Unknown,,Unknown,,"Polygonum lapathifolium",0,,,,,,,,urn:uuid:0dd22075-664e-4750-8f6a-88be101b1a01
1382361,Unknown,,Unknown,,"Polygonum lapathifolium",0,,,,,,,,urn:uuid:088c7444-cb38-459d-8631-c6e87da0cc53
1382362,Unknown,,Unknown,,"Polygonum pensylvanicum",0,,,,,,,,urn:uuid:3d20d477-7a88-4032-bf3b-7988e3c3b3f1
1382363,Unknown,,Unknown,,"Polygonum pensylvanicum",0,,,,,,,,urn:uuid:4d3abd7d-301d-468e-b658-2d9fe64c46a8
1382364,Unknown,,Unknown,,"Polygonum pensylvanicum",0,,,,,,,,urn:uuid:2c64a673-7f0b-4eff-b827-2521304fa97c
1382365,Unknown,,Unknown,,"Polygonum pensylvanicum",0,,,,,,,,urn:uuid:d7b78fc9-42ae-4a03-98f7-7fdc83b38b9f
1382366,Unknown,,Unknown,,"Polygonum pensylvanicum",0,,,,,,,,urn:uuid:3dce4303-c99b-4595-bd71-09991db32ebd
1382367,Unknown,,Unknown,,"Polygonum pensylvanicum",0,,,,,,,,urn:uuid:f3a6e676-f67a-46db-8506-49f1031bb75b
1382368,Unknown,,Unknown,,"Polygonum pensylvanicum",0,,,,,,,,urn:uuid:f615f11f-6b10-408d-a2fc-7a9643e0ec1c
1382369,Unknown,,Unknown,,"Polygonum pensylvanicum",0,,,,,,,,urn:uuid:11f2bc9b-f425-4912-9482-9fd8fcd63194
1382370,Unknown,,Unknown,,"Polygonum pensylvanicum",0,,,,,,,,urn:uuid:5e91e852-eed7-4d7c-bb40-2f22d02e3628
1382371,Unknown,,Unknown,,"Polygonum pensylvanicum",0,,,,,,,,urn:uuid:60bc3242-f916-46b3-a353-4474948a0e3f
1382372,Unknown,,Unknown,,"Polygonum pensylvanicum",0,,,,,,,,urn:uuid:16b5ca3b-52c6-4e46-a4cb-12bd027aca74
1382373,Unknown,,Unknown,,"Polygonum pensylvanicum",0,,,,,,,,urn:uuid:9c45fd81-b449-409c-b317-ad584c0d0bea
1382374,Unknown,,Unknown,,"Polygonum pensylvanicum",0,,,,,,,,urn:uuid:15a0a581-1c93-4b12-9c0d-08f055295947
1382375,Unknown,,Unknown,,"Polygonum pensylvanicum",0,,,,,,,,urn:uuid:6469e8fd-abe3-4532-a230-7910869cd645
1382376,Unknown,,Unknown,,"Polygonum pensylvanicum",0,,,,,,,,urn:uuid:fa25e858-5562-4b61-9b35-70cf1538889b
1382377,Unknown,,Unknown,,"Polygonum persicaria",0,,,,,,,,urn:uuid:8821d0cb-892f-4b33-ad16-f70b553e2210
1382378,Unknown,,Unknown,,"Polygonum persicaria",0,,,,,,,,urn:uuid:d176d4a4-7871-4d55-83db-b848dbcf0182
1382379,Unknown,,Unknown,,"Polygonum persicaria",0,,,,,,,,urn:uuid:43d313f6-809a-4ac9-b42b-4c655941e5bf
1382380,Unknown,,Unknown,,"Polygonum punctatum",0,,,,,,,,urn:uuid:56dd29f6-6e1d-4b12-9257-dc39d3b36dd4
1382381,Unknown,,Unknown,,"Polygonum punctatum",0,,,,,,,,urn:uuid:444b4faa-b107-40aa-af8e-939e20b7541e
1382382,Unknown,,Unknown,,"Polygonum punctatum",0,,,,,,,,urn:uuid:6ee9cd68-b89e-4b7d-92fb-f632fa450a58
1382383,Unknown,,Unknown,,"Polygonum punctatum",0,,,,,,,,urn:uuid:7f74d6d4-9c11-411e-ac90-e60c93915168
1382384,Unknown,,Unknown,,"Polygonum punctatum",0,,,,,,,,urn:uuid:5cbad1a6-5212-430b-9fc3-e9630fb0e0ed
1382385,Unknown,,Unknown,,"Polygonum punctatum",0,,,,,,,,urn:uuid:0459a312-21f4-49b0-a3ef-7fa166eb1ab0
1382386,Unknown,,Unknown,,"Polygonum punctatum",0,,,,,,,,urn:uuid:25a99826-e4d8-4c10-ac8d-2931b1a32587
1382387,Unknown,,Unknown,,"Polygonum punctatum",0,,,,,,,,urn:uuid:dddabe1f-44d5-412f-8cac-f91269700ecd
1382388,Unknown,,Unknown,,"Polygonum punctatum",0,,,,,,,,urn:uuid:6c70928e-a937-4be5-b384-2a1ee1035ca7
1382389,Unknown,,Unknown,,"Polygonum punctatum",0,,,,,,,,urn:uuid:6668c529-edf8-471d-a0d4-6fbff754770b
1382390,Unknown,,Unknown,,"Polygonum punctatum",0,,,,,,,,urn:uuid:0282d6da-65c3-4cd6-83c9-bd2a0db240f1
1382391,Unknown,,Unknown,,"Polygonum punctatum",0,,,,,,,,urn:uuid:2905016f-438e-48e8-89a0-2f8c132472ad
1382392,Unknown,,Unknown,,"Polygonum punctatum",0,,,,,,,,urn:uuid:91e8509b-a694-4a67-9a87-95e25a42cedf
1382393,Unknown,,Unknown,,"Polygonum punctatum",0,,,,,,,,urn:uuid:f6925ddc-16c5-4286-8242-0a13c6048068
1382395,Unknown,,Unknown,,"Polygonum sagittatum",0,,,,,,,,urn:uuid:46dc7890-181f-46e8-9693-41634b47fb96
1382399,Unknown,,Unknown,,"Polygonum sp.",0,,,,,,,,urn:uuid:2f996783-7d76-445a-af7a-b9d6b018f151
1382446,Unknown,,Unknown,,"Tovara virginiana",0,,,,,,,,urn:uuid:82282f01-c6a0-4d2a-968d-70425eabe99b
1412684,Unknown,,Unknown,,"Polygonum hydropiperoides",0,,,,,,,,urn:uuid:ffda25f3-2c94-4f9a-a690-db9d9f9efc26
1413287,Unknown,,Unknown,,"Polygonum hydropiperoides",0,,,,,,,,urn:uuid:15c08da3-9a2c-4d91-97e5-3057a9ed6c36
1413297,Unknown,,Unknown,,"Eriogonum jamesii",0,,,,,,,,urn:uuid:e7adfd3b-923f-4df2-816d-ba549de1223c
1413298,Unknown,,Unknown,,"Eriogonum jamesii",0,,,,,,,,urn:uuid:177584ab-a018-4827-a46a-4f93cac773b4
1413299,Unknown,,Unknown,,"Eriogonum jamesii",0,,,,,,,,urn:uuid:33986cd0-845b-4433-8a24-976c0562f14a
1413300,Unknown,,Unknown,,"Eriogonum jamesii",0,,,,,,,,urn:uuid:0bba7fe1-873b-4007-8909-f8f5a1f42311
1413301,Unknown,,Unknown,,"Eriogonum jamesii",0,,,,,,,,urn:uuid:ef49cffb-c772-4f28-9c30-0b22391240ca
1413302,Unknown,,Unknown,,"Eriogonum jamesii",0,,,,,,,,urn:uuid:c9b1b77c-9162-4346-89ae-e19af7690c94
1375711,Unknown,,Unknown,,"Polygonum lapathifolium",0,,,,,,,,urn:uuid:fde2f171-d58f-4324-897f-8740786d5e1c
1375712,Unknown,,Unknown,,"Polygonum lapathifolium",0,,,,,,,,urn:uuid:8b583254-28f0-4214-bf5a-2d6c60b3a294
1375713,Unknown,,Unknown,,"Polygonum lapathifolium",0,,,,,,,,urn:uuid:6d3c2495-32c6-4114-a4c7-3a916506bb5a
1375714,Unknown,,Unknown,,"Polygonum lapathifolium",0,,,,,,,,urn:uuid:3b2d8798-038d-4305-9619-5a086053c750
1375735,Unknown,,Unknown,,"Polygonum pensylvanicum",0,,,,,,,,urn:uuid:b1645a4e-ad99-4b74-9b41-68f1c76a09ff
1375736,Unknown,,Unknown,,"Polygonum pensylvanicum",0,,,,,,,,urn:uuid:174ece5f-4bfd-47af-bd2a-4cc0ced57df0
1375737,Unknown,,Unknown,,"Polygonum pensylvanicum",0,,,,,,,,urn:uuid:05fb3f15-edb2-4638-b382-22d8fd337e96
1375738,Unknown,,Unknown,,"Polygonum pensylvanicum",0,,,,,,,,urn:uuid:b6acfaa5-7c15-4ed3-afcd-9a702892edf1
1375739,Unknown,,Unknown,,"Polygonum pensylvanicum",0,,,,,,,,urn:uuid:4dad9890-c73c-4df5-b2bf-a20fcf478c6d
1375740,Unknown,,Unknown,,"Polygonum pensylvanicum",0,,,,,,,,urn:uuid:af43bcee-2c72-4629-aaeb-0659fefa79bc
1375741,Unknown,,Unknown,,"Polygonum pensylvanicum",0,,,,,,,,urn:uuid:5128bf1a-e684-4c15-96a3-26a3868c7a1e
1375742,Unknown,,Unknown,,"Polygonum pensylvanicum",0,,,,,,,,urn:uuid:814afaf4-7ecc-42ec-8ef7-bd7912f0db0c
1375743,Unknown,,Unknown,,"Polygonum pensylvanicum",0,,,,,,,,urn:uuid:39a26adf-7ae1-4ecf-869c-2fc8e74d777b
1375744,Unknown,,Unknown,,"Polygonum pensylvanicum",0,,,,,,,,urn:uuid:bd0f73da-337c-4244-ba4a-345ab933aea8
1375745,Unknown,,Unknown,,"Polygonum pensylvanicum",0,,,,,,,,urn:uuid:094d73aa-e240-4bce-942e-f296faed0613
1375746,Unknown,,Unknown,,"Polygonum pensylvanicum",0,,,,,,,,urn:uuid:64046295-edd5-4998-ad20-598b61fd2aed
1375747,Unknown,,Unknown,,"Polygonum pensylvanicum",0,,,,,,,,urn:uuid:d2d72d98-53b7-49dd-bd45-54780d797221
1375748,Unknown,,Unknown,,"Polygonum pensylvanicum",0,,,,,,,,urn:uuid:07f6760e-ccf5-4efd-9c01-8c9146ce0ab9
1375749,Unknown,,Unknown,,"Polygonum pensylvanicum",0,,,,,,,,urn:uuid:08cc85f9-d336-4ed9-8524-cef458b8a179
1375750,Unknown,,Unknown,,"Polygonum pensylvanicum",0,,,,,,,,urn:uuid:463ed42f-f27d-4be9-ba93-55bf4be54a2c
1375751,Unknown,,Unknown,,"Polygonum pensylvanicum",0,,,,,,,,urn:uuid:1f650e08-7ade-4bc8-bb8c-cc6f0e6d1e12
1375752,Unknown,,Unknown,,"Polygonum pensylvanicum",0,,,,,,,,urn:uuid:82c7d8c5-6cc3-44d6-80aa-76aeedf29499
1375753,Unknown,,Unknown,,"Polygonum pensylvanicum",0,,,,,,,,urn:uuid:27e762f4-b75b-4d53-aebc-21c70b5c01be
1375754,Unknown,,Unknown,,"Polygonum pensylvanicum",0,,,,,,,,urn:uuid:f0d62389-ba82-4be6-827e-b4baa4543933
1375755,Unknown,,Unknown,,"Polygonum persicaria",0,,,,,,,,urn:uuid:86f134a9-41b6-4301-91c8-9837cbf90e71
1375756,Unknown,,Unknown,,"Polygonum punctatum",0,,,,,,,,urn:uuid:b856f951-8737-4677-b77e-bcadd67a66b1
1375757,Unknown,,Unknown,,"Polygonum punctatum",0,,,,,,,,urn:uuid:9f5020a9-6c9c-4135-b750-92b27e417fcb
1375758,Unknown,,Unknown,,"Polygonum punctatum",0,,,,,,,,urn:uuid:edd0279c-5c1c-44d1-8f5b-13db33f9e064
1375759,Unknown,,Unknown,,"Polygonum punctatum",0,,,,,,,,urn:uuid:ef68d962-632a-4220-8010-1657d5ca06e0
1375760,Unknown,,Unknown,,"Polygonum punctatum",0,,,,,,,,urn:uuid:59a77c4b-df63-4be3-9d39-45d468a5b326
1375761,Unknown,,Unknown,,"Polygonum punctatum",0,,,,,,,,urn:uuid:dfc914a2-8b93-40dd-8c06-6b06a21e5f0f
1375762,Unknown,,Unknown,,"Polygonum punctatum",0,,,,,,,,urn:uuid:31ddb563-e5fc-4fc5-b471-8df2241cb7bd
1375763,Unknown,,Unknown,,"Polygonum punctatum",0,,,,,,,,urn:uuid:aab761b6-e19c-4290-8b29-42ba7993c77e
1375764,Unknown,,Unknown,,"Polygonum punctatum",0,,,,,,,,urn:uuid:f679ae28-5d8a-427f-bb32-a121921aa398
1375765,Unknown,,Unknown,,"Polygonum punctatum",0,,,,,,,,urn:uuid:a1fdfdab-eda5-42e8-ac1a-2ac144d65832
1375766,Unknown,,Unknown,,"Polygonum punctatum",0,,,,,,,,urn:uuid:23bda33d-9ff1-466d-b106-e09e68480e23
1375767,Unknown,,Unknown,,"Polygonum punctatum",0,,,,,,,,urn:uuid:35ec9774-aa6d-4b75-bee4-cf67fdc74475
1375768,Unknown,,Unknown,,"Polygonum punctatum",0,,,,,,,,urn:uuid:203bcd24-71df-4c38-b1ab-350bf1145939
1375769,Unknown,,Unknown,,"Polygonum punctatum",0,,,,,,,,urn:uuid:42941a35-cbcb-43bd-9bfc-d50988bd9623
1375770,Unknown,,Unknown,,"Polygonum punctatum",0,,,,,,,,urn:uuid:73b2a0c0-c461-4b0c-a523-08109c53f1ff
1375771,Unknown,,Unknown,,"Polygonum punctatum",0,,,,,,,,urn:uuid:d265bfa7-55f8-48e3-8d99-fcc7af7ba230
1375772,Unknown,,Unknown,,"Polygonum punctatum",0,,,,,,,,urn:uuid:0af16951-4a06-4877-9245-e77ae5b7e72d
1375773,Unknown,,Unknown,,"Polygonum punctatum",0,,,,,,,,urn:uuid:b622e6d9-32e8-46ae-8c55-cdb58676e258
1375774,Unknown,,Unknown,,"Polygonum punctatum",0,,,,,,,,urn:uuid:c5180a7b-f1f0-4a73-a743-ce4fef1b1c10
1375775,Unknown,,Unknown,,"Polygonum punctatum",0,,,,,,,,urn:uuid:3d8012ca-7e8a-4fd3-b56d-743739947411
1375776,Unknown,,Unknown,,"Polygonum punctatum",0,,,,,,,,urn:uuid:9f2a3d62-5372-4c14-8e7a-6167afea81ca
1375777,Unknown,,Unknown,,"Polygonum punctatum",0,,,,,,,,urn:uuid:ea9620c1-d1ec-4eb2-bf48-ef41d586e45a
1375781,Unknown,,Unknown,,"Polygonum ramosissimum",0,,,,,,,,urn:uuid:0c18fcf5-046f-44a1-849f-381f52112070
1375783,Unknown,,Unknown,,"Polygonum ramosissimum",0,,,,,,,,urn:uuid:bea8fa61-c378-4ea7-b136-4612939cf871
1375788,Unknown,,Unknown,,"Polygonum sagittatum",0,,,,,,,,urn:uuid:61d3401b-221f-42ff-851d-b79d649b9306
1375789,Unknown,,Unknown,,"Polygonum sagittatum",0,,,,,,,,urn:uuid:b770dffb-c4b0-49f8-ab4b-074d0c5fd83a
1375790,Unknown,,Unknown,,"Polygonum sagittatum",0,,,,,,,,urn:uuid:74ccea62-1d32-42e4-b39f-e91e036aeaa3
1375791,Unknown,,Unknown,,"Polygonum sagittatum",0,,,,,,,,urn:uuid:db77860a-5e19-44e3-b2c3-92d01d145216
1375792,Unknown,,Unknown,,"Polygonum sagittatum",0,,,,,,,,urn:uuid:8a6b8b9e-ed1b-46ea-8574-36bc596800d9
1375793,Unknown,,Unknown,,"Polygonum sagittatum",0,,,,,,,,urn:uuid:678e6a81-eb4a-4f4c-8cee-19ea45238a6b
1375794,Unknown,,Unknown,,"Polygonum scandens",0,,,,,,,,urn:uuid:a345cbe5-688f-4a0a-b25e-a45e8ac05f0b
1375795,Unknown,,Unknown,,"Polygonum scandens",0,,,,,,,,urn:uuid:5e6540f5-d9cd-48fc-a21a-243de41308bd
1375796,Unknown,,Unknown,,"Polygonum scandens",0,,,,,,,,urn:uuid:48124327-407f-4210-846e-ab71bc3e9755
1375797,Unknown,,Unknown,,"Polygonum scandens",0,,,,,,,,urn:uuid:1b1b4733-84fe-4772-aeb1-57ad3e562158
1375798,Unknown,,Unknown,,"Polygonum setaceum",0,,,,,,,,urn:uuid:d81cd5b2-d38b-4960-86b1-616a12f73f64
1375799,Unknown,,Unknown,,"Polygonum setaceum",0,,,,,,,,urn:uuid:c8f788f6-9ec5-498f-8e19-8c7fe61b3f83
1375800,Unknown,,Unknown,,"Polygonum setaceum",0,,,,,,,,urn:uuid:11632482-2108-424a-91b2-3d90f52b4fba
1375929,Unknown,,Unknown,,"Tovara virginiana",0,,,,,,,,urn:uuid:7673a48c-0cf7-4e5f-8218-fff51df0c6d7
1375931,Unknown,,Unknown,,"Tovara virginiana",0,,,,,,,,urn:uuid:f54bf176-8cc9-4114-8812-718203e9f3bd
1375951,Unknown,,Unknown,,"Tovara virginiana",0,,,,,,,,urn:uuid:7677618c-dc7e-4a9e-8076-522de4e364b3
1379597,Unknown,,Unknown,,"Brunnichia cirrhosa",0,Gaert.,,,,,,,urn:uuid:4c67581f-a3b7-42e3-8863-66847768d669
1379598,Unknown,,Unknown,,"Brunnichia cirrhosa",0,Gaert.,,,,,,,urn:uuid:fb169900-00dc-470d-b2ef-b69b48f914ca
1379599,Unknown,,Unknown,,"Brunnichia cirrhosa",0,Gaert.,,,,,,,urn:uuid:575922fc-0913-4753-b0ab-e5e9408f2e6a
1379600,Unknown,,Unknown,,"Brunnichia cirrhosa",0,Gaert.,,,,,,,urn:uuid:dec80514-f732-41fb-8e55-8e9e6a575903
1379601,Unknown,,Unknown,,"Brunnichia cirrhosa",0,Gaert.,,,,,,,urn:uuid:06147721-cf44-4b9d-b6af-da58b5aac53e
1379685,Unknown,,Unknown,,"Eriogonum jamesii",0,,,,,,,,urn:uuid:936cda10-5c92-4c8f-820a-1e2128d1fefd
1379686,Unknown,,Unknown,,"Eriogonum jamesii",0,,,,,,,,urn:uuid:a167af31-8c5d-406a-9b35-076e076c14a6
1379687,Unknown,,Unknown,,"Eriogonum jamesii",0,,,,,,,,urn:uuid:8fc7f22b-d1b2-4ba0-8745-ec1319be545a
1379688,Unknown,,Unknown,,"Eriogonum jamesii",0,,,,,,,,urn:uuid:d7bb328f-401e-4d38-86a1-978bcf9ba3bf
1379689,Unknown,,Unknown,,"Eriogonum jamesii",0,,,,,,,,urn:uuid:05ec155c-b9b6-47ca-ad25-04acc894813d
1379690,Unknown,,Unknown,,"Eriogonum jamesii",0,,,,,,,,urn:uuid:bcb49d3e-2b23-4528-b4af-79d12ee32bbe
1379691,Unknown,,Unknown,,"Eriogonum jamesii",0,,,,,,,,urn:uuid:77f63224-149a-4069-aa46-c399a3415f62
1379692,Unknown,,Unknown,,"Eriogonum jamesii",0,,,,,,,,urn:uuid:2b031c69-acaa-41b2-a260-c4d39b384180
1379693,Unknown,,Unknown,,"Eriogonum jamesii",0,,,,,,,,urn:uuid:4d8115fa-bb36-4a6d-943b-4d6e6f5d1140
1379694,Unknown,,Unknown,,"Eriogonum jamesii",0,,,,,,,,urn:uuid:0af872c1-eea3-4952-97cf-6fb3335c88db
1379695,Unknown,,Unknown,,"Eriogonum jamesii",0,,,,,,,,urn:uuid:e3ecdb47-190e-4eb8-ad2f-b639f7c07bca
1379696,Unknown,,Unknown,,"Eriogonum jamesii",0,,,,,,,,urn:uuid:f06bf9a6-d5b3-4362-a21a-42e7b79fc62f
1379697,Unknown,,Unknown,,"Eriogonum jamesii",0,,,,,,,,urn:uuid:0e4a1a97-e729-4b01-bede-ca3f614954ff
1379698,Unknown,,Unknown,,"Eriogonum jamesii",0,,,,,,,,urn:uuid:cf3fecee-7afb-47dd-9d53-f2a6ecb1f68b
1379699,Unknown,,Unknown,,"Eriogonum jamesii",0,,,,,,,,urn:uuid:eef5678c-e2d0-4697-8a8f-4f99253c6416
1379743,Unknown,,Unknown,,"Eriogonum multiflorum",0,,,,,,,,urn:uuid:7f4602dd-b508-4815-9ce9-f707bf3f2348
1379744,Unknown,,Unknown,,"Eriogonum multiflorum",0,,,,,,,,urn:uuid:d3f792c0-8105-49bf-abee-a14049d3bc3a
1379745,Unknown,,Unknown,,"Eriogonum multiflorum",0,,,,,,,,urn:uuid:63785603-a8cb-4367-9426-9a769a0696e7
1379746,Unknown,,Unknown,,"Eriogonum multiflorum",0,,,,,,,,urn:uuid:2e0211b3-9548-42f8-b0f9-957b0720e8c3
1379747,Unknown,,Unknown,,"Eriogonum multiflorum",0,,,,,,,,urn:uuid:f1d3ec4b-e082-4efd-bf5c-45fc88b61385
1379748,Unknown,,Unknown,,"Eriogonum multiflorum",0,,,,,,,,urn:uuid:bee400ad-6354-4cd9-8f9c-0782c0402565
1379799,Unknown,,Unknown,,"Eriogonum multiflorum",0,,,,,,,,urn:uuid:f34dcba1-647e-4427-bc9f-3ea891f97a71
1375502,Unknown,,Unknown,,"Brunnichia cirrhosa",0,Gaert.,,,,,,,urn:uuid:e7907150-a114-4d5e-af6e-3603f1df15fa
1375503,Unknown,,Unknown,,"Brunnichia cirrhosa",0,Gaert.,,,,,,,urn:uuid:53853241-9323-4423-963c-9f1c816452f7
1375504,Unknown,,Unknown,,"Brunnichia cirrhosa",0,Gaert.,,,,,,,urn:uuid:211e2c2d-60ef-4518-b2a5-17931b1d2364
1375505,Unknown,,Unknown,,"Brunnichia cirrhosa",0,Gaert.,,,,,,,urn:uuid:814d7977-cebd-4752-aecf-07ca826a008e
1375506,Unknown,,Unknown,,"Brunnichia cirrhosa",0,Gaert.,,,,,,,urn:uuid:64d1da32-2fae-484c-affc-736beae38be7
1375507,Unknown,,Unknown,,"Brunnichia cirrhosa",0,Gaert.,,,,,,,urn:uuid:dd1b8cd4-3bcc-406d-8d5d-a18afb53f9aa
1375508,Unknown,,Unknown,,"Brunnichia cirrhosa",0,Gaert.,,,,,,,urn:uuid:e23964ec-a2da-4468-b416-9fe54783fdea
1375509,Unknown,,Unknown,,"Brunnichia cirrhosa",0,Gaert.,,,,,,,urn:uuid:d49ac00a-7144-4bbe-b041-66ee306da52a
1375510,Unknown,,Unknown,,"Brunnichia cirrhosa",0,Gaert.,,,,,,,urn:uuid:a7961379-51b2-49e8-9de9-65303ddbe8b3
1375557,Unknown,,Unknown,,"Eriogonum jamesii",0,,,,,,,,urn:uuid:3359fe89-a17f-438f-88a9-b7bef360f8ed
1375558,Unknown,,Unknown,,"Eriogonum jamesii",0,,,,,,,,urn:uuid:2d7444b5-f0d1-4c58-acb9-f52d21ea0c2e
1375559,Unknown,,Unknown,,"Eriogonum jamesii",0,,,,,,,,urn:uuid:f2a48ef7-0222-4945-9683-03d1150e2dd2
1375560,Unknown,,Unknown,,"Eriogonum jamesii",0,,,,,,,,urn:uuid:d0e874be-177a-4f08-b936-0b3e2ff45c59
1375603,Unknown,,Unknown,,"Eriogonum multiflorum",0,,,,,,,,urn:uuid:4b80c906-e5bc-47ec-9898-62f77a0e0a0a
1375616,Unknown,,Unknown,," Eriogonum graniticum",0,,,,,,,,urn:uuid:26463025-937e-45eb-9d03-0a09544786cf
1375616,Unknown,,Unknown,,"Eriogonum ramosissimum",0,,,,,,,,urn:uuid:7f258ef8-0094-422a-b0ec-03569fdac1ea
1375634,Unknown,,Unknown,,"Polygonum amphibium",0,L.,,,,,,,urn:uuid:99815650-87e7-47a9-a8f8-499edc6edcae
1375635,Unknown,,Unknown,,"Polygonum amphibium",0,L.,,,,,,,urn:uuid:78dfd5d7-91eb-4dd7-895d-29598b3e0d94
1375636,Unknown,,Unknown,,"Polygonum amphibium",0,L.,,,,,,,urn:uuid:9b2bea4b-3493-405e-8c20-49a777760d7b
1375637,Unknown,,Unknown,,"Polygonum amphibium",0,L.,,,,,,,urn:uuid:c5f8eb32-13f0-4b00-b231-10260c19d11b
1375638,Unknown,,Unknown,,"Polygonum amphibium",0,L.,,,,,,,urn:uuid:36400e63-cebf-4f5a-bb8d-32c6769e0750
1375639,Unknown,,Unknown,,"Polygonum amphibium",0,L.,,,,,,,urn:uuid:6588955e-c0c3-49de-9b63-3208ccd9dd1c
1375640,Unknown,,Unknown,,"Polygonum amphibium",0,L.,,,,,,,urn:uuid:ed5362a6-c18e-4379-aa8b-c6b908408b37
1375642,Unknown,,Unknown,,"Polygonum buxiforme",0,,,,,,,,urn:uuid:a40f0271-e839-4e03-9d02-89f954bbc63f
1375644,Unknown,,Unknown,,"Polygonum buxiforme",0,,,,,,,,urn:uuid:c7378480-dae4-402b-8285-8df192c2562f
1375654,Unknown,,Unknown,,"Polygonum cespitosum",0,,,,,,,,urn:uuid:957ae9f9-9020-4e19-a2b8-1c3e5513f74e
1375655,Unknown,,Unknown,,"Polygonum cespitosum",0,,,,,,,,urn:uuid:565e7f37-b415-49a7-9379-fd2b0513c8e3
1375656,Unknown,,Unknown,,"Polygonum cespitosum",0,,,,,,,,urn:uuid:462aa2e1-3bb0-496e-92b1-6e5d89e0b1ec
1375657,Unknown,,Unknown,,"Polygonum densiflorum",0,,,,,,,,urn:uuid:94e4e93b-b397-45a1-80be-9c5786907ade
1375658,Unknown,,Unknown,,"Polygonum densiflorum",0,,,,,,,,urn:uuid:533c9afb-b70e-4780-951c-48a60ab66a37
1375659,Unknown,,Unknown,,"Polygonum densiflorum",0,,,,,,,,urn:uuid:00970d02-57e4-4ee9-b028-e8912233c228
1375660,Unknown,,Unknown,,"Polygonum densiflorum",0,,,,,,,,urn:uuid:bc067463-df5a-4896-a6d8-bafdba998964
1375661,Unknown,,Unknown,,"Polygonum hydropiperoides",0,,,,,,,,urn:uuid:c41dcbb3-2800-4b83-bc11-ea169bbf0d65
1375662,Unknown,,Unknown,,"Polygonum hydropiperoides",0,,,,,,,,urn:uuid:25f680c0-fbb0-4acd-9dd5-44376191697d
1375663,Unknown,,Unknown,,"Polygonum hydropiperoides",0,,,,,,,,urn:uuid:7fe5b71e-4fab-438c-a459-c888701e1a8d
1375664,Unknown,,Unknown,,"Polygonum hydropiperoides",0,,,,,,,,urn:uuid:62555289-e48d-448a-8baf-e6ddb40e07ce
1375665,Unknown,,Unknown,,"Polygonum hydropiperoides",0,,,,,,,,urn:uuid:814734c8-130f-4796-9d1e-c5fb0823f5ac
1375666,Unknown,,Unknown,,"Polygonum hydropiperoides",0,,,,,,,,urn:uuid:23b9a6ec-e573-45ba-b492-d589111695a6
1375667,Unknown,,Unknown,,"Polygonum hydropiperoides",0,,,,,,,,urn:uuid:06e0f5c3-d81f-413c-aaf9-101145261bb0
1375668,Unknown,,Unknown,,"Polygonum hydropiperoides",0,,,,,,,,urn:uuid:7aedb493-0b03-4347-9c9b-72cb03b2bd7e
1375669,Unknown,,Unknown,,"Polygonum hydropiperoides",0,,,,,,,,urn:uuid:66eb6d5a-fc8a-45fe-a150-c35b9d347d43
1375670,Unknown,,Unknown,,"Polygonum hydropiperoides",0,,,,,,,,urn:uuid:355b7c82-3e2c-4b1b-90dd-eb226f553f6e
1375671,Unknown,,Unknown,,"Polygonum hydropiperoides",0,,,,,,,,urn:uuid:3c5cb039-9e75-4c84-8d49-3507ead392e5
1375672,Unknown,,Unknown,,"Polygonum hydropiperoides",0,,,,,,,,urn:uuid:70ed9d72-fca2-4855-96eb-979f4ab85613
1375673,Unknown,,Unknown,,"Polygonum hydropiperoides",0,,,,,,,,urn:uuid:fb0769a0-bd66-423a-a448-aaf67c6554d9
1375674,Unknown,,Unknown,,"Polygonum hydropiperoides",0,,,,,,,,urn:uuid:a003ae7b-67de-40a3-bf34-e5bfc8a60a88
1375675,Unknown,,Unknown,,"Polygonum hydropiperoides",0,,,,,,,,urn:uuid:32e469a8-9352-45af-940f-89e4ceb9bd9f
1375676,Unknown,,Unknown,,"Polygonum hydropiperoides",0,,,,,,,,urn:uuid:42dea86b-e7c2-4b2d-a36f-c4a7406b42b0
1375677,Unknown,,Unknown,,"Polygonum hydropiperoides",0,,,,,,,,urn:uuid:765c0ff9-da12-4ee4-9733-34c794694bea
1375678,Unknown,,Unknown,,"Polygonum hydropiperoides",0,,,,,,,,urn:uuid:3e700ccd-a63a-45f5-8604-5fb7c7a2af5f
1375679,Unknown,,Unknown,,"Polygonum hydropiperoides",0,,,,,,,,urn:uuid:6d2aee16-5dab-4969-8919-269c913cf6cd
1375680,Unknown,,Unknown,,"Polygonum hydropiperoides",0,,,,,,,,urn:uuid:5aebd995-a616-4150-bcdd-1fc9ae73ef42
1375681,Unknown,,Unknown,,"Polygonum hydropiperoides",0,,,,,,,,urn:uuid:210e50c3-7ce8-4ad2-88cb-143dc3a9e206
1375682,Unknown,,Unknown,,"Polygonum hydropiperoides",0,,,,,,,,urn:uuid:377b2600-97f9-415b-b17d-40867e821748
1375683,Unknown,,Unknown,,"Polygonum hydropiperoides",0,,,,,,,,urn:uuid:a2a08d2d-8f23-4a80-b8f6-7c7feb57f6cb
1375684,Unknown,,Unknown,,"Polygonum hydropiperoides",0,,,,,,,,urn:uuid:18c19e97-d232-43b5-b753-64e3a748e0cf
1375685,Unknown,,Unknown,,"Polygonum hydropiperoides",0,,,,,,,,urn:uuid:95f03497-1713-4765-a1c4-d3a5a01dbbf6
1375686,Unknown,,Unknown,,"Polygonum hydropiperoides",0,,,,,,,,urn:uuid:dd5bfd2d-6909-4cb0-b2a6-e0119204bada
1375687,Unknown,,Unknown,,"Polygonum hydropiperoides",0,,,,,,,,urn:uuid:c3a2c637-e4a6-4c03-a300-1697b8a3431e
1375688,Unknown,,Unknown,,"Polygonum hydropiperoides",0,,,,,,,,urn:uuid:0b08cbbe-6aaa-41e1-b628-9825fd460c60
1375689,Unknown,,Unknown,,"Polygonum hydropiperoides",0,,,,,,,,urn:uuid:c884a329-f68c-4932-a140-41f49ec55fd8
1375690,Unknown,,Unknown,,"Polygonum hydropiperoides",0,,,,,,,,urn:uuid:87de70b3-b2a7-4713-8c75-fe1a4ea9d3c6
1375691,Unknown,,Unknown,,"Polygonum hydropiperoides",0,,,,,,,,urn:uuid:6f46404e-201a-4ec1-ad11-0ba68138f4fe
1375692,Unknown,,Unknown,,"Polygonum hydropiperoides",0,,,,,,,,urn:uuid:c2c26fef-a348-4777-b6fb-fdcbe0f13467
1375693,Unknown,,Unknown,,"Polygonum hydropiperoides",0,,,,,,,,urn:uuid:38e6fc68-93fc-459a-bcb6-9a4206a2cfdd
1375694,Unknown,,Unknown,,"Polygonum hydropiperoides",0,,,,,,,,urn:uuid:049361b6-6c5c-4858-aa07-4d0c9aa9bcad
1375695,Unknown,,Unknown,,"Polygonum lapathifolium",0,,,,,,,,urn:uuid:23697c28-2973-4423-94ec-cfef52dd58eb
1375696,Unknown,,Unknown,,"Polygonum lapathifolium",0,,,,,,,,urn:uuid:4233cc47-a8b3-4548-b71c-0f9dc4a52f73
1375697,Unknown,,Unknown,,"Polygonum lapathifolium",0,,,,,,,,urn:uuid:d462cc06-fbe1-473e-9c59-c172925fc442
1375698,Unknown,,Unknown,,"Polygonum lapathifolium",0,,,,,,,,urn:uuid:1df88374-912a-479b-9cad-4b4ac224a32d
1375699,Unknown,,Unknown,,"Polygonum lapathifolium",0,,,,,,,,urn:uuid:aea96f13-32c4-4a34-99e1-d26c50583525
1375700,Unknown,,Unknown,,"Polygonum lapathifolium",0,,,,,,,,urn:uuid:357b2d9b-97c6-482d-b258-e6703952e659
1375701,Unknown,,Unknown,,"Polygonum lapathifolium",0,,,,,,,,urn:uuid:88cfd839-a6e9-4a2a-9805-703596417e0b
1375702,Unknown,,Unknown,,"Polygonum lapathifolium",0,,,,,,,,urn:uuid:7af1c54f-ed9b-4908-a4bc-de10ca722523
1375703,Unknown,,Unknown,,"Polygonum lapathifolium",0,,,,,,,,urn:uuid:fb498509-5425-41b2-bcfb-4d033cd04dc5
1375704,Unknown,,Unknown,,"Polygonum lapathifolium",0,,,,,,,,urn:uuid:f8aa28fe-903b-4b49-b39a-157ff6fd64ff
1375705,Unknown,,Unknown,,"Polygonum lapathifolium",0,,,,,,,,urn:uuid:6652e50e-1393-43bd-b05c-9e67fc0d95a4
1375706,Unknown,,Unknown,,"Polygonum lapathifolium",0,,,,,,,,urn:uuid:994e2d67-cf6a-4248-9aee-ba8997c82058
1375707,Unknown,,Unknown,,"Polygonum lapathifolium",0,,,,,,,,urn:uuid:24595eb4-cf21-4dcd-a358-badb3f5c555a
1375708,Unknown,,Unknown,,"Polygonum lapathifolium",0,,,,,,,,urn:uuid:a0cb2d6d-7a30-4eb6-89c1-dba04d0dce54
1375709,Unknown,,Unknown,,"Polygonum lapathifolium",0,,,,,,,,urn:uuid:5b89e7df-9f8a-43d6-84b4-c7c3dfc6c495
1375710,Unknown,,Unknown,,"Polygonum lapathifolium",0,,,,,,,,urn:uuid:8739bb3b-f2af-430e-a474-e01c3b884ffd
