coreid,identifier,accessURI,thumbnailAccessURI,goodQualityAccessURI,rights,Owner,UsageTerms,WebStatement,caption,comments,providerManagedID,MetadataDate,associatedSpecimenReference,type,subtype,format,metadataLanguage
1213862,https://prc-symbiota.tacc.utexas.edu:443/symbiota/prc/images/_TEX/TEX00305374_lg.jpg,https://prc-symbiota.tacc.utexas.edu:443/symbiota/prc/images/_TEX/TEX00305374_lg.jpg,https://prc-symbiota.tacc.utexas.edu:443/symbiota/prc/images/_TEX/TEX00305374_tn.jpg,https://prc-symbiota.tacc.utexas.edu:443/symbiota/prc/images/_TEX/TEX00305374.jpg,,"University of Texas Herbarium (PRC-TEX)","CC0 1.0 (Public-domain)",http://creativecommons.org/publicdomain/zero/1.0/,,,urn:uuid:c2c3b0e9-37ed-47f0-aa03-b4386752d8d2,"2015-08-21 21:37:55",https://prc-symbiota.tacc.utexas.edu:443/collections/individual/index.php?occid=1213862,StillImage,Photograph,image/jpeg,en
1213863,https://prc-symbiota.tacc.utexas.edu:443/symbiota/prc/images/_TEX/TEX00305375_lg.jpg,https://prc-symbiota.tacc.utexas.edu:443/symbiota/prc/images/_TEX/TEX00305375_lg.jpg,https://prc-symbiota.tacc.utexas.edu:443/symbiota/prc/images/_TEX/TEX00305375_tn.jpg,https://prc-symbiota.tacc.utexas.edu:443/symbiota/prc/images/_TEX/TEX00305375.jpg,,"University of Texas Herbarium (PRC-TEX)","CC0 1.0 (Public-domain)",http://creativecommons.org/publicdomain/zero/1.0/,,,urn:uuid:823ba948-5aa6-47ca-89b7-0c4cc7aee1a0,"2015-08-20 06:43:53",https://prc-symbiota.tacc.utexas.edu:443/collections/individual/index.php?occid=1213863,StillImage,Photograph,image/jpeg,en
1213864,https://prc-symbiota.tacc.utexas.edu:443/symbiota/prc/images/_TEX/TEX00305376_lg.jpg,https://prc-symbiota.tacc.utexas.edu:443/symbiota/prc/images/_TEX/TEX00305376_lg.jpg,https://prc-symbiota.tacc.utexas.edu:443/symbiota/prc/images/_TEX/TEX00305376_tn.jpg,https://prc-symbiota.tacc.utexas.edu:443/symbiota/prc/images/_TEX/TEX00305376.jpg,,"University of Texas Herbarium (PRC-TEX)","CC0 1.0 (Public-domain)",http://creativecommons.org/publicdomain/zero/1.0/,,,urn:uuid:14b37566-ddfb-4e93-ac1a-79784ca08bff,"2015-08-23 06:32:31",https://prc-symbiota.tacc.utexas.edu:443/collections/individual/index.php?occid=1213864,StillImage,Photograph,image/jpeg,en
1213865,https://prc-symbiota.tacc.utexas.edu:443/symbiota/prc/images/_TEX/TEX00305377_lg.jpg,https://prc-symbiota.tacc.utexas.edu:443/symbiota/prc/images/_TEX/TEX00305377_lg.jpg,https://prc-symbiota.tacc.utexas.edu:443/symbiota/prc/images/_TEX/TEX00305377_tn.jpg,https://prc-symbiota.tacc.utexas.edu:443/symbiota/prc/images/_TEX/TEX00305377.jpg,,"University of Texas Herbarium (PRC-TEX)","CC0 1.0 (Public-domain)",http://creativecommons.org/publicdomain/zero/1.0/,,,urn:uuid:30791257-0ac3-4ce9-b79e-deba5885b6fb,"2015-08-20 11:46:16",https://prc-symbiota.tacc.utexas.edu:443/collections/individual/index.php?occid=1213865,StillImage,Photograph,image/jpeg,en
1213866,https://prc-symbiota.tacc.utexas.edu:443/symbiota/prc/images/_TEX/TEX00305378_lg.jpg,https://prc-symbiota.tacc.utexas.edu:443/symbiota/prc/images/_TEX/TEX00305378_lg.jpg,https://prc-symbiota.tacc.utexas.edu:443/symbiota/prc/images/_TEX/TEX00305378_tn.jpg,https://prc-symbiota.tacc.utexas.edu:443/symbiota/prc/images/_TEX/TEX00305378.jpg,,"University of Texas Herbarium (PRC-TEX)","CC0 1.0 (Public-domain)",http://creativecommons.org/publicdomain/zero/1.0/,,,urn:uuid:accce213-dc08-4457-8fef-db3b5e452cf8,"2015-08-20 15:38:32",https://prc-symbiota.tacc.utexas.edu:443/collections/individual/index.php?occid=1213866,StillImage,Photograph,image/jpeg,en
1213867,https://prc-symbiota.tacc.utexas.edu:443/symbiota/prc/images/_TEX/TEX00305380_lg.jpg,https://prc-symbiota.tacc.utexas.edu:443/symbiota/prc/images/_TEX/TEX00305380_lg.jpg,https://prc-symbiota.tacc.utexas.edu:443/symbiota/prc/images/_TEX/TEX00305380_tn.jpg,https://prc-symbiota.tacc.utexas.edu:443/symbiota/prc/images/_TEX/TEX00305380.jpg,,"University of Texas Herbarium (PRC-TEX)","CC0 1.0 (Public-domain)",http://creativecommons.org/publicdomain/zero/1.0/,,,urn:uuid:18b2ea7b-b6df-485c-bc05-36deb8d474f2,"2015-08-25 09:16:11",https://prc-symbiota.tacc.utexas.edu:443/collections/individual/index.php?occid=1213867,StillImage,Photograph,image/jpeg,en
1213868,https://prc-symbiota.tacc.utexas.edu:443/symbiota/prc/images/_TEX/TEX00305381_lg.jpg,https://prc-symbiota.tacc.utexas.edu:443/symbiota/prc/images/_TEX/TEX00305381_lg.jpg,https://prc-symbiota.tacc.utexas.edu:443/symbiota/prc/images/_TEX/TEX00305381_tn.jpg,https://prc-symbiota.tacc.utexas.edu:443/symbiota/prc/images/_TEX/TEX00305381.jpg,,"University of Texas Herbarium (PRC-TEX)","CC0 1.0 (Public-domain)",http://creativecommons.org/publicdomain/zero/1.0/,,,urn:uuid:9e8b78b3-a572-4e16-b0aa-6cae6acf58e4,"2015-08-25 02:25:54",https://prc-symbiota.tacc.utexas.edu:443/collections/individual/index.php?occid=1213868,StillImage,Photograph,image/jpeg,en
1213869,https://prc-symbiota.tacc.utexas.edu:443/symbiota/prc/images/_TEX/TEX00305382_lg.jpg,https://prc-symbiota.tacc.utexas.edu:443/symbiota/prc/images/_TEX/TEX00305382_lg.jpg,https://prc-symbiota.tacc.utexas.edu:443/symbiota/prc/images/_TEX/TEX00305382_tn.jpg,https://prc-symbiota.tacc.utexas.edu:443/symbiota/prc/images/_TEX/TEX00305382.jpg,,"University of Texas Herbarium (PRC-TEX)","CC0 1.0 (Public-domain)",http://creativecommons.org/publicdomain/zero/1.0/,,,urn:uuid:27c86eaf-7504-4578-89c4-6efb5bcf40d6,"2015-08-26 09:44:32",https://prc-symbiota.tacc.utexas.edu:443/collections/individual/index.php?occid=1213869,StillImage,Photograph,image/jpeg,en
1213870,https://prc-symbiota.tacc.utexas.edu:443/symbiota/prc/images/_TEX/TEX00305383_lg.jpg,https://prc-symbiota.tacc.utexas.edu:443/symbiota/prc/images/_TEX/TEX00305383_lg.jpg,https://prc-symbiota.tacc.utexas.edu:443/symbiota/prc/images/_TEX/TEX00305383_tn.jpg,https://prc-symbiota.tacc.utexas.edu:443/symbiota/prc/images/_TEX/TEX00305383.jpg,,"University of Texas Herbarium (PRC-TEX)","CC0 1.0 (Public-domain)",http://creativecommons.org/publicdomain/zero/1.0/,,,urn:uuid:4dbd536c-ebec-4ec8-acc0-92c347aac039,"2015-08-19 17:13:30",https://prc-symbiota.tacc.utexas.edu:443/collections/individual/index.php?occid=1213870,StillImage,Photograph,image/jpeg,en
1213871,https://prc-symbiota.tacc.utexas.edu:443/symbiota/prc/images/_TEX/TEX00305384_lg.jpg,https://prc-symbiota.tacc.utexas.edu:443/symbiota/prc/images/_TEX/TEX00305384_lg.jpg,https://prc-symbiota.tacc.utexas.edu:443/symbiota/prc/images/_TEX/TEX00305384_tn.jpg,https://prc-symbiota.tacc.utexas.edu:443/symbiota/prc/images/_TEX/TEX00305384.jpg,,"University of Texas Herbarium (PRC-TEX)","CC0 1.0 (Public-domain)",http://creativecommons.org/publicdomain/zero/1.0/,,,urn:uuid:3d1b9b0a-1439-47d1-96ef-6185241a9d4e,"2015-08-19 23:20:42",https://prc-symbiota.tacc.utexas.edu:443/collections/individual/index.php?occid=1213871,StillImage,Photograph,image/jpeg,en
1213872,https://prc-symbiota.tacc.utexas.edu:443/symbiota/prc/images/_TEX/TEX00305385_lg.jpg,https://prc-symbiota.tacc.utexas.edu:443/symbiota/prc/images/_TEX/TEX00305385_lg.jpg,https://prc-symbiota.tacc.utexas.edu:443/symbiota/prc/images/_TEX/TEX00305385_tn.jpg,https://prc-symbiota.tacc.utexas.edu:443/symbiota/prc/images/_TEX/TEX00305385.jpg,,"University of Texas Herbarium (PRC-TEX)","CC0 1.0 (Public-domain)",http://creativecommons.org/publicdomain/zero/1.0/,,,urn:uuid:53b85450-4e80-42f2-8636-6921db474e6e,"2015-08-24 21:21:26",https://prc-symbiota.tacc.utexas.edu:443/collections/individual/index.php?occid=1213872,StillImage,Photograph,image/jpeg,en
1213873,https://prc-symbiota.tacc.utexas.edu:443/symbiota/prc/images/_TEX/TEX00305386_lg.jpg,https://prc-symbiota.tacc.utexas.edu:443/symbiota/prc/images/_TEX/TEX00305386_lg.jpg,https://prc-symbiota.tacc.utexas.edu:443/symbiota/prc/images/_TEX/TEX00305386_tn.jpg,https://prc-symbiota.tacc.utexas.edu:443/symbiota/prc/images/_TEX/TEX00305386.jpg,,"University of Texas Herbarium (PRC-TEX)","CC0 1.0 (Public-domain)",http://creativecommons.org/publicdomain/zero/1.0/,,,urn:uuid:2c1a38df-f729-4096-ba1f-ada5c87b1b52,"2015-08-23 01:31:44",https://prc-symbiota.tacc.utexas.edu:443/collections/individual/index.php?occid=1213873,StillImage,Photograph,image/jpeg,en
1213874,https://prc-symbiota.tacc.utexas.edu:443/symbiota/prc/images/_TEX/TEX00305387_lg.jpg,https://prc-symbiota.tacc.utexas.edu:443/symbiota/prc/images/_TEX/TEX00305387_lg.jpg,https://prc-symbiota.tacc.utexas.edu:443/symbiota/prc/images/_TEX/TEX00305387_tn.jpg,https://prc-symbiota.tacc.utexas.edu:443/symbiota/prc/images/_TEX/TEX00305387.jpg,,"University of Texas Herbarium (PRC-TEX)","CC0 1.0 (Public-domain)",http://creativecommons.org/publicdomain/zero/1.0/,,,urn:uuid:76017fb6-da2c-43f0-baeb-2ac7b8a939a1,"2015-08-24 00:09:25",https://prc-symbiota.tacc.utexas.edu:443/collections/individual/index.php?occid=1213874,StillImage,Photograph,image/jpeg,en
1213875,https://prc-symbiota.tacc.utexas.edu:443/symbiota/prc/images/_TEX/TEX00305388_lg.jpg,https://prc-symbiota.tacc.utexas.edu:443/symbiota/prc/images/_TEX/TEX00305388_lg.jpg,https://prc-symbiota.tacc.utexas.edu:443/symbiota/prc/images/_TEX/TEX00305388_tn.jpg,https://prc-symbiota.tacc.utexas.edu:443/symbiota/prc/images/_TEX/TEX00305388.jpg,,"University of Texas Herbarium (PRC-TEX)","CC0 1.0 (Public-domain)",http://creativecommons.org/publicdomain/zero/1.0/,,,urn:uuid:4c2c312a-ff11-4a60-9898-d33bc4aae7f9,"2015-08-23 06:32:08",https://prc-symbiota.tacc.utexas.edu:443/collections/individual/index.php?occid=1213875,StillImage,Photograph,image/jpeg,en
1213876,https://prc-symbiota.tacc.utexas.edu:443/symbiota/prc/images/_TEX/TEX00305389_lg.jpg,https://prc-symbiota.tacc.utexas.edu:443/symbiota/prc/images/_TEX/TEX00305389_lg.jpg,https://prc-symbiota.tacc.utexas.edu:443/symbiota/prc/images/_TEX/TEX00305389_tn.jpg,https://prc-symbiota.tacc.utexas.edu:443/symbiota/prc/images/_TEX/TEX00305389.jpg,,"University of Texas Herbarium (PRC-TEX)","CC0 1.0 (Public-domain)",http://creativecommons.org/publicdomain/zero/1.0/,,,urn:uuid:55b51efb-59ec-473b-814a-cd7cb46b22a9,"2015-08-19 22:09:18",https://prc-symbiota.tacc.utexas.edu:443/collections/individual/index.php?occid=1213876,StillImage,Photograph,image/jpeg,en
1213877,https://prc-symbiota.tacc.utexas.edu:443/symbiota/prc/images/_TEX/TEX00305391_lg.jpg,https://prc-symbiota.tacc.utexas.edu:443/symbiota/prc/images/_TEX/TEX00305391_lg.jpg,https://prc-symbiota.tacc.utexas.edu:443/symbiota/prc/images/_TEX/TEX00305391_tn.jpg,https://prc-symbiota.tacc.utexas.edu:443/symbiota/prc/images/_TEX/TEX00305391.jpg,,"University of Texas Herbarium (PRC-TEX)","CC0 1.0 (Public-domain)",http://creativecommons.org/publicdomain/zero/1.0/,,,urn:uuid:3eb7cdb9-173d-4157-988e-5e00519074a6,"2015-08-20 13:39:39",https://prc-symbiota.tacc.utexas.edu:443/collections/individual/index.php?occid=1213877,StillImage,Photograph,image/jpeg,en
1213878,https://prc-symbiota.tacc.utexas.edu:443/symbiota/prc/images/_TEX/TEX00305393_lg.jpg,https://prc-symbiota.tacc.utexas.edu:443/symbiota/prc/images/_TEX/TEX00305393_lg.jpg,https://prc-symbiota.tacc.utexas.edu:443/symbiota/prc/images/_TEX/TEX00305393_tn.jpg,https://prc-symbiota.tacc.utexas.edu:443/symbiota/prc/images/_TEX/TEX00305393.jpg,,"University of Texas Herbarium (PRC-TEX)","CC0 1.0 (Public-domain)",http://creativecommons.org/publicdomain/zero/1.0/,,,urn:uuid:6c3df5e7-8445-45e7-8fcf-c4b86cf87546,"2015-08-24 10:05:26",https://prc-symbiota.tacc.utexas.edu:443/collections/individual/index.php?occid=1213878,StillImage,Photograph,image/jpeg,en
1213879,https://prc-symbiota.tacc.utexas.edu:443/symbiota/prc/images/_TEX/TEX00305394_lg.jpg,https://prc-symbiota.tacc.utexas.edu:443/symbiota/prc/images/_TEX/TEX00305394_lg.jpg,https://prc-symbiota.tacc.utexas.edu:443/symbiota/prc/images/_TEX/TEX00305394_tn.jpg,https://prc-symbiota.tacc.utexas.edu:443/symbiota/prc/images/_TEX/TEX00305394.jpg,,"University of Texas Herbarium (PRC-TEX)","CC0 1.0 (Public-domain)",http://creativecommons.org/publicdomain/zero/1.0/,,,urn:uuid:97a13e4a-4627-4852-bb5d-26cd1d462367,"2015-08-21 14:15:44",https://prc-symbiota.tacc.utexas.edu:443/collections/individual/index.php?occid=1213879,StillImage,Photograph,image/jpeg,en
1213880,https://prc-symbiota.tacc.utexas.edu:443/symbiota/prc/images/_TEX/TEX00305395_lg.jpg,https://prc-symbiota.tacc.utexas.edu:443/symbiota/prc/images/_TEX/TEX00305395_lg.jpg,https://prc-symbiota.tacc.utexas.edu:443/symbiota/prc/images/_TEX/TEX00305395_tn.jpg,https://prc-symbiota.tacc.utexas.edu:443/symbiota/prc/images/_TEX/TEX00305395.jpg,,"University of Texas Herbarium (PRC-TEX)","CC0 1.0 (Public-domain)",http://creativecommons.org/publicdomain/zero/1.0/,,,urn:uuid:10dcebba-2f11-4e9a-b349-61e94959edb7,"2015-08-21 04:05:38",https://prc-symbiota.tacc.utexas.edu:443/collections/individual/index.php?occid=1213880,StillImage,Photograph,image/jpeg,en
1213881,https://prc-symbiota.tacc.utexas.edu:443/symbiota/prc/images/_TEX/TEX00305396_lg.jpg,https://prc-symbiota.tacc.utexas.edu:443/symbiota/prc/images/_TEX/TEX00305396_lg.jpg,https://prc-symbiota.tacc.utexas.edu:443/symbiota/prc/images/_TEX/TEX00305396_tn.jpg,https://prc-symbiota.tacc.utexas.edu:443/symbiota/prc/images/_TEX/TEX00305396.jpg,,"University of Texas Herbarium (PRC-TEX)","CC0 1.0 (Public-domain)",http://creativecommons.org/publicdomain/zero/1.0/,,,urn:uuid:74afc17c-429d-4b0a-9b6d-b6e57a64d23c,"2015-08-23 09:06:45",https://prc-symbiota.tacc.utexas.edu:443/collections/individual/index.php?occid=1213881,StillImage,Photograph,image/jpeg,en
1213882,https://prc-symbiota.tacc.utexas.edu:443/symbiota/prc/images/_TEX/TEX00305397_lg.jpg,https://prc-symbiota.tacc.utexas.edu:443/symbiota/prc/images/_TEX/TEX00305397_lg.jpg,https://prc-symbiota.tacc.utexas.edu:443/symbiota/prc/images/_TEX/TEX00305397_tn.jpg,https://prc-symbiota.tacc.utexas.edu:443/symbiota/prc/images/_TEX/TEX00305397.jpg,,"University of Texas Herbarium (PRC-TEX)","CC0 1.0 (Public-domain)",http://creativecommons.org/publicdomain/zero/1.0/,,,urn:uuid:46ad1db8-0d70-4aa7-b946-c1c416404db3,"2015-08-21 09:05:56",https://prc-symbiota.tacc.utexas.edu:443/collections/individual/index.php?occid=1213882,StillImage,Photograph,image/jpeg,en
1213883,https://prc-symbiota.tacc.utexas.edu:443/symbiota/prc/images/_TEX/TEX00305398_lg.jpg,https://prc-symbiota.tacc.utexas.edu:443/symbiota/prc/images/_TEX/TEX00305398_lg.jpg,https://prc-symbiota.tacc.utexas.edu:443/symbiota/prc/images/_TEX/TEX00305398_tn.jpg,https://prc-symbiota.tacc.utexas.edu:443/symbiota/prc/images/_TEX/TEX00305398.jpg,,"University of Texas Herbarium (PRC-TEX)","CC0 1.0 (Public-domain)",http://creativecommons.org/publicdomain/zero/1.0/,,,urn:uuid:42bd03a8-e9b1-4e64-9907-2e3245619a3b,"2015-08-21 11:41:07",https://prc-symbiota.tacc.utexas.edu:443/collections/individual/index.php?occid=1213883,StillImage,Photograph,image/jpeg,en
1213884,https://prc-symbiota.tacc.utexas.edu:443/symbiota/prc/images/_TEX/TEX00305399_lg.jpg,https://prc-symbiota.tacc.utexas.edu:443/symbiota/prc/images/_TEX/TEX00305399_lg.jpg,https://prc-symbiota.tacc.utexas.edu:443/symbiota/prc/images/_TEX/TEX00305399_tn.jpg,https://prc-symbiota.tacc.utexas.edu:443/symbiota/prc/images/_TEX/TEX00305399.jpg,,"University of Texas Herbarium (PRC-TEX)","CC0 1.0 (Public-domain)",http://creativecommons.org/publicdomain/zero/1.0/,,,urn:uuid:592a03d1-ab82-48dc-ad6a-ef366a7e6911,"2015-08-20 20:39:55",https://prc-symbiota.tacc.utexas.edu:443/collections/individual/index.php?occid=1213884,StillImage,Photograph,image/jpeg,en
1213885,https://prc-symbiota.tacc.utexas.edu:443/symbiota/prc/images/_TEX/TEX00305400_lg.jpg,https://prc-symbiota.tacc.utexas.edu:443/symbiota/prc/images/_TEX/TEX00305400_lg.jpg,https://prc-symbiota.tacc.utexas.edu:443/symbiota/prc/images/_TEX/TEX00305400_tn.jpg,https://prc-symbiota.tacc.utexas.edu:443/symbiota/prc/images/_TEX/TEX00305400.jpg,,"University of Texas Herbarium (PRC-TEX)","CC0 1.0 (Public-domain)",http://creativecommons.org/publicdomain/zero/1.0/,,,urn:uuid:e264d2b2-7a8c-4905-94a8-f76147b6ab3b,"2015-08-19 19:30:33",https://prc-symbiota.tacc.utexas.edu:443/collections/individual/index.php?occid=1213885,StillImage,Photograph,image/jpeg,en
1213886,https://prc-symbiota.tacc.utexas.edu:443/symbiota/prc/images/_TEX/TEX00305401_lg.jpg,https://prc-symbiota.tacc.utexas.edu:443/symbiota/prc/images/_TEX/TEX00305401_lg.jpg,https://prc-symbiota.tacc.utexas.edu:443/symbiota/prc/images/_TEX/TEX00305401_tn.jpg,https://prc-symbiota.tacc.utexas.edu:443/symbiota/prc/images/_TEX/TEX00305401.jpg,,"University of Texas Herbarium (PRC-TEX)","CC0 1.0 (Public-domain)",http://creativecommons.org/publicdomain/zero/1.0/,,,urn:uuid:f1c48b23-b5db-4be5-983c-b5255a04fc23,"2015-08-26 15:51:03",https://prc-symbiota.tacc.utexas.edu:443/collections/individual/index.php?occid=1213886,StillImage,Photograph,image/jpeg,en
1213887,https://prc-symbiota.tacc.utexas.edu:443/symbiota/prc/images/_TEX/TEX00305402_lg.jpg,https://prc-symbiota.tacc.utexas.edu:443/symbiota/prc/images/_TEX/TEX00305402_lg.jpg,https://prc-symbiota.tacc.utexas.edu:443/symbiota/prc/images/_TEX/TEX00305402_tn.jpg,https://prc-symbiota.tacc.utexas.edu:443/symbiota/prc/images/_TEX/TEX00305402.jpg,,"University of Texas Herbarium (PRC-TEX)","CC0 1.0 (Public-domain)",http://creativecommons.org/publicdomain/zero/1.0/,,,urn:uuid:d672b1ca-f46c-455f-8c8f-128e0a80e907,"2015-08-20 14:22:02",https://prc-symbiota.tacc.utexas.edu:443/collections/individual/index.php?occid=1213887,StillImage,Photograph,image/jpeg,en
1213888,https://prc-symbiota.tacc.utexas.edu:443/symbiota/prc/images/_TEX/TEX00305403_lg.jpg,https://prc-symbiota.tacc.utexas.edu:443/symbiota/prc/images/_TEX/TEX00305403_lg.jpg,https://prc-symbiota.tacc.utexas.edu:443/symbiota/prc/images/_TEX/TEX00305403_tn.jpg,https://prc-symbiota.tacc.utexas.edu:443/symbiota/prc/images/_TEX/TEX00305403.jpg,,"University of Texas Herbarium (PRC-TEX)","CC0 1.0 (Public-domain)",http://creativecommons.org/publicdomain/zero/1.0/,,,urn:uuid:65a1f576-ea81-4ff1-8d86-105fd365cb0e,"2015-08-26 21:01:09",https://prc-symbiota.tacc.utexas.edu:443/collections/individual/index.php?occid=1213888,StillImage,Photograph,image/jpeg,en
1213889,https://prc-symbiota.tacc.utexas.edu:443/symbiota/prc/images/_TEX/TEX00305404_lg.jpg,https://prc-symbiota.tacc.utexas.edu:443/symbiota/prc/images/_TEX/TEX00305404_lg.jpg,https://prc-symbiota.tacc.utexas.edu:443/symbiota/prc/images/_TEX/TEX00305404_tn.jpg,https://prc-symbiota.tacc.utexas.edu:443/symbiota/prc/images/_TEX/TEX00305404.jpg,,"University of Texas Herbarium (PRC-TEX)","CC0 1.0 (Public-domain)",http://creativecommons.org/publicdomain/zero/1.0/,,,urn:uuid:451201b4-89c3-4780-b082-7b1cde0fb405,"2015-08-19 15:57:41",https://prc-symbiota.tacc.utexas.edu:443/collections/individual/index.php?occid=1213889,StillImage,Photograph,image/jpeg,en
1213890,https://prc-symbiota.tacc.utexas.edu:443/symbiota/prc/images/_TEX/TEX00305409_lg.jpg,https://prc-symbiota.tacc.utexas.edu:443/symbiota/prc/images/_TEX/TEX00305409_lg.jpg,https://prc-symbiota.tacc.utexas.edu:443/symbiota/prc/images/_TEX/TEX00305409_tn.jpg,https://prc-symbiota.tacc.utexas.edu:443/symbiota/prc/images/_TEX/TEX00305409.jpg,,"University of Texas Herbarium (PRC-TEX)","CC0 1.0 (Public-domain)",http://creativecommons.org/publicdomain/zero/1.0/,,,urn:uuid:21bbcee4-5ba6-4985-8e25-a636ffbbfe9b,"2015-08-25 02:25:48",https://prc-symbiota.tacc.utexas.edu:443/collections/individual/index.php?occid=1213890,StillImage,Photograph,image/jpeg,en
1213891,https://prc-symbiota.tacc.utexas.edu:443/symbiota/prc/images/_TEX/TEX00305410_lg.jpg,https://prc-symbiota.tacc.utexas.edu:443/symbiota/prc/images/_TEX/TEX00305410_lg.jpg,https://prc-symbiota.tacc.utexas.edu:443/symbiota/prc/images/_TEX/TEX00305410_tn.jpg,https://prc-symbiota.tacc.utexas.edu:443/symbiota/prc/images/_TEX/TEX00305410.jpg,,"University of Texas Herbarium (PRC-TEX)","CC0 1.0 (Public-domain)",http://creativecommons.org/publicdomain/zero/1.0/,,,urn:uuid:08bf95a6-2055-4be9-9dc5-44800244f9d1,"2015-08-24 11:33:38",https://prc-symbiota.tacc.utexas.edu:443/collections/individual/index.php?occid=1213891,StillImage,Photograph,image/jpeg,en
1213892,https://prc-symbiota.tacc.utexas.edu:443/symbiota/prc/images/_TEX/TEX00305411_lg.jpg,https://prc-symbiota.tacc.utexas.edu:443/symbiota/prc/images/_TEX/TEX00305411_lg.jpg,https://prc-symbiota.tacc.utexas.edu:443/symbiota/prc/images/_TEX/TEX00305411_tn.jpg,https://prc-symbiota.tacc.utexas.edu:443/symbiota/prc/images/_TEX/TEX00305411.jpg,,"University of Texas Herbarium (PRC-TEX)","CC0 1.0 (Public-domain)",http://creativecommons.org/publicdomain/zero/1.0/,,,urn:uuid:e6cf2966-9798-428f-911c-c9c92870f7ed,"2015-08-24 04:03:23",https://prc-symbiota.tacc.utexas.edu:443/collections/individual/index.php?occid=1213892,StillImage,Photograph,image/jpeg,en
1213893,https://prc-symbiota.tacc.utexas.edu:443/symbiota/prc/images/_TEX/TEX00305413_lg.jpg,https://prc-symbiota.tacc.utexas.edu:443/symbiota/prc/images/_TEX/TEX00305413_lg.jpg,https://prc-symbiota.tacc.utexas.edu:443/symbiota/prc/images/_TEX/TEX00305413_tn.jpg,https://prc-symbiota.tacc.utexas.edu:443/symbiota/prc/images/_TEX/TEX00305413.jpg,,"University of Texas Herbarium (PRC-TEX)","CC0 1.0 (Public-domain)",http://creativecommons.org/publicdomain/zero/1.0/,,,urn:uuid:197b15b3-fb3b-452e-8606-556cd14efc98,"2015-08-26 10:56:27",https://prc-symbiota.tacc.utexas.edu:443/collections/individual/index.php?occid=1213893,StillImage,Photograph,image/jpeg,en
1213894,https://prc-symbiota.tacc.utexas.edu:443/symbiota/prc/images/_TEX/TEX00305417_lg.jpg,https://prc-symbiota.tacc.utexas.edu:443/symbiota/prc/images/_TEX/TEX00305417_lg.jpg,https://prc-symbiota.tacc.utexas.edu:443/symbiota/prc/images/_TEX/TEX00305417_tn.jpg,https://prc-symbiota.tacc.utexas.edu:443/symbiota/prc/images/_TEX/TEX00305417.jpg,,"University of Texas Herbarium (PRC-TEX)","CC0 1.0 (Public-domain)",http://creativecommons.org/publicdomain/zero/1.0/,,,urn:uuid:2916821b-8fb1-4e23-99b7-391470db03c3,"2015-08-26 21:04:56",https://prc-symbiota.tacc.utexas.edu:443/collections/individual/index.php?occid=1213894,StillImage,Photograph,image/jpeg,en
1213895,https://prc-symbiota.tacc.utexas.edu:443/symbiota/prc/images/_TEX/TEX00305418_lg.jpg,https://prc-symbiota.tacc.utexas.edu:443/symbiota/prc/images/_TEX/TEX00305418_lg.jpg,https://prc-symbiota.tacc.utexas.edu:443/symbiota/prc/images/_TEX/TEX00305418_tn.jpg,https://prc-symbiota.tacc.utexas.edu:443/symbiota/prc/images/_TEX/TEX00305418.jpg,,"University of Texas Herbarium (PRC-TEX)","CC0 1.0 (Public-domain)",http://creativecommons.org/publicdomain/zero/1.0/,,,urn:uuid:d1fdf264-cc94-45ac-837d-ae700b2a885d,"2015-08-24 01:24:02",https://prc-symbiota.tacc.utexas.edu:443/collections/individual/index.php?occid=1213895,StillImage,Photograph,image/jpeg,en
1213896,https://prc-symbiota.tacc.utexas.edu:443/symbiota/prc/images/_TEX/TEX00305420_lg.jpg,https://prc-symbiota.tacc.utexas.edu:443/symbiota/prc/images/_TEX/TEX00305420_lg.jpg,https://prc-symbiota.tacc.utexas.edu:443/symbiota/prc/images/_TEX/TEX00305420_tn.jpg,https://prc-symbiota.tacc.utexas.edu:443/symbiota/prc/images/_TEX/TEX00305420.jpg,,"University of Texas Herbarium (PRC-TEX)","CC0 1.0 (Public-domain)",http://creativecommons.org/publicdomain/zero/1.0/,,,urn:uuid:c9102044-e3f3-4b30-85dc-4dc08e6cf9c7,"2015-08-21 02:56:56",https://prc-symbiota.tacc.utexas.edu:443/collections/individual/index.php?occid=1213896,StillImage,Photograph,image/jpeg,en
1213897,https://prc-symbiota.tacc.utexas.edu:443/symbiota/prc/images/_TEX/TEX00305421_lg.jpg,https://prc-symbiota.tacc.utexas.edu:443/symbiota/prc/images/_TEX/TEX00305421_lg.jpg,https://prc-symbiota.tacc.utexas.edu:443/symbiota/prc/images/_TEX/TEX00305421_tn.jpg,https://prc-symbiota.tacc.utexas.edu:443/symbiota/prc/images/_TEX/TEX00305421.jpg,,"University of Texas Herbarium (PRC-TEX)","CC0 1.0 (Public-domain)",http://creativecommons.org/publicdomain/zero/1.0/,,,urn:uuid:97eda780-ce57-4764-8258-0381447a9cc2,"2015-08-20 19:24:19",https://prc-symbiota.tacc.utexas.edu:443/collections/individual/index.php?occid=1213897,StillImage,Photograph,image/jpeg,en
1213898,https://prc-symbiota.tacc.utexas.edu:443/symbiota/prc/images/_TEX/TEX00305422_lg.jpg,https://prc-symbiota.tacc.utexas.edu:443/symbiota/prc/images/_TEX/TEX00305422_lg.jpg,https://prc-symbiota.tacc.utexas.edu:443/symbiota/prc/images/_TEX/TEX00305422_tn.jpg,https://prc-symbiota.tacc.utexas.edu:443/symbiota/prc/images/_TEX/TEX00305422.jpg,,"University of Texas Herbarium (PRC-TEX)","CC0 1.0 (Public-domain)",http://creativecommons.org/publicdomain/zero/1.0/,,,urn:uuid:b38b4999-5142-443a-b576-4a90a4462556,"2015-08-21 19:16:22",https://prc-symbiota.tacc.utexas.edu:443/collections/individual/index.php?occid=1213898,StillImage,Photograph,image/jpeg,en
1213899,https://prc-symbiota.tacc.utexas.edu:443/symbiota/prc/images/_TEX/TEX00305423_lg.jpg,https://prc-symbiota.tacc.utexas.edu:443/symbiota/prc/images/_TEX/TEX00305423_lg.jpg,https://prc-symbiota.tacc.utexas.edu:443/symbiota/prc/images/_TEX/TEX00305423_tn.jpg,https://prc-symbiota.tacc.utexas.edu:443/symbiota/prc/images/_TEX/TEX00305423.jpg,,"University of Texas Herbarium (PRC-TEX)","CC0 1.0 (Public-domain)",http://creativecommons.org/publicdomain/zero/1.0/,,,urn:uuid:a0eb569e-4a88-41f4-8aca-68e388fd456e,"2015-08-23 17:55:43",https://prc-symbiota.tacc.utexas.edu:443/collections/individual/index.php?occid=1213899,StillImage,Photograph,image/jpeg,en
1213900,https://prc-symbiota.tacc.utexas.edu:443/symbiota/prc/images/_TEX/TEX00305424_lg.jpg,https://prc-symbiota.tacc.utexas.edu:443/symbiota/prc/images/_TEX/TEX00305424_lg.jpg,https://prc-symbiota.tacc.utexas.edu:443/symbiota/prc/images/_TEX/TEX00305424_tn.jpg,https://prc-symbiota.tacc.utexas.edu:443/symbiota/prc/images/_TEX/TEX00305424.jpg,,"University of Texas Herbarium (PRC-TEX)","CC0 1.0 (Public-domain)",http://creativecommons.org/publicdomain/zero/1.0/,,,urn:uuid:0ff4da43-9e2b-45d0-b6b7-665c6d7cf9fd,"2015-08-21 16:46:19",https://prc-symbiota.tacc.utexas.edu:443/collections/individual/index.php?occid=1213900,StillImage,Photograph,image/jpeg,en
1213901,https://prc-symbiota.tacc.utexas.edu:443/symbiota/prc/images/_TEX/TEX00305427_lg.jpg,https://prc-symbiota.tacc.utexas.edu:443/symbiota/prc/images/_TEX/TEX00305427_lg.jpg,https://prc-symbiota.tacc.utexas.edu:443/symbiota/prc/images/_TEX/TEX00305427_tn.jpg,https://prc-symbiota.tacc.utexas.edu:443/symbiota/prc/images/_TEX/TEX00305427.jpg,,"University of Texas Herbarium (PRC-TEX)","CC0 1.0 (Public-domain)",http://creativecommons.org/publicdomain/zero/1.0/,,,urn:uuid:a395d489-5b00-470e-a036-9a3bd828db07,"2015-08-23 10:23:09",https://prc-symbiota.tacc.utexas.edu:443/collections/individual/index.php?occid=1213901,StillImage,Photograph,image/jpeg,en
1213902,https://prc-symbiota.tacc.utexas.edu:443/symbiota/prc/images/_TEX/TEX00305429_lg.jpg,https://prc-symbiota.tacc.utexas.edu:443/symbiota/prc/images/_TEX/TEX00305429_lg.jpg,https://prc-symbiota.tacc.utexas.edu:443/symbiota/prc/images/_TEX/TEX00305429_tn.jpg,https://prc-symbiota.tacc.utexas.edu:443/symbiota/prc/images/_TEX/TEX00305429.jpg,,"University of Texas Herbarium (PRC-TEX)","CC0 1.0 (Public-domain)",http://creativecommons.org/publicdomain/zero/1.0/,,,urn:uuid:f787e505-191d-48fc-9a01-ef0e64ad81dd,"2015-08-21 01:37:40",https://prc-symbiota.tacc.utexas.edu:443/collections/individual/index.php?occid=1213902,StillImage,Photograph,image/jpeg,en
1213903,https://prc-symbiota.tacc.utexas.edu:443/symbiota/prc/images/_TEX/TEX00305430_lg.jpg,https://prc-symbiota.tacc.utexas.edu:443/symbiota/prc/images/_TEX/TEX00305430_lg.jpg,https://prc-symbiota.tacc.utexas.edu:443/symbiota/prc/images/_TEX/TEX00305430_tn.jpg,https://prc-symbiota.tacc.utexas.edu:443/symbiota/prc/images/_TEX/TEX00305430.jpg,,"University of Texas Herbarium (PRC-TEX)","CC0 1.0 (Public-domain)",http://creativecommons.org/publicdomain/zero/1.0/,,,urn:uuid:0270cc76-6fcd-4bf6-bef2-8240b8b5da2b,"2015-08-23 09:03:12",https://prc-symbiota.tacc.utexas.edu:443/collections/individual/index.php?occid=1213903,StillImage,Photograph,image/jpeg,en
1213904,https://prc-symbiota.tacc.utexas.edu:443/symbiota/prc/images/_TEX/TEX00305431_lg.jpg,https://prc-symbiota.tacc.utexas.edu:443/symbiota/prc/images/_TEX/TEX00305431_lg.jpg,https://prc-symbiota.tacc.utexas.edu:443/symbiota/prc/images/_TEX/TEX00305431_tn.jpg,https://prc-symbiota.tacc.utexas.edu:443/symbiota/prc/images/_TEX/TEX00305431.jpg,,"University of Texas Herbarium (PRC-TEX)","CC0 1.0 (Public-domain)",http://creativecommons.org/publicdomain/zero/1.0/,,,urn:uuid:99aa637a-5131-402e-a2a5-6132cf783141,"2015-08-19 15:20:14",https://prc-symbiota.tacc.utexas.edu:443/collections/individual/index.php?occid=1213904,StillImage,Photograph,image/jpeg,en
1213905,https://prc-symbiota.tacc.utexas.edu:443/symbiota/prc/images/_TEX/TEX00305432_lg.jpg,https://prc-symbiota.tacc.utexas.edu:443/symbiota/prc/images/_TEX/TEX00305432_lg.jpg,https://prc-symbiota.tacc.utexas.edu:443/symbiota/prc/images/_TEX/TEX00305432_tn.jpg,https://prc-symbiota.tacc.utexas.edu:443/symbiota/prc/images/_TEX/TEX00305432.jpg,,"University of Texas Herbarium (PRC-TEX)","CC0 1.0 (Public-domain)",http://creativecommons.org/publicdomain/zero/1.0/,,,urn:uuid:9462c4b3-5bf8-46f1-a9bf-6623b6df7c16,"2015-08-21 19:16:28",https://prc-symbiota.tacc.utexas.edu:443/collections/individual/index.php?occid=1213905,StillImage,Photograph,image/jpeg,en
1213906,https://prc-symbiota.tacc.utexas.edu:443/symbiota/prc/images/_TEX/TEX00305436_lg.jpg,https://prc-symbiota.tacc.utexas.edu:443/symbiota/prc/images/_TEX/TEX00305436_lg.jpg,https://prc-symbiota.tacc.utexas.edu:443/symbiota/prc/images/_TEX/TEX00305436_tn.jpg,https://prc-symbiota.tacc.utexas.edu:443/symbiota/prc/images/_TEX/TEX00305436.jpg,,"University of Texas Herbarium (PRC-TEX)","CC0 1.0 (Public-domain)",http://creativecommons.org/publicdomain/zero/1.0/,,,urn:uuid:54731d45-d6d9-4145-b7c3-0b43cbbbc369,"2015-08-23 09:02:54",https://prc-symbiota.tacc.utexas.edu:443/collections/individual/index.php?occid=1213906,StillImage,Photograph,image/jpeg,en
1213907,https://prc-symbiota.tacc.utexas.edu:443/symbiota/prc/images/_TEX/TEX00305437_lg.jpg,https://prc-symbiota.tacc.utexas.edu:443/symbiota/prc/images/_TEX/TEX00305437_lg.jpg,https://prc-symbiota.tacc.utexas.edu:443/symbiota/prc/images/_TEX/TEX00305437_tn.jpg,https://prc-symbiota.tacc.utexas.edu:443/symbiota/prc/images/_TEX/TEX00305437.jpg,,"University of Texas Herbarium (PRC-TEX)","CC0 1.0 (Public-domain)",http://creativecommons.org/publicdomain/zero/1.0/,,,urn:uuid:4fb97961-ed97-4acb-84f7-d0f31cca403b,"2015-08-21 22:09:49",https://prc-symbiota.tacc.utexas.edu:443/collections/individual/index.php?occid=1213907,StillImage,Photograph,image/jpeg,en
1213908,https://prc-symbiota.tacc.utexas.edu:443/symbiota/prc/images/_TEX/TEX00305438_lg.jpg,https://prc-symbiota.tacc.utexas.edu:443/symbiota/prc/images/_TEX/TEX00305438_lg.jpg,https://prc-symbiota.tacc.utexas.edu:443/symbiota/prc/images/_TEX/TEX00305438_tn.jpg,https://prc-symbiota.tacc.utexas.edu:443/symbiota/prc/images/_TEX/TEX00305438.jpg,,"University of Texas Herbarium (PRC-TEX)","CC0 1.0 (Public-domain)",http://creativecommons.org/publicdomain/zero/1.0/,,,urn:uuid:892117ce-e093-4cae-bb25-9af2e363a99e,"2015-08-25 15:01:34",https://prc-symbiota.tacc.utexas.edu:443/collections/individual/index.php?occid=1213908,StillImage,Photograph,image/jpeg,en
1290288,https://prc-symbiota.tacc.utexas.edu:443/symbiota/prc/images/_TEX/TEX00196300_lg.jpg,https://prc-symbiota.tacc.utexas.edu:443/symbiota/prc/images/_TEX/TEX00196300_lg.jpg,https://prc-symbiota.tacc.utexas.edu:443/symbiota/prc/images/_TEX/TEX00196300_tn.jpg,https://prc-symbiota.tacc.utexas.edu:443/symbiota/prc/images/_TEX/TEX00196300.jpg,,"University of Texas Herbarium (PRC-TEX)","CC0 1.0 (Public-domain)",http://creativecommons.org/publicdomain/zero/1.0/,,,urn:uuid:a280bb4a-21a9-4f23-b16f-9b2650c13f83,"2015-08-20 05:34:26",https://prc-symbiota.tacc.utexas.edu:443/collections/individual/index.php?occid=1290288,StillImage,Photograph,image/jpeg,en
1290308,https://prc-symbiota.tacc.utexas.edu:443/symbiota/prc/images/_TEX/TEX00196320_lg.jpg,https://prc-symbiota.tacc.utexas.edu:443/symbiota/prc/images/_TEX/TEX00196320_lg.jpg,https://prc-symbiota.tacc.utexas.edu:443/symbiota/prc/images/_TEX/TEX00196320_tn.jpg,https://prc-symbiota.tacc.utexas.edu:443/symbiota/prc/images/_TEX/TEX00196320.jpg,,"University of Texas Herbarium (PRC-TEX)","CC0 1.0 (Public-domain)",http://creativecommons.org/publicdomain/zero/1.0/,,,urn:uuid:0cad6be6-11c1-4646-ae49-c4268b9ab7b2,"2015-08-23 17:57:38",https://prc-symbiota.tacc.utexas.edu:443/collections/individual/index.php?occid=1290308,StillImage,Photograph,image/jpeg,en
1295463,https://prc-symbiota.tacc.utexas.edu:443/symbiota/prc/images/_TEX/TEX00206150_lg.jpg,https://prc-symbiota.tacc.utexas.edu:443/symbiota/prc/images/_TEX/TEX00206150_lg.jpg,https://prc-symbiota.tacc.utexas.edu:443/symbiota/prc/images/_TEX/TEX00206150_tn.jpg,https://prc-symbiota.tacc.utexas.edu:443/symbiota/prc/images/_TEX/TEX00206150.jpg,,"University of Texas Herbarium (PRC-TEX)","CC0 1.0 (Public-domain)",http://creativecommons.org/publicdomain/zero/1.0/,,,urn:uuid:3968582e-a299-426a-ab7a-5774589d5c28,"2015-08-23 03:48:17",https://prc-symbiota.tacc.utexas.edu:443/collections/individual/index.php?occid=1295463,StillImage,Photograph,image/jpeg,en
1295481,https://prc-symbiota.tacc.utexas.edu:443/symbiota/prc/images/_TEX/TEX00206168_lg.jpg,https://prc-symbiota.tacc.utexas.edu:443/symbiota/prc/images/_TEX/TEX00206168_lg.jpg,https://prc-symbiota.tacc.utexas.edu:443/symbiota/prc/images/_TEX/TEX00206168_tn.jpg,https://prc-symbiota.tacc.utexas.edu:443/symbiota/prc/images/_TEX/TEX00206168.jpg,,"University of Texas Herbarium (PRC-TEX)","CC0 1.0 (Public-domain)",http://creativecommons.org/publicdomain/zero/1.0/,,,urn:uuid:cb8eea89-cd3c-477a-b56e-d7cc37ea81bd,"2015-08-25 04:54:59",https://prc-symbiota.tacc.utexas.edu:443/collections/individual/index.php?occid=1295481,StillImage,Photograph,image/jpeg,en
1300001,https://prc-symbiota.tacc.utexas.edu:443/symbiota/prc/images/_TEX/TEX00440419_lg.jpg,https://prc-symbiota.tacc.utexas.edu:443/symbiota/prc/images/_TEX/TEX00440419_lg.jpg,https://prc-symbiota.tacc.utexas.edu:443/symbiota/prc/images/_TEX/TEX00440419_tn.jpg,https://prc-symbiota.tacc.utexas.edu:443/symbiota/prc/images/_TEX/TEX00440419.jpg,,"University of Texas Herbarium (PRC-TEX)","CC0 1.0 (Public-domain)",http://creativecommons.org/publicdomain/zero/1.0/,,,urn:uuid:95c71826-99a7-456a-b10d-6208d6db2e6d,"2015-08-23 10:22:55",https://prc-symbiota.tacc.utexas.edu:443/collections/individual/index.php?occid=1300001,StillImage,Photograph,image/jpeg,en
1302879,https://prc-symbiota.tacc.utexas.edu:443/symbiota/prc/images/_TEX/TEX00443280_lg.jpg,https://prc-symbiota.tacc.utexas.edu:443/symbiota/prc/images/_TEX/TEX00443280_lg.jpg,https://prc-symbiota.tacc.utexas.edu:443/symbiota/prc/images/_TEX/TEX00443280_tn.jpg,https://prc-symbiota.tacc.utexas.edu:443/symbiota/prc/images/_TEX/TEX00443280.jpg,,"University of Texas Herbarium (PRC-TEX)","CC0 1.0 (Public-domain)",http://creativecommons.org/publicdomain/zero/1.0/,,,urn:uuid:f51314d7-4164-4a1a-8d39-2b4689ff2df0,"2015-08-26 04:36:03",https://prc-symbiota.tacc.utexas.edu:443/collections/individual/index.php?occid=1302879,StillImage,Photograph,image/jpeg,en
1302880,https://prc-symbiota.tacc.utexas.edu:443/symbiota/prc/images/_TEX/TEX00443281_lg.jpg,https://prc-symbiota.tacc.utexas.edu:443/symbiota/prc/images/_TEX/TEX00443281_lg.jpg,https://prc-symbiota.tacc.utexas.edu:443/symbiota/prc/images/_TEX/TEX00443281_tn.jpg,https://prc-symbiota.tacc.utexas.edu:443/symbiota/prc/images/_TEX/TEX00443281.jpg,,"University of Texas Herbarium (PRC-TEX)","CC0 1.0 (Public-domain)",http://creativecommons.org/publicdomain/zero/1.0/,,,urn:uuid:bb5ac9b0-8843-4aa9-a2ca-957f4e50d9b3,"2015-08-21 20:31:50",https://prc-symbiota.tacc.utexas.edu:443/collections/individual/index.php?occid=1302880,StillImage,Photograph,image/jpeg,en
1302881,https://prc-symbiota.tacc.utexas.edu:443/symbiota/prc/images/_TEX/TEX00443282_lg.jpg,https://prc-symbiota.tacc.utexas.edu:443/symbiota/prc/images/_TEX/TEX00443282_lg.jpg,https://prc-symbiota.tacc.utexas.edu:443/symbiota/prc/images/_TEX/TEX00443282_tn.jpg,https://prc-symbiota.tacc.utexas.edu:443/symbiota/prc/images/_TEX/TEX00443282.jpg,,"University of Texas Herbarium (PRC-TEX)","CC0 1.0 (Public-domain)",http://creativecommons.org/publicdomain/zero/1.0/,,,urn:uuid:098ec5a9-aa85-43b7-a8ae-2a43bda6a2ba,"2015-08-26 16:34:28",https://prc-symbiota.tacc.utexas.edu:443/collections/individual/index.php?occid=1302881,StillImage,Photograph,image/jpeg,en
1312413,https://prc-symbiota.tacc.utexas.edu:443/symbiota/prc/images/_TEX/TEX00454511_lg.jpg,https://prc-symbiota.tacc.utexas.edu:443/symbiota/prc/images/_TEX/TEX00454511_lg.jpg,https://prc-symbiota.tacc.utexas.edu:443/symbiota/prc/images/_TEX/TEX00454511_tn.jpg,https://prc-symbiota.tacc.utexas.edu:443/symbiota/prc/images/_TEX/TEX00454511.jpg,,"University of Texas Herbarium (PRC-TEX)","CC0 1.0 (Public-domain)",http://creativecommons.org/publicdomain/zero/1.0/,,,urn:uuid:fd57a0ab-fbce-46c0-8757-7c42ad5dc265,"2015-08-21 12:54:34",https://prc-symbiota.tacc.utexas.edu:443/collections/individual/index.php?occid=1312413,StillImage,Photograph,image/jpeg,en
1384701,https://prc-symbiota.tacc.utexas.edu:443/symbiota/prc/images/_LL/LL00305371_lg.jpg,https://prc-symbiota.tacc.utexas.edu:443/symbiota/prc/images/_LL/LL00305371_lg.jpg,https://prc-symbiota.tacc.utexas.edu:443/symbiota/prc/images/_LL/LL00305371_tn.jpg,https://prc-symbiota.tacc.utexas.edu:443/symbiota/prc/images/_LL/LL00305371.jpg,,"Lundell Herbarium (PRC-LL)","CC0 1.0 (Public-domain)",http://creativecommons.org/publicdomain/zero/1.0/,,,urn:uuid:ebc586ee-dc74-4512-ade7-1e0bc54d09c4,"2015-08-29 02:22:00",https://prc-symbiota.tacc.utexas.edu:443/collections/individual/index.php?occid=1384701,StillImage,Photograph,image/jpeg,en
1384702,https://prc-symbiota.tacc.utexas.edu:443/symbiota/prc/images/_LL/LL00305372_lg.jpg,https://prc-symbiota.tacc.utexas.edu:443/symbiota/prc/images/_LL/LL00305372_lg.jpg,https://prc-symbiota.tacc.utexas.edu:443/symbiota/prc/images/_LL/LL00305372_tn.jpg,https://prc-symbiota.tacc.utexas.edu:443/symbiota/prc/images/_LL/LL00305372.jpg,,"Lundell Herbarium (PRC-LL)","CC0 1.0 (Public-domain)",http://creativecommons.org/publicdomain/zero/1.0/,,,urn:uuid:62b0bff2-cb9a-487a-b399-2134255b323d,"2015-08-28 11:18:17",https://prc-symbiota.tacc.utexas.edu:443/collections/individual/index.php?occid=1384702,StillImage,Photograph,image/jpeg,en
1384703,https://prc-symbiota.tacc.utexas.edu:443/symbiota/prc/images/_LL/LL00305373_lg.jpg,https://prc-symbiota.tacc.utexas.edu:443/symbiota/prc/images/_LL/LL00305373_lg.jpg,https://prc-symbiota.tacc.utexas.edu:443/symbiota/prc/images/_LL/LL00305373_tn.jpg,https://prc-symbiota.tacc.utexas.edu:443/symbiota/prc/images/_LL/LL00305373.jpg,,"Lundell Herbarium (PRC-LL)","CC0 1.0 (Public-domain)",http://creativecommons.org/publicdomain/zero/1.0/,,,urn:uuid:3378f6f7-5934-4ce0-9abe-b3eb9a5cf13d,"2015-08-27 08:52:52",https://prc-symbiota.tacc.utexas.edu:443/collections/individual/index.php?occid=1384703,StillImage,Photograph,image/jpeg,en
1384704,https://prc-symbiota.tacc.utexas.edu:443/symbiota/prc/images/_LL/LL00305379_lg.jpg,https://prc-symbiota.tacc.utexas.edu:443/symbiota/prc/images/_LL/LL00305379_lg.jpg,https://prc-symbiota.tacc.utexas.edu:443/symbiota/prc/images/_LL/LL00305379_tn.jpg,https://prc-symbiota.tacc.utexas.edu:443/symbiota/prc/images/_LL/LL00305379.jpg,,"Lundell Herbarium (PRC-LL)","CC0 1.0 (Public-domain)",http://creativecommons.org/publicdomain/zero/1.0/,,,urn:uuid:ac27026f-6771-4a72-a2a4-2db80f438a45,"2015-08-28 17:40:48",https://prc-symbiota.tacc.utexas.edu:443/collections/individual/index.php?occid=1384704,StillImage,Photograph,image/jpeg,en
1384705,https://prc-symbiota.tacc.utexas.edu:443/symbiota/prc/images/_LL/LL00305390_lg.jpg,https://prc-symbiota.tacc.utexas.edu:443/symbiota/prc/images/_LL/LL00305390_lg.jpg,https://prc-symbiota.tacc.utexas.edu:443/symbiota/prc/images/_LL/LL00305390_tn.jpg,https://prc-symbiota.tacc.utexas.edu:443/symbiota/prc/images/_LL/LL00305390.jpg,,"Lundell Herbarium (PRC-LL)","CC0 1.0 (Public-domain)",http://creativecommons.org/publicdomain/zero/1.0/,,,urn:uuid:ae899476-ddb8-4892-ab2c-ca0d193af9ee,"2015-08-27 00:43:56",https://prc-symbiota.tacc.utexas.edu:443/collections/individual/index.php?occid=1384705,StillImage,Photograph,image/jpeg,en
1384706,https://prc-symbiota.tacc.utexas.edu:443/symbiota/prc/images/_LL/LL00305392_lg.jpg,https://prc-symbiota.tacc.utexas.edu:443/symbiota/prc/images/_LL/LL00305392_lg.jpg,https://prc-symbiota.tacc.utexas.edu:443/symbiota/prc/images/_LL/LL00305392_tn.jpg,https://prc-symbiota.tacc.utexas.edu:443/symbiota/prc/images/_LL/LL00305392.jpg,,"Lundell Herbarium (PRC-LL)","CC0 1.0 (Public-domain)",http://creativecommons.org/publicdomain/zero/1.0/,,,urn:uuid:7ac9a2a5-4591-491b-abf6-bcfa7a4844ab,"2015-08-27 22:03:33",https://prc-symbiota.tacc.utexas.edu:443/collections/individual/index.php?occid=1384706,StillImage,Photograph,image/jpeg,en
1384707,https://prc-symbiota.tacc.utexas.edu:443/symbiota/prc/images/_LL/LL00305405_lg.jpg,https://prc-symbiota.tacc.utexas.edu:443/symbiota/prc/images/_LL/LL00305405_lg.jpg,https://prc-symbiota.tacc.utexas.edu:443/symbiota/prc/images/_LL/LL00305405_tn.jpg,https://prc-symbiota.tacc.utexas.edu:443/symbiota/prc/images/_LL/LL00305405.jpg,,"Lundell Herbarium (PRC-LL)","CC0 1.0 (Public-domain)",http://creativecommons.org/publicdomain/zero/1.0/,,,urn:uuid:da74ebaf-1fb7-4c21-a680-6980e67069b6,"2015-08-27 10:30:09",https://prc-symbiota.tacc.utexas.edu:443/collections/individual/index.php?occid=1384707,StillImage,Photograph,image/jpeg,en
1384708,https://prc-symbiota.tacc.utexas.edu:443/symbiota/prc/images/_LL/LL00305406_lg.jpg,https://prc-symbiota.tacc.utexas.edu:443/symbiota/prc/images/_LL/LL00305406_lg.jpg,https://prc-symbiota.tacc.utexas.edu:443/symbiota/prc/images/_LL/LL00305406_tn.jpg,https://prc-symbiota.tacc.utexas.edu:443/symbiota/prc/images/_LL/LL00305406.jpg,,"Lundell Herbarium (PRC-LL)","CC0 1.0 (Public-domain)",http://creativecommons.org/publicdomain/zero/1.0/,,,urn:uuid:015594c6-a8ee-40f2-b684-36e84741715f,"2015-08-28 01:32:20",https://prc-symbiota.tacc.utexas.edu:443/collections/individual/index.php?occid=1384708,StillImage,Photograph,image/jpeg,en
1384709,https://prc-symbiota.tacc.utexas.edu:443/symbiota/prc/images/_LL/LL00305407_lg.jpg,https://prc-symbiota.tacc.utexas.edu:443/symbiota/prc/images/_LL/LL00305407_lg.jpg,https://prc-symbiota.tacc.utexas.edu:443/symbiota/prc/images/_LL/LL00305407_tn.jpg,https://prc-symbiota.tacc.utexas.edu:443/symbiota/prc/images/_LL/LL00305407.jpg,,"Lundell Herbarium (PRC-LL)","CC0 1.0 (Public-domain)",http://creativecommons.org/publicdomain/zero/1.0/,,,urn:uuid:cb1a9ca8-5afe-4709-b8be-a41468df5049,"2015-08-28 05:24:29",https://prc-symbiota.tacc.utexas.edu:443/collections/individual/index.php?occid=1384709,StillImage,Photograph,image/jpeg,en
1384710,https://prc-symbiota.tacc.utexas.edu:443/symbiota/prc/images/_LL/LL00305408_lg.jpg,https://prc-symbiota.tacc.utexas.edu:443/symbiota/prc/images/_LL/LL00305408_lg.jpg,https://prc-symbiota.tacc.utexas.edu:443/symbiota/prc/images/_LL/LL00305408_tn.jpg,https://prc-symbiota.tacc.utexas.edu:443/symbiota/prc/images/_LL/LL00305408.jpg,,"Lundell Herbarium (PRC-LL)","CC0 1.0 (Public-domain)",http://creativecommons.org/publicdomain/zero/1.0/,,,urn:uuid:593aecbb-0f31-4a2f-ad15-536df62e4fdc,"2015-08-27 11:45:20",https://prc-symbiota.tacc.utexas.edu:443/collections/individual/index.php?occid=1384710,StillImage,Photograph,image/jpeg,en
1384711,https://prc-symbiota.tacc.utexas.edu:443/symbiota/prc/images/_LL/LL00305412_lg.jpg,https://prc-symbiota.tacc.utexas.edu:443/symbiota/prc/images/_LL/LL00305412_lg.jpg,https://prc-symbiota.tacc.utexas.edu:443/symbiota/prc/images/_LL/LL00305412_tn.jpg,https://prc-symbiota.tacc.utexas.edu:443/symbiota/prc/images/_LL/LL00305412.jpg,,"Lundell Herbarium (PRC-LL)","CC0 1.0 (Public-domain)",http://creativecommons.org/publicdomain/zero/1.0/,,,urn:uuid:b5c6f553-e0a0-4e58-ac7f-10f97c901bd3,"2015-08-29 01:55:24",https://prc-symbiota.tacc.utexas.edu:443/collections/individual/index.php?occid=1384711,StillImage,Photograph,image/jpeg,en
1384712,https://prc-symbiota.tacc.utexas.edu:443/symbiota/prc/images/_LL/LL00305414_lg.jpg,https://prc-symbiota.tacc.utexas.edu:443/symbiota/prc/images/_LL/LL00305414_lg.jpg,https://prc-symbiota.tacc.utexas.edu:443/symbiota/prc/images/_LL/LL00305414_tn.jpg,https://prc-symbiota.tacc.utexas.edu:443/symbiota/prc/images/_LL/LL00305414.jpg,,"Lundell Herbarium (PRC-LL)","CC0 1.0 (Public-domain)",http://creativecommons.org/publicdomain/zero/1.0/,,,urn:uuid:5d0862ae-29bf-42b5-ae90-435406cc4b13,"2015-08-29 01:58:40",https://prc-symbiota.tacc.utexas.edu:443/collections/individual/index.php?occid=1384712,StillImage,Photograph,image/jpeg,en
1384713,https://prc-symbiota.tacc.utexas.edu:443/symbiota/prc/images/_LL/LL00305415_lg.jpg,https://prc-symbiota.tacc.utexas.edu:443/symbiota/prc/images/_LL/LL00305415_lg.jpg,https://prc-symbiota.tacc.utexas.edu:443/symbiota/prc/images/_LL/LL00305415_tn.jpg,https://prc-symbiota.tacc.utexas.edu:443/symbiota/prc/images/_LL/LL00305415.jpg,,"Lundell Herbarium (PRC-LL)","CC0 1.0 (Public-domain)",http://creativecommons.org/publicdomain/zero/1.0/,,,urn:uuid:73d7e7e0-ce69-4fb6-bdab-21b49d9c4074,"2015-08-27 04:54:56",https://prc-symbiota.tacc.utexas.edu:443/collections/individual/index.php?occid=1384713,StillImage,Photograph,image/jpeg,en
1384714,https://prc-symbiota.tacc.utexas.edu:443/symbiota/prc/images/_LL/LL00305416_lg.jpg,https://prc-symbiota.tacc.utexas.edu:443/symbiota/prc/images/_LL/LL00305416_lg.jpg,https://prc-symbiota.tacc.utexas.edu:443/symbiota/prc/images/_LL/LL00305416_tn.jpg,https://prc-symbiota.tacc.utexas.edu:443/symbiota/prc/images/_LL/LL00305416.jpg,,"Lundell Herbarium (PRC-LL)","CC0 1.0 (Public-domain)",http://creativecommons.org/publicdomain/zero/1.0/,,,urn:uuid:4b96c171-e5f3-4a19-889a-ac1e1cc2e7c4,"2015-08-27 05:53:52",https://prc-symbiota.tacc.utexas.edu:443/collections/individual/index.php?occid=1384714,StillImage,Photograph,image/jpeg,en
1384715,https://prc-symbiota.tacc.utexas.edu:443/symbiota/prc/images/_LL/LL00305419_lg.jpg,https://prc-symbiota.tacc.utexas.edu:443/symbiota/prc/images/_LL/LL00305419_lg.jpg,https://prc-symbiota.tacc.utexas.edu:443/symbiota/prc/images/_LL/LL00305419_tn.jpg,https://prc-symbiota.tacc.utexas.edu:443/symbiota/prc/images/_LL/LL00305419.jpg,,"Lundell Herbarium (PRC-LL)","CC0 1.0 (Public-domain)",http://creativecommons.org/publicdomain/zero/1.0/,,,urn:uuid:a297ed2e-44f9-4bad-85d1-4f0355b38032,"2015-08-28 07:57:15",https://prc-symbiota.tacc.utexas.edu:443/collections/individual/index.php?occid=1384715,StillImage,Photograph,image/jpeg,en
1384716,https://prc-symbiota.tacc.utexas.edu:443/symbiota/prc/images/_LL/LL00305425_lg.jpg,https://prc-symbiota.tacc.utexas.edu:443/symbiota/prc/images/_LL/LL00305425_lg.jpg,https://prc-symbiota.tacc.utexas.edu:443/symbiota/prc/images/_LL/LL00305425_tn.jpg,https://prc-symbiota.tacc.utexas.edu:443/symbiota/prc/images/_LL/LL00305425.jpg,,"Lundell Herbarium (PRC-LL)","CC0 1.0 (Public-domain)",http://creativecommons.org/publicdomain/zero/1.0/,,,urn:uuid:9c010d0d-60fc-4718-b189-a02410f1ffe2,"2015-08-27 23:03:42",https://prc-symbiota.tacc.utexas.edu:443/collections/individual/index.php?occid=1384716,StillImage,Photograph,image/jpeg,en
1384717,https://prc-symbiota.tacc.utexas.edu:443/symbiota/prc/images/_LL/LL00305426_lg.jpg,https://prc-symbiota.tacc.utexas.edu:443/symbiota/prc/images/_LL/LL00305426_lg.jpg,https://prc-symbiota.tacc.utexas.edu:443/symbiota/prc/images/_LL/LL00305426_tn.jpg,https://prc-symbiota.tacc.utexas.edu:443/symbiota/prc/images/_LL/LL00305426.jpg,,"Lundell Herbarium (PRC-LL)","CC0 1.0 (Public-domain)",http://creativecommons.org/publicdomain/zero/1.0/,,,urn:uuid:9fc2016e-584d-4be0-b605-b3ee67008e20,"2015-08-27 23:55:49",https://prc-symbiota.tacc.utexas.edu:443/collections/individual/index.php?occid=1384717,StillImage,Photograph,image/jpeg,en
1384718,https://prc-symbiota.tacc.utexas.edu:443/symbiota/prc/images/_LL/LL00305428_lg.jpg,https://prc-symbiota.tacc.utexas.edu:443/symbiota/prc/images/_LL/LL00305428_lg.jpg,https://prc-symbiota.tacc.utexas.edu:443/symbiota/prc/images/_LL/LL00305428_tn.jpg,https://prc-symbiota.tacc.utexas.edu:443/symbiota/prc/images/_LL/LL00305428.jpg,,"Lundell Herbarium (PRC-LL)","CC0 1.0 (Public-domain)",http://creativecommons.org/publicdomain/zero/1.0/,,,urn:uuid:462bb122-a4c8-4dcb-9cab-f190c6b90231,"2015-08-28 21:04:57",https://prc-symbiota.tacc.utexas.edu:443/collections/individual/index.php?occid=1384718,StillImage,Photograph,image/jpeg,en
1384719,https://prc-symbiota.tacc.utexas.edu:443/symbiota/prc/images/_LL/LL00305433_lg.jpg,https://prc-symbiota.tacc.utexas.edu:443/symbiota/prc/images/_LL/LL00305433_lg.jpg,https://prc-symbiota.tacc.utexas.edu:443/symbiota/prc/images/_LL/LL00305433_tn.jpg,https://prc-symbiota.tacc.utexas.edu:443/symbiota/prc/images/_LL/LL00305433.jpg,,"Lundell Herbarium (PRC-LL)","CC0 1.0 (Public-domain)",http://creativecommons.org/publicdomain/zero/1.0/,,,urn:uuid:41730ac1-9c2f-4318-9fb2-7c38229bb390,"2015-08-27 10:05:35",https://prc-symbiota.tacc.utexas.edu:443/collections/individual/index.php?occid=1384719,StillImage,Photograph,image/jpeg,en
1384720,https://prc-symbiota.tacc.utexas.edu:443/symbiota/prc/images/_LL/LL00305434_lg.jpg,https://prc-symbiota.tacc.utexas.edu:443/symbiota/prc/images/_LL/LL00305434_lg.jpg,https://prc-symbiota.tacc.utexas.edu:443/symbiota/prc/images/_LL/LL00305434_tn.jpg,https://prc-symbiota.tacc.utexas.edu:443/symbiota/prc/images/_LL/LL00305434.jpg,,"Lundell Herbarium (PRC-LL)","CC0 1.0 (Public-domain)",http://creativecommons.org/publicdomain/zero/1.0/,,,urn:uuid:b4a6dd67-84d0-4396-aac7-4b86e19458e2,"2015-08-27 22:40:53",https://prc-symbiota.tacc.utexas.edu:443/collections/individual/index.php?occid=1384720,StillImage,Photograph,image/jpeg,en
1384721,https://prc-symbiota.tacc.utexas.edu:443/symbiota/prc/images/_LL/LL00305435_lg.jpg,https://prc-symbiota.tacc.utexas.edu:443/symbiota/prc/images/_LL/LL00305435_lg.jpg,https://prc-symbiota.tacc.utexas.edu:443/symbiota/prc/images/_LL/LL00305435_tn.jpg,https://prc-symbiota.tacc.utexas.edu:443/symbiota/prc/images/_LL/LL00305435.jpg,,"Lundell Herbarium (PRC-LL)","CC0 1.0 (Public-domain)",http://creativecommons.org/publicdomain/zero/1.0/,,,urn:uuid:8dd91cce-6dab-4526-acb9-fe35d6412d01,"2015-08-27 19:51:28",https://prc-symbiota.tacc.utexas.edu:443/collections/individual/index.php?occid=1384721,StillImage,Photograph,image/jpeg,en
1384722,https://prc-symbiota.tacc.utexas.edu:443/symbiota/prc/images/_LL/LL00305439_lg.jpg,https://prc-symbiota.tacc.utexas.edu:443/symbiota/prc/images/_LL/LL00305439_lg.jpg,https://prc-symbiota.tacc.utexas.edu:443/symbiota/prc/images/_LL/LL00305439_tn.jpg,https://prc-symbiota.tacc.utexas.edu:443/symbiota/prc/images/_LL/LL00305439.jpg,,"Lundell Herbarium (PRC-LL)","CC0 1.0 (Public-domain)",http://creativecommons.org/publicdomain/zero/1.0/,,,urn:uuid:c30073bd-9b13-44f5-86cd-b2f70dc16762,"2015-08-27 01:07:04",https://prc-symbiota.tacc.utexas.edu:443/collections/individual/index.php?occid=1384722,StillImage,Photograph,image/jpeg,en
1412896,https://prc-symbiota.tacc.utexas.edu:443/symbiota/prc/images/_LL/LL00207543_lg.jpg,https://prc-symbiota.tacc.utexas.edu:443/symbiota/prc/images/_LL/LL00207543_lg.jpg,https://prc-symbiota.tacc.utexas.edu:443/symbiota/prc/images/_LL/LL00207543_tn.jpg,https://prc-symbiota.tacc.utexas.edu:443/symbiota/prc/images/_LL/LL00207543.jpg,,"Lundell Herbarium (PRC-LL)","CC0 1.0 (Public-domain)",http://creativecommons.org/publicdomain/zero/1.0/,,,urn:uuid:9d4b95bd-5487-432b-bb79-395dce122b84,"2015-08-27 01:06:46",https://prc-symbiota.tacc.utexas.edu:443/collections/individual/index.php?occid=1412896,StillImage,Photograph,image/jpeg,en
1414316,https://prc-symbiota.tacc.utexas.edu:443/symbiota/prc/images/_LL/LL00438191_lg.jpg,https://prc-symbiota.tacc.utexas.edu:443/symbiota/prc/images/_LL/LL00438191_lg.jpg,https://prc-symbiota.tacc.utexas.edu:443/symbiota/prc/images/_LL/LL00438191_tn.jpg,https://prc-symbiota.tacc.utexas.edu:443/symbiota/prc/images/_LL/LL00438191.jpg,,"Lundell Herbarium (PRC-LL)","CC0 1.0 (Public-domain)",http://creativecommons.org/publicdomain/zero/1.0/,,,urn:uuid:b87e7cc9-a51f-474d-b9d9-2edf40d28765,"2015-08-27 10:29:45",https://prc-symbiota.tacc.utexas.edu:443/collections/individual/index.php?occid=1414316,StillImage,Photograph,image/jpeg,en
