id,institutionCode,collectionCode,basisOfRecord,occurrenceID,catalogNumber,otherCatalogNumbers,kingdom,phylum,class,order,family,scientificName,scientificNameAuthorship,genus,specificEpithet,taxonRank,infraspecificEpithet,identifiedBy,dateIdentified,identificationReferences,identificationRemarks,taxonRemarks,identificationQualifier,typeStatus,recordedBy,recordedByID,associatedCollectors,recordNumber,eventDate,year,month,day,startDayOfYear,endDayOfYear,verbatimEventDate,occurrenceRemarks,habitat,substrate,verbatimAttributes,fieldNumber,informationWithheld,dataGeneralizations,dynamicProperties,associatedTaxa,reproductiveCondition,establishmentMeans,cultivationStatus,lifeStage,sex,individualCount,samplingProtocol,samplingEffort,preparations,country,stateProvince,county,municipality,locality,locationRemarks,localitySecurity,localitySecurityReason,decimalLatitude,decimalLongitude,geodeticDatum,coordinateUncertaintyInMeters,footprintWKT,verbatimCoordinates,georeferencedBy,georeferenceProtocol,georeferenceSources,georeferenceVerificationStatus,georeferenceRemarks,minimumElevationInMeters,maximumElevationInMeters,minimumDepthInMeters,maximumDepthInMeters,verbatimDepth,verbatimElevation,disposition,language,recordEnteredBy,modified,sourcePrimaryKey,collId,recordId,references
1213860,PRC,TEX,PreservedSpecimen,urn:uuid:34496618-5c06-42dd-bee4-1d349de87d68,TEX00305368,,Plantae,Pinophyta,Pinopsida,Pinales,Taxodiaceae,"Cryptomeria japonica","(L.f.) D. Don",Cryptomeria,japonica,,,,,,,,,,"R. A. Studhalter",,,3259,1910-12-27,1910,12,27,361,,,,"Imported from Japan.",,,,,,,,flowering=early,,1,,,,,,,"United States",Texas,BRAZORIA,,"Alvin, Japanese Nursery.",,0,,,,,,,,,,,,,,,,,,,,,,"2015-08-04 11:07:19",TEX00305368,1,urn:uuid:34496618-5c06-42dd-bee4-1d349de87d68,https://prc-symbiota.tacc.utexas.edu:443/collections/individual/index.php?occid=1213860
1213861,PRC,TEX,PreservedSpecimen,urn:uuid:f9509701-4f79-48ff-a5a4-94e5069d0541,TEX00305369,,Plantae,Pinophyta,Pinopsida,Pinales,Taxodiaceae,"Cryptomeria japonica","(L.f.) D. Don",Cryptomeria,japonica,,,,,,,,,,"R. A. Studhalter",,,3260,1910-12-27,1910,12,27,361,,,,"Imported from Japan.",,,,,,,,flowering=early,,1,,,,,,,"United States",Texas,BRAZORIA,,"Alvin, Japanese Nursery.",,0,,,,,,,,,,,,,,,,,,,,,,"2015-08-04 11:07:19",TEX00305369,1,urn:uuid:f9509701-4f79-48ff-a5a4-94e5069d0541,https://prc-symbiota.tacc.utexas.edu:443/collections/individual/index.php?occid=1213861
1213862,PRC,TEX,PreservedSpecimen,urn:uuid:459ce8aa-e32a-4bdf-a123-fa9116e8172b,TEX00305374,,Plantae,Pinophyta,Pinopsida,Pinales,Taxodiaceae,"Taxodium distichum","(L.) L.C. Rich.",Taxodium,distichum,,,"B. L. Turner",,,,,,,"James A. Mears",,,2465a,1968-04-15,1968,4,15,106,,,,"On hard rock shoal and sand filler; with Lesquerella recurvata.",,,,,,,,flowering=early,,0,,,,,,,"United States",Texas,Kerr,,"2.8 mi. E of Hunt, Tex. along Guadalupe River.",,0,,,,,,,,,,,,,,,,,,,,,,"2015-08-10 15:19:34",TEX00305374,1,urn:uuid:459ce8aa-e32a-4bdf-a123-fa9116e8172b,https://prc-symbiota.tacc.utexas.edu:443/collections/individual/index.php?occid=1213862
1213863,PRC,TEX,PreservedSpecimen,urn:uuid:845f8099-3824-4911-9287-dedeb661e3c9,TEX00305375,,Plantae,Pinophyta,Pinopsida,Pinales,Taxodiaceae,"Taxodium distichum","(L.) L.C. Rich.",Taxodium,distichum,,,"B. L. Turner",,,,,,,"W. L. Bray",,,281,1899-05-08,1899,5,8,128,,,,"Many trees still left on Guadalupe, etc.",,,,,,,,"flowering + fruiting=mid",,0,,,,,,,"United States",Texas,Kerr,,"Lacey's Ranch.",,0,,,,,,,,,,,,,,,,,,,,,,"2015-08-10 15:19:34",TEX00305375,1,urn:uuid:845f8099-3824-4911-9287-dedeb661e3c9,https://prc-symbiota.tacc.utexas.edu:443/collections/individual/index.php?occid=1213863
1213864,PRC,TEX,PreservedSpecimen,urn:uuid:f89531ab-7820-450a-8a15-48661daad950,TEX00305376,,Plantae,Pinophyta,Pinopsida,Pinales,Taxodiaceae,"Taxodium distichum","(L.) L.C. Rich.",Taxodium,distichum,,,"B. L. Turner",,,,,,,"V. L. Cory",,,43285,1943-09-12,1943,9,12,255,,,,,,,,,,,,flowering=early,,0,,,,,,,"United States",Texas,Real,,"Frio River at Leakey.",,0,,,,,,,,,,,,,,,,,,,,,,"2015-08-10 15:19:34",TEX00305376,1,urn:uuid:f89531ab-7820-450a-8a15-48661daad950,https://prc-symbiota.tacc.utexas.edu:443/collections/individual/index.php?occid=1213864
1213865,PRC,TEX,PreservedSpecimen,urn:uuid:92e2c2a7-2c33-40f6-a095-7b8061fa77ad,TEX00305377,,Plantae,Pinophyta,Pinopsida,Pinales,Taxodiaceae,"Taxodium distichum","(L.) L.C. Rich.",Taxodium,distichum,,,"B. L. Turner",,,,,,,"V. L. Cory",,,44465,1944-06-04,1944,6,4,156,,,,,,,,,,,,"flowering + fruiting=mid",,0,,,,,,,"United States",Texas,Real,,"Frio River at Leakey.",,0,,,,,,,,,,,,,,,,,,,,,,"2015-08-10 15:19:34",TEX00305377,1,urn:uuid:92e2c2a7-2c33-40f6-a095-7b8061fa77ad,https://prc-symbiota.tacc.utexas.edu:443/collections/individual/index.php?occid=1213865
1213866,PRC,TEX,PreservedSpecimen,urn:uuid:8a6441ce-ff91-4761-81d8-83b3aee08f5e,TEX00305378,,Plantae,Pinophyta,Pinopsida,Pinales,Taxodiaceae,"Taxodium distichum","(L.) L.C. Rich.",Taxodium,distichum,,,"B. L. Turner",,,,,,,"V. L. Cory",,,s.n.,1940-04-29,1940,4,29,120,,,,,,,,,,,,flowering=early,,0,,,,,,,"United States",Texas,Bandera,,"Bandera Co., Texas.",,0,,,,,,,,,,,,,,,,,,,,,,"2015-08-10 15:19:34",TEX00305378,1,urn:uuid:8a6441ce-ff91-4761-81d8-83b3aee08f5e,https://prc-symbiota.tacc.utexas.edu:443/collections/individual/index.php?occid=1213866
1213867,PRC,TEX,PreservedSpecimen,urn:uuid:1c4cdc13-feae-4580-954b-0c22d5f50d08,TEX00305380,,Plantae,Pinophyta,Pinopsida,Pinales,Taxodiaceae,"Taxodium distichum","(L.) L.C. Rich.",Taxodium,distichum,,,"B. L. Turner",,,,,,,"B. L. and Matt Turner",,,98-251,1998-06-14,1998,6,14,165,,,,"River banks in calcareous soil. Tree along stream.",,,,,,,,"flowering + fruiting=mid",,0,,,,,,,"United States",Texas,Medina,,"Along Medina River, 1.5 mi. south of Castroville.",,0,,,,,,,,,,,,,,,,,,,,,,"2015-08-10 15:19:34",TEX00305380,1,urn:uuid:1c4cdc13-feae-4580-954b-0c22d5f50d08,https://prc-symbiota.tacc.utexas.edu:443/collections/individual/index.php?occid=1213867
1213868,PRC,TEX,PreservedSpecimen,urn:uuid:9edcf34e-b477-4e23-951d-75f5b25bf168,TEX00305381,,Plantae,Pinophyta,Pinopsida,Pinales,Taxodiaceae,"Taxodium distichum","(L.) L.C. Rich.",Taxodium,distichum,,,"B. L. Turner",,,,,,,"B. C. Tharp",,,s.n.,1931-04-19,1931,4,19,109,,,,,,,,,,,,"flowering + fruiting=mid",,0,,,,,,,"United States",Texas,Bexar,,"San Antonio River.",,0,,,,,,,,,,,,,,,,,,,,,,"2015-08-10 15:19:34",TEX00305381,1,urn:uuid:9edcf34e-b477-4e23-951d-75f5b25bf168,https://prc-symbiota.tacc.utexas.edu:443/collections/individual/index.php?occid=1213868
1213869,PRC,TEX,PreservedSpecimen,urn:uuid:62aefa33-f471-460d-960b-4c2493ab0d45,TEX00305382,,Plantae,Pinophyta,Pinopsida,Pinales,Taxodiaceae,"Taxodium distichum","(L.) L.C. Rich.",Taxodium,distichum,,,"B. L. Turner",,,,,,,"B. C. Tharp",,,s.n.,1940-08-20,1940,8,20,233,,,,,,,,,,,,flowering=early,,0,,,,,,,"United States",Texas,TRAVIS,,"Austin, Texas.",,0,,,,,,,,,,,,,,,,,,,,,,"2015-08-10 15:19:34",TEX00305382,1,urn:uuid:62aefa33-f471-460d-960b-4c2493ab0d45,https://prc-symbiota.tacc.utexas.edu:443/collections/individual/index.php?occid=1213869
1213870,PRC,TEX,PreservedSpecimen,urn:uuid:b3352fe2-ade3-44cf-baf7-7cc322056d0b,TEX00305383,,Plantae,Pinophyta,Pinopsida,Pinales,Taxodiaceae,"Taxodium distichum","(L.) L.C. Rich.",Taxodium,distichum,,,"B. L. Turner",,,,,,,"C. M. Rogers",,,6530,1948-10-08,1948,10,8,282,,,,"Local in seepage from Travis Peak Sandstone.",,,,,,,,flowering=early,,0,,,,,,,"United States",Texas,TRAVIS,,"Near Travis Lake, two miles south of Travis Peak.",,0,,,,,,,,,,,,,,,,,,,,,,"2015-08-10 15:19:34",TEX00305383,1,urn:uuid:b3352fe2-ade3-44cf-baf7-7cc322056d0b,https://prc-symbiota.tacc.utexas.edu:443/collections/individual/index.php?occid=1213870
1213871,PRC,TEX,PreservedSpecimen,urn:uuid:dc74e4f7-ed2f-4626-9faf-352d67833003,TEX00305384,,Plantae,Pinophyta,Pinopsida,Pinales,Taxodiaceae,"Taxodium distichum","(L.) L.C. Rich.",Taxodium,distichum,,,"B. L. Turner",,,,,,,"B. C. Tharp",,,s.n.,1935-05-19,1935,5,19,139,,,,,,,,,,,,flowering=early,,0,,,,,,,"United States",Texas,TRAVIS,,Austin.,,0,,,,,,,,,,,,,,,,,,,,,,"2015-08-10 15:19:34",TEX00305384,1,urn:uuid:dc74e4f7-ed2f-4626-9faf-352d67833003,https://prc-symbiota.tacc.utexas.edu:443/collections/individual/index.php?occid=1213871
1213872,PRC,TEX,PreservedSpecimen,urn:uuid:92ffffd2-1a7e-4f25-a55f-507266f3a6bf,TEX00305385,,Plantae,Pinophyta,Pinopsida,Pinales,Taxodiaceae,"Taxodium distichum","(L.) L.C. Rich.",Taxodium,distichum,,,"B. L. Turner",,,,,,,"McKee & Wesley",,,3909,,,,,,,Jul-11,,,,,,,,,,flowering=early,,0,,,,,,,"United States",Texas,TRAVIS,,"Capitol grounds.",,0,,,,,,,,,,,,,,,,,,,,,,"2015-08-10 15:19:34",TEX00305385,1,urn:uuid:92ffffd2-1a7e-4f25-a55f-507266f3a6bf,https://prc-symbiota.tacc.utexas.edu:443/collections/individual/index.php?occid=1213872
1213873,PRC,TEX,PreservedSpecimen,urn:uuid:ca4c9b81-9a4e-46c2-abc8-d155b6611522,TEX00305386,,Plantae,Pinophyta,Pinopsida,Pinales,Taxodiaceae,"Taxodium distichum","(L.) L.C. Rich.",Taxodium,distichum,,,"B. L. Turner",,,,,,,"Barton H. Warnock",,,46093,1946-03-31,1946,3,31,90,,,,"Infrequent along Onion Creek in limy soil.",,,,,,,,flowering=early,,0,,,,,,,"United States",Texas,TRAVIS,,"Along Onion Creek about 10 miles southeast of Austin.",,0,,,,,,,,,,,,,,,,,,,,,,"2015-08-10 15:19:34",TEX00305386,1,urn:uuid:ca4c9b81-9a4e-46c2-abc8-d155b6611522,https://prc-symbiota.tacc.utexas.edu:443/collections/individual/index.php?occid=1213873
1213874,PRC,TEX,PreservedSpecimen,urn:uuid:13e138ac-be63-44e3-b8c2-7ff4b6e22144,TEX00305387,,Plantae,Pinophyta,Pinopsida,Pinales,Taxodiaceae,"Taxodium distichum","(L.) L.C. Rich.",Taxodium,distichum,,,"B. L. Turner",,,,,,,"Y. & W.",,,72,1908-10-03,1908,10,3,277,,,,,,,,,,,,"flowering + fruiting=mid",,0,,,,,,,"United States",Texas,TRAVIS,,"Near Barton Spring, Austin.",,0,,,,,,,,,,,,,,,,,,,,,,"2015-08-10 15:19:34",TEX00305387,1,urn:uuid:13e138ac-be63-44e3-b8c2-7ff4b6e22144,https://prc-symbiota.tacc.utexas.edu:443/collections/individual/index.php?occid=1213874
1213875,PRC,TEX,PreservedSpecimen,urn:uuid:716701b4-4ec9-4db0-8524-8ffb4a490437,TEX00305388,,Plantae,Pinophyta,Pinopsida,Pinales,Taxodiaceae,"Taxodium distichum","(L.) L.C. Rich.",Taxodium,distichum,,,"B. L. Turner",,,,,,,"H. H. York",,,s.n.,1907-00-00,1907,0,0,,,1907,,,,,,,,,,flowering=early,,0,,,,,,,"United States",Texas,TRAVIS,,"Austin, Texas.",,0,,,,,,,,,,,,,,,,,,,,,,"2015-08-10 15:19:34",TEX00305388,1,urn:uuid:716701b4-4ec9-4db0-8524-8ffb4a490437,https://prc-symbiota.tacc.utexas.edu:443/collections/individual/index.php?occid=1213875
1213876,PRC,TEX,PreservedSpecimen,urn:uuid:38a4f29e-4684-480e-a210-bcc99eea737b,TEX00305389,,Plantae,Pinophyta,Pinopsida,Pinales,Taxodiaceae,"Taxodium distichum","(L.) L.C. Rich.",Taxodium,distichum,,,"B. L. Turner",,,,,,,"Brother Daniel Lynch, C.S.C.",,,s.n.,1954-07-05,1954,7,5,186,,,,"Tree on soil over limestone along Onion Creek.",,,,,,,,"flowering + fruiting=mid",,0,,,,,,,"United States",Texas,TRAVIS,,"Jct. of Onion and Williamson Creeks at McKinney Falls.",,0,,,,,,,,,,,,,,,,,,,,,,"2015-08-10 15:19:34",TEX00305389,1,urn:uuid:38a4f29e-4684-480e-a210-bcc99eea737b,https://prc-symbiota.tacc.utexas.edu:443/collections/individual/index.php?occid=1213876
1213877,PRC,TEX,PreservedSpecimen,urn:uuid:3c55a0cc-c312-4e12-a45c-e970e80e0845,TEX00305391,,Plantae,Pinophyta,Pinopsida,Pinales,Taxodiaceae,"Taxodium distichum","(L.) L.C. Rich.",Taxodium,distichum,,,"B. L. Turner",,,,,,,"M. Bierner",,,90-135,1990-07-29,1990,7,29,210,,,,,,,,,,,,"flowering + fruiting=mid",,0,,,,,,,"United States",Texas,TRAVIS,,"Austin, at edge of Town Lake just off 1st Street, E of Lamar.",,0,,,,,,,,,,,,,,,,,,,,,,"2015-08-10 15:19:34",TEX00305391,1,urn:uuid:3c55a0cc-c312-4e12-a45c-e970e80e0845,https://prc-symbiota.tacc.utexas.edu:443/collections/individual/index.php?occid=1213877
1213878,PRC,TEX,PreservedSpecimen,urn:uuid:89518e70-6752-4f45-aae0-8d7480e4e34b,TEX00305393,,Plantae,Pinophyta,Pinopsida,Pinales,Taxodiaceae,"Taxodium distichum","(L.) L.C. Rich.",Taxodium,distichum,,,"B. L. Turner",,,,,,,"B. C. Tharp et. al.",,,51-952,1951-06-02,1951,6,2,153,,,,,,,,,,,,"flowering + fruiting=mid",,0,,,,,,,"United States",Texas,TRAVIS,,"Watkins Ranch in NW Travis County above Cow Creek on Lake Travis.",,0,,,,,,,,,,,,,,,,,,,,,,"2015-08-10 15:19:34",TEX00305393,1,urn:uuid:89518e70-6752-4f45-aae0-8d7480e4e34b,https://prc-symbiota.tacc.utexas.edu:443/collections/individual/index.php?occid=1213878
1213879,PRC,TEX,PreservedSpecimen,urn:uuid:da776ed8-f4f1-4f68-92d2-a75ac2c76f7e,TEX00305394,,Plantae,Pinophyta,Pinopsida,Pinales,Taxodiaceae,"Taxodium distichum","(L.) L.C. Rich.",Taxodium,distichum,,,"B. L. Turner",,,,,,,"W. H. Kellogg",,,7,1940-08-13,1940,8,13,226,,,,,,,,,,,,flowering=early,,0,,,,,,,"United States",Texas,Comal,,Hancock.,,0,,,,,,,,,,,,,,,,,,,,,,"2015-08-10 15:19:34",TEX00305394,1,urn:uuid:da776ed8-f4f1-4f68-92d2-a75ac2c76f7e,https://prc-symbiota.tacc.utexas.edu:443/collections/individual/index.php?occid=1213879
1213880,PRC,TEX,PreservedSpecimen,urn:uuid:6304c701-b2d8-450c-8d77-a31b325c99c1,TEX00305395,,Plantae,Pinophyta,Pinopsida,Pinales,Taxodiaceae,"Taxodium distichum","(L.) L.C. Rich.",Taxodium,distichum,,,"B. L. Turner",,,,,,,Lindheimer,,,1198,1850-07-00,1850,7,0,,,"July 1850",,,,,,,,,,flowering=early,,0,,,,,,,"United States",Texas,Comal,,"Comanche Spring: New Braunfels.",,0,,,,,,,,,,,,,,,,,,,,,,"2015-08-10 15:19:34",TEX00305395,1,urn:uuid:6304c701-b2d8-450c-8d77-a31b325c99c1,https://prc-symbiota.tacc.utexas.edu:443/collections/individual/index.php?occid=1213880
1213881,PRC,TEX,PreservedSpecimen,urn:uuid:58fdbeaf-c95c-4f58-9c79-78c8eabd23ba,TEX00305396,,Plantae,Pinophyta,Pinopsida,Pinales,Taxodiaceae,"Taxodium distichum","(L.) L.C. Rich.",Taxodium,distichum,,,"B. L. Turner",,,,,,,"Keith Peterson",,,108,1964-04-17,1964,4,17,108,,,,"Heavy, moist soil, near ponds.",,,,,,,,"flowering + fruiting=mid",,0,,,,,,,"United States",Texas,Hays,,"San Marcos. Federal fish hatchery.",,0,,,,,,,,,,,,,,,,,,,,,,"2015-08-10 15:19:34",TEX00305396,1,urn:uuid:58fdbeaf-c95c-4f58-9c79-78c8eabd23ba,https://prc-symbiota.tacc.utexas.edu:443/collections/individual/index.php?occid=1213881
1213882,PRC,TEX,PreservedSpecimen,urn:uuid:cf463e0f-605c-459d-b6e6-78abf4e617d3,TEX00305397,,Plantae,Pinophyta,Pinopsida,Pinales,Taxodiaceae,"Taxodium distichum","(L.) L.C. Rich.",Taxodium,distichum,,,"B. L. Turner",,,,,,,"Paul Ohlenbusch",,,140,1963-04-15,1963,4,15,105,,,,,,,,,,,,flowering=early,,0,,,,,,,"United States",Texas,Hays,,"San Marcos River at Spring Lake dam.",,0,,,,,,,,,,,,,,,,,,,,,,"2015-08-10 15:19:34",TEX00305397,1,urn:uuid:cf463e0f-605c-459d-b6e6-78abf4e617d3,https://prc-symbiota.tacc.utexas.edu:443/collections/individual/index.php?occid=1213882
1213883,PRC,TEX,PreservedSpecimen,urn:uuid:c4e37fe3-1bd3-4fcc-b2ab-e8c4e26f6e34,TEX00305398,,Plantae,Pinophyta,Pinopsida,Pinales,Taxodiaceae,"Taxodium distichum","(L.) L.C. Rich.",Taxodium,distichum,,,"B. L. Turner",,,,,,,"Lynn Bluhm",,,s.n.,1963-04-20,1963,4,20,110,,,,"Good soil, moist.",,,,,,,,"flowering + fruiting=mid",,0,,,,,,,"United States",Texas,Hays,,"San Marcos Fish Hatchery.",,0,,,,,,,,,,,,,,,,,,,,,,"2015-08-10 15:19:34",TEX00305398,1,urn:uuid:c4e37fe3-1bd3-4fcc-b2ab-e8c4e26f6e34,https://prc-symbiota.tacc.utexas.edu:443/collections/individual/index.php?occid=1213883
1213884,PRC,TEX,PreservedSpecimen,urn:uuid:6952cc53-54d2-493d-97a3-dd190b850049,TEX00305399,,Plantae,Pinophyta,Pinopsida,Pinales,Taxodiaceae,"Taxodium distichum","(L.) L.C. Rich.",Taxodium,distichum,,,"B. L. Turner",,,,,,,"James A. Mears",,,612,1966-07-25,1966,7,25,206,,,,"Fairly common large trees in the water.",,,,,,,,flowering=early,,0,,,,,,,"United States",Texas,Hays,,"In the water at Onion Creek where Interstate overpasses.",,0,,,,,,,,,,,,,,,,,,,,,,"2015-08-10 15:19:34",TEX00305399,1,urn:uuid:6952cc53-54d2-493d-97a3-dd190b850049,https://prc-symbiota.tacc.utexas.edu:443/collections/individual/index.php?occid=1213884
1213885,PRC,TEX,PreservedSpecimen,urn:uuid:51267408-bccb-485d-88f6-8182aebb6cd3,TEX00305400,,Plantae,Pinophyta,Pinopsida,Pinales,Taxodiaceae,"Taxodium distichum","(L.) L.C. Rich.",Taxodium,distichum,,,"B. L. Turner",,,,,,,"Grady L. Webster",,,13770,1965-07-28,1965,7,28,209,,,,"Common tree, ca. 15 m. high.",,,,,,,,"flowering + fruiting=mid",,0,,,,,,,"United States",Texas,Hays,,"Along banks of Cypress Creek, ca. 0.5 mi. upstream from Wimberley. Elev. ca. 1000 ft.",,0,,30.033333,-98.116667,,,,"30d 2m N; 98d 7m",,"1=present on sheet",,,,,,,,,,,,,"2015-08-10 15:19:34",TEX00305400,1,urn:uuid:51267408-bccb-485d-88f6-8182aebb6cd3,https://prc-symbiota.tacc.utexas.edu:443/collections/individual/index.php?occid=1213885
1213886,PRC,TEX,PreservedSpecimen,urn:uuid:5ab6106e-6f06-4f74-a42c-88a75ca878bf,TEX00305401,,Plantae,Pinophyta,Pinopsida,Pinales,Taxodiaceae,"Taxodium distichum","(L.) L.C. Rich.",Taxodium,distichum,,,"B. L. Turner",,,,,,,"Don Chesser",,,s.n.,1964-05-11,1964,5,11,132,,,,,,,,,,,,"flowering + fruiting=mid",,0,,,,,,,"United States",Texas,Hays,,"On edge of Spring Lake.",,0,,,,,,,,,,,,,,,,,,,,,,"2015-08-10 15:19:34",TEX00305401,1,urn:uuid:5ab6106e-6f06-4f74-a42c-88a75ca878bf,https://prc-symbiota.tacc.utexas.edu:443/collections/individual/index.php?occid=1213886
1213887,PRC,TEX,PreservedSpecimen,urn:uuid:606ac820-34c8-4b94-88fc-0e8710343014,TEX00305402,,Plantae,Pinophyta,Pinopsida,Pinales,Taxodiaceae,"Taxodium distichum","(L.) L.C. Rich.",Taxodium,distichum,,,"B. L. Turner",,,,,,,"H. H. Duval",,,154,,,,,,,"[no date]",,,,,,,,,,"flowering + fruiting=mid",,0,,,,,,,"United States",Texas,Bastrop,,"Along river edge.",,0,,,,,,,,,,,,,,,,,,,,,,"2015-08-10 15:19:34",TEX00305402,1,urn:uuid:606ac820-34c8-4b94-88fc-0e8710343014,https://prc-symbiota.tacc.utexas.edu:443/collections/individual/index.php?occid=1213887
1213888,PRC,TEX,PreservedSpecimen,urn:uuid:59905cce-3cbe-4c2d-96c8-6982fdd94c68,TEX00305403,,Plantae,Pinophyta,Pinopsida,Pinales,Taxodiaceae,"Taxodium distichum","(L.) L.C. Rich.",Taxodium,distichum,,,"B. L. Turner",,,,,,,"Miss Riedel",,,s.n.,1942-05-10,1942,5,10,130,,,,,,,,,,,,"flowering + fruiting=mid",,0,,,,,,,"United States",Texas,"De Witt",,"Western De Witt County.",,0,,,,,,,,,,,,,,,,,,,,,,"2015-08-10 15:19:34",TEX00305403,1,urn:uuid:59905cce-3cbe-4c2d-96c8-6982fdd94c68,https://prc-symbiota.tacc.utexas.edu:443/collections/individual/index.php?occid=1213888
1213889,PRC,TEX,PreservedSpecimen,urn:uuid:3f0e9e41-1519-4d3c-9dcf-0002993c3936,TEX00305404,,Plantae,Pinophyta,Pinopsida,Pinales,Taxodiaceae,"Taxodium distichum","(L.) L.C. Rich.",Taxodium,distichum,,,"B. L. Turner",,,,,,,"E. McClung",,,s.n.,1926-08-30,1926,8,30,242,,,,,,,,,,,,flowering=early,,0,,,,,,,"United States",Texas,Cass,,"Cass Co.",,0,,,,,,,,,,,,,,,,,,,,,,"2015-08-10 15:19:34",TEX00305404,1,urn:uuid:3f0e9e41-1519-4d3c-9dcf-0002993c3936,https://prc-symbiota.tacc.utexas.edu:443/collections/individual/index.php?occid=1213889
1213890,PRC,TEX,PreservedSpecimen,urn:uuid:71290761-f0ea-4378-bca0-045dadf56291,TEX00305409,,Plantae,Pinophyta,Pinopsida,Pinales,Taxodiaceae,"Taxodium distichum","(L.) L.C. Rich.",Taxodium,distichum,,,"B. L. Turner",,,,,,,"C. L. York",,,s.n.,1939-00-00,1939,0,0,,,"Summer 1939",,,,,,,,,,flowering=early,,0,,,,,,,"United States",Texas,Gregg,,"Southeastern part of county along Cherokee Bayou.",,0,,,,,,,,,,,,,,,,,,,,,,"2015-08-10 15:19:34",TEX00305409,1,urn:uuid:71290761-f0ea-4378-bca0-045dadf56291,https://prc-symbiota.tacc.utexas.edu:443/collections/individual/index.php?occid=1213890
1213891,PRC,TEX,PreservedSpecimen,urn:uuid:5cb75504-4f12-45c8-af9a-26618ddfc385,TEX00305410,,Plantae,Pinophyta,Pinopsida,Pinales,Taxodiaceae,"Taxodium distichum","(L.) L.C. Rich.",Taxodium,distichum,,,"B. L. Turner",,,,,,,"Effie Boon",,,s.n.,1934-08-12,1934,8,12,224,,,,,,,,,,,,flowering=early,,0,,,,,,,"United States",Texas,Angelina,,"Angelina River.",,0,,,,,,,,,,,,,,,,,,,,,,"2015-08-10 15:19:34",TEX00305410,1,urn:uuid:5cb75504-4f12-45c8-af9a-26618ddfc385,https://prc-symbiota.tacc.utexas.edu:443/collections/individual/index.php?occid=1213891
1213892,PRC,TEX,PreservedSpecimen,urn:uuid:7e730da4-a687-4438-a871-0a7c2fd9e4f0,TEX00305411,,Plantae,Pinophyta,Pinopsida,Pinales,Taxodiaceae,"Taxodium distichum","(L.) L.C. Rich.",Taxodium,distichum,,,"B. L. Turner",,,,,,,"E. D. Marshall",,,8707,1947-09-26,1947,9,26,269,,,,,,,,,,,,flowering=early,,0,,,,,,,"United States",Texas,Jasper,,"Edge of slough, Jasper Co.",,0,,,,,,,,,,,,,,,,,,,,,,"2015-08-10 15:19:34",TEX00305411,1,urn:uuid:7e730da4-a687-4438-a871-0a7c2fd9e4f0,https://prc-symbiota.tacc.utexas.edu:443/collections/individual/index.php?occid=1213892
1213893,PRC,TEX,PreservedSpecimen,urn:uuid:99576c0d-e76d-416c-b2ac-e57f1f903fe2,TEX00305413,,Plantae,Pinophyta,Pinopsida,Pinales,Taxodiaceae,"Taxodium distichum","(L.) L.C. Rich.",Taxodium,distichum,,,"B. L. Turner",,,,,,,"Bray & Ferguson",,,731,1901-10-26,1901,10,26,299,,,,,,,,,,,,"flowering + fruiting=mid",,0,,,,,,,"United States",Texas,Montgomery,,"Near New Caney.",,0,,,,,,,,,,,,,,,,,,,,,,"2015-08-10 15:19:53",TEX00305413,1,urn:uuid:99576c0d-e76d-416c-b2ac-e57f1f903fe2,https://prc-symbiota.tacc.utexas.edu:443/collections/individual/index.php?occid=1213893
1213894,PRC,TEX,PreservedSpecimen,urn:uuid:faa47e05-064f-4a2c-83b2-d72f23b388c1,TEX00305417,,Plantae,Pinophyta,Pinopsida,Pinales,Taxodiaceae,"Taxodium distichum","(L.) L.C. Rich.",Taxodium,distichum,,,"B. L. Turner",,,,,,,"Eula Whitehouse",,,s.n.,1933-07-15,1933,7,15,196,,,,,,,,,,,,flowering=early,,0,,,,,,,"United States",Texas,Wharton,,"San Bernard River.",,0,,,,,,,,,,,,,,,,,,,,,,"2015-08-10 15:19:53",TEX00305417,1,urn:uuid:faa47e05-064f-4a2c-83b2-d72f23b388c1,https://prc-symbiota.tacc.utexas.edu:443/collections/individual/index.php?occid=1213894
1213895,PRC,TEX,PreservedSpecimen,urn:uuid:da3ffb89-b009-4fc0-a32f-272caf8f7f90,TEX00305418,,Plantae,Pinophyta,Pinopsida,Pinales,Taxodiaceae,"Taxodium distichum","(L.) L.C. Rich.",Taxodium,distichum,,,"B. L. Turner",,,,,,,"R. A. Studhalter",,,3981,1911-09-12,1911,9,12,255,,,,,,,,,,,,flowering=early,,0,,,,,,,"United States",Texas,Harris,,Houston.,,0,,,,,,,,,,,,,,,,,,,,,,"2015-08-10 15:19:53",TEX00305418,1,urn:uuid:da3ffb89-b009-4fc0-a32f-272caf8f7f90,https://prc-symbiota.tacc.utexas.edu:443/collections/individual/index.php?occid=1213895
1213896,PRC,TEX,PreservedSpecimen,urn:uuid:aceabc16-a5a6-4dca-8535-fcd47410f0ec,TEX00305420,,Plantae,Pinophyta,Pinopsida,Pinales,Taxodiaceae,"Taxodium distichum","(L.) L.C. Rich.",Taxodium,distichum,,,"B. L. Turner",,,,,,,"R. A. Studhalter",,,4206,1911-09-23,1911,9,23,266,,,,,,,,,,,,"flowering + fruiting=mid",,0,,,,,,,"United States",Texas,Harris,,Houston.,,0,,,,,,,,,,,,,,,,,,,,,,"2015-08-10 15:19:53",TEX00305420,1,urn:uuid:aceabc16-a5a6-4dca-8535-fcd47410f0ec,https://prc-symbiota.tacc.utexas.edu:443/collections/individual/index.php?occid=1213896
1213897,PRC,TEX,PreservedSpecimen,urn:uuid:60bf24ed-2642-431e-9058-87724efe3ae7,TEX00305421,,Plantae,Pinophyta,Pinopsida,Pinales,Taxodiaceae,"Taxodium distichum","(L.) L.C. Rich.",Taxodium,distichum,,,"B. L. Turner",,,,,,,"R. A. Studhalter",,,4095,1911-09-16,1911,9,16,259,,,,,,,,,,,,"flowering + fruiting=mid",,0,,,,,,,"United States",Texas,Harris,,"Houston. Sam Houston Park.",,0,,,,,,,,,,,,,,,,,,,,,,"2015-08-10 15:19:53",TEX00305421,1,urn:uuid:60bf24ed-2642-431e-9058-87724efe3ae7,https://prc-symbiota.tacc.utexas.edu:443/collections/individual/index.php?occid=1213897
1213898,PRC,TEX,PreservedSpecimen,urn:uuid:99119eb5-792a-4e75-9ce6-1c908d7d48e7,TEX00305422,,Plantae,Pinophyta,Pinopsida,Pinales,Taxodiaceae,"Taxodium distichum","(L.) L.C. Rich.",Taxodium,distichum,,,"B. L. Turner",,,,,,,"B. C. Tharp",,,s.n.,1940-11-03,1940,11,3,308,,,,,,,,,,,,"flowering + fruiting=mid",,0,,,,,,,"United States",Texas,Polk,,"Livingston, Liberty, Tex.",,0,,,,,,,,,,,,,,,,,,,,,,"2015-08-10 15:19:53",TEX00305422,1,urn:uuid:99119eb5-792a-4e75-9ce6-1c908d7d48e7,https://prc-symbiota.tacc.utexas.edu:443/collections/individual/index.php?occid=1213898
1213899,PRC,TEX,PreservedSpecimen,urn:uuid:4046b8d1-2aa0-4ae0-a13a-19b046e565c0,TEX00305423,,Plantae,Pinophyta,Pinopsida,Pinales,Taxodiaceae,"Taxodium distichum","(L.) L.C. Rich.",Taxodium,distichum,,,"B. L. Turner",,,,,,,"F. R. Waller, J. Bauml",,,3327,1974-11-21,1974,11,21,325,,,,"Few, scattered small trees apparently escaped from cultivation.",,,,,,,,flowering=early,,0,,,,,,,"United States",Texas,Galveston,,"Sandy woodlands on south end of Galveston County Park, north side of League City on S. H. 3.",,0,,,,,,,,,,,,,,,,,,,,,,"2015-08-10 15:19:53",TEX00305423,1,urn:uuid:4046b8d1-2aa0-4ae0-a13a-19b046e565c0,https://prc-symbiota.tacc.utexas.edu:443/collections/individual/index.php?occid=1213899
1213900,PRC,TEX,PreservedSpecimen,urn:uuid:64777f26-fd7f-4e02-aee0-4b25af77026b,TEX00305424,,Plantae,Pinophyta,Pinopsida,Pinales,Taxodiaceae,"Taxodium distichum","(L.) L.C. Rich.",Taxodium,distichum,,,"B. L. Turner",,,,,,,"R. L. West",,,107,1966-10-01,1966,10,1,274,,,,,,,,,,,,flowering=early,,0,,,,,,,"United States",Texas,Jefferson,,"J. D. Murphree Wildlife Mgt. area; 1-10 miles SW of Port Arthur. Wildlife Reservoir Bank.",,0,,,,,,,,,,,,,,,,,,,,,,"2015-08-10 15:19:53",TEX00305424,1,urn:uuid:64777f26-fd7f-4e02-aee0-4b25af77026b,https://prc-symbiota.tacc.utexas.edu:443/collections/individual/index.php?occid=1213900
1213901,PRC,TEX,PreservedSpecimen,urn:uuid:eb93b5ac-7d59-496a-9000-777d0d171223,TEX00305427,,Plantae,Pinophyta,Pinopsida,Pinales,Taxodiaceae,"Taxodium mucronatum",Ten.,Taxodium,mucronatum,,,"B. L. Turner",,,,,,,"H. B. Parks",,,R1806,1940-03-04,1940,3,4,64,,,,,,,,,,,,"flowering + fruiting=mid",,0,,,,,,,"United States",Texas,Hidalgo,,Abram.,,0,,,,,,,,,,,,,,,,,,,,,,"2015-08-10 15:19:53",TEX00305427,1,urn:uuid:eb93b5ac-7d59-496a-9000-777d0d171223,https://prc-symbiota.tacc.utexas.edu:443/collections/individual/index.php?occid=1213901
1213902,PRC,TEX,PreservedSpecimen,urn:uuid:b611c144-a347-4969-9d77-58c52f0aba5e,TEX00305429,,Plantae,Pinophyta,Pinopsida,Pinales,Taxodiaceae,"Taxodium mucronatum",Ten.,Taxodium,mucronatum,,,"B. L. Turner",,,,,,,"Elzada U. Clover",,,1123,1933-05-15,1933,5,15,135,,,,"Probably the only Taxodium tree in the valley. Alluvial soil.",,,,,,,,"flowering + fruiting=mid",,0,,,,,,,"United States",Texas,Hidalgo,,"Between the Rio Grande and Havana ranch.",,0,,,,,,,,,,,,,,,,,,,,,,"2015-08-10 15:19:53",TEX00305429,1,urn:uuid:b611c144-a347-4969-9d77-58c52f0aba5e,https://prc-symbiota.tacc.utexas.edu:443/collections/individual/index.php?occid=1213902
1213903,PRC,TEX,PreservedSpecimen,urn:uuid:d9fc8e86-564f-496c-813e-ec26fb24df24,TEX00305430,,Plantae,Pinophyta,Pinopsida,Pinales,Taxodiaceae,"Taxodium mucronatum",Ten.,Taxodium,mucronatum,,,"B. L. Turner",,,,,,,"Robert Runyon",,,3466,1933-12-20,1933,12,20,354,,,,"A large tree, at the edge of water. Soil: clay. Staminate fls. in long spikes. Color: greenish. Odor: cedar-like. Leaves deciduous, pinnate, leaflets linear. Fruit: cones sub-globose. Bark: rough, scaly. Roots growing in water. Only known from a few localities.",,,,,,,,"flowering + fruiting=mid",,0,,,,,,,"United States",Texas,CAMERON,,"Jageau ranch, 4 miles south of Brownsville. Elev. 10 m.",,0,,,,,,,,,,,,,,,,,,,,,,"2015-08-10 15:19:53",TEX00305430,1,urn:uuid:d9fc8e86-564f-496c-813e-ec26fb24df24,https://prc-symbiota.tacc.utexas.edu:443/collections/individual/index.php?occid=1213903
1213904,PRC,TEX,PreservedSpecimen,urn:uuid:68a3e996-2e91-4dea-99e4-14cfe03c46e5,TEX00305431,,Plantae,Pinophyta,Pinopsida,Pinales,Taxodiaceae,"Taxodium mucronatum",Ten.,Taxodium,mucronatum,,,"B. L. Turner",,,,,,,"Owens & Parks",,,R1728,1937-09-17,1937,9,17,260,,,,,,,,,,,,flowering=early,,0,,,,,,,"United States",Texas,CAMERON,,Brownsville.,,0,,,,,,,,,,,,,,,,,,,,,,"2015-08-10 15:19:53",TEX00305431,1,urn:uuid:68a3e996-2e91-4dea-99e4-14cfe03c46e5,https://prc-symbiota.tacc.utexas.edu:443/collections/individual/index.php?occid=1213904
1213905,PRC,TEX,PreservedSpecimen,urn:uuid:c52ffdc3-e1d7-4642-b04a-88f39724e806,TEX00305432,,Plantae,Pinophyta,Pinopsida,Pinales,Taxodiaceae,"Taxodium mucronatum",Ten.,Taxodium,mucronatum,,,"B. L. Turner",,,,,,,"Robert Runyon",,,443,1923-07-01,1923,7,1,182,,,,"A lone tree stands on the Singer ranch. A Mexican species that enters this territory. Only a few trees exist.",,,,,,,,flowering=early,,0,,,,,,,"United States",Texas,CAMERON,,"Singer ranch at Southmost.",,0,,,,,,,,,,,,,,,,,,,,,,"2015-08-10 15:19:53",TEX00305432,1,urn:uuid:c52ffdc3-e1d7-4642-b04a-88f39724e806,https://prc-symbiota.tacc.utexas.edu:443/collections/individual/index.php?occid=1213905
1213906,PRC,TEX,PreservedSpecimen,urn:uuid:07eea54e-3117-4ee0-adfa-a5dcd7b11c05,TEX00305436,,Plantae,Pinophyta,Pinopsida,Pinales,Taxodiaceae,"Taxodium mucronatum",Ten.,Taxodium,mucronatum,,,"B. L. Turner",,,,,,,"Clair A. Brown",,,22105,1973-09-07,1973,9,7,250,,,,"7 trees edge of resaca, 39 to 59"" diam. Bark deeply diamond furrowed, largest tree fruiting abundantly, small fruits. Supposedly planted from 1932 seed crop.",,,,,,,,"flowering + fruiting=mid",,0,,,,,,,"United States",Texas,CAMERON,,"Hewitt Ranch, Rio Hondo Road, San Bonito, Texas. (Formerly Dodd Ranch).",,0,,,,,,,,,,,,,,,,,,,,,,"2015-08-10 15:19:53",TEX00305436,1,urn:uuid:07eea54e-3117-4ee0-adfa-a5dcd7b11c05,https://prc-symbiota.tacc.utexas.edu:443/collections/individual/index.php?occid=1213906
1213907,PRC,TEX,PreservedSpecimen,urn:uuid:729c1996-dd71-4ac0-944d-07a3b9e63049,TEX00305437,,Plantae,Pinophyta,Pinopsida,Pinales,Taxodiaceae,"Taxodium mucronatum",Ten.,Taxodium,mucronatum,,,"B. L. Turner",,,,,,,"Clair A. Brown",,,22104,1973-09-07,1973,9,7,250,,,,"5 trees, edge of resaca, 16 to 24"" diam. Bark gray, deeply diamond furrowed, Knees sparse, less than 1 ft. tall. Fruit small.",,,,,,,,"flowering + fruiting=mid",,0,,,,,,,"United States",Texas,CAMERON,,"Jageau Ranch off Southmost Road at city limits. Brownsville, Texas.",,0,,,,,,,,,,,,,,,,,,,,,,"2015-08-10 15:19:53",TEX00305437,1,urn:uuid:729c1996-dd71-4ac0-944d-07a3b9e63049,https://prc-symbiota.tacc.utexas.edu:443/collections/individual/index.php?occid=1213907
1213908,PRC,TEX,PreservedSpecimen,urn:uuid:c2b20827-6a9a-4dd0-beaa-8a41b2b11255,TEX00305438,,Plantae,Pinophyta,Pinopsida,Pinales,Taxodiaceae,"Taxodium mucronatum",Ten.,Taxodium,mucronatum,,,"B. L. Turner",,,,,,,"Robert Runyon",,,5248,1946-08-08,1946,8,8,220,,,,,,,,,,,,"flowering + fruiting=mid",,0,,,,,,,"United States",Texas,CAMERON,,"Collected from a tree at the Court House, Brownsville.",,0,,,,,,,,,,,,,,,,,,,,,,"2015-08-10 15:19:53",TEX00305438,1,urn:uuid:c2b20827-6a9a-4dd0-beaa-8a41b2b11255,https://prc-symbiota.tacc.utexas.edu:443/collections/individual/index.php?occid=1213908
1290288,PRC,TEX,PreservedSpecimen,urn:uuid:93c62c4a-3143-4a04-93ca-e6727337c59a,TEX00196300,,Plantae,Pinophyta,Pinopsida,Pinales,Taxodiaceae,"Taxodium distichum","(L.) L.C. Rich.",Taxodium,distichum,,,"B. L. Turner, 2004",,,,,,,"Jill Noel",,,708,1997-06-19,1997,6,19,170,,,,"Site ungrazed, with small unnamed creek running through it. Savanna trees primarily Pecan (side was a former pecan orchard).",,,,,,,,fruiting=late,,0,,,,,,,"United States",Texas,Blanco,,"LBJ National Historical Park, Johnson City. Small (approx 10 acres, 4 ha.) grasland/savanna preserve near headquarters of LBJ National Historic Park.",,0,,,,,,,,,,,,,,,,,,,,,,"2015-08-10 20:57:31",TEX00196300,1,urn:uuid:93c62c4a-3143-4a04-93ca-e6727337c59a,https://prc-symbiota.tacc.utexas.edu:443/collections/individual/index.php?occid=1290288
1290308,PRC,TEX,PreservedSpecimen,urn:uuid:aeccb0ac-a9ca-4fdf-bf0e-cd78a6a5e45f,TEX00196320,,Plantae,Pinophyta,Pinopsida,Pinales,Taxodiaceae,"Taxodium distichum","(L.) L.C. Rich.",Taxodium,distichum,,,"B. L. Turner, 2004",,,,,,,"Daniel Atha",,,356,1993-11-20,1993,11,20,324,,,,"With Quercus, Acer and Ampelopsis. Tree to 4 m with dbh 3dm. Bark red-brown, scaly. Staminate panicles to 8 cm. Ovulate cones to 3 cm.",,,,,,,,flowering=early,,0,,,,,,,"United States",Texas,Hays,,"San Marcos, campus of SWT. Ponds adjacent to JCK.",,0,,29.883333,-97.933333,,,,"29d 53m N; 97d 56m",,"1=present on sheet",,,,,,,,,,,,,"2015-08-10 20:57:31",TEX00196320,1,urn:uuid:aeccb0ac-a9ca-4fdf-bf0e-cd78a6a5e45f,https://prc-symbiota.tacc.utexas.edu:443/collections/individual/index.php?occid=1290308
1295463,PRC,TEX,PreservedSpecimen,urn:uuid:406c2e1b-953c-413a-a822-3734ac8d1946,TEX00206150,,Plantae,Pinophyta,Pinopsida,Pinales,Taxodiaceae,"Taxodium distichum","(L.) L.C. Rich.",Taxodium,distichum,,,"B. L. Turner, 2005",,,,,,,"Roger W. Sanders",,,6043,2003-08-20,2003,8,20,232,,,,"Riparian forest and open bank association dominated by bald cypress, river birch, sycamore, and water oak on top and steep slopes of deep alluvial terrace of river bank. Rooted in water. Dominant on water edge.",,,,,,,,fruiting=late,,0,,,,,,,"United States",Texas,Harris,,"Lake Houston State Park, along and S of FM 1485, 3 mi. E of New Caney. Terraces and old slough channels W side of the E Fork San Jacinto River Trail.",,0,,30.116667,-95.133333,,,,"30d 7m N; 95d 8m",,"1=present on sheet",,,,,,,,,,,,,"2015-08-10 21:14:29",TEX00206150,1,urn:uuid:406c2e1b-953c-413a-a822-3734ac8d1946,https://prc-symbiota.tacc.utexas.edu:443/collections/individual/index.php?occid=1295463
1295481,PRC,TEX,PreservedSpecimen,urn:uuid:17375350-0218-4858-b428-b2004d8dff31,TEX00206168,,Plantae,Pinophyta,Pinopsida,Pinales,Taxodiaceae,"Taxodium distichum","(L.) L.C. Rich.",Taxodium,distichum,,,"B. L. Turner, 2005",,,,,,,"Roger W. Sanders",,,6165,2003-08-23,2003,8,23,235,,,,"Long to short hydroperiod trough with center dominated by bald cypress and tupelo. Edges dominated by swamp chestnut oak, water oak and red maple. Collected from young tree. 10 m. tall. 10 cm DBH. Dominant in center.",,,,,,,,fruiting=late,,0,,,,,,,"United States",Texas,Hardin,,"Village Creek State Park. E edge of Lumberton. Cypress-tupelo swamp in old slough bed downslope of eastern part of Water Oak Trail.",,0,,30.25,-94.166667,,,,"30d 15m N; 94d 10m",,"1=present on sheet",,,,,,,,,,,,,"2015-08-10 21:14:29",TEX00206168,1,urn:uuid:17375350-0218-4858-b428-b2004d8dff31,https://prc-symbiota.tacc.utexas.edu:443/collections/individual/index.php?occid=1295481
1300001,PRC,TEX,PreservedSpecimen,urn:uuid:655a8c45-5543-42f4-be48-2376ea7b8c6a,TEX00440419,,Plantae,Pinophyta,Pinopsida,Pinales,Taxodiaceae,"Taxodium distichum","(L.) L.C. Rich.",Taxodium,distichum,,,"B. L. Turner, 2006",,,,,,,"W. C. Holmes et al.",,,12685,2003-10-02,2003,10,2,275,,,,"Bog. Tree 4 m.",,,,,,,,sterile,,0,,,,,,,"United States",Texas,Leon,,"Hilltop Lakes, ca. 7 mi. NW of Normangee on FM 3.",,0,,,,,,,,,,,,,,,,,,,,,,"2015-08-10 21:29:24",TEX00440419,1,urn:uuid:655a8c45-5543-42f4-be48-2376ea7b8c6a,https://prc-symbiota.tacc.utexas.edu:443/collections/individual/index.php?occid=1300001
1302879,PRC,TEX,PreservedSpecimen,urn:uuid:12492cd2-b96a-46c5-b67f-18b2c2f8b776,TEX00443280,,Plantae,Pinophyta,Pinopsida,Pinales,Taxodiaceae,"Taxodium mucronatum",Ten.,Taxodium,mucronatum,,,"B. L. Turner, 2006",,,,,,,"Clair A. Brown",,,22106,1973-09-08,1973,9,8,251,,,,"Tree 19"" diam.",,,,,,,,sterile,,1,,,,,,,"United States",Texas,Cameron,,"Rio Grande flood plain. Visible from Hwy 281 on property of Mr. R. Weaver, ca. 1 mi. W of Los Indios.",,0,,,,,,,,,,,,,,,,,,,,,,"2015-08-10 21:39:31",TEX00443280,1,urn:uuid:12492cd2-b96a-46c5-b67f-18b2c2f8b776,https://prc-symbiota.tacc.utexas.edu:443/collections/individual/index.php?occid=1302879
1302880,PRC,TEX,PreservedSpecimen,urn:uuid:c350e788-3421-4211-a708-37b35209032e,TEX00443281,,Plantae,Pinophyta,Pinopsida,Pinales,Taxodiaceae,"Taxodium mucronatum",Ten.,Taxodium,mucronatum,,,"B. L. Turner, 2006",,,,,,,"Clair A. Brown",,,22105,1973-09-07,1973,9,7,250,,,,"7 trees, edge of resaca, 39 to 59"" diam. Bark deeply diamond furrowed, largest tree fruiting abundantly, small fruits. Supposedly planted from the 1932 seed crop.",,,,,,,,flowering=early,,0,,,,,,,"United States",Texas,Cameron,,"Hewitt Ranch, Rio Hondo Rd, San Bonito.",,0,,,,,,,,,,,,,,,,,,,,,,"2015-08-10 21:39:31",TEX00443281,1,urn:uuid:c350e788-3421-4211-a708-37b35209032e,https://prc-symbiota.tacc.utexas.edu:443/collections/individual/index.php?occid=1302880
1302881,PRC,TEX,PreservedSpecimen,urn:uuid:fd14d8fd-63d9-4f77-8db2-6a3f42afe472,TEX00443282,,Plantae,Pinophyta,Pinopsida,Pinales,Taxodiaceae,"Taxodium mucronatum",Ten.,Taxodium,mucronatum,,,"B. L. Turner, 2006",,,,,,,"Clair A. Brown",,,22104,1973-09-07,1973,9,7,250,,,,"5 trees edge of resaca, 16 to 24 inch diam. Bark gray, deeply diamond furrowed. Knees sparse, less than 1 ft. tall.",,,,,,,,flowering=early,,,,,,,,,"United States",Texas,Cameron,,"Jageau Ranch off Southmost Road at city limits. Brownsville.",,0,,,,,,,,,,,,,,,,,,,,,,"2015-08-10 21:39:31",TEX00443282,1,urn:uuid:fd14d8fd-63d9-4f77-8db2-6a3f42afe472,https://prc-symbiota.tacc.utexas.edu:443/collections/individual/index.php?occid=1302881
1312413,PRC,TEX,PreservedSpecimen,urn:uuid:ddb43e91-7ebe-4ba5-bf4c-5e7de5668344,TEX00454511,,Plantae,Pinophyta,Pinopsida,Pinales,Taxodiaceae,"Taxodium distichum","(L.) L.C. Rich.",Taxodium,distichum,,,"W. R. Carr, 2002; ! B. L. Turner, 2011",,,,,,,"W. R. Carr",,,20913,2002-05-16,2002,5,16,136,,,,"Rare, one large tree (<3 ft. dbh) along margin of hackberry-willow riparian woodland. Woody associates include Acacia minuata, Campsis radicans, Carya illinoinensis, Celtis laevigata, Fraxinus berlandieriana, Ligustrum japonicum, Melia azedarach, Morus alba, Parthenocissus quinquefolia, Salix nigra, Sambucus canadensis, Sapium sebiferum, Toxicodendron sp., Vitis cinerea, V. mustangensis. NPS accession no. SAAN-00304, NPS catalog no. 20751.",,,,,,,,fruiting=late,,0,,,,,,,"United States",Texas,BEXAR,,"NE bank of old channel of San Antonio River upstream from old Espada Dam in Espada Park, W side of new channel of San Antonio River, ca. 1500 ft. S of Military Dr. bridge, in Espada Park. San Antonio Missions NHP. [Flora of San Antonio Missions NHP.]. Elev. 530 ft.",,0,,29.346111,-98.465556,,,,"29d 20m 46s N; 98d 27m 56s",,"1=present on sheet",,,,,,,,,,,,,"2015-08-10 22:14:04",TEX00454511,1,urn:uuid:ddb43e91-7ebe-4ba5-bf4c-5e7de5668344,https://prc-symbiota.tacc.utexas.edu:443/collections/individual/index.php?occid=1312413
1318989,PRC,TEX,PreservedSpecimen,urn:uuid:09dcc8ad-e291-4795-9acc-4d50e5ac8157,TEX00464727,,Plantae,Pinophyta,Pinopsida,Pinales,Taxodiaceae,"Taxodium distichum","(L.) L.C. Rich.",Taxodium,distichum,,,"B. L. Turner (TEX), 2013",,,,,,,"Daniel Atha & Marie Greener",,,9612,2011-03-31,2011,3,31,90,,,,"Riverbed. Tree 25 m. tall; the trunk 1.4 m. diam.; bark brown, braided. The New York Botanical Garden. Sample preserved in silica gel at NY. 30.042345¼N, 99.140826¼W (+/- 25 m.)",,,,,,,,flowering=early,,0,,,,,,,"United States",TEXAS,Kerr,,"Town of Kerrville, along the Guadalupe River. Elev. ca. 486 m.",,0,,30.042345,-99.140826,,,,"30.042345d N; 99.140826d",,"present on sheet",,,,,,,,,,,,,"2015-08-10 22:35:24",TEX00464727,1,urn:uuid:09dcc8ad-e291-4795-9acc-4d50e5ac8157,https://prc-symbiota.tacc.utexas.edu:443/collections/individual/index.php?occid=1318989
1322065,PRC,TEX,PreservedSpecimen,urn:uuid:9cb3d419-bbea-4a14-af6a-2b4f0718f438,TEX00460685,,Plantae,Pinophyta,Pinopsida,Pinales,Taxodiaceae,"Taxodium distichum","(L.) L.C. Rich.",Taxodium,distichum,,,"B. L. Turner (TEX), 2015",,,,,,,"Geoff Denny & Susan Harvey",,,376,2001-10-15,2001,10,15,288,,,,"Meadow upstream from cabin. Usual community and soil. Sterile.",,,,,,,,,,0,,,,,,,"United States",TEXAS,BANDERA,,"Love Creek Nature Preserve. 10 miles east of Medina, on Hwy. 337. 1900 ft elev.",,0,,29.7935,-99.421667,,,,"29d 47.61m N; 99d 25.3m",,,,,,,,,,,,,,,"2015-08-10 22:45:24",TEX00460685,1,urn:uuid:9cb3d419-bbea-4a14-af6a-2b4f0718f438,https://prc-symbiota.tacc.utexas.edu:443/collections/individual/index.php?occid=1322065
1323145,PRC,TEX,PreservedSpecimen,urn:uuid:65fb4d5b-4050-4046-93ab-22fe7b309dd9,TEX00468035,,Plantae,Pinophyta,Pinopsida,Pinales,Taxodiaceae,"Taxodium distichum","(L.) L.C. Rich.",Taxodium,distichum,,,"B. L. Turner (TEX), 2014",,,,,,,"D.J. Rosen & S.N. Burnett",,,6601,2014-07-03,2014,7,3,184,,,,"Locally frequent large trees along the edge of drainage from forested area with Cyperus ochraceus and Paspalum denticulatum. Frequent.",,,,,,,,flowering=early,,0,,,,,,,"United States",TEXAS,Harris,,"San Jacinto Battleground State Historic Site. San Jacinto Battleground; East of Park Rd. 1836, just before turns right at the intersection with Marker Drive.",,0,,29.743969,-95.079311,,,,"29d 44m 38.29s N; 95d 4m 45.52s",,,,,,,,,,,,,,,"2015-08-10 22:48:33",TEX00468035,1,urn:uuid:65fb4d5b-4050-4046-93ab-22fe7b309dd9,https://prc-symbiota.tacc.utexas.edu:443/collections/individual/index.php?occid=1323145
1384701,PRC,LL,PreservedSpecimen,urn:uuid:8c18c73c-bf65-49b9-9c61-493480474df7,LL00305371,,Plantae,Pinophyta,Pinopsida,Pinales,Taxodiaceae,"Taxodium distichum","(L.) L.C. Rich.",Taxodium,distichum,,,"B. L. Turner",,,,,,,"D. S. Correll & I. M. Johnston",,,17219,1957-06-29,1957,6,29,180,,,,"Trees up to 45 ft. tall.",,,,,,,,"flowering + fruiting=mid",,0,,,,,,,"United States",Texas,Kerr,,"Along a small creek in Kerrville.",,0,,,,,,,,,,,,,,,,,,,,,,"2015-08-10 15:19:34",LL00305371,2,urn:uuid:8c18c73c-bf65-49b9-9c61-493480474df7,https://prc-symbiota.tacc.utexas.edu:443/collections/individual/index.php?occid=1384701
1384702,PRC,LL,PreservedSpecimen,urn:uuid:6f247578-6c40-4cbb-a4c4-598bb1aa7ee2,LL00305372,,Plantae,Pinophyta,Pinopsida,Pinales,Taxodiaceae,"Taxodium distichum","(L.) L.C. Rich.",Taxodium,distichum,,,"B. L. Turner",,,,,,,"Elbert L. Little, Jr. and Donovan S. Correll",,,19019,1963-04-05,1963,4,5,95,,,,"Height: 50 ft. D.B.H.: 2-2.5 ft. Common at edge of water. Bark light gray, finely fissured. Crown flat-topped, base buttressed.",,,,,,,,flowering=early,,0,,,,,,,"United States",Texas,Kerr,,"Guadalupe River, 3 mi. W of Hunt. Elev. 2000 ft.",,0,,,,,,,,,,,,,,,,,,,,,,"2015-08-10 15:19:34",LL00305372,2,urn:uuid:6f247578-6c40-4cbb-a4c4-598bb1aa7ee2,https://prc-symbiota.tacc.utexas.edu:443/collections/individual/index.php?occid=1384702
1384703,PRC,LL,PreservedSpecimen,urn:uuid:f3ef0e3b-2f78-4ecb-9b44-5b2b70c8c289,LL00305373,,Plantae,Pinophyta,Pinopsida,Pinales,Taxodiaceae,"Taxodium distichum","(L.) L.C. Rich.",Taxodium,distichum,,,"B. L. Turner",,,,,,,"D. S. Correll & E. C. Ogden",,,25322,1962-05-18,1962,5,18,138,,,,"Tree 25 ft. tall.",,,,,,,,"flowering + fruiting=mid",,0,,,,,,,"United States",Texas,Kerr,,"Along river near entrance to the Rickenbacker Scout Camp, Bear Creek.",,0,,,,,,,,,,,,,,,,,,,,,,"2015-08-10 15:19:34",LL00305373,2,urn:uuid:f3ef0e3b-2f78-4ecb-9b44-5b2b70c8c289,https://prc-symbiota.tacc.utexas.edu:443/collections/individual/index.php?occid=1384703
1384704,PRC,LL,PreservedSpecimen,urn:uuid:bd02777a-3d50-467f-baed-506126c32368,LL00305379,,Plantae,Pinophyta,Pinopsida,Pinales,Taxodiaceae,"Taxodium distichum","(L.) L.C. Rich.",Taxodium,distichum,,,"B. L. Turner",,,,,,,"D. S. Correll & D. C. Wasshausen",,,28017,1963-06-22,1963,6,22,173,,,,"Tree about 30 ft. high.",,,,,,,,"flowering + fruiting=mid",,0,,,,,,,"United States",Texas,Uvalde,,"Con Can, on cobbly floodplains area along Rio Frio.",,0,,,,,,,,,,,,,,,,,,,,,,"2015-08-10 15:19:34",LL00305379,2,urn:uuid:bd02777a-3d50-467f-baed-506126c32368,https://prc-symbiota.tacc.utexas.edu:443/collections/individual/index.php?occid=1384704
1384705,PRC,LL,PreservedSpecimen,urn:uuid:5ef8dece-b3ac-48a4-8a01-9aed02c8655d,LL00305390,,Plantae,Pinophyta,Pinopsida,Pinales,Taxodiaceae,"Taxodium distichum","(L.) L.C. Rich.",Taxodium,distichum,,,"B. L. Turner",,,,,,,"M. Nee & M. Whelan",,,11847,1974-05-30,1974,5,30,150,,,,"Trees lining edge of water. Fruit green. Partly wooded slope with limestone outcrops along Colorado River. Celtis, Platanus, Taxodium.",,,,,,,,"flowering + fruiting=mid",,0,,,,,,,"United States",Texas,TRAVIS,,"West side of Austin. Partly wooded slope with limestone outcrops along Colorado River at Red Bud Road bridge.",,0,,,,,,,,,,,,,,,,,,,,,,"2015-08-10 15:19:34",LL00305390,2,urn:uuid:5ef8dece-b3ac-48a4-8a01-9aed02c8655d,https://prc-symbiota.tacc.utexas.edu:443/collections/individual/index.php?occid=1384705
1384706,PRC,LL,PreservedSpecimen,urn:uuid:1d884a4d-fe48-4603-80cd-e0e419ca107b,LL00305392,,Plantae,Pinophyta,Pinopsida,Pinales,Taxodiaceae,"Taxodium distichum","(L.) L.C. Rich.",Taxodium,distichum,,,"B. L. Turner",,,,,,,"C. L. Lundell & Amelia A. Lundell",,,9115,1940-05-26,1940,5,26,147,,,,"Tree, 4 ft. diam., 50 ft. high.",,,,,,,,flowering=early,,0,,,,,,,"United States",Texas,TRAVIS,,"Along Onion Creek at Post Road.",,0,,,,,,,,,,,,,,,,,,,,,,"2015-08-10 15:19:34",LL00305392,2,urn:uuid:1d884a4d-fe48-4603-80cd-e0e419ca107b,https://prc-symbiota.tacc.utexas.edu:443/collections/individual/index.php?occid=1384706
1384707,PRC,LL,PreservedSpecimen,urn:uuid:3693d871-f118-4ea6-a7b4-4a4235a3e626,LL00305405,,Plantae,Pinophyta,Pinopsida,Pinales,Taxodiaceae,"Taxodium distichum","(L.) L.C. Rich.",Taxodium,distichum,,,"B. L. Turner",,,,,,,"D. S. Correll",,,30121,1964-09-14,1964,9,14,258,,,,"Tree to 40 ft. tall.",,,,,,,,"flowering + fruiting=mid",,0,,,,,,,"United States",Texas,Cass,,"Low open woods along Frazier Creek, about 2.5 miles SW of McLeod.",,0,,,,,,,,,,,,,,,,,,,,,,"2015-08-10 15:19:34",LL00305405,2,urn:uuid:3693d871-f118-4ea6-a7b4-4a4235a3e626,https://prc-symbiota.tacc.utexas.edu:443/collections/individual/index.php?occid=1384707
1384708,PRC,LL,PreservedSpecimen,urn:uuid:256c9ed0-61bb-4c31-a2f1-443ca8e3ea2c,LL00305406,,Plantae,Pinophyta,Pinopsida,Pinales,Taxodiaceae,"Taxodium distichum","(L.) L.C. Rich.",Taxodium,distichum,,,"B. L. Turner",,,,,,,"Richard S. Mitchell",,,3239,1967-07-17,1967,7,17,198,,,,"Forming ""bays"" along the lake margins, trees up to 40 ft. tall.",,,,,,,,"flowering + fruiting=mid",,0,,,,,,,"United States",Texas,Marion,,"Caddo Lake at Big Lake Camp east and north of Leigh at the end of Farm Rd. #2457.",,0,,,,,,,,,,,,,,,,,,,,,,"2015-08-10 15:19:34",LL00305406,2,urn:uuid:256c9ed0-61bb-4c31-a2f1-443ca8e3ea2c,https://prc-symbiota.tacc.utexas.edu:443/collections/individual/index.php?occid=1384708
1384709,PRC,LL,PreservedSpecimen,urn:uuid:12bab30b-fcf7-48c7-8f0a-8d64faace802,LL00305407,,Plantae,Pinophyta,Pinopsida,Pinales,Taxodiaceae,"Taxodium distichum","(L.) L.C. Rich.",Taxodium,distichum,,,"B. L. Turner",,,,,,,"C. L. Lundell",,,13955,1945-06-26,1945,6,26,177,,,,"Tree, 14 in. diam., 65 ft. high.",,,,,,,,"flowering + fruiting=mid",,0,,,,,,,"United States",Texas,Marion,,"Millers Camp, Carter Lake.",,0,,,,,,,,,,,,,,,,,,,,,,"2015-08-10 15:19:34",LL00305407,2,urn:uuid:12bab30b-fcf7-48c7-8f0a-8d64faace802,https://prc-symbiota.tacc.utexas.edu:443/collections/individual/index.php?occid=1384709
1384710,PRC,LL,PreservedSpecimen,urn:uuid:d0599977-5aee-4ac2-a1fe-7481970929ba,LL00305408,,Plantae,Pinophyta,Pinopsida,Pinales,Taxodiaceae,"Taxodium distichum","(L.) L.C. Rich.",Taxodium,distichum,,,"B. L. Turner",,,,,,,"Richard S. Mitchell",,,3957,1967-08-25,1967,8,25,237,,,,"These seedlings with cotyledons common in drying silt under larger trees on the recently inundated island.",,,,,,,,flowering=early,,0,,,,,,,"United States",Texas,Harrison,,"On Rag Island in Caddo Lake, 1/2 mi. east of Crips Camp.",,0,,,,,,,,,,,,,,,,,,,,,,"2015-08-10 15:19:34",LL00305408,2,urn:uuid:d0599977-5aee-4ac2-a1fe-7481970929ba,https://prc-symbiota.tacc.utexas.edu:443/collections/individual/index.php?occid=1384710
1384711,PRC,LL,PreservedSpecimen,urn:uuid:f69ef310-0475-405c-a360-0ee42f280d8c,LL00305412,,Plantae,Pinophyta,Pinopsida,Pinales,Taxodiaceae,"Taxodium distichum","(L.) L.C. Rich.",Taxodium,distichum,,,"B. L. Turner",,,,,,,"V. L. Cory",,,54746,1948-09-07,1948,9,7,251,,,,"One tree in open area between Sandy Creek and the highway. Small tree, about 4 dm. high.",,,,,,,,"flowering + fruiting=mid",,0,,,,,,,"United States",Texas,Jasper,,"2 miles southwest of Jasper; in open area between Sandy Creek and the highway.",,0,,,,,,,,,,,,,,,,,,,,,,"2015-08-10 15:19:52",LL00305412,2,urn:uuid:f69ef310-0475-405c-a360-0ee42f280d8c,https://prc-symbiota.tacc.utexas.edu:443/collections/individual/index.php?occid=1384711
1384712,PRC,LL,PreservedSpecimen,urn:uuid:c65c8ade-43d4-4266-8acb-fbcc4ec4ed6c,LL00305414,,Plantae,Pinophyta,Pinopsida,Pinales,Taxodiaceae,"Taxodium distichum","(L.) L.C. Rich.",Taxodium,distichum,,,"B. L. Turner",,,,,,,"D. S. Correll, C. Earle Smith, Jr., & Lance Rosier",,,29655,1964-05-17,1964,5,17,138,,,,"Tree to 35 ft., branches dense and descending, dense crown.",,,,,,,,"flowering + fruiting=mid",,0,,,,,,,"United States",Texas,Hardin,,"About salt water reservoir at Saratoga.",,0,,,,,,,,,,,,,,,,,,,,,,"2015-08-10 15:19:53",LL00305414,2,urn:uuid:c65c8ade-43d4-4266-8acb-fbcc4ec4ed6c,https://prc-symbiota.tacc.utexas.edu:443/collections/individual/index.php?occid=1384712
1384713,PRC,LL,PreservedSpecimen,urn:uuid:d4d2384e-7544-4b28-93cf-325b142c0284,LL00305415,,Plantae,Pinophyta,Pinopsida,Pinales,Taxodiaceae,"Taxodium distichum","(L.) L.C. Rich.",Taxodium,distichum,,,"B. L. Turner",,,,,,,"D. S. Correll, C. Earle Smith, Jr., & Lance Rosier",,,29654,1964-05-17,1964,5,17,138,,,,"Tree to 35 ft. tall, branches sparse and ascending, very open crown.",,,,,,,,"flowering + fruiting=mid",,0,,,,,,,"United States",Texas,Hardin,,"About salt water reservoir at Saratoga.",,0,,,,,,,,,,,,,,,,,,,,,,"2015-08-10 15:19:53",LL00305415,2,urn:uuid:d4d2384e-7544-4b28-93cf-325b142c0284,https://prc-symbiota.tacc.utexas.edu:443/collections/individual/index.php?occid=1384713
1384714,PRC,LL,PreservedSpecimen,urn:uuid:d460e2f5-52ff-4cd9-8d5b-4bb74a8dd454,LL00305416,,Plantae,Pinophyta,Pinopsida,Pinales,Taxodiaceae,"Taxodium distichum","(L.) L.C. Rich.",Taxodium,distichum,,,"B. L. Turner",,,,,,,"D. S. Correll",,,13343,1946-07-19,1946,7,19,200,,,,,,,,,,,,"flowering + fruiting=mid",,0,,,,,,,"United States",Texas,Orange,,"Along banks of Cow Bayou, about ten miles southwest of Orange.",,0,,,,,,,,,,,,,,,,,,,,,,"2015-08-10 15:19:53",LL00305416,2,urn:uuid:d460e2f5-52ff-4cd9-8d5b-4bb74a8dd454,https://prc-symbiota.tacc.utexas.edu:443/collections/individual/index.php?occid=1384714
1384715,PRC,LL,PreservedSpecimen,urn:uuid:164585b4-ac77-46b1-b3be-785d510ff409,LL00305419,,Plantae,Pinophyta,Pinopsida,Pinales,Taxodiaceae,"Taxodium distichum","(L.) L.C. Rich.",Taxodium,distichum,,,"B. L. Turner",,,,,,,"Alfred Traverse",,,927,1959-02-12,1959,2,12,43,,,,"Dark clay with shell fragments, modified by culture. Tree, 12 m. Basal diam., 40 cm. Crown diam., 8 m. Broad crown, branched sparingly. Bark very dark brown, almost smooth, with straight vertical, ribbon-like ridges, ca. 2 cm. wide. Male cones brownish. Female flowers green.",,,,,,,,"flowering + fruiting=mid",,0,,,,,,,"United States",Texas,Harris,,"Bellaire, corner Rice Ave. and Bellaire Blvd. Street planting next to sidewalk. Elev. 80 ft.",,0,,,,,,,,,,,,,,,,,,,,,,"2015-08-10 15:19:53",LL00305419,2,urn:uuid:164585b4-ac77-46b1-b3be-785d510ff409,https://prc-symbiota.tacc.utexas.edu:443/collections/individual/index.php?occid=1384715
1384716,PRC,LL,PreservedSpecimen,urn:uuid:f33126ca-82d5-461a-a2b2-e5edf08a6398,LL00305425,,Plantae,Pinophyta,Pinopsida,Pinales,Taxodiaceae,"Taxodium mucronatum",Ten.,Taxodium,mucronatum,,,"B. L. Turner",,,,,,,"M. Butterwick & S. Strong",,,1191,1975-07-21,1975,7,21,202,,,,"A small population of 13 individuals along the banks of the Rio Grande.",,,,,,,,"flowering + fruiting=mid",,0,,,,,,,"United States",Texas,Starr,,"Along the banks of the Rio Grande, just upstream from Salineno.",,0,,,,,,,,,,,,,,,,,,,,,,"2015-08-10 15:19:53",LL00305425,2,urn:uuid:f33126ca-82d5-461a-a2b2-e5edf08a6398,https://prc-symbiota.tacc.utexas.edu:443/collections/individual/index.php?occid=1384716
1384717,PRC,LL,PreservedSpecimen,urn:uuid:c7d2d7e9-a39d-4e32-95e0-f66422e240b4,LL00305426,,Plantae,Pinophyta,Pinopsida,Pinales,Taxodiaceae,"Taxodium mucronatum",Ten.,Taxodium,mucronatum,,,"B. L. Turner",,,,,,,"Raymond J. Fleetwood",,,8050,1964-12-25,1964,12,25,360,,,,,,,,,,,,"flowering + fruiting=mid",,0,,,,,,,"United States",Texas,Hidalgo,,"On the Frank Schuster land, 1/4 mile east of the Santa Ana National Wildlife Refuge.",,0,,,,,,,,,,,,,,,,,,,,,,"2015-08-10 15:19:53",LL00305426,2,urn:uuid:c7d2d7e9-a39d-4e32-95e0-f66422e240b4,https://prc-symbiota.tacc.utexas.edu:443/collections/individual/index.php?occid=1384717
1384718,PRC,LL,PreservedSpecimen,urn:uuid:0f4fb9bf-89dd-4f5c-8501-71950aa6ac60,LL00305428,,Plantae,Pinophyta,Pinopsida,Pinales,Taxodiaceae,"Taxodium mucronatum",Ten.,Taxodium,mucronatum,,,"B. L. Turner",,,,,,,"D. S. Correll",,,36783,1969-02-11,1969,2,11,42,,,,"Tree about 30 ft. high.",,,,,,,,flowering=early,,0,,,,,,,"United States",Texas,Hidalgo,,"On levee along Rio Grande south of Progreso.",,0,,,,,,,,,,,,,,,,,,,,,,"2015-08-10 15:19:53",LL00305428,2,urn:uuid:0f4fb9bf-89dd-4f5c-8501-71950aa6ac60,https://prc-symbiota.tacc.utexas.edu:443/collections/individual/index.php?occid=1384718
1384719,PRC,LL,PreservedSpecimen,urn:uuid:a000571a-9ca0-4905-9d69-fe87b83f0d6b,LL00305433,,Plantae,Pinophyta,Pinopsida,Pinales,Taxodiaceae,"Taxodium mucronatum",Ten.,Taxodium,mucronatum,,,"B. L. Turner",,,,,,,"Alfred Traverse",,,1824,1960-10-14,1960,10,14,288,,,,"Soft, brown clayey silt. Baccharis salicina-Leucaena-Acacia sp. complex. Tree, 13 m.; bas. diam., 1.5 m.; crown diam., 12 m. Spreading wide. Large branches paralleled with ground, twigs ""weeping"" very prominently. Bark gray, vertically low ridged.",,,,,,,,"flowering + fruiting=mid",,0,,,,,,,"United States",Texas,CAMERON,,"Near Southmost, ca. 100 m. toward Rio Grande from levee. River bottom. Elev. 25 ft.",,0,,,,,,,,,,,,,,,,,,,,,,"2015-08-10 15:19:53",LL00305433,2,urn:uuid:a000571a-9ca0-4905-9d69-fe87b83f0d6b,https://prc-symbiota.tacc.utexas.edu:443/collections/individual/index.php?occid=1384719
1384720,PRC,LL,PreservedSpecimen,urn:uuid:9ef9639b-6b65-461d-8d5a-77a1f78516c2,LL00305434,,Plantae,Pinophyta,Pinopsida,Pinales,Taxodiaceae,"Taxodium mucronatum",Ten.,Taxodium,mucronatum,,,"B. L. Turner",,,,,,,"Robert Runyon",,,3465,1933-12-20,1933,12,20,354,,,,"Scarce, along the banks of the Rio Grande.",,,,,,,,"flowering + fruiting=mid",,0,,,,,,,"United States",Texas,CAMERON,,"Jageau Ranch, near Brownsville.",,0,,,,,,,,,,,,,,,,,,,,,,"2015-08-10 15:19:53",LL00305434,2,urn:uuid:9ef9639b-6b65-461d-8d5a-77a1f78516c2,https://prc-symbiota.tacc.utexas.edu:443/collections/individual/index.php?occid=1384720
1384721,PRC,LL,PreservedSpecimen,urn:uuid:6cbc2b7f-4b5a-4e00-bb6d-d404814c019c,LL00305435,,Plantae,Pinophyta,Pinopsida,Pinales,Taxodiaceae,"Taxodium mucronatum",Ten.,Taxodium,mucronatum,,,"B. L. Turner",,,,,,,"Robert Runyon",,,3465,1933-12-20,1933,12,20,354,,,,"Scarce, along the banks of the Rio Grande.",,,,,,,,"flowering + fruiting=mid",,0,,,,,,,"United States",Texas,CAMERON,,"Jageau Ranch, near Brownsville.",,0,,,,,,,,,,,,,,,,,,,,,,"2015-08-10 15:19:53",LL00305435,2,urn:uuid:6cbc2b7f-4b5a-4e00-bb6d-d404814c019c,https://prc-symbiota.tacc.utexas.edu:443/collections/individual/index.php?occid=1384721
1384722,PRC,LL,PreservedSpecimen,urn:uuid:672dd490-869e-4b62-97f8-87e990c29ab2,LL00305439,,Plantae,Pinophyta,Pinopsida,Pinales,Taxodiaceae,"Taxodium mucronatum",Ten.,Taxodium,mucronatum,,,"B. L. Turner",,,,,,,"John K. Small, Edgar T. Wherry",,,11898,1925-04-14,1925,4,14,104,,,,,,,,,,,,"flowering + fruiting=mid",,0,,,,,,,"United States",Texas,CAMERON,,"Along resaca, Singer Ranch near Brownsville.",,0,,,,,,,,,,,,,,,,,,,,,,"2015-08-10 15:19:53",LL00305439,2,urn:uuid:672dd490-869e-4b62-97f8-87e990c29ab2,https://prc-symbiota.tacc.utexas.edu:443/collections/individual/index.php?occid=1384722
1412896,PRC,LL,PreservedSpecimen,urn:uuid:76f0af58-3b39-4f2b-a569-06650dc75220,LL00207543,,Plantae,Pinophyta,Pinopsida,Pinales,Taxodiaceae,"Taxodium distichum","(L.) L.C. Rich.",Taxodium,distichum,,,"B. L. Turner, 2005",,,,,,,"Ch. H. Muller",,,8712,1945-08-20,1945,8,20,232,,,,"Tree up to 2 x 50 ft. Common at water's edge.",,,,,,,,fruiting=late,,0,,,,,,,"United States",Texas,Travis,,"Creek bank, 10 mi. SE of Austin.",,0,,,,,,,,,,,,,,,,,,,,,,"2015-08-10 21:18:49",LL00207543,2,urn:uuid:76f0af58-3b39-4f2b-a569-06650dc75220,https://prc-symbiota.tacc.utexas.edu:443/collections/individual/index.php?occid=1412896
1414316,PRC,LL,PreservedSpecimen,urn:uuid:ebf82e9b-f24a-4647-8332-fadc9cedba18,LL00438191,,Plantae,Pinophyta,Pinopsida,Pinales,Taxodiaceae,"Taxodium distichum","(L.) L.C. Rich.",Taxodium,distichum,,,"B.L. Turner, 2010",,,,,,,"Aubie J. Baucum",,,s.n.,1977-00-00,1977,0,0,,,1977-1978,,"Intact unplowed Blackland Prairie remnant, with Houston black clay and Austin silty clay, slopes less than 5%.",,,,,,,,,,0,,,,,,,"United States",Texas,Collin,,"Coit Meadow on Renner Road; relict blackland prairie. Along Canyon Creek drainage. Elev. 620 - 680 ft.",,0,,32.9981,-96.7414,,,,"32.9981d N; 96.7414d",,"2=map-assisted from label information",,,,,,,,,,,,,"2015-08-10 22:04:49",LL00438191,2,urn:uuid:ebf82e9b-f24a-4647-8332-fadc9cedba18,https://prc-symbiota.tacc.utexas.edu:443/collections/individual/index.php?occid=1414316
