<?xml version="1.0" encoding="UTF-8"?>
<eml:eml xmlns:eml="eml://ecoinformatics.org/eml-2.1.1" xmlns:dc="http://purl.org/dc/terms/" xmlns:xsi="http://www.w3.org/2001/XMLSchema-instance" xsi:schemaLocation="eml://ecoinformatics.org/eml-2.1.1 http://rs.gbif.org/schema/eml-gbif-profile/1.0.1/eml.xsd" packageId="75b1dae1-a20e-42d2-ab25-bc61da99625f" system="http://symbiota.org" scope="system" xml:lang="eng"><dataset><title xml:lang="eng">PRC general data extract</title><creator><organizationName>PRC</organizationName><electronicMailAddress>turban@tacc.utexas.edu</electronicMailAddress><onlineUrl>https://prc-symbiota.tacc.utexas.edu:443/index.php</onlineUrl></creator><metadataProvider><organizationName>PRC</organizationName><electronicMailAddress>turban@tacc.utexas.edu</electronicMailAddress><onlineUrl>https://prc-symbiota.tacc.utexas.edu:443/index.php</onlineUrl></metadataProvider><pubDate>2018-03-13</pubDate><language>eng</language><associatedParty><organizationName>University of Texas Herbarium</organizationName><individualName>George Yatskievych</individualName><positionName>Collection Manager</positionName><role>CONTENT_PROVIDER</role><electronicMailAddress>george.yatskievych@austin.utexas.edu</electronicMailAddress><phone>512-471-5904</phone><address><deliveryPoint>110 Inner Campus Drive Stop F0404</deliveryPoint><city>Austin</city><administrativeArea>TX</administrativeArea><postalCode>78712-1711</postalCode><country>USA</country></address></associatedParty><associatedParty><organizationName>Lundell Herbarium</organizationName><individualName>George Yatskievych</individualName><positionName>Collection Manager</positionName><role>CONTENT_PROVIDER</role><electronicMailAddress>george.yatskievych@austin.utexas.edu</electronicMailAddress><phone>512-471-5904</phone><address><deliveryPoint>110 Inner Campus Drive Stop F0404</deliveryPoint><city>Austin</city><administrativeArea>TX</administrativeArea><postalCode>78712-1711</postalCode><country>USA</country></address></associatedParty></dataset><additionalMetadata><metadata><symbiota><dateStamp>2018-03-13T22:35:31-07:00</dateStamp><citation identifier="55359952-2a8c-430f-b52c-e17a867f57c8">PRC - 55359952-2a8c-430f-b52c-e17a867f57c8</citation><physical><characterEncoding>UTF-8</characterEncoding><dataFormat><externallyDefinedFormat><formatName>Darwin Core Archive</formatName></externallyDefinedFormat></dataFormat></physical><collection identifier="688bf697-a37c-4d62-8fb2-2fb90259ee4a" id="1"><alternateIdentifier>https://prc-symbiota.tacc.utexas.edu:443/collections/misc/collprofiles.php?collid=1</alternateIdentifier><parentCollectionIdentifier>PRC</parentCollectionIdentifier><collectionIdentifier>TEX</collectionIdentifier><collectionName>University of Texas Herbarium</collectionName><resourceLogoUrl>https://prc-symbiota.tacc.utexas.edu:443/images/collicons/GAPU-det-tn.gif</resourceLogoUrl><onlineUrl>http://w3.biosci.utexas.edu/prc/</onlineUrl><intellectualRights>http://creativecommons.org/publicdomain/zero/1.0/</intellectualRights><abstract><para>The University of Texas Herbarium (TEX) is part of the Plant Resources Center, which houses the combined herbaria of TEX and the Lundell Herbarium (LL). The combined PRC collections include over one million specimens from all parts of the world and represent the fifth largest university herbarium in the United States (with the fourth largest university collection of vascular plants). The two herbaria (TEX and LL) are completely integrated and interfiled, although each sheet is marked as to its herbarium and should be cited as such. The University of Texas Herbarium itself, with close to 700,000 specimens, dates to the 1890s and is especially strong in Texas and Mexican specimens. It has been associated with a plant systematics graduate program that has been one of the strongest in the U.S. since the 1960s, and the research interests of faculty, staff and graduate students have led to very strong representation of Asteraceae, Fabaceae, and Rhamnaceae, among other families, as well as the Chihuahuan Desert region (Mexico and the U.S.) and the mountains and plains of northeastern Mexico. All new specimens received into the Plant Resources Center are now accessioned into TEX.</para></abstract></collection><collection identifier="74c32fab-cac2-4d1a-9d44-8a32d8400f76" id="2"><alternateIdentifier>https://prc-symbiota.tacc.utexas.edu:443/collections/misc/collprofiles.php?collid=2</alternateIdentifier><parentCollectionIdentifier>PRC</parentCollectionIdentifier><collectionIdentifier>LL</collectionIdentifier><collectionName>Lundell Herbarium</collectionName><resourceLogoUrl>https://prc-symbiota.tacc.utexas.edu:443/images/collicons/GAPU-det-tn.gif</resourceLogoUrl><onlineUrl>http://w3.biosci.utexas.edu/prc/</onlineUrl><intellectualRights>http://creativecommons.org/publicdomain/zero/1.0/</intellectualRights><abstract><para>The Lundell Herbarium (LL) is part of the Plant Resources Center, which houses the combined herbaria of the University of Texas Herbarium (TEX) and the Lundell Herbarium; the combined PRC collections include over one million specimens from all parts of the world and represent the fifth largest university herbarium in the United States (with the fourth largest university collection of vascular plants). The two herbaria (TEX and LL) are completely integrated and interfiled, although each sheet is marked as to its herbarium and should be cited as such. The Lundell Herbarium itself includes material amassed by Cyrus L. Lundell, who botanically explored portions of northern Central America and was the first and only director of the Texas Research Foundation of Renner, Texas, from 1946 until its dissolution in 1972. The Lundell Herbarium (LL) includes material collected through the Texas Research Foundation and other personal collections of Dr. Lundell collected in Mexico and Central America; some of these specimens formed part of the University of Texas at Dallas herbarium (referred to by the acronym UTD), where Lundell conducted research after the dissolution of the Texas Research Foundation, but all were combined into the the Lundell Herbarium (LL) when he donated the collection to the Plant Resources Center in the 1970s and 1980s. LL includes over 300,000 specimens and is especially rich in plants of Texas, the Yucatán Peninsula of Mexico, Guatemala, and Belize, as well as in the plant families of Lundell’s primary interest, especially Myrsinaceae and Celastraceae. No new material is being accessioned into LL.</para></abstract></collection></symbiota></metadata></additionalMetadata></eml:eml>
