coreid,identifiedBy,identifiedByID,dateIdentified,identificationQualifier,scientificName,identificationIsCurrent,scientificNameAuthorship,genus,specificEpithet,taxonRank,infraspecificEpithet,identificationReferences,identificationRemarks,recordId
1179660,Unknown,,Unknown,,"Agalinis edwardsiana",0,,,,,,,,urn:uuid:4b8193dc-95e1-4fe3-8e9d-bfcf3fd91d98
1179662,Unknown,,Unknown,,"Agalinis fasciculata",0,,,,,,,,urn:uuid:6e488c80-7293-4570-9356-050e381472d7
1179663,Unknown,,Unknown,,"Agalinis fasciculata",0,,,,,,,,urn:uuid:3142bfb6-cf97-485b-afae-f1962844cf47
1179664,Unknown,,Unknown,,"Agalinis fasciculata",0,,,,,,,,urn:uuid:91ce095e-3ee2-4834-a2d7-194c6e17d10e
1179666,Unknown,,Unknown,,"Agalinis fasciculata",0,,,,,,,,urn:uuid:c40af78f-e5ed-403d-bbd0-b114c8cb317c
1179676,Unknown,,Unknown,,"Agalinis fasciculata",0,,,,,,,,urn:uuid:7efaef86-2b05-448a-a3f5-95d9fb1a65e8
1179706,Unknown,,Unknown,,"Agalinis heterophylla",0,,,,,,,,urn:uuid:080385f1-aa8f-4d76-9a11-d75297059449
1179707,Unknown,,Unknown,,"Agalinis homalantha",0,,,,,,,,urn:uuid:f8cbe32b-68c2-4be1-a836-5ffaed5e1400
1179708,Unknown,,Unknown,,"Agalinis homalantha",0,,,,,,,,urn:uuid:e256eb33-7bf2-4ced-966b-251940962a80
1179710,Unknown,,Unknown,,"Agalinis homalantha",0,,,,,,,,urn:uuid:4cad5a79-2865-418c-8791-88756dcd42b3
1179711,Unknown,,Unknown,,"Agalinis homalantha",0,,,,,,,,urn:uuid:05039840-15ef-4833-b949-f0e54798de2a
1179712,Unknown,,Unknown,,"Agalinis maritima",0,,,,,,,,urn:uuid:5a65ba27-32e6-43c1-9211-fdf6e2f15621
1179713,Unknown,,Unknown,,"Agalinis maritima",0,,,,,,,,urn:uuid:5842a8b2-70fc-4164-bc89-0928a2d6c3b5
1179714,Unknown,,Unknown,,"Agalinis maritima",0,,,,,,,,urn:uuid:9f14d027-7607-465b-82bb-d928b765a61c
1179715,Unknown,,Unknown,,"Agalinis maritima",0,,,,,,,,urn:uuid:49d161b7-f278-419d-bfd0-ec39b86ba829
1179716,Unknown,,Unknown,,"Agalinis maritima var. grandiflora",0,,,,,,,,urn:uuid:1f02d277-36d4-4d78-bfec-8c4ecc1ee5e5
1179722,Unknown,,Unknown,,"Agalinis purpurea",0,,,,,,,,urn:uuid:b71553e4-7c00-486c-b729-77b4fd2ffa4e
1179723,Unknown,,Unknown,,"Agalinis purpurea",0,,,,,,,,urn:uuid:51d06970-ebc0-4e6b-90dc-8b69c9b92150
1179724,Unknown,,Unknown,,"Agalinis purpurea",0,,,,,,,,urn:uuid:3634532f-2feb-41a9-b6f3-6c2ebcb394b3
1179725,Unknown,,Unknown,,"Agalinis purpurea",0,,,,,,,,urn:uuid:d566523a-d9b4-492a-8a76-4f6ad5bbfca8
1179730,Unknown,,Unknown,,"Agalinis strictifolia",0,,,,,,,,urn:uuid:d309d294-223b-4f5c-b403-da1570590ac0
1179738,Unknown,,Unknown,,"Agalinis strictifolia",0,,,,,,,,urn:uuid:5cb3d381-9353-4ce2-b4be-14ed4f6beaac
1179814,Unknown,,Unknown,,"Buchnera floridana",0,,,,,,,,urn:uuid:4179096c-8844-48e9-b79b-e540499894c1
1179825,Unknown,,Unknown,,"Buchnera floridana",0,,,,,,,,urn:uuid:5e815094-e35c-4311-956d-50f7f2c8d79b
1179906,Unknown,,Unknown,,"Castilleja purpurea var. lindheimeri",0,,,,,,,,urn:uuid:ddbe78a4-9d9e-4760-8868-e2f8439e2289
1179911,Unknown,,Unknown,,"Castilleja purpurea var. lindheimeri",0,,,,,,,,urn:uuid:2320e7fa-b209-40fb-9e3e-219521a9060c
1179920,Unknown,,Unknown,,"Castilleja purpurea var. purpurea",0,,,,,,,,urn:uuid:f58b0b34-4327-477f-af1f-95891cd498ae
1179921,Unknown,,Unknown,,"Castilleja purpurea var. purpurea",0,,,,,,,,urn:uuid:014592bc-6c38-4d3e-8387-9b9ee19d57b7
1179925,Unknown,,Unknown,,"Castilleja purpurea var. purpurea",0,,,,,,,,urn:uuid:4ceb8327-803a-481b-b05e-e4f6ccbf68d8
1179932,Unknown,,Unknown,,"Castilleja purpurea var. purpurea",0,,,,,,,,urn:uuid:d92ef2d2-2d6a-446d-ae36-eb85c7135d88
1180007,Unknown,,Unknown,,"Gratiola virginiana",0,,,,,,,,urn:uuid:12a1d697-5a8f-4af3-aae3-d24b3a33d9fb
1180034,Unknown,,Unknown,,"Leucospora multifida",0,"(Michx.) Nutt.",,,,,,,urn:uuid:73616b93-f9de-4bad-adab-b497e48c3263
1180035,Unknown,,Unknown,,"Leucospora multifida",0,"(Michx.) Nutt.",,,,,,,urn:uuid:fa8558d9-f603-4217-b2d1-4dce204dabce
1180036,Unknown,,Unknown,,"Leucospora multifida",0,"(Michx.) Nutt.",,,,,,,urn:uuid:95a42f2c-0105-481b-a445-4849963b87e2
1180037,Unknown,,Unknown,,"Leucospora multifida",0,"(Michx.) Nutt.",,,,,,,urn:uuid:fb2a014d-6a48-41d7-afbb-423521e46683
1180038,Unknown,,Unknown,,"Leucospora multifida",0,"(Michx.) Nutt.",,,,,,,urn:uuid:c985aae4-0490-4d70-ae57-f285a77d31b8
1180039,Unknown,,Unknown,,"Leucospora multifida",0,"(Michx.) Nutt.",,,,,,,urn:uuid:193db70d-3ff1-4bfa-93ab-1c776f8f8b19
1180040,Unknown,,Unknown,,"Leucospora multifida",0,"(Michx.) Nutt.",,,,,,,urn:uuid:29f7e0a6-a22e-4c4e-9289-5c8a1f05b238
1180041,Unknown,,Unknown,,"Leucospora multifida",0,"(Michx.) Nutt.",,,,,,,urn:uuid:ec7cda7f-d2cc-40a4-ad54-5a4ac230ca8f
1180042,Unknown,,Unknown,,"Leucospora multifida",0,"(Michx.) Nutt.",,,,,,,urn:uuid:15793156-c952-43a5-8989-f69724e45e5d
1180043,Unknown,,Unknown,,"Leucospora multifida",0,"(Michx.) Nutt.",,,,,,,urn:uuid:14187d46-87e9-4d05-b285-b8c8eaf239a1
1180044,Unknown,,Unknown,,"Leucospora multifida",0,"(Michx.) Nutt.",,,,,,,urn:uuid:11fd1020-3d20-4122-a0a6-5c05942eff6f
1180045,Unknown,,Unknown,,"Leucospora multifida",0,"(Michx.) Nutt.",,,,,,,urn:uuid:44995846-3d02-487c-bea4-ef8c9b0f380c
1180046,Unknown,,Unknown,,"Leucospora multifida",0,"(Michx.) Nutt.",,,,,,,urn:uuid:cd34f3e3-2080-4c34-a93d-352995c51cdf
1180047,Unknown,,Unknown,,"Leucospora multifida",0,"(Michx.) Nutt.",,,,,,,urn:uuid:1fe7d272-29b7-4a7c-8337-61b544b92f7c
1180048,Unknown,,Unknown,,"Leucospora multifida",0,"(Michx.) Nutt.",,,,,,,urn:uuid:67da6f53-df96-4cac-987f-f507147d23fc
1180049,Unknown,,Unknown,,"Leucospora multifida",0,"(Michx.) Nutt.",,,,,,,urn:uuid:1dae745e-bba3-4bce-b126-433ff09dd35d
1180050,Unknown,,Unknown,,"Leucospora multifida",0,"(Michx.) Nutt.",,,,,,,urn:uuid:20939e90-499c-4f09-be5a-727c81900899
1180051,Unknown,,Unknown,,"Leucospora multifida",0,"(Michx.) Nutt.",,,,,,,urn:uuid:0d603b0b-5c20-42d7-89cd-08ccda1b04e9
1180052,Unknown,,Unknown,,"Leucospora multifida",0,"(Michx.) Nutt.",,,,,,,urn:uuid:740ea216-2968-4af2-a86b-a71e9fc59cef
1180053,Unknown,,Unknown,,"Linaria canadensis",0,,,,,,,,urn:uuid:80b2da7a-e35b-48c3-bc15-b63195d9a177
1180054,Unknown,,Unknown,,"Linaria canadensis",0,,,,,,,,urn:uuid:d82b2782-c369-482c-bb58-4b2d7e9e98a4
1180055,Unknown,,Unknown,,"Linaria texana",0,,,,,,,,urn:uuid:0d7f989f-258b-4b61-b4e9-de2096b185c2
1180056,Unknown,,Unknown,,"Linaria texana",0,,,,,,,,urn:uuid:dc742e6c-7bce-49a4-809a-d325753ecbd2
1180099,Unknown,,Unknown,,"Mazus japonicus",0,,,,,,,,urn:uuid:266134a3-4038-47f3-8103-3266938f421c
1180100,Unknown,,Unknown,,"Mazus japonicus",0,,,,,,,,urn:uuid:8cd7e3e7-a7e4-4290-9b7f-f488e7cc1541
1180111,Unknown,,Unknown,,"Mecardonia vandellioides",0,,,,,,,,urn:uuid:2e9baacb-2fe3-49cf-8df7-e8e82745cbba
1180112,Unknown,,Unknown,,"Mecardonia vandellioides",0,,,,,,,,urn:uuid:26cfb3e8-9006-4fcd-b903-7919059a3800
1180113,Unknown,,Unknown,,"Mecardonia vandellioides",0,,,,,,,,urn:uuid:de54b9aa-e7ae-4bde-b430-1c3fce8192b1
1180114,Unknown,,Unknown,,"Mecardonia vandellioides",0,,,,,,,,urn:uuid:eec141af-7ce7-41c4-bd61-d7f94b89e26f
1180115,Unknown,,Unknown,,"Mecardonia vandellioides",0,,,,,,,,urn:uuid:c9e65457-4d60-4d48-bd84-19dc16a4bb7a
1180116,Unknown,,Unknown,,"Mecardonia vandellioides",0,,,,,,,,urn:uuid:aedc2d5b-a4da-45a3-92c3-9bddb8017193
1180117,Unknown,,Unknown,,"Mecardonia vandellioides",0,,,,,,,,urn:uuid:eb2c1c5c-8f5d-43ea-8fb7-374411f9bfa7
1180118,Unknown,,Unknown,,"Mecardonia vandellioides",0,,,,,,,,urn:uuid:03b50f21-6217-4c9f-8cd5-8be9fe98a9b5
1180119,Unknown,,Unknown,,"Mecardonia vandellioides",0,,,,,,,,urn:uuid:bba3121f-35fa-451f-915d-ccf0e3d9ba04
1180120,Unknown,,Unknown,,"Mecardonia vandellioides",0,,,,,,,,urn:uuid:4fa551dd-be36-464a-8577-cb33aad8c589
1180121,Unknown,,Unknown,,"Mecardonia vandellioides",0,,,,,,,,urn:uuid:764600d4-db5c-4b04-a1b4-9927f2d9f7c4
1180122,Unknown,,Unknown,,"Mecardonia vandellioides",0,,,,,,,,urn:uuid:7366e23a-0f6e-4c75-b0d0-0b94358dadb4
1180123,Unknown,,Unknown,,"Mecardonia vandellioides",0,,,,,,,,urn:uuid:b8fdde78-d263-4912-a180-8ece3459b894
1180124,Unknown,,Unknown,,"Mecardonia vandellioides",0,,,,,,,,urn:uuid:19076f6f-0888-4e9d-a545-27ba966cc4ad
1180125,Unknown,,Unknown,,"Mecardonia vandellioides",0,,,,,,,,urn:uuid:5bb1ccb0-0fbb-4bac-916a-fc0b3cd25970
1180126,Unknown,,Unknown,,"Mecardonia vandellioides",0,,,,,,,,urn:uuid:0314a896-a2e7-439f-a77f-34c325eecbbd
1180127,Unknown,,Unknown,,"Mecardonia vandellioides",0,,,,,,,,urn:uuid:792d106e-bb37-4e1d-9591-0c05a11c33a0
1180128,Unknown,,Unknown,,"Mecardonia vandellioides",0,,,,,,,,urn:uuid:035cb6b7-24dd-4bd4-b186-0aebb23a6943
1180129,Unknown,,Unknown,,"Mecardonia vandellioides",0,,,,,,,,urn:uuid:91e9b1cd-e963-41dd-9b26-3d9e9fb96c26
1180130,Unknown,,Unknown,,"Mecardonia vandellioides",0,,,,,,,,urn:uuid:bccb87b8-fd24-4e4a-a9cf-2c1b6049d66b
1180131,Unknown,,Unknown,,"Mecardonia vandellioides",0,,,,,,,,urn:uuid:b089cff5-47d9-49ff-a65d-3dc5da1ca75b
1180132,Unknown,,Unknown,," Mecardonia procumbens",0,,,,,,,,urn:uuid:6d8ec2f1-9e37-4e91-9adf-46b5014757d8
1180132,Unknown,,Unknown,,"Mecardonia vandellioides",0,,,,,,,,urn:uuid:b6fb14b7-87d6-4120-8750-452e8ee4339c
1180133,Unknown,,Unknown,,"Mecardonia vandellioides",0,,,,,,,,urn:uuid:0c78da9c-9326-4c6f-9379-271575195ead
1180134,Unknown,,Unknown,,"Mecardonia vandellioides",0,,,,,,,,urn:uuid:1979e98c-6ff5-4d7e-a9c0-0691484aae41
1180135,Unknown,,Unknown,,"Mecardonia vandellioides",0,,,,,,,,urn:uuid:65422166-1444-486d-add4-17e577d31ebd
1180136,Unknown,,Unknown,,"Mecardonia vandellioides",0,,,,,,,,urn:uuid:43379f8a-a60e-4a5e-af0a-1304448c5712
1180137,Unknown,,Unknown,,"Mecardonia vandellioides",0,,,,,,,,urn:uuid:50cb3c77-b943-4e4c-8d91-75eafdeea673
1180138,Unknown,,Unknown,,"Mecardonia vandellioides",0,,,,,,,,urn:uuid:cdcdac0c-fb48-4048-8113-c4f955a066ac
1180139,Unknown,,Unknown,,"Mecardonia vandellioides",0,,,,,,,,urn:uuid:3582be99-15e2-48a7-ad2e-132df485c035
1180140,Unknown,,Unknown,,"Mecardonia vandellioides",0,,,,,,,,urn:uuid:1387ecfe-1165-4c02-982c-93b0f7c3e523
1180157,Unknown,,Unknown,,"Mimulus dentilobus",0,,,,,,,,urn:uuid:3b2d1f4b-bf58-4b6a-89f6-835807623c75
1180158,Unknown,,Unknown,,"Mimulus glabratus",0,,,,,,,,urn:uuid:dfe1349d-0201-44a1-acd0-c807b2bf2584
1180159,Unknown,,Unknown,,"Mimulus glabratus",0,,,,,,,,urn:uuid:f7a91b40-2af6-42d3-b29b-99d490d9641f
1180160,Unknown,,Unknown,,"Mimulus glabratus",0,,,,,,,,urn:uuid:419433e9-0d23-490f-bc04-13482f2a6e5a
1180161,Unknown,,Unknown,,"Mimulus glabratus",0,,,,,,,,urn:uuid:7b3fc82d-8fea-4de1-a21a-1378765ba954
1180162,Unknown,,Unknown,,"Mimulus glabratus",0,,,,,,,,urn:uuid:70cb4c02-47e2-4d9a-83fa-2dfe9e5185c0
1180163,Unknown,,Unknown,,"Mimulus glabratus",0,,,,,,,,urn:uuid:e448bb8e-1df0-429a-99e1-b97fc1c0146a
1180164,Unknown,,Unknown,,"Mimulus glabratus",0,,,,,,,,urn:uuid:e077f599-9ff8-4bcf-8a8f-3793e83359ff
1180165,Unknown,,Unknown,,"Mimulus glabratus",0,,,,,,,,urn:uuid:4fdd89a3-4e29-4324-a1da-d6df674db712
1180166,Unknown,,Unknown,,"Mimulus glabratus",0,,,,,,,,urn:uuid:93b9a31b-13c5-4881-8120-cdd008a9fef2
1180167,Unknown,,Unknown,,"Mimulus glabratus",0,,,,,,,,urn:uuid:6eaeda8d-4ec6-4c73-b2da-b3656594b72e
1180168,Unknown,,Unknown,,"Mimulus glabratus",0,,,,,,,,urn:uuid:b15934e4-81f0-492c-8b2b-187c0311b3fc
1180169,Unknown,,Unknown,,"Mimulus glabratus",0,,,,,,,,urn:uuid:2058a68c-1777-4b2f-8aee-9a6201e604e7
1180170,Unknown,,Unknown,,"Mimulus glabratus",0,,,,,,,,urn:uuid:83369237-7d38-44ee-94fb-e0c76a3dbc18
1180171,Unknown,,Unknown,,"Mimulus rubellus",0,,,,,,,,urn:uuid:f8f3b322-a184-475a-95ac-ae8854d4024c
1180190,Unknown,,Unknown,,"Penstemon ambiguus",0,,,,,,,,urn:uuid:f50076b4-02b9-4b60-be64-299555a4b23b
1180191,Unknown,,Unknown,,"Penstemon ambiguus",0,,,,,,,,urn:uuid:ac226f7a-70e2-4f88-866b-125c46a151d7
1180192,Unknown,,Unknown,,"Penstemon ambiguus",0,,,,,,,,urn:uuid:3a356097-4912-445a-a5fa-07dd4de1c3ea
1180193,Unknown,,Unknown,,"Penstemon ambiguus",0,,,,,,,,urn:uuid:4f51abcc-ca7e-430b-9b78-63bb4a7d9b3b
1180194,Unknown,,Unknown,,"Penstemon ambiguus",0,,,,,,,,urn:uuid:a78649c2-f746-419d-84a9-a8b16b4f4a4c
1180195,Unknown,,Unknown,,"Penstemon ambiguus",0,,,,,,,,urn:uuid:6a940235-0fd0-46f0-b394-c9309c62fc3b
1180196,Unknown,,Unknown,,"Penstemon ambiguus",0,,,,,,,,urn:uuid:baa3892d-5bca-4961-add1-b0b36128f97a
1180197,Unknown,,Unknown,,"Penstemon ambiguus",0,,,,,,,,urn:uuid:933ca31a-1fb1-48bb-bd3b-eb72d8640ea1
1180198,Unknown,,Unknown,,"Penstemon ambiguus",0,,,,,,,,urn:uuid:72b82116-4085-4e2b-88de-3ab4d9e9d300
1180199,Unknown,,Unknown,,"Penstemon ambiguus",0,,,,,,,,urn:uuid:c0f40e24-4d57-4411-9352-bdadd75f4864
1180200,Unknown,,Unknown,,"Penstemon ambiguus",0,,,,,,,,urn:uuid:f532d001-a002-4430-add9-5c05c772344b
1180201,Unknown,,Unknown,,"Penstemon ambiguus",0,,,,,,,,urn:uuid:3012e43b-f1f0-400a-a340-a71cec9fb925
1180202,Unknown,,Unknown,,"Penstemon ambiguus",0,,,,,,,,urn:uuid:dc571838-aead-46c9-a6f3-df922e46898e
1227125,Unknown,,Unknown,,"Buchnera americana",0,,,,,,,,urn:uuid:ea1e835f-e1a9-4e65-a716-88f01910d23c
1227134,Unknown,,Unknown,,"Buchnera floridana",0,,,,,,,,urn:uuid:dd120897-4e52-4e85-a435-791dc58bff8b
1227325,Unknown,,Unknown,,"Castilleja purpurea var. lindheimeri",0,,,,,,,,urn:uuid:a4e1ff31-4949-4ff1-b293-79f5c0eabfa3
1227371,Unknown,,Unknown,,"Castilleja purpurea var. purpurea",0,,,,,,,,urn:uuid:4f8fdbd0-4a9d-483f-ba63-d9c36304727b
1227392,Unknown,,Unknown,,"Castilleja purpurea var. purpurea",0,,,,,,,,urn:uuid:3a2b10ee-5b68-4c81-81dd-f060800bc032
1227393,Unknown,,Unknown,,"Castilleja purpurea var. purpurea",0,,,,,,,,urn:uuid:5caf4a8b-3b97-414f-b2ee-baa9fffb63f7
1290120,Unknown,,Unknown,,"Buchnera americana",0,,,,,,,,urn:uuid:1352f47b-a524-4a1e-8d74-12f52973adb1
1293604,Unknown,,Unknown,,"Penstemon sp.",0,,,,,,,,urn:uuid:0e1fd15e-154d-4ddb-ab5c-ed3b751924fd
1293702,Unknown,,Unknown,,"Mimulus glabratus",0,,,,,,,,urn:uuid:e6950306-b714-4d74-bf53-e3df3b8c07f8
1296138,Unknown,,Unknown,,"Mimulus glabratus",0,,,,,,,,urn:uuid:16ef340c-175d-4bfa-bf56-ed81e1c5bb3c
1296144,Unknown,,Unknown,,"Mimulus glabratus",0,,,,,,,,urn:uuid:146c82ff-1f1a-491c-b42d-2d99fdff5466
1297934,Unknown,,Unknown,,"Mimulus glabratus",0,,,,,,,,urn:uuid:7ca55bb8-8ca8-47a3-9152-9ae66670b105
1298032,Unknown,,Unknown,,"Penstemon ambiguus",0,,,,,,,,urn:uuid:7344be8a-b8f2-417a-89ff-8a639736a973
1298299,Unknown,,Unknown,,"Penstemon ambiguus",0,,,,,,,,urn:uuid:0f8e628f-257a-4bd5-b72b-1502b52fa2a0
1298325,Unknown,,Unknown,,"Mimulus glabratus",0,,,,,,,,urn:uuid:a55891f5-cbee-475d-90c7-ede7d5ad6ea3
1300391,Unknown,,Unknown,,"Buchnera americana",0,,,,,,,,urn:uuid:9bcb76b0-fb89-4d33-9df4-5e8d5bde6b70
1300590,Unknown,,Unknown,,"Buchnera americana",0,,,,,,,,urn:uuid:79674728-a1d2-4ed7-b956-3f995ef1602f
1301715,Unknown,,Unknown,,"Mimulus glabratus",0,,,,,,,,urn:uuid:d1f8a2b0-2b26-4c0d-a1dc-c4de247ca16e
1302749,Unknown,,Unknown,,"Mimulus dentilobus",0,,,,,,,,urn:uuid:0e0ba132-8c96-4367-982e-e32129971372
1304089,Unknown,,Unknown,,"Castilleja lanata",0,,,,,,,,urn:uuid:d79e5f04-1139-4182-b157-1ee9122105b4
1304232,Unknown,,Unknown,,"Buchnera americana",0,,,,,,,,urn:uuid:ddc94577-feae-40e3-b65b-b3c669d887eb
1304282,Unknown,,Unknown,,"Buchnera americana",0,,,,,,,,urn:uuid:0841fd67-cc74-43e0-9fd1-2703582d743f
1305360,Unknown,,Unknown,,"Buchnera americana",0,,,,,,,,urn:uuid:216c4294-1015-4bfe-ad5a-7ee809078747
1306920,Unknown,,Unknown,,"Buchnera americana",0,,,,,,,,urn:uuid:dc00e2af-9d8c-48e9-aeb3-a44a079185fc
1307377,Unknown,,Unknown,,"Mimulus glabratus",0,,,,,,,,urn:uuid:b00c3cef-6be7-46f1-820c-aa2ee1ddf06d
1307622,Unknown,,Unknown,,"Mimulus glabratus",0,,,,,,,,urn:uuid:225c0e8e-4230-49c2-956c-c6d5de3e6152
1308408,Unknown,,Unknown,,"Buchnera americana",0,,,,,,,,urn:uuid:e345a1aa-e6a8-44e8-841a-079e6718145b
1308717,Unknown,,Unknown,,"Castilleja purpurea var. purpurea",0,,,,,,,,urn:uuid:b995e387-1f5c-4a15-81b5-15c402c8cee5
1309957,Unknown,,Unknown,,"Castilleja purpurea var. citrina",0,,,,,,,,urn:uuid:a556f9d8-43f7-4757-be2e-d162823140fd
1310918,Unknown,,Unknown,,"Mimulus glabratus",0,,,,,,,,urn:uuid:d3bc1c10-11c4-47b1-924a-a20dbf542e08
1312153,"W. R. Carr",,2002,,"Veronica agrestis",0,,,,,,,,urn:uuid:25833eaa-e48f-49bd-82e9-4eeaad523995
1312616,Unknown,,Unknown,,"Castilleja purpurea var. purpurea",0,,,,,,,,urn:uuid:30da10a5-b98a-40a0-a9d9-2de60eff5a8b
1227603,Unknown,,Unknown,,"Leucospora multifida",0,"(Michx.) Nutt.",,,,,,,urn:uuid:252878b6-7067-4908-bf12-405c453829c5
1227604,Unknown,,Unknown,,"Leucospora multifida",0,"(Michx.) Nutt.",,,,,,,urn:uuid:89e3e50a-f201-4e2c-b812-c378b8f0ddfe
1227605,Unknown,,Unknown,,"Leucospora multifida",0,"(Michx.) Nutt.",,,,,,,urn:uuid:982a55c9-770c-496b-92bc-adacf45a38df
1227606,Unknown,,Unknown,,"Leucospora multifida",0,"(Michx.) Nutt.",,,,,,,urn:uuid:07caf618-2c1c-4d5a-9958-6f53b5fe7a18
1227607,Unknown,,Unknown,,"Leucospora multifida",0,"(Michx.) Nutt.",,,,,,,urn:uuid:369e5c22-8a14-4066-bda0-6345e801a072
1227608,Unknown,,Unknown,,"Leucospora multifida",0,"(Michx.) Nutt.",,,,,,,urn:uuid:8ff3c775-e600-400d-85f4-e5d59577378c
1227609,Unknown,,Unknown,,"Leucospora multifida",0,"(Michx.) Nutt.",,,,,,,urn:uuid:cded9c3c-7ea7-4074-83d6-02b5272b88ad
1227610,Unknown,,Unknown,,"Leucospora multifida",0,"(Michx.) Nutt.",,,,,,,urn:uuid:f0229176-0e29-40f9-b7da-ef9022655ed0
1227611,Unknown,,Unknown,,"Leucospora multifida",0,"(Michx.) Nutt.",,,,,,,urn:uuid:86520a60-9cf8-44ef-b135-19e43d7283d4
1227612,Unknown,,Unknown,,"Leucospora multifida",0,"(Michx.) Nutt.",,,,,,,urn:uuid:a943c6fe-4a86-4bfb-a71a-6aad2f270421
1227613,Unknown,,Unknown,,"Leucospora multifida",0,"(Michx.) Nutt.",,,,,,,urn:uuid:2349e7a9-6612-4c54-b65e-eb72387d6f6c
1227614,Unknown,,Unknown,,"Leucospora multifida",0,"(Michx.) Nutt.",,,,,,,urn:uuid:71738677-3fe8-4548-b65e-5ffc6b692ce7
1227615,Unknown,,Unknown,,"Leucospora multifida",0,"(Michx.) Nutt.",,,,,,,urn:uuid:ef06d2b0-f438-4e33-8c7f-c5c25de16201
1227616,Unknown,,Unknown,,"Leucospora multifida",0,"(Michx.) Nutt.",,,,,,,urn:uuid:2e5bc991-6d14-4a74-bf46-4f15fa420e54
1227617,Unknown,,Unknown,,"Leucospora multifida",0,"(Michx.) Nutt.",,,,,,,urn:uuid:41ab8cf2-4a20-4acc-b0f8-6a190db5e7bc
1227618,Unknown,,Unknown,,"Leucospora multifida",0,"(Michx.) Nutt.",,,,,,,urn:uuid:3646b43b-1b0b-46b4-bcc9-d25c2903d48a
1227619,Unknown,,Unknown,,"Leucospora multifida",0,"(Michx.) Nutt.",,,,,,,urn:uuid:0819dacb-2fbb-4b85-99de-0665ff9268f4
1227620,Unknown,,Unknown,,"Leucospora multifida",0,"(Michx.) Nutt.",,,,,,,urn:uuid:fb257042-d21b-4f98-8529-ac07ab6aad14
1227621,Unknown,,Unknown,,"Linaria texana",0,,,,,,,,urn:uuid:3bfab60a-3462-4d3b-93bd-23348aa3773b
1227622,Unknown,,Unknown,,"Linaria texana",0,,,,,,,,urn:uuid:4cfaec1c-133f-4a86-a8c3-7f43a032d8e8
1227623,Unknown,,Unknown,,"Linaria texana",0,,,,,,,,urn:uuid:ccd25e76-539d-4236-89b9-3b352b9a0e23
1227624,Unknown,,Unknown,,"Linaria texana",0,,,,,,,,urn:uuid:4b4b09d6-e512-4329-b431-b39c9055d580
1227625,Unknown,,Unknown,,"Linaria texana",0,,,,,,,,urn:uuid:de6e8e44-17cf-45f1-81d4-1f5e6141745f
1227626,Unknown,,Unknown,,"Linaria texana",0,,,,,,,,urn:uuid:97bc7ce5-7099-4501-89a6-432ca3eda6cb
1227627,Unknown,,Unknown,,"Linaria texana",0,,,,,,,,urn:uuid:72b9cc97-2e58-4337-89b2-fbf3da2ced6d
1227628,Unknown,,Unknown,,"Linaria texana",0,,,,,,,,urn:uuid:b8acfa1e-0101-4491-ae1d-f5992693bd44
1227629,Unknown,,Unknown,,"Linaria texana",0,,,,,,,,urn:uuid:d23ba5b3-703f-4562-91a6-fc51be613a8a
1180350,Unknown,,Unknown,,"Penstemon triflorus",0,,,,,,,,urn:uuid:083f5d29-5798-4d66-9d27-a850eb2594e3
1180351,Unknown,,Unknown,,"Penstemon triflorus",0,,,,,,,,urn:uuid:d8f8bf1b-1290-473e-ab64-104f4ce3b22c
1180352,Unknown,,Unknown,,"Penstemon triflorus",0,,,,,,,,urn:uuid:49b3c3a8-9d95-4648-80ca-85a171307f7c
1180353,Unknown,,Unknown,,"Penstemon triflorus",0,,,,,,,,urn:uuid:a314d96a-9042-45b8-9383-46e51116799c
1180354,Unknown,,Unknown,,"Penstemon triflorus",0,,,,,,,,urn:uuid:b6c212fc-bde6-4218-b9e5-d618da0c2da7
1180355,Unknown,,Unknown,,"Penstemon triflorus",0,,,,,,,,urn:uuid:31e5538e-97d4-43fa-b807-4572caac4a39
1180356,Unknown,,Unknown,,"Penstemon triflorus",0,,,,,,,,urn:uuid:540a1583-ff9d-4857-a0cc-a0a2be8aae9f
1180357,Unknown,,Unknown,,"Penstemon triflorus",0,,,,,,,,urn:uuid:f7cdadbf-0682-4e04-844b-b8b717409c6d
1180358,Unknown,,Unknown,,"Penstemon triflorus",0,,,,,,,,urn:uuid:19680f0c-6010-4520-b0c8-d10d7587a55c
1180359,Unknown,,Unknown,,"Penstemon triflorus",0,,,,,,,,urn:uuid:ea2deaf4-c164-4975-a05d-34ed4a9cb87f
1190650,Unknown,,Unknown,,"Linaria texana",0,,,,,,,,urn:uuid:ef70c12f-125f-4b64-8817-647a526be65e
1200854,Unknown,,Unknown,,"Linaria texana",0,,,,,,,,urn:uuid:398a52a2-90cd-44b8-8c78-385958a3bdb6
1200855,Unknown,,Unknown,,"Linaria texana",0,,,,,,,,urn:uuid:3b776c4f-c4f7-4ec8-8986-769f003a0c1a
1200873,Unknown,,Unknown,," Mimulus glabratus",0,,,,,,,,urn:uuid:0310157f-a726-4079-ae27-296f90dcf50f
1200873,Unknown,,Unknown,,"Mimulus guttatus",0,,,,,,,,urn:uuid:d593f72a-1f3b-4caa-9e6a-e3f2c9c64dd1
1200874,Unknown,,Unknown,," Mimulus glabratus",0,,,,,,,,urn:uuid:07bf3fa8-d73a-449b-91ac-127ef6a8370a
1200874,Unknown,,Unknown,,"Mimulus guttatus",0,,,,,,,,urn:uuid:1a2e8a91-5706-4497-94c8-fc5b80bdd9f3
1200875,Unknown,,Unknown,," Mimulus glabratus",0,,,,,,,,urn:uuid:8980fbb1-261d-4fed-882f-e922dc0222c3
1200875,Unknown,,Unknown,,"Mimulus guttatus",0,,,,,,,,urn:uuid:dbed66f6-ce3c-488c-8c58-5ca9995b2e12
1213752,Unknown,,Unknown,,"Castilleja indivisa",0,,,,,,,,urn:uuid:d748e706-ba00-4ab9-aa0d-114b29dcee0b
1226938,Unknown,,Unknown,,"Agalinis fasciculata",0,,,,,,,,urn:uuid:24ad73fb-7d01-4667-ae07-dc83fbd23f62
1226965,Unknown,,Unknown,,"Agalinis heterophylla",0,,,,,,,,urn:uuid:e5f6081c-e9a2-4554-801c-5680fd6551c7
1226997,Unknown,,Unknown,,"Agalinis heterophylla",0,,,,,,,,urn:uuid:d43baf77-1e24-4ce6-8516-a8c656058a02
1226998,Unknown,,Unknown,,"Agalinis heterophylla",0,,,,,,,"Databasing error, not an actual determination",urn:uuid:806de25b-3f07-43bc-aeaa-3e004eb43774
1227002,Unknown,,Unknown,,"Agalinis homalantha",0,,,,,,,,urn:uuid:989bdf51-577b-47d2-a493-240f71dd7fab
1227003,Unknown,,Unknown,,"Agalinis homalantha",0,,,,,,,,urn:uuid:4184908b-2ef4-41f4-8799-36471d68eafa
1227004,Unknown,,Unknown,,"Agalinis maritima",0,,,,,,,,urn:uuid:995d2191-fafb-4191-b2cd-96d9f04778a1
1227005,Unknown,,Unknown,,"Agalinis maritima",0,,,,,,,,urn:uuid:df9a04f6-5445-46c5-a025-bcc2745be8d7
1227006,Unknown,,Unknown,,"Agalinis maritima",0,,,,,,,,urn:uuid:ba0b6dd9-d8c0-4f3a-a7b9-7178f41a346d
1227007,Unknown,,Unknown,,"Agalinis maritima",0,,,,,,,,urn:uuid:1da1958d-6b5b-4dc0-b4bd-422cb35de5b2
1227008,Unknown,,Unknown,,"Agalinis maritima",0,,,,,,,,urn:uuid:c53d1bf9-35c4-4e58-a4b5-e5245c003fe5
1227009,Unknown,,Unknown,,"Agalinis maritima",0,,,,,,,,urn:uuid:a6eef602-24b9-43f4-945e-bbfcdd8323cc
1227010,Unknown,,Unknown,,"Agalinis maritima",0,,,,,,,,urn:uuid:9a120382-6ac2-48e6-881d-88df7b00265f
1227011,Unknown,,Unknown,,"Agalinis maritima",0,,,,,,,,urn:uuid:46e011fb-1919-435e-8788-61dc581bfce7
1227012,Unknown,,Unknown,,"Agalinis maritima",0,,,,,,,,urn:uuid:92ea16fc-ed47-42ec-92d0-5544d596a9ff
1227013,Unknown,,Unknown,,"Agalinis maritima",0,,,,,,,,urn:uuid:712acc67-65e2-40f4-b118-471ef014555a
1227018,Unknown,,Unknown,,"Agalinis purpurea",0,,,,,,,,urn:uuid:9213fab9-bf87-4624-98c8-d1c65058a526
1227019,Unknown,,Unknown,,"Agalinis purpurea",0,,,,,,,,urn:uuid:ab0c2d97-59cb-4729-a756-09dc019c1d35
1227020,Unknown,,Unknown,,"Agalinis purpurea",0,,,,,,,,urn:uuid:d0ff178a-5993-452a-82eb-7cda098dde9c
1227021,Unknown,,Unknown,,"Agalinis purpurea",0,,,,,,,,urn:uuid:250cbd8f-b898-470d-af4d-51083856454f
1227022,Unknown,,Unknown,,"Agalinis purpurea",0,,,,,,,,urn:uuid:3a4cb615-1b67-493b-bc00-882a1c632a8d
1227023,Unknown,,Unknown,,"Agalinis purpurea",0,,,,,,,,urn:uuid:a7fa2849-4d41-4fed-9424-5f34a1c7ff88
1227024,Unknown,,Unknown,,"Agalinis purpurea",0,,,,,,,,urn:uuid:c56d6a31-eb82-47fa-8ec4-13280c6172c1
1227052,Unknown,,Unknown,,"Agalinis strictifolia",0,,,,,,,,urn:uuid:f4d4b84a-c0e0-4fcc-a7a2-8f96317342a2
1227056,Unknown,,Unknown,,"Agalinis tenuifolia",0,,,,,,,,urn:uuid:0efcf563-4cd2-4cd6-82c1-abccd37aa201
1228241,Unknown,,Unknown,,"Penstemon triflorus var. integrifolius",0,,,,,,,,urn:uuid:e092e1e8-8b1a-4d63-9d83-dbfe46009e3b
1228242,Unknown,,Unknown,,"Penstemon triflorus var. integrifolius",0,,,,,,,,urn:uuid:b12d3910-aa69-4b83-9735-73e06b836f86
1228243,Unknown,,Unknown,,"Penstemon triflorus var. integrifolius",0,,,,,,,,urn:uuid:ae1106c9-c434-4f55-b808-b9c888decba2
1228244,Unknown,,Unknown,,"Penstemon triflorus var. integrifolius",0,,,,,,,,urn:uuid:0f0a72e1-d298-4b89-a245-17f371595278
1228245,Unknown,,Unknown,,"Penstemon triflorus var. integrifolius",0,,,,,,,,urn:uuid:3f58c652-5ff7-4811-8e77-e563991d7417
1228246,Unknown,,Unknown,,"Penstemon triflorus var. integrifolius",0,,,,,,,,urn:uuid:d44d5e64-62f1-4565-b858-ea1ec626889e
1228247,Unknown,,Unknown,,"Penstemon triflorus var. integrifolius",0,,,,,,,,urn:uuid:e719997d-7140-4650-9266-0319a3e4585a
1228248,Unknown,,Unknown,,"Penstemon triflorus var. integrifolius",0,,,,,,,,urn:uuid:560e98d6-9dc6-4d79-98d4-0af9df78cf22
1228249,Unknown,,Unknown,,"Penstemon triflorus var. integrifolius",0,,,,,,,,urn:uuid:6aa809e5-3928-46dd-9b38-5d677feef7ad
1228250,Unknown,,Unknown,,"Penstemon triflorus var. integrifolius",0,,,,,,,,urn:uuid:e891e4e8-3729-474a-96e5-a0bf14d5cdff
1228251,Unknown,,Unknown,,"Penstemon triflorus var. integrifolius",0,,,,,,,,urn:uuid:44cfc19e-e201-400a-9d07-3bf236b809b4
1228252,Unknown,,Unknown,,"Penstemon triflorus var. integrifolius",0,,,,,,,,urn:uuid:84694e37-c7ab-4615-80a5-5bb738811352
1274085,Unknown,,Unknown,,"Agalinis maritima",0,,,,,,,,urn:uuid:de9bad5b-0c9e-4f0a-a561-eab2c8e73ac8
1227885,Unknown,,Unknown,,"Mimulus dentilobus",0,,,,,,,,urn:uuid:7702ad9c-55fe-4923-8784-2434a3b85474
1227886,Unknown,,Unknown,,"Mimulus glabratus",0,,,,,,,,urn:uuid:57cc32d4-91b1-4365-86b3-540d40265bba
1227887,Unknown,,Unknown,,"Mimulus glabratus",0,,,,,,,,urn:uuid:8ec69854-77e7-44af-93e0-91ba40ea2bbe
1227888,Unknown,,Unknown,,"Mimulus glabratus",0,,,,,,,,urn:uuid:0b278dba-bf9b-4112-a6e7-5c46cd7d8af3
1227889,Unknown,,Unknown,,"Mimulus glabratus",0,,,,,,,,urn:uuid:12c232d9-a81d-4723-a905-c4b2292e6994
1227890,Unknown,,Unknown,,"Mimulus glabratus",0,,,,,,,,urn:uuid:f39d3d22-cb10-491d-8ad8-9fffc1bedd49
1227891,Unknown,,Unknown,,"Mimulus glabratus",0,,,,,,,,urn:uuid:3ef15fb6-9c0b-481b-a5fd-3740f0e3f3bb
1227892,Unknown,,Unknown,,"Mimulus glabratus",0,,,,,,,,urn:uuid:98afae81-3d35-409d-918c-6e9b10217e8c
1227893,Unknown,,Unknown,,"Mimulus glabratus",0,,,,,,,,urn:uuid:b9356f2e-61cd-4e13-9067-aa71c53e1ab1
1227894,Unknown,,Unknown,,"Mimulus glabratus",0,,,,,,,,urn:uuid:c8d53157-e87f-474e-bab0-d511f8785d0a
1227895,Unknown,,Unknown,,"Mimulus glabratus",0,,,,,,,,urn:uuid:a35b1993-04d5-4409-bbec-81209f302794
1227896,Unknown,,Unknown,,"Mimulus glabratus",0,,,,,,,,urn:uuid:0affc444-6917-4d6e-a679-e863668abdb6
1227897,Unknown,,Unknown,,"Mimulus glabratus",0,,,,,,,,urn:uuid:e1799ea3-4c9a-4f03-9566-e3cff45ea6e4
1227898,Unknown,,Unknown,,"Mimulus glabratus",0,,,,,,,,urn:uuid:76fe7f54-0b43-438f-bc27-e5b9469dd8ed
1227899,Unknown,,Unknown,,"Mimulus glabratus",0,,,,,,,,urn:uuid:09af0ac9-15a3-4038-aa4b-6043270c1d43
1227900,Unknown,,Unknown,,"Mimulus glabratus",0,,,,,,,,urn:uuid:a472fa0b-13c2-47ef-9467-461f95222c6a
1227901,Unknown,,Unknown,,"Mimulus glabratus",0,,,,,,,,urn:uuid:ea5a8c56-629d-4d86-b426-1063a66ff97c
1227902,Unknown,,Unknown,,"Mimulus glabratus",0,,,,,,,,urn:uuid:cccf64e2-ee68-48a5-94a3-a9a6dba40166
1227903,Unknown,,Unknown,,"Mimulus glabratus",0,,,,,,,,urn:uuid:7672a415-2241-4985-abae-41e5aa00636e
1227904,Unknown,,Unknown,,"Mimulus glabratus",0,,,,,,,,urn:uuid:bf8066b7-0148-4cf7-bed1-aaf4dc99a0c2
1227905,Unknown,,Unknown,,"Mimulus glabratus",0,,,,,,,,urn:uuid:c3172955-e99b-43b9-a135-b9a82257bb0f
1227906,Unknown,,Unknown,,"Mimulus glabratus",0,,,,,,,,urn:uuid:36c2fd23-140e-4454-b0ac-1dc5d2c558bd
1227907,Unknown,,Unknown,,"Mimulus glabratus",0,,,,,,,,urn:uuid:c6deb7df-4690-42d9-bfce-d68456f4dc45
1227908,Unknown,,Unknown,,"Mimulus glabratus",0,,,,,,,,urn:uuid:54d4c12a-f7cb-4311-8f37-ddf9754a0441
1227934,Unknown,,Unknown,,"Penstemon ambiguus",0,,,,,,,,urn:uuid:f4c0fdbc-5509-4c1e-b451-bed6efbc5ff2
1227935,Unknown,,Unknown,,"Penstemon ambiguus",0,,,,,,,,urn:uuid:b73df883-3303-4529-926b-89ec0154f517
1227936,Unknown,,Unknown,,"Penstemon ambiguus",0,,,,,,,,urn:uuid:8513c781-203c-464f-8dc2-a4c3e77d3274
1227937,Unknown,,Unknown,,"Penstemon ambiguus",0,,,,,,,,urn:uuid:f644858e-5b45-46a0-a1e1-b3186b856cbf
1227938,Unknown,,Unknown,,"Penstemon ambiguus",0,,,,,,,,urn:uuid:38f419a0-601f-4cfe-bb75-178377fbfdb0
1227939,Unknown,,Unknown,,"Penstemon ambiguus",0,,,,,,,,urn:uuid:7fd7f587-94a9-4171-8bf4-432eb7e157f6
1227940,Unknown,,Unknown,,"Penstemon ambiguus",0,,,,,,,,urn:uuid:c5ec926d-d1a1-4c79-8b46-a8b61a4c4737
1227941,Unknown,,Unknown,,"Penstemon ambiguus",0,,,,,,,,urn:uuid:1a867ceb-5810-459d-a8aa-9f68e0c6a647
1227942,Unknown,,Unknown,,"Penstemon ambiguus",0,,,,,,,,urn:uuid:05b9d8f5-cb98-4735-9399-b80cfe5e76db
1227943,Unknown,,Unknown,,"Penstemon ambiguus",0,,,,,,,,urn:uuid:6ac33ea2-df9b-4f01-97a5-4d5b5d12a172
1227944,Unknown,,Unknown,,"Penstemon ambiguus",0,,,,,,,,urn:uuid:bb99eb4b-7068-46d2-a9df-3e92072ddc1d
1227945,Unknown,,Unknown,,"Penstemon ambiguus",0,,,,,,,,urn:uuid:743a5729-c7d3-4283-acd2-031aeab0c2f9
1227946,Unknown,,Unknown,,"Penstemon ambiguus",0,,,,,,,,urn:uuid:ca89e785-cca3-4b8a-928b-e236f5c3acdf
1227947,Unknown,,Unknown,,"Penstemon ambiguus",0,,,,,,,,urn:uuid:be2a313a-8730-451a-b484-56c0ce3c1394
1227948,Unknown,,Unknown,,"Penstemon ambiguus",0,,,,,,,,urn:uuid:28beb853-5aaa-4853-9842-b247f7fb1b62
1227949,Unknown,,Unknown,,"Penstemon ambiguus",0,,,,,,,,urn:uuid:ce9c8a19-706d-4876-9467-84bd60d4c48d
1227950,Unknown,,Unknown,,"Penstemon ambiguus",0,,,,,,,,urn:uuid:af7ded3f-7f8c-4b98-af74-b9d2d493c4d6
1227951,Unknown,,Unknown,,"Penstemon ambiguus",0,,,,,,,,urn:uuid:636a6bb0-ccc2-47ef-be8a-0c01e492be07
1227952,Unknown,,Unknown,,"Penstemon ambiguus",0,,,,,,,,urn:uuid:ec0c4b6d-4062-4653-ae76-3d53dc030641
1369057,Unknown,,Unknown,,"Agalinis gattingeri",0,,,,,,,,urn:uuid:927631c9-4089-4eaa-9ec3-f4aa18d949e1
1369060,Unknown,,Unknown,,"Agalinis heterophylla",0,,,,,,,,urn:uuid:09e93737-166e-4868-8d2d-938217b2eae0
1369073,Unknown,,Unknown,,"Agalinis maritima",0,,,,,,,,urn:uuid:76130a73-5e29-4bff-a054-bf5d9180d013
1369074,Unknown,,Unknown,,"Agalinis maritima",0,,,,,,,,urn:uuid:74e75c88-4d1a-41e7-9f37-92cf7769c6bf
1369079,Unknown,,Unknown,,"Agalinis purpurea",0,,,,,,,,urn:uuid:7d8bfbf4-0e50-4185-b12e-12321e96b656
1369082,Unknown,,Unknown,,"Agalinis purpurea",0,,,,,,,,urn:uuid:d2882099-5587-4693-8a02-972b992034fe
1369083,Unknown,,Unknown,,"Agalinis purpurea",0,,,,,,,,urn:uuid:3024f729-5268-4e97-b06a-c650d865f74e
1369084,Unknown,,Unknown,,"Agalinis purpurea",0,,,,,,,,urn:uuid:b49091eb-2747-450d-841d-44c0a7d725f7
1369085,Unknown,,Unknown,,"Agalinis purpurea",0,,,,,,,,urn:uuid:0bd84ea8-7712-42c5-b89c-d0857c021b6d
1369086,Unknown,,Unknown,,"Agalinis purpurea",0,,,,,,,,urn:uuid:464c9bb7-70ef-4490-869c-92745d299bbc
1369087,Unknown,,Unknown,,"Agalinis purpurea",0,,,,,,,,urn:uuid:0c2f4ce3-7eb9-44d9-bfbf-def44434d29c
1369088,Unknown,,Unknown,,"Agalinis purpurea",0,,,,,,,,urn:uuid:c061a11d-b3bb-49f7-b7cc-1cd9f3acd36d
1369270,Unknown,,Unknown,,"Leucospora multifida",0,"(Michx.) Nutt.",,,,,,,urn:uuid:e4f99c79-0795-4e32-8fcd-3ad01bbe85ff
1369271,Unknown,,Unknown,,"Leucospora multifida",0,"(Michx.) Nutt.",,,,,,,urn:uuid:27de53cd-2ce0-4f46-91fc-aa3606d02b6b
1369272,Unknown,,Unknown,,"Leucospora multifida",0,"(Michx.) Nutt.",,,,,,,urn:uuid:bb5b88cf-acec-4b43-93ed-cdcd0c69db8a
1369273,Unknown,,Unknown,,"Leucospora multifida",0,"(Michx.) Nutt.",,,,,,,urn:uuid:8446654f-b90d-4383-966a-d30dc0d7e4b7
1369274,Unknown,,Unknown,,"Leucospora multifida",0,"(Michx.) Nutt.",,,,,,,urn:uuid:46e97944-96ad-43cf-a9be-fe34ac299c99
1369275,Unknown,,Unknown,,"Leucospora multifida",0,"(Michx.) Nutt.",,,,,,,urn:uuid:de70c7a5-d489-4031-9f31-1ae4282b0e05
1369276,Unknown,,Unknown,,"Leucospora multifida",0,"(Michx.) Nutt.",,,,,,,urn:uuid:8746ecec-5008-4d95-888a-6c90c00b9b9c
1369277,Unknown,,Unknown,,"Leucospora multifida",0,"(Michx.) Nutt.",,,,,,,urn:uuid:85912a79-88cc-4ba7-9ecc-51a7bd5f11c6
1369278,Unknown,,Unknown,,"Leucospora multifida",0,"(Michx.) Nutt.",,,,,,,urn:uuid:0456c72d-1660-490c-be16-3e601e6999e6
1369279,Unknown,,Unknown,,"Leucospora multifida",0,"(Michx.) Nutt.",,,,,,,urn:uuid:1f23e9e5-069e-4c62-b2da-e921f70191c9
1369280,Unknown,,Unknown,,"Leucospora multifida",0,"(Michx.) Nutt.",,,,,,,urn:uuid:fadcdc49-a2ba-4ef8-8d52-adb703a19ecb
1369281,Unknown,,Unknown,,"Leucospora multifida",0,"(Michx.) Nutt.",,,,,,,urn:uuid:98a630f3-54d4-422c-80d7-27d864e0c061
1369283,Unknown,,Unknown,,"Linaria canadensis",0,,,,,,,,urn:uuid:720e6e92-8104-4a6c-afb7-275241fff0de
1369284,Unknown,,Unknown,,"Linaria texana",0,,,,,,,,urn:uuid:a4fbbd63-f743-41ee-8906-0c571b662bc1
1369285,Unknown,,Unknown,,"Linaria texana",0,,,,,,,,urn:uuid:a7c4f480-e270-4193-b43e-7abadd4698b3
1369286,Unknown,,Unknown,,"Linaria texana",0,,,,,,,,urn:uuid:86188805-aa7a-4a46-9201-fee2692b0432
1369287,Unknown,,Unknown,,"Linaria texana",0,,,,,,,,urn:uuid:db7ac327-0971-48c4-be95-051a7fe76456
1369325,Unknown,,Unknown,,"Mecardonia vandellioides",0,,,,,,,,urn:uuid:b41cfd2c-ab6a-4070-a2ee-5ddde7fba1fc
1369326,Unknown,,Unknown,,"Mecardonia vandellioides",0,,,,,,,,urn:uuid:d5cbbb7d-b86d-41d1-bc07-59d0d04bd25c
1369327,Unknown,,Unknown,,"Mecardonia vandellioides",0,,,,,,,,urn:uuid:b7931c2e-2a51-4642-8065-9d0158c49950
1369328,Unknown,,Unknown,,"Mecardonia vandellioides",0,,,,,,,,urn:uuid:597e596e-95f8-46fb-b777-bd0476296bf6
1369329,Unknown,,Unknown,,"Mecardonia vandellioides",0,,,,,,,,urn:uuid:58b1a380-5b1d-473b-99c9-d937574eb940
1369330,Unknown,,Unknown,,"Mecardonia vandellioides",0,,,,,,,,urn:uuid:b9ebf8e0-919e-4d52-a04d-3cce98ec9f3b
1369331,Unknown,,Unknown,,"Mecardonia vandellioides",0,,,,,,,,urn:uuid:383e1016-849d-47b2-9cbf-6e7eed8741fe
1369332,Unknown,,Unknown,,"Mecardonia vandellioides",0,,,,,,,,urn:uuid:05924b49-9d7e-462b-8b5f-7342c87203cc
1369333,Unknown,,Unknown,,"Mecardonia vandellioides",0,,,,,,,,urn:uuid:a3c05541-e5b1-4ec8-8d04-94e4249af84c
1369334,Unknown,,Unknown,,"Mecardonia vandellioides",0,,,,,,,,urn:uuid:6070d221-2b67-43fa-8a1b-6a2e360fafe0
1369335,Unknown,,Unknown,,"Mecardonia vandellioides",0,,,,,,,,urn:uuid:33d98f77-7c51-4156-b550-0a413368ff5e
1369336,Unknown,,Unknown,,"Mecardonia vandellioides",0,,,,,,,,urn:uuid:edb79336-1361-443b-8022-17931b2accaa
1369337,Unknown,,Unknown,,"Mecardonia vandellioides",0,,,,,,,,urn:uuid:6e329938-44f9-4142-9e1f-fdc05789644f
1369338,Unknown,,Unknown,,"Mecardonia vandellioides",0,,,,,,,,urn:uuid:28c1c887-3eff-471e-9654-5770333ebce7
1369339,Unknown,,Unknown,,"Mecardonia vandellioides",0,,,,,,,,urn:uuid:c1819903-984e-4b4c-9a2e-4eae45fba0fe
1369340,Unknown,,Unknown,,"Mecardonia vandellioides",0,,,,,,,,urn:uuid:6b139720-414a-4a6b-993e-3dfd37212fba
1369341,Unknown,,Unknown,,"Mecardonia vandellioides",0,,,,,,,,urn:uuid:72ca8b0d-374b-4b24-bc6e-53ed99b4511e
1369342,Unknown,,Unknown,,"Mecardonia vandellioides",0,,,,,,,,urn:uuid:d69b3a14-226b-4c77-99a7-66282bfde1cc
1369343,Unknown,,Unknown,,"Mecardonia vandellioides",0,,,,,,,,urn:uuid:a3232df1-61f7-4369-bea1-fd77df0eec39
1369344,Unknown,,Unknown,,"Mecardonia vandellioides",0,,,,,,,,urn:uuid:268e355c-5910-41f5-affe-610b4f0e4446
1369345,Unknown,,Unknown,,"Mecardonia vandellioides",0,,,,,,,,urn:uuid:5070fd07-424e-4f52-9e66-007cb10ee682
1369346,Unknown,,Unknown,,"Mecardonia vandellioides",0,,,,,,,,urn:uuid:951a478d-1c60-4670-afe4-6e62fdc1421a
1369366,Unknown,,Unknown,,"Mimulus glabratus",0,,,,,,,,urn:uuid:b5c798b2-7a12-41f6-9100-82d9fbd85e82
1369367,Unknown,,Unknown,,"Mimulus glabratus",0,,,,,,,,urn:uuid:c6ddaaa4-b2b5-4ac7-a10f-ff48f7ac9a60
1369368,Unknown,,Unknown,,"Mimulus glabratus",0,,,,,,,,urn:uuid:32dd7795-8b78-443d-96e1-a3a6144ea6bf
1369369,Unknown,,Unknown,,"Mimulus glabratus",0,,,,,,,,urn:uuid:2e595f0b-ee92-482b-b5d5-e3726c457c76
1369370,Unknown,,Unknown,,"Mimulus glabratus",0,,,,,,,,urn:uuid:8636236f-8d9c-4ab8-9db0-45aa67ab8ebd
1369372,Unknown,,Unknown,,"Parentucellia  viscosa",0,,,,,,,,urn:uuid:253b2910-0025-44fe-914d-c2d11680a955
1369394,Unknown,,Unknown,,"Penstemon ambiguus",0,,,,,,,,urn:uuid:681b0249-53a7-40bf-b8d4-02e8e1bae29c
1369395,Unknown,,Unknown,,"Penstemon ambiguus",0,,,,,,,,urn:uuid:842a68e1-aa50-45c4-aafd-022664f5cae1
1369396,Unknown,,Unknown,,"Penstemon ambiguus",0,,,,,,,,urn:uuid:e0378379-e027-4eb9-bf65-889695251ab4
1369397,Unknown,,Unknown,,"Penstemon ambiguus",0,,,,,,,,urn:uuid:2c638bd4-157a-4fd1-ad3a-1c1c341103e2
1369398,Unknown,,Unknown,,"Penstemon ambiguus",0,,,,,,,,urn:uuid:78bd68f9-ff6a-4c36-bf35-c6a11e33c3fe
1369399,Unknown,,Unknown,,"Penstemon ambiguus",0,,,,,,,,urn:uuid:c822d386-ff8e-419c-8e42-939a00b4358f
1369400,Unknown,,Unknown,,"Penstemon ambiguus",0,,,,,,,,urn:uuid:eba30af9-a110-4b7f-b77e-386d2880f528
1369407,Unknown,,Unknown,,"Penstemon bradburii",0,,,,,,,,urn:uuid:fa93755b-c73f-4707-8ae4-3e925bf39686
1369408,Unknown,,Unknown,,"Penstemon bradburii",0,,,,,,,,urn:uuid:b629d4be-cf94-47cf-9b0f-51f35ffde807
1369514,Unknown,,Unknown,,"Penstemon triflorus",0,,,,,,,,urn:uuid:1f3a5a1b-6cce-4e96-9ddf-65703e581d24
1369515,Unknown,,Unknown,,"Penstemon triflorus",0,,,,,,,,urn:uuid:91c2ca99-c82c-4694-afb0-e904639662b4
1369516,Unknown,,Unknown,,"Penstemon triflorus",0,,,,,,,,urn:uuid:8d88e097-e46c-49cb-9e34-5a8b62b8201d
1369517,Unknown,,Unknown,,"Penstemon triflorus",0,,,,,,,,urn:uuid:d619aa99-f2d4-4c9d-8d44-e5d478414708
1390649,Unknown,,Unknown,,"Agalinis maritima",0,,,,,,,,urn:uuid:bd7c0a8e-aa97-4162-9c12-ada86ccbf010
1390652,Unknown,,Unknown,,"Agalinis purpurea",0,,,,,,,,urn:uuid:6c5c712c-f245-4204-9d94-bc1a84d79197
1390653,Unknown,,Unknown,,"Agalinis purpurea",0,,,,,,,,urn:uuid:6b5a1751-4ea4-46c3-a46e-cd9b7c59db79
1390654,Unknown,,Unknown,,"Agalinis purpurea",0,,,,,,,,urn:uuid:25ecc3c9-acae-4fa5-aea0-23590b47f5b7
1390655,Unknown,,Unknown,,"Agalinis purpurea",0,,,,,,,,urn:uuid:e1ed1288-152e-43e1-936a-404c0634ef6e
1390695,Unknown,,Unknown,,"Buchnera floridana",0,,,,,,,,urn:uuid:f4fe2a57-552e-476e-802d-a6521e89153f
1391140,Unknown,,Unknown,,"Penstemon triflorus var. integrifolius",0,,,,,,,,urn:uuid:fc3dded5-dfa0-40a9-b535-5a568377c9f5
1391141,Unknown,,Unknown,,"Penstemon triflorus var. integrifolius",0,,,,,,,,urn:uuid:c7313862-6008-434c-b402-3d569ff390b9
1391142,Unknown,,Unknown,,"Penstemon triflorus var. integrifolius",0,,,,,,,,urn:uuid:aebdbf58-2675-48bc-9a1b-c8a44a86c8c5
1394577,Unknown,,Unknown,,"Leucospora multifida",0,"(Michx.) Nutt.",,,,,,,urn:uuid:5560ec6f-9999-4576-9e39-87631fbb4dc4
1412799,Unknown,,Unknown,,"Penstemon ambiguus",0,,,,,,,,urn:uuid:b75a17eb-6805-4653-a6dc-cdebd2097869
1390885,Unknown,,Unknown,,"Leucospora multifida",0,"(Michx.) Nutt.",,,,,,,urn:uuid:7fe5c345-e94a-482e-8f72-c1cccff1369d
1390886,Unknown,,Unknown,,"Leucospora multifida",0,"(Michx.) Nutt.",,,,,,,urn:uuid:3b4ad231-8805-4035-a026-a3d3b88663b1
1390887,Unknown,,Unknown,,"Leucospora multifida",0,"(Michx.) Nutt.",,,,,,,urn:uuid:2d73ef22-db57-4a17-9abb-897a8d214d30
1390888,Unknown,,Unknown,,"Leucospora multifida",0,"(Michx.) Nutt.",,,,,,,urn:uuid:e0302371-3815-485c-bf5e-91947fb8fbd1
1390956,Unknown,,Unknown,,"Mimulus dentilobus",0,,,,,,,,urn:uuid:83d9933a-c2c5-4dea-8b2c-79c302ceefda
1390957,Unknown,,Unknown,,"Mimulus dentilobus",0,,,,,,,,urn:uuid:a876f884-cb42-4a16-a05d-325a0e2f3612
1390958,Unknown,,Unknown,,"Mimulus glabratus",0,,,,,,,,urn:uuid:c2a80ff2-da11-4296-8911-d925f2ed8848
1390959,Unknown,,Unknown,,"Mimulus glabratus",0,,,,,,,,urn:uuid:3f218ae8-950c-4955-8a63-3ad77bb0d3ca
1390960,Unknown,,Unknown,,"Mimulus glabratus",0,,,,,,,,urn:uuid:a6abd833-25ac-48f8-9bf0-5810bf3c34b8
1390961,Unknown,,Unknown,,"Mimulus glabratus",0,,,,,,,,urn:uuid:d35cf377-3a48-4940-9dbe-a198c3a934d9
1390962,Unknown,,Unknown,,"Mimulus glabratus",0,,,,,,,,urn:uuid:093b0911-08f9-4124-a5eb-968fb82dd19c
1390963,Unknown,,Unknown,,"Mimulus glabratus",0,,,,,,,,urn:uuid:d62a7f1c-13ba-4b68-bb39-ab76da592a30
1390964,Unknown,,Unknown,,"Mimulus glabratus",0,,,,,,,,urn:uuid:1f21cb27-d4ae-4fc5-9a8f-65fa3421f1d3
1390965,Unknown,,Unknown,,"Mimulus glabratus",0,,,,,,,,urn:uuid:69ba4958-bd07-4dab-84f7-b6feb2491598
1390966,Unknown,,Unknown,,"Mimulus glabratus",0,,,,,,,,urn:uuid:bea228b9-e9f2-4aeb-a2b1-a9e8a60ed8f2
1390967,Unknown,,Unknown,,"Mimulus glabratus",0,,,,,,,,urn:uuid:28cb367b-acd2-4a32-ba10-9d4ac498519b
1390968,Unknown,,Unknown,,"Mimulus glabratus",0,,,,,,,,urn:uuid:48af7813-1426-4327-a507-c398dcc72d71
1390969,Unknown,,Unknown,,"Mimulus glabratus",0,,,,,,,,urn:uuid:6947ff76-c131-4ad9-8c11-4a9d1e5c7aeb
1390970,Unknown,,Unknown,,"Mimulus glabratus",0,,,,,,,,urn:uuid:9a980f5d-be9b-4a09-98b3-1c861d6f762d
1390971,Unknown,,Unknown,,"Mimulus glabratus",0,,,,,,,,urn:uuid:d8129989-c2a4-43dd-8826-42e345bfdefb
1390972,Unknown,,Unknown,,"Mimulus glabratus",0,,,,,,,,urn:uuid:336168e8-a02e-40c2-9f0d-085bdd2c0475
1390973,Unknown,,Unknown,,"Mimulus glabratus",0,,,,,,,,urn:uuid:ee35d830-16b8-46f0-9433-ba68b96193f7
1390988,Unknown,,Unknown,,"Penstemon ambiguus",0,,,,,,,,urn:uuid:4508a52b-57f4-4694-acd7-bf5dc773f29e
1390989,Unknown,,Unknown,,"Penstemon ambiguus",0,,,,,,,,urn:uuid:cb157565-483e-40d2-96af-3c472884b15b
1390990,Unknown,,Unknown,,"Penstemon ambiguus",0,,,,,,,,urn:uuid:6a1fa1c0-b46b-4569-903b-1f5ce48e0f2d
1390991,Unknown,,Unknown,,"Penstemon ambiguus",0,,,,,,,,urn:uuid:8476d8d3-004e-4b0a-adc6-f12e9f6b1596
1390992,Unknown,,Unknown,,"Penstemon ambiguus",0,,,,,,,,urn:uuid:b9e01c3e-943e-449f-bf09-1f69c63ea97b
1390993,Unknown,,Unknown,,"Penstemon ambiguus",0,,,,,,,,urn:uuid:7f93735f-3fe9-4046-b524-b0632497a4e7
1390994,Unknown,,Unknown,,"Penstemon ambiguus",0,,,,,,,,urn:uuid:7c7814d4-4f45-4baa-a1f5-d688fd2823e1
1390995,Unknown,,Unknown,,"Penstemon ambiguus",0,,,,,,,,urn:uuid:11ee54cc-b0a5-47e1-a196-26c9e916c737
1390996,Unknown,,Unknown,,"Penstemon ambiguus",0,,,,,,,,urn:uuid:9ea30fae-6280-4983-98c3-959f884eabc1
1390997,Unknown,,Unknown,,"Penstemon ambiguus",0,,,,,,,,urn:uuid:6d4af2fd-075f-4913-ba67-966c6fbc705c
1390998,Unknown,,Unknown,,"Penstemon ambiguus",0,,,,,,,,urn:uuid:50abbe6e-8c28-42a2-9c39-d88e417fa053
1390999,Unknown,,Unknown,,"Penstemon ambiguus",0,,,,,,,,urn:uuid:a77aa719-e8a6-4b84-92dd-5f10bacc896e
1391000,Unknown,,Unknown,,"Penstemon ambiguus",0,,,,,,,,urn:uuid:d780bb99-6d42-4edf-889d-464735f688fc
1391001,Unknown,,Unknown,,"Penstemon ambiguus",0,,,,,,,,urn:uuid:7a5039f1-6610-4678-af09-54e8cde9b8f5
1391002,Unknown,,Unknown,,"Penstemon ambiguus",0,,,,,,,,urn:uuid:c5e40142-8808-4cc9-8d01-9ae590ef7eb0
1391003,Unknown,,Unknown,,"Penstemon ambiguus",0,,,,,,,,urn:uuid:ed6b20a0-608e-41ff-a3cf-e46c38c3d174
1391004,Unknown,,Unknown,,"Penstemon ambiguus",0,,,,,,,,urn:uuid:8ab443a5-c405-4ab5-a878-4fb9eb090153
